,Unnamed: 0.1,Unnamed: 0,_id,title,selftext,topic_1,topic_2,post_id,YA_group,NA_group,certain_NA,certain_YA,num_top_judgments,YA_Percentage,NA_Percentage,controversy,image_link_controversy,image_link_certainty,image_link_controversy_certainty,YA_total,NA_total,certain_YA_cc,certain_NA_cc,uncertain_YA_cc,uncertain_NA_cc,uncertain_NA,uncertain_YA
0,0,0,9uzg28,AITA for smacking the shit out of my 8-year-old nephew for stealing hundreds of dollars of my Pokemon cards and taking some of them to school and trading with them?,"Little bit of backstory: I really enjoy Pokémon and play competitively in tournaments and open a shit ton of packs. Doing this means I have a very large collection of valuable cards. I still love at my parents house (I’m 18), and I keep them all on a shelf in my room. My nephew is 8, almost 9 and he and my niece is living with us because my sister abandoned them for some druggie on the streets. 
Anyway, a few days ago I got home from work and was wanting to edit one of the decks I had built for the tournament later in the day. I go to pick up a few deck boxes and a binder and found that one of my binders, and 3 of 9 deck boxes were missing. I immediately freak out because I have them all very organized and well-kept. My nephew has **a lot** of behavioral issues and gets in a lot of trouble both at home and school. He also isn’t ever really disciplined because it would make the situation worse(you’d understand if you met him and my family). So I go into his room to look for them. Lo and behold, there they are, scattered all over the floor, most of them taken out of sleeves, some bent, some of them was thrown in his backpack—oh and my binder was completely empty. At this point I was *beyond* furious and all I could mutter was “ Oh my God” over and over. 
After I pick everything up that I could find, I go upstairs and casually bring him back down to his room and then start screaming at him, and demanding him to find the rest of them. He kept saying he didn’t do it and he didn’t steal them, that they were in his room when he woke up and he thought they were his (keep in mind he lies about *everything*). So I get even madder if that’s possible and I smack the shit out of his leg. Then he starts screaming bloody murder and my nstep dad comes down and demands to know what’s going on. I couldn’t even get a word out before the child went up to him and said I was trying to kill him. My nstep dad coddles him and then gets in my face and threatens to beat me to death if I ever lay another finger on him. 
After they question him for about an hour, he finally admits that he took them to school and was trading and giving them away with his classmates. His punishment: a stern warning and no tv for the night (which he screamed and cried over). He also said he hates me and wished I would just move out and die. My parents then berated me for a while and essentially told me that I’m a child abuser and if I did that again they would have to call the police and have me charged with assault (mostly my nstep dad saying this, my mom understood what I did and didn’t make it a big deal). All in all I recovered most of the cards losing about 20 out of 250, but with all of the damage that was done to some of the cards I probably lost about $180 of cards. 
So am I the asshole in this situation? Was I overreacting by disciplining him because my parents don’t? I get that it’s not my place to do that, but I completely think that it was deserved and I honestly feel that I should’ve smacked him again. He goes back to school today and I have already contacted his teacher and explained the situation; thankfully, she’s going to confiscate every Pokémon card she finds and let me come in after hours to find which ones are mine. Sorry for the lengthy post but I needed to vent my frustrations. AITA? 
TLDR: nephew went in my room and stole approximately 250 valuable cards while I was working; I get home and find out and I smack the shit out of him. Then I’m threatened to be killed/ be turned into the police for assault the next time I put my hands on him.",manners,family,9uzg28,193,281,92,86,474,41,59,0.4071729957805907,https://anu.au1.qualtrics.com/CP/Graphic.php?IM=IM_nkTeRVSiF6HR05O,https://anu.au1.qualtrics.com/CP/Graphic.php?IM=IM_sNPrA3ONEv1RJk3,https://anu.au1.qualtrics.com/CP/Graphic.php?IM=IM_JsugSlDsTtukFLQ,41,59,35,54,6,5,8,14
1,1,1,a445qb,AITA for not wanting to be my grown Step-Daughter's surrogate mother figure? [She's 25 and I married her dad while she was an adult.],"I married Mike three years ago. All of our kids are in their late twenties, with Mike having a daughter who is 25. My sons are married and live in different countries, do not have kids, and we talk on the phone every few months. We are introverted and while close \[we write e-mails weekly, sometimes daily\] we just don't like phones and travel is emotionally tiring.   
Mike's daughter has really tried hard to bond with me. I appreciated the sentiment at first, we would do things like get our nails done or go out to movies. I invited her to join a book club, but she's busy during that time. I travel a lot for work and with Mike, we have moved about an hour from the daughter for Mike's job. We have raised our kids and really want to enjoy our time together.  
This doesn't mean we don't spend a lot of time with the kids. We do holidays. We do birthdays. We just feel everyone is an adult and we should all be doing our own thing. We call once a week with Mike's kids, who are a bit more social, and we see them twice month--if not more.   
The problem is Clarabelle \[his daughter\] has started telling people I am her mother. She is pregnant and expecting her first first child and wants me to be in the delivery room with her. I am really not comfortable with this. I married Mike, the kids are all grown, and we don't feel like Clarabelle needs a mother figure as an adult. Maybe she wants one, but I am not that person.  
I have told her I don't plan to be in the delivery room with her for the birth. Mike offered, but Clarabelle was super upset and said I was her step-mother, I should want to support her.  
We had to tell her I am not her mother and I have my own kids, I don't see her as a my child. She hasn't really been handling this well. AITA?",children,marriage,a445qb,47,27,81,94,74,64,36,0.3648648648648648,https://anu.au1.qualtrics.com/CP/Graphic.php?IM=IM_NQWG47EYiJs54FN,https://anu.au1.qualtrics.com/CP/Graphic.php?IM=IM_bqgqWKWq7koOGsr,https://anu.au1.qualtrics.com/CP/Graphic.php?IM=IM_42781YvTB42wSDe,64,36,60,29,4,7,19,6
2,2,2,ahxy4z,AITA for telling my girlfriend that her six y/o stinks and needs to be taught proper hygiene?,"First time poster here and I’m on mobile so I hope this goes well. Anyways, let’s jump right in to the stank!
Me (24M) and my girlfriend (24F) had a baby boy one month ago today, and things have been pretty awesome. We’ve really come together as a couple and our communication has been healthier than ever; even our levels of trust and little displays of affection are through the roof. All in all, a potentially stressful and chaotic situation worked out pretty well! 
My SO has a six year old boy from a high school fling. The father moved several states away when he found out about the kid, and has only been around two or three times, for no more than an hour each time. Her son knows I am not his father but for the last three years I have tried to reinforce the fact that I am his friend and he can always talk to me. We play basketball together and we go bowling every weekend, as long as he behaves in school that week, so I would think to think that we are pretty close. 
So two days ago (Friday) after work, the three of us went bowling while my mother watched our newborn. As we’re changing shoes, I notice a really gnarly odor akin to sour milk and garlic. I searched for the offensive smell and I realized it was my Gf’s son’s feet. When I leaned down to put all of our shoes underneath the table, I was about a foot away from him and couldn’t help but notice he absolutely REEKED. I was a little boy once, so I shrugged it off and made a mental note to tell his mom later. 
As luck would have it, she brought up to me a few minutes later how he got made fun of at school that day for smelling bad and how it hurt his feelings. Me being the idiot that I am immediately responded with, “SO, it smells like he hasn’t wiped his ass properly in days. Does he use soap in the shower? Did you ever show him how?” To which she blushed and vehemently responded that it was not appropriate for her to bathe with her own son. 
Now that he’s six, I kind of agree, but I wasn’t born knowing how to properly clean my body, I had to be taught. I told her that I felt as if it was her job as the sole parent to teach her son hygiene, otherwise this problem will never go away. I also stated that with our son, the newborn, I would 100% be taking responsibility for his hygiene so that I knew it would get done. She started to tear up and got really angry with me, so we finished our first game of bowling and left. She’s been pissed at me all weekend. AITA here? Should I have handled that better? Different?",children,relationships,ahxy4z,155,302,67,51,457,34,66,0.3391684901531728,https://anu.au1.qualtrics.com/CP/Graphic.php?IM=IM_lCb0igGC2JIhi1K,https://anu.au1.qualtrics.com/CP/Graphic.php?IM=IM_jn2KVQV6FCzE7A2,https://anu.au1.qualtrics.com/CP/Graphic.php?IM=IM_Qu5KnG1muzCuidn,34,66,17,44,17,22,33,49
3,3,3,ajl6q1,AITA For telling my wife I will divorce her if she continues to try to raise our son as muslim?,"Me and my wife have been married two years. She is from an immigrant family, who are fundamentalist muslims. I am pretty much an athiest, and when we met she was of the same mind, perhaps agnostic is the better word. She continued to put on a front for her muslim father.
Her family does not like me, because i am a white guy who comes from a christian home. That is the fact of the matter, they have said as much on social media.
My wife lives with me. We agreed if we have kids they would be raised secular, if they want to choose to be muslim when theyre old, thats fine, but i do not care for the religion and dont want it drilled into them. She agreed and i would not have kids otherwise. Her family did not show up to our wedding.
Now that our son has been born, her family keeps pressuring to see my son and take him to their mosque. I refused and she agreed, but now i found out her father took my son there and dressed him in muslim clothes without my knowledge.
So im not good enough for your daughter because im white, but my half white son youre going to raise against my wishes? No sir. My father in law has a gross control over my wife.
She is so happy when we can be in our home together and just be ourselves, have glasses of wine, eat whatever we want, wear whatever we want. When she sees her father she comes back depressed and ashamed.
He is pressuring her to be a muslim or a half muslim, whatever. She is my wife and i love her, but shes an adult and she can do what she wants. However i refuse to let my father in law drill thoughts into my boys head.
He is my son too, and hes a baby. I have told her this many times, but she continues to bring him to my father in law who continues to do religious things with him. My father in law refuses to listen when i tell him not to do this, and ignores me. He acts like i am not the boys father.
I flat out told her i cannot allow my son to be raised that way, even if it meant splitting up.",children,marriage,ajl6q1,111,209,79,42,320,35,65,0.346875,https://anu.au1.qualtrics.com/CP/Graphic.php?IM=IM_bLDPOIZeBiLfyS6,https://anu.au1.qualtrics.com/CP/Graphic.php?IM=IM_t5pw9uKUjMv512T,https://anu.au1.qualtrics.com/CP/Graphic.php?IM=IM_RHFQFLwjtMgELf8,35,65,15,52,20,13,21,58
4,4,4,alboqk,AITA For giving my wife a baby hamster after she miscarried two months ago?,"Me and my wife have been married for almost two years. Its been our dream to have a big family. She is 21, i am 24. We are both healthy and have an active sex life, but she has a heart shaped uterus and has miscarried twice,  the last time being two months ago. After losing two of my children i am also depressed but I try to keep a positive attitude for her.
Our second miscarriage was in the second trimester and was very difficult as we both started to feel like ""mommy and daddy"". We were ""competing"" over which gender it would be.
I thought the baby would be a boy so i bought a bunch of baseball stuff for babies, little hats and mitts. I also made my ringtone on my phone ""watching scotty grow"" by bobby goldsboro. Just sort of a playful thing since i joked we would name him after my grandpa scott, she wanted a girl and made hers that ""girls want to have fun"" song.
Anyway, the baby was a girl named Charlotte. Shes been despondent these past few months. I havent been exactly ecstatic either but she wont even eat some days.
I kept my ringtone the same for a little bit, partly because i was sad and partly because i forgot. She heard it one day and started crying terribly. I changed it, but i also resolved then to try and make her feel at least somewhat better.
Wife doesnt like cats and dogs arent allowed where we live but she had a hamster growing up. I bought a baby hamster with a big glass case and put a teeny tiny pink bow on her. I gave her to my wife with a card that said ""Would you be my new mommy?""
She reacted terribly to it and said that it made her feel horrible and that i was being an insensitive asshole. Im just trying to help and the way she reacted put me on the defense so we got into an argument and arent on speaking terms since last friday. I keep the hamster with me on the coffee table as i sleep on the living room couch. Ive seen her play with it but she wont talk to me.
AITA?",babies,communication,alboqk,186,346,38,65,532,35,65,0.3496240601503759,https://anu.au1.qualtrics.com/CP/Graphic.php?IM=IM_rX6KMHagNQT4eH2,https://anu.au1.qualtrics.com/CP/Graphic.php?IM=IM_EI4TuIn1LD01uOp,https://anu.au1.qualtrics.com/CP/Graphic.php?IM=IM_HVTQvTgbAGneZ6a,35,65,23,25,12,40,62,35
5,5,5,amo24t,AITA for encouraging my 4y/o to push away another kid who keeps violently hugging her?,"Just had a fight with my SO because of what I told our daughter about ""legit violence"". Going to roll the story out as short as possible.

So there's this kid in my daughters day care. He's the same age but often shows some strange behaviour. Overall he's a cool little brat and I actually like him for being somewhat rebellious, mostly because I think his parents are crazy helicopter parents. Anyway. My daughter told me that this kids greets her every day way ""too hard"" e.g. hugging her uncomfortably long and forceful. Sometimes he kisses her in this situation. She says that sometimes she laughs it off and thinks it's funny but sometimes she really doesn't want it and he won't stop even if she yells at him. I saw those ""greetings"" some times and know what she means. 

She already told the teachers but they barely see it happen and the other kid won't stop it even after being told by the adults. 

So basically I told my daughter that it's totally okay to push someone away in such a situation. I said if someone hurts her and won't stop even when she screams at him to do so, when the other kid forces kisses upon her and so on, it's absolutely fine to push him away. 

I watched her thinking for a few seconds, then she replied ""but he might push back or beat me if I do this"". I simply told her ""then you push him back again and/or run away and tell an adult"".

My SO overhears our conversation and told me I'd be wrong here. That it's always better to tell the teachers and not use violence at all. I said I didn't tell our daughter to beat random kids up (and we are very straight in raising our daughter concerning violence to other kids) but to use legit force in a situation where someone violently forces himself on her. I think our daughter is old and clever enough to recognize the difference.

AITA?
",communication,children,amo24t,14,549,95,64,563,2,98,0.0248667850799289,https://anu.au1.qualtrics.com/CP/Graphic.php?IM=IM_wzf9hhbKztTBewl,https://anu.au1.qualtrics.com/CP/Graphic.php?IM=IM_OljDrXInEIRPjgU,https://anu.au1.qualtrics.com/CP/Graphic.php?IM=IM_DbDLtAspef9XHFz,2,98,1,94,1,4,5,36
6,6,6,asz2dg,AITA: I (27M) have decided to rescind my sisters (24F) plus one to my wedding because we cannot stand her new boyfriend,"First time posting on this sub, but this has been a point of contention between my sister and I and need some advice. I am getting married early April and we are all traveling down to the Caribbean for the ceremony (destination wedding). We originally gave my sister a plus one because we enjoyed her old boyfriend. Once they broke up, we decided to wait and see who she would be bringing.
Lo and behold she meets a new guy who NOBODY in my immediate family enjoys. He is unemployed (at 31), seems to mooch off my sister, and does not stop talking! Seriously, you cannot get a word off without this guy barreling through the conversation.
Regardless, I have decided that I no longer want him at the wedding. I know that it’s last minute, but we were able to get my cousin to fill in for him so that no money would be lost. My sister is now threatening to no longer come to the wedding since she feels like he should be coming with her (they’ve been going out for roughly 6 months).
Am I in the wrong here? I truly believe that I should enjoy everyone that’s coming to my wedding, especially since we designed it to me an intimate setting with only our closest friends and family. 
TLDR: I rescinded the plus one I gave to my sister and no longer want her boyfriend going to my wedding. She is pushing back saying she won’t go if he’s not included, they’ve only been going out 6 months.",wedding,family,asz2dg,27,24,50,59,51,53,47,0.4705882352941176,https://anu.au1.qualtrics.com/CP/Graphic.php?IM=IM_Q70v0OyDAyPn8gd,https://anu.au1.qualtrics.com/CP/Graphic.php?IM=IM_6RqLByX7UvHWnAp,https://anu.au1.qualtrics.com/CP/Graphic.php?IM=IM_iVsw68zFra91KsQ,53,47,31,24,22,23,50,41
7,7,7,atcfwx,AITA for asking my sister to dye her hair a “normal” color?,"I’m getting married, beautiful white dress and venue. Expensive photos. Everything I wish for, but...My sister (who is in my bridal party) has BRIGHT blue hair. I don’t want that to be where people’s eyes go when they are at my ceremony nor in all of my photos. I’m spending so much time and money on a beautiful neutral colored ceremony, she would stick out like a rose in a desert. Thanks for your thoughts.",appearance,wedding,atcfwx,41,34,26,85,75,55,45,0.4533333333333333,https://anu.au1.qualtrics.com/CP/Graphic.php?IM=IM_85rd4vzu2432hk5,https://anu.au1.qualtrics.com/CP/Graphic.php?IM=IM_pF0vVovXWFlbH2i,https://anu.au1.qualtrics.com/CP/Graphic.php?IM=IM_mWENtyCkwUvNUBL,55,45,47,12,8,33,74,15
8,8,8,b2i8xj,AITA for embarrassing a friend on his date because he didn’t pay back the money he owed me?,"So I lent a friend of mine £500. He needed it to see him through til the end of the month and promised to repay me on payday. 
Not a problem, I trusted the guy and knew he was good for it. 
Payday comes and goes, no sign of the money. I sent him a message about it. He said “oh yeah, sorry I forgot, I’ll do that now” 
Two weeks pass and still nothing. I message him again. He said he’d send me the money. Still nothing. He was then avoiding me so I wasn’t able to see him face to face. 
I messaged him again and he didn’t reply.
7 months have passed since the day he promised to have the money back to me by. I’ve not been able to get hold of him, nor have I seen him. 
This weekend just gone, I was out at a restaurant and I happened to see him as I was being seated at my table. He was on what looked like a date. 
Now at this point I could see he was acting kinda boasy because he had ordered about 5 starters. It’s worth noting that this is a pretty pricey restaurant. So I decided I’d go and say hello. 
I pulled up a chair at his table and started chatting to him about how he is and how I am etc. 
I then proceeded to pick up a fork and try a bit of the food. He looked a bit shocked, but it was good food so I tried something from one of the other plates. At this point his date (I’d learnt that this was their second date) said to me, “excuse me, but this is our food. What do you think you’re doing?” 
I looked at her and said “Well since I’m pretty much funding this meal, I figured I may as well sample what my money is getting.” 
I then said to my friend, “it was nice to see you, I’ll leave you to it. We can catch up another day.”
I then left to go back to my table. The people I were with, a party of 10, had very mixed reactions to my behaviour. Some were in favour of what I’d done, others not so much. 
So I’m asking you lot, AITA?",money,manners,b2i8xj,496,466,91,17,962,52,48,0.4844074844074844,https://anu.au1.qualtrics.com/CP/Graphic.php?IM=IM_fwlJARJA6G4e08K,https://anu.au1.qualtrics.com/CP/Graphic.php?IM=IM_UbP7HMW81N1e88q,https://anu.au1.qualtrics.com/CP/Graphic.php?IM=IM_vUYCWrkL73qIWHa,52,48,9,43,43,5,9,83
9,9,9,b2yjac,AITA for ruining family dinner because I didn't want to talk about my ex and suggested we talk about everyone's exes?,"Had a family dinner this past weekend. It included myself, my fiance, my sister, her boyfriend, and our parents. My sister got divorced maybe a year ago and has a boyfriend. I really like him, he's great. And they are so great together! I'm happy that she is finally happy. I've known my fiance for 10 years and have been 'together' for 6 or 7 years. Things are great with us, too.
At dinner, we were talking about old memories and laughing. Generally having a good time all around. We eventually talked about how much dating has changed over the years and now the majority of people meet online/through an app. I should mention here that my sister met her boyfriend on a dating app. Nothing wrong with that, it is 2019. Then my sister brought up my ex because I had met my ex online but before all these apps were status quo (12+ years ago).
Back then, I got sooo much shit from my family about how I met my ex. They all were less than nice to me and to him and it's something I've never forgotten. That relationship lasted 2.5 years but eventually we broke up but for other reasons. When I look back, I do have the 'what the hell was I thinking' reaction that everyone has when they think about their exes but I also have a bit of sadness and anger towards my family about how I was treated. So obviously, I don't like going back there. My sister just kept talking about my ex and how unsafe meeting people online was back then and I'm so lucky he didn't end up being a sexual predator or serial killer! She and my parents were talking about my ex and how horrible he was while myself, my fiance, and her BF just stayed quiet. Honestly, my ex was a nice guy, just not for me, so I took offense to what was being said as I was also being painted as being foolish.
I'm not proud of what I did but I loudly said something like ""Ahhh, this must be the portion of the family dinner where we all talk about our past relationships! Does anyone else want to talk about their exes? Dad, how about your exwife from when you got married at 20? Mom, anyone? BF and fiance... do you want to talk about any of your exes? Sister, how about we talk about your exHusband or exBF? I heard exhusband is finally selling the house.""
It was dead quiet for what seemed like an eternity until I was told I was wildly inappropriate. I mentioned that I thought it was wildly inappropriate at all to bring up anyone's ex while everyone's significant other is sitting right there. There was an argument. Fiance and I excused ourselves and we went home.
Got some texts afterwards about how I ruined dinner and I should apologize but I don't think I'm the one who should be apologizing. I see this as a 'you can serve it but not take it' situation so I don't feel I owe anyone an apology. AITA?",relationships,family,b2yjac,67,131,92,9,198,34,66,0.3383838383838384,https://anu.au1.qualtrics.com/CP/Graphic.php?IM=IM_6nZY8Xq5Os07WNT,https://anu.au1.qualtrics.com/CP/Graphic.php?IM=IM_g4SCq91sEUfOGPZ,https://anu.au1.qualtrics.com/CP/Graphic.php?IM=IM_xXYCXLZMRQRBbz5,34,66,3,60,31,6,8,91
10,10,10,b4d8lv,"AITA for not eating ""home cooked"" food at a pot luck?","So every month or so at work my colleagues will bring in their homemade food and everyone will eat and pat each other on the back about the various food. Now I usually come up with an excuse to get out of eating, but I will bring in cookies or drinks to ""contribute"", and it had worked up until today. My co-workers basically confronted me about how I never eat because I'm ""too good for their food"" and other ridiculous peer pressure tactics and wouldn't leave it alone. So I straight up told them something like, ""I don't know how you live, you could have roaches. You could have pets that you pet then go back to cooking, and I've personally seen a few of you leave the bathroom without washing your hands. It's not just your food I don't eat anyone's food unless I know their sanitary standards."" Then I proceeded to read the TSB on my laptop. I glanced up and everyone was staring at me like I just said the most offensive thing they've ever heard. So AITA?",food,work,b4d8lv,310,180,79,37,490,63,37,0.3673469387755102,https://anu.au1.qualtrics.com/CP/Graphic.php?IM=IM_fDW2Wf4BzQMy9c3,https://anu.au1.qualtrics.com/CP/Graphic.php?IM=IM_N7Pxn5ZHti7LYF8,https://anu.au1.qualtrics.com/CP/Graphic.php?IM=IM_WstIfi029AxcTlm,63,37,23,29,40,8,21,63
11,11,11,b5k02p,"AITA for paying for my son to go to college, but not my daughter?","Before I get judged to quickly, let me explain. 
22 years ago, I had a one night stand and accidentally got the woman pregnant. I didn’t want to keep the baby (obviously), but ultimately, she didn’t feel comfortable with an abortion and wanted to keep it. I decided to step up and be a father to my child. Together, we have an gorgeous daughter who’s about to graduate from undergrad and intends to go to grad school. 
This weekend, my daughter called me and said her mom wasn’t willing to pay for grad school, and she asked if I could help supplement her education. Her reasoning is that I’m planning to pay for my son (her half-brother) to go to school, and she feels like I should contribute to her education. She sounded seemed to end the conversation early. About an hour later, I got a text from her LIVID. She accused me of caring more about my “real” family as opposed to her because I haven’t paid anything for her college career. But, there’s so many reason I’m not comfortable paying for her education, including:
1. I pay child support. I’m a civil engineer with a relatively decent salary, so the courts made me contribute a SIGNIFICANT amount of money. I tried to get it lowered, to no avail, but calculating the costs, I contribute way more money to my daughter than my son. 
2. My daughter wants to go to expensive private school, while my son wants to go to a less expensive state school. Her graduate school costs upwards of $30,000+ a year for two years, while my son’s entire 4 year cost will be less than $25,000.
3. When she graduated from high school, I spent $12,000 of my own money (no help from her mother) to give her a car, while the only thing I’m giving my son is a new game console and some video games.
4. Her mom in the high 5-digits - low 6-digit salary and can afford to pay her education. My wife (my son’s mother) makes about 500 a month with her own little business. It’s not much, but she can do it from home and help with the kid.
5. My son is choosing a practical major. He wants to go to Computer Science. While she wants to get her degree in something useless (not going to be specific, but think along the lines of gender or black studies). 
I told her that I support her academic endeavors, but I’m not a bank and my money is mine, and that I don’t appreciate being talked to with so little disrespect. I see her every other weekend, spend time with her, and have shown I’m a good father, and to overreact over something trivial is disrespectful. She told me to to enjoy my real family because I obviously love them more than her. That hurt; i told her that we can talk later when she’s less emotional (maybe not the best choice of words) and she told me to “fuck off you sexist asshole”. I didn’t mean it like like the way she took it; I think she’s blowing it out of proportion. 
Tl;dr: Paying for son’s undergrad, but refused to pay daughter’s grad degree and I’m somehow sexist. Am I the asshole?",money,education,b5k02p,130,271,77,68,401,32,68,0.3241895261845386,https://anu.au1.qualtrics.com/CP/Graphic.php?IM=IM_aIzku8bw299bFVu,https://anu.au1.qualtrics.com/CP/Graphic.php?IM=IM_QEa3wlw9jCGgnrv,https://anu.au1.qualtrics.com/CP/Graphic.php?IM=IM_SbFaLNZEY8LpMq6,32,68,22,52,10,16,23,32
12,12,12,b6jnee,WIBTA for telling my gf I'm upset that she told my best friend that she loves him,"I went to a cabin with my friends and our SOs last weekend. My gf (of 3 years) and I got there first and my gf realized that she forgot tampons. The nearest drug store was almost an hour away. She wanted me to text all my friends and ask the to stop but I thought that was weird and told her to text their girlfriends instead. She only had one of their numbers and the girl didn't answer, so my gf texted my best friend Leroy on her own and he brought her tampons.

The part that really rubbed me the wrong way was when he gave them to her, she gave him a hug and said ""I love you Lee you're such a good friend."" She said it really loudly so everyone heard it and it bothered me a lot that she was basically announcing that she loves someone else in front of all my friends, and on top of that, she said it about my best friend.

I didn't bring it up on the trip because I didn't want to start a fight when we were in close quarters with all our friends but it kind of ruined my weekend because I felt like I needed to keep an eye on her and if she was flirting with Leroy. Now we're back and I'm pretty pissed about how the whole weekend went downhill for me. WIBTA if I addressed it with her?",friends,communication,b6jnee,285,17,41,95,302,94,6,0.0562913907284768,https://anu.au1.qualtrics.com/CP/Graphic.php?IM=IM_4FI1qM8odVycgDt,https://anu.au1.qualtrics.com/CP/Graphic.php?IM=IM_sP7KxeUgSYzPDLm,https://anu.au1.qualtrics.com/CP/Graphic.php?IM=IM_qpp8xgZP3YMKhlD,94,6,90,2,4,4,59,5
13,13,13,b7lluf,AITA for saying my religion is the Flying Spaghetti Monster?,"So for a class discussion we had to do a short presentation on something we have a strong belief in. Could be religion, politics, etc. 

I (16M) am an atheist and chose Pastafarianism, which is the Church of the Flying Spaghetti Monster 👾 as my religion. 

The whole class was laughing except two students who were strict Muslim and Christian.

My teacher asked ""Are you just doing this as a joke or to prove some point?"" so I admitted I was. I then calmly explained why I thought religions such as Christianity and Islam were dumb, which made the two students look even angrier at me.

Teacher had a word with me after me class and said don't pull that shit again. I said okay, but it's still within my free speech to say all religion, especially monotheistic ones (Islam, Judaism and Christianity) are evil. My teacher is a Christian and he looked a bit pissed so said I need to stay on focus/topic.

As it stands, I already get good grades. His class is the one I don't take seriously tbh, mostly because of the nonsense subject matter on the module and partly because he's a Christian but I calmly explained my points AITA? ",religion,school,b7lluf,653,176,93,92,829,79,21,0.2123039806996381,https://anu.au1.qualtrics.com/CP/Graphic.php?IM=IM_SzbG7fDeeCJn1QV,https://anu.au1.qualtrics.com/CP/Graphic.php?IM=IM_nJv9L9sHghXI4gu,https://anu.au1.qualtrics.com/CP/Graphic.php?IM=IM_c0nXTclX5kmF6Rw,79,21,72,19,7,2,7,8
14,14,14,b7na9w,AITA for not liking the off regestry stroller I got at my baby shower?,"I feel super conflicted about this, I can't tell if I'm justified or being a hormonal brat. 


I'm a soon to be first time mom, over 8 months along and going through a rough pregnancy. We drove a very long way to get to the shower hosted by my in laws.(not an easy or fun drive, 8 months pregnant with GD,swollen running on no sleep) The shower was lovely, small and cute and fun and I got lots of great gifts. I am very greatful that anyone cares about me enough to put in the effort to throw a party for us or get us gifts. But lets get to the point. 


One of the biggest gifts was a stroller carseat combo everyone pitched in to get for us. Before the shower my husband tried to make it a suprise but it eventualy slipped out that his mom (my MIL) got my stroller and carseat from my registry. The problem I'm having is it's not the one I had on my registry at all.  I spent weeks researching the right one for us, weeks looking at reviews and safety stuff and its ability to grow with my soon to be child for the long haul. At the party I hid my confusion and disappointment and thanked everyone profusely but the more I think about it the more it's bothering me.



I know nothing about the one I was given, except the carseats attachment fits with the stroller my MIL already baught for herself and it's a color I hate and had mentioned I hated to her before.  The carseat is a totally different clashing color and I know nothing about it either. 



I feel like I should just be happy with what I was gifted but I also feel like 'what was the point of the registry?'. Getting a stroller is a huge decision for a first time family and the choice was taken from me. I feel like I have so little control over any aspect of my life right now with this pregnancy being the way that it is and this stroller thing is really bugging me.My husband says I'm just being ungrateful but I spent so long on my registry and labored over every big choice on it, I feel like my choices were disregarded. I also feel like I can't return them to get the one I wanted because my MIL will hate me. 


 Am I being an ungrateful asshole? ",celebrations,babies,b7na9w,25,103,84,84,128,20,80,0.1953125,https://anu.au1.qualtrics.com/CP/Graphic.php?IM=IM_3E5lvaGruvWHDvx,https://anu.au1.qualtrics.com/CP/Graphic.php?IM=IM_uy14Vx6a27GX59R,https://anu.au1.qualtrics.com/CP/Graphic.php?IM=IM_7d997yeOxHgzNFC,20,80,17,68,3,12,16,16
15,15,15,b7txyk,AITA for calling my sister a fake vegan?,"My sister and I are both vegan, though she has been for much longer. She recently made the assertion that it's fine to not ask if something has dairy/eggs/etc. if there isn't any other possible vegan option to eat when traveling. I thought that was irresponsible as a vegan, and that she was being lazy. Her response was that I was being too militant and enforcing my ideas on her. I'm not budging from my position of 100% veganism being the goal, and she is not budging from the position of not bothering to find out if something is vegan when she isn't sure.",food,religion,b7txyk,123,29,83,90,152,81,19,0.1907894736842105,https://anu.au1.qualtrics.com/CP/Graphic.php?IM=IM_zSUvFDHjUoHC6cS,https://anu.au1.qualtrics.com/CP/Graphic.php?IM=IM_nCKEtTCA6Uk0YT8,https://anu.au1.qualtrics.com/CP/Graphic.php?IM=IM_G5ipKofz4BVEzoM,81,19,73,16,8,3,17,10
16,16,16,b9y08r,WIBTA if I added stipulations to how I’d pay for my children’s colleges?,"I have 2 children, a high school senior and a high school sophomore. The Missus is a cardiac surgeon while I work as a software engineer at a pretty big firm. Needless to say, finances aren’t an issue for us.
Now I’m of the opinion that my kids’ primary focus should be their education right now. They don’t have/need jobs (besides sometimes part-time during the summer), but the wife and I pretty much pay for everything. As such, the kids just expected that we would pay for their college, which honestly, was a reasonable expectation. The problem lies with our daughter: she wants to major in Comparative Literature or something related to writing. Her reasoning is that she loves writing and she’s good at it.
I’m a bit hesitant to just pay for unconditional college. If her goal was to be a writing professor, or just had a specific career goal in mind in general, I’d be a lot more willing. But as it stands, her primary motivator was just because it interests her. I told her that I’m fine paying for education, on the condition that she majored in something more “practical”. Or that if she had a legitimate plan to get from what she’s majoring to what she wants to do, then I’d be happy to pick up the tuition and living expenses, which means she just needs to pay for her own food. If she doesn’t that’s fine, but she’d have to find a way to supplement her education through loans and scholarships (and I will help her do this).
She accused me of trying to manipulate her. Truth be told, I did try to push STEM to her when she was 15-16, but she consistently brought home Bs-high Cs in stem while getting perfect As to A+s in writing. I conceded that she was just naturally a better writer, and I’ll let her develop her own issues. She’s using this information from the past to claim I’m trying to manipulate her into doing a field that I want her to do.
My POV is, I don’t necessarily care if she does a field in STEM. She can get her Underwater Basket Weaving degree IF she planned to, for example, be a lawyer (and thus has an actual use for the degree), but she can’t just major in something because she “likes” it. Unless the like will lead to a potential career path in mind.
My wife won’t take a side (she’s normally the one that has these little spats with our daughter while me and her normally see eye-to-eye). So I come to you, Reddit, to help me see if I’m being unreasonable.
AITA for wanting to add stipulations to what I’d pay for in college?",education,money,b9y08r,90,89,56,42,179,50,50,0.4972067039106145,https://anu.au1.qualtrics.com/CP/Graphic.php?IM=IM_oBYwSvKc1NwcjPq,https://anu.au1.qualtrics.com/CP/Graphic.php?IM=IM_fUFevP5DOueU7G5,https://anu.au1.qualtrics.com/CP/Graphic.php?IM=IM_cTPdkK5qDn7b3xs,50,50,21,28,29,22,44,58
17,17,17,barg6e,AITA for grounding my daughter the way I did?,"So my 15-year-old daughter wanted to go hang out at a friend's place (call friend hannah) and go to the mall and then stay at the hannahs place overnight, I knew the girl and the girl's mum so I agreed. 
she packs her bag and gives me a hug and leaves. 

At around 10 I decided to text Hannah's mum to ask how it's going and she gets super confused at my question, I said you have my daughter right? she goes no, hannah is with her dad this weekend I have no teens with me atm. 

so she calls Hannah's dad to sort the situation out and he tells her that he is still at work and hannah should be home alone. 

I walk over to Hannah's mums house and we drive up to Hannah's dads. 

turns out hannah and my daughter wanted to get drunk and throw a house party with older guys, I was seeing red at this point and grabbed her by the arm and dragged her out.

 when we got home I made her hand over her phone and laptop which she has lost the privilege of having for 2 weeks (exluding school work) and she is banned from going to the shops with friends for 2 months. 

my family/ some friends are saying that's a tad harsh and now I'm worried I made the punishment to long. 

aita? ",family,friends,barg6e,115,1774,90,51,1889,6,94,0.0608787718369507,https://anu.au1.qualtrics.com/CP/Graphic.php?IM=IM_KvvcufTRDFubCZa,https://anu.au1.qualtrics.com/CP/Graphic.php?IM=IM_JkhUp7ZNa7wbIuW,https://anu.au1.qualtrics.com/CP/Graphic.php?IM=IM_ScudtvaVGL5CLYF,6,94,3,84,3,10,10,49
18,18,18,bbbbhe,AITA for telling my kid I would help him get a Switch if he can beat Ocarina of Time?,"My 10yo kid has been saving his money (birthday, allowance etc) for months now to get a Nintendo Switch so he can play BOTW. Right now he has $200 saved up. At his current allowance ($10/week) it will still take him months to be able to afford it.

I know he really wants it as all of his friends have one, and he hasn’t been obnoxious about it - just diligently saving up his money. Now I have to say, he’s a really good kid. Kind, smart, does his chores without complaining, friendly to everyone. He’s been making great grades in school and was even made captain of his soccer team.

Instead of making him do more chores to earn more money, I thought of a more fun solution to help him get his Switch. I told him, if you can beat Ocarina of Time (without Googling for help - though I would help him along the way if he got stuck) on my old N64, I’ll pay for the rest of your Switch and get you BOTW. Wife was initially opposed to the idea but then thought it could be a fun father son bonding thing, so she went along with it. Part of my reasoning too is I just want him to appreciate how far video games have come, and OoT is a timeless classic. 

He jumped at the idea! After a weekend of playing, he’s already at Zoras domain as young link. He seems to be having fun with it and hasn’t gotten too frustrated yet. He’s only played Minecraft really so the dated graphics don’t bother him either. 

But anyway I told a couple friends about it, and they think I’m a massive dick. That I’m trying to relive my childhood vicariously through my son, and that I should just get him the Switch because he’s already such a good kid. Now I’m having second thoughts and am feeling bad about it, but he does seem to be enjoying the challenge. 

So AITA?",gaming,money,bbbbhe,132,3818,95,71,3950,3,97,0.0334177215189873,https://anu.au1.qualtrics.com/CP/Graphic.php?IM=IM_bSm2SJMn8uCWrLm,https://anu.au1.qualtrics.com/CP/Graphic.php?IM=IM_R79zYwdefYx5l4G,https://anu.au1.qualtrics.com/CP/Graphic.php?IM=IM_CdBGjCknSk6W3KJ,3,97,2,92,1,5,5,29
19,19,19,bbejw1,AITA For Inviting My Meat-Eater Friends Over For Easter?,"So with Easter being so close I remembered this incident from last year. So to preface, I am a vegetarian and have been for 2.5 years.(I'm 20F if that matters). I refrain from consuming meat/fish/eggs regularly but I do use dairy products. I make it a point not to really bring it up unless it's necessary because I hate being one of those annoying veggies that always talks about it. That being said, my close friends and family know I don't eat meat. My husband does eat meat however we dont keep any in the house and he only does eat meat when he is out(his preference for health reasons, not mine). Any time people are at my home we serve vegetarian food. 

So last year we decided we wanted to try hosting Easter with our friends. We actually did Easter a day early because a lot of our friends wanted to celebrate with their families too. 

I was super excited because I love to cook and never got to cook for this many people(13 all together). I spent from 10am-5pm preparing the house/setting the tables/prepping the food. I served homemade mashed potatoes, corn, peas, baked mac n cheese, fresh vegetable soup, fresh hand-tossed salad, homemade bread rolls, apple pie, vegan gravy, and a meat substitute holiday roast. 

It was going great until my friends started to show up and 3 of them(and 1 person's girlfriend) left because they 'didn't know it was all rabbit food', and they wanted 'real food' and then another 2 showed up with their own bags of McDonalds to eat instead. I was crushed. Most of vegetarian food is just FOOD. There were maybe one or two things that weren't 'regular' food. Most of the other guests enjoyed it and my husband said he couldn't even tell the difference. Some of my friends said it was my fault for not telling everyone on the invite that it would be all vegetarian. One person even told me it was insulting to not serve ham at an Easter dinner and I was only thinking of myself. 

Was I the asshole for inviting meat eaters to a vegetarian Easter dinner?",food,family,bbejw1,39,226,92,72,265,15,85,0.1471698113207547,https://anu.au1.qualtrics.com/CP/Graphic.php?IM=IM_4vmjM0XBFiAh9bi,https://anu.au1.qualtrics.com/CP/Graphic.php?IM=IM_2ZYw3imJ6dsiSXf,https://anu.au1.qualtrics.com/CP/Graphic.php?IM=IM_6e6Fg4WlRy5CeoI,15,85,11,78,4,7,8,28
20,20,20,bcpptq,AITA for calling my depressed brother a “total jobless loser”?,"Yeah yeah I know the title sounds bad but this is what happened. I just want to give more context because everyone is calling me an asshole and in my head I felt justified but now I’m not so sure. Will accept final judgement.

So my older brother and I (27F) have never been that close bc he’s always been the favorite and I’m that forgotten middle child. My brother is basically the ultimate man child. He is like the stereotypical “edgy teenager” who thinks all capitalism is evil and society would be saved if a communist dictator ruled us all (not joking). Except he’s 30. Id be fine with all this EXCEPT I’m always made to be the target of his jokes. How I’m a chump for pulling long hours at the office bc I’m enabling a broken capitalist system...you get the gist. 

Last year my parents pulled me aside and told me my bro has been diagnosed with depression and to be gentle with him even tho he targets me. They say he’s just “jealous” but I’m sick of his attitude. I don’t agree with his worldview but I hate that he targets me as the worlds problem. 

Anyways last night we had the 12947th fight again after he called me some names or whatever and tried to defend some crazy communist theory he read in some internet corner. I told him to fuck off and he told me to shut up. Then I let loose and called him a “fucking 30 year old chronic loser.” I said society’s not to blame for him being a jobless loser and that even if communism succeeded he’d still be living at home as a 30 year old broke virgin, except he’d maybe lose a few pounds working the fields than masturbating to anime every day.

Yep. Felt carthartic as hell but the look on everyone’s faces. Now people are calling for me to apologize bc my brother doesn’t know any better and I should be the mature one. AITA?",jokes,manners,bcpptq,55,170,96,51,225,24,76,0.2444444444444444,https://anu.au1.qualtrics.com/CP/Graphic.php?IM=IM_QxDiXrqBXe80Xkc,https://anu.au1.qualtrics.com/CP/Graphic.php?IM=IM_Ugbj1l86BQpujdL,https://anu.au1.qualtrics.com/CP/Graphic.php?IM=IM_k2MCv0nfuprOZS2,24,76,12,73,12,3,4,49
21,21,21,be9esn,"WIBTA if I told a guy's wife the full extent of the affair I had with him as opposed to just ""I'm sorry, I cheated with your husband.""","I feel like such a moron here, I don't even know how to really begin. I feel like I'm a smart woman, swore up and down I would never get myself in such a situation and would never put another woman through this. But here I am. 
For some background, I am 23f in my first year of grad school and doing a paid internship in my field. In February a sub-con (Richard) came in and literally charmed the pants off me (I mean literally). He's 15 years older and basically hit all my buttons. Within a week of meeting him he took me on a trip to Hawaii (it was a business trip for him), he bought me an insane amount of gifts and I was between living situations he set me up in a nice hotel for a month hotel with all expenses paid (also had to do with his business) and I was on cloud nine. He paid for damage deposit and first month's rent on my new apartment 
What was really happening is I was a moron and blinded to the glaring fucking red flags that he gave me. He would disappear without contact for days and up to a week at a time, the only number he gave me was a google voice number. He could only sleep over on Tuesdays and I never saw where he lived and he lied about not having social media. I never even thought to check. 
Maybe 2 weeks ago a friend and I went to the movies. I saw Richard and what turned out to be his gorgeous wife and even more gorgeous two kids. I was stunned and wanted to faint. He absolutely saw me but I apparently am so easily manipulated by him he essentially told me with his eyes ""be cool and don't make a scene"" and I didn't. I left and have been crying my eyes out essentially non stop for the last two weeks, for me and for his family. I never wanted to be this person but here I am. 
I finally looked him up on facebook and sure enough that was his family, he posted ""happy"" pictures at his kids swim meets and on dates with his wife while I was in the hotel room he was paying for. The level of deception is insane. 
I know I have to tell his wife, but would I be a raging asshole if, as opposed to just saying ""I'm so sorry, I had an affair with your husband,"" I basically laid out a list of everything he did for me; the trips, the gifts, the hotels and on and on? 
Or is that too much and I need to allow her the space to process the information and extent of his affair in her own time?",relationships,communication,be9esn,50,101,85,60,151,33,67,0.3311258278145695,https://anu.au1.qualtrics.com/CP/Graphic.php?IM=IM_VSmQKWhhEIDmFwA,https://anu.au1.qualtrics.com/CP/Graphic.php?IM=IM_p5E0EZ8m4moSr7O,https://anu.au1.qualtrics.com/CP/Graphic.php?IM=IM_VN9GKgzZVzEq0Ut,33,67,20,57,13,10,15,40
22,22,22,befzm2,"WIBTA For ""telling my son (8) god isn't real""?","So I'm going to keep this as short as I can while telling the story, but basically this is what happened. My son (8) heard from someone in school that god wasn't real, and so he's been asking me and his mother questions about that a lot after that. I personally am not really religious one way or the other. I'm not atheist per se but I definitely don't have any solid belief in anything, but my wife is and always has been very Christian. She's been trying to convince him Jesus is real and honestly has been kind of concerned about this whole situation, while I kind of couldn't care less. I think he's going to make his own choice one day like I did and it's his to make not ours. Anyway though, he came up to us last night real excited and told us he had a way to see if god was real. He was going to put a letter on his dresser for god and in it he told god to take the letter with him if he was real. He was excited this morning because he couldn't find the letter anywhere, and basically my wife just told me that she took the letter. She still has it because she wanted to keep it for her scrapbook, but I personally think this is wrong to lie to him about this and I want to take the letter and show it to him and let him know his mom was the one who took it. So WIBTA if I did this?",religion,communication,befzm2,27,44,80,15,71,38,62,0.380281690140845,https://anu.au1.qualtrics.com/CP/Graphic.php?IM=IM_wdRoUWByFueC132,https://anu.au1.qualtrics.com/CP/Graphic.php?IM=IM_fXSGIVU7QwUE2E1,https://anu.au1.qualtrics.com/CP/Graphic.php?IM=IM_8ILC9pt7ieMvPUd,38,62,6,49,32,13,20,85
23,23,23,bicfsz,WIBTA for bringing a female into me and my ex’s house?,"Let me explain. My ex and I were dating for over two years, and living together about 6 months. She broke it off with me about a month ago and immediately moved in with another guy. Now, both of our names are on the lease, which doesn’t end until October. We are not on bad terms thankfully, and since she knows we can’t break the lease, she is keeping up with her half of rent until the lease is up, even though she isn’t staying in the house. I’ll be honest, most of the stuff in our house belongs to her; the furniture, bed, Xbox, etc. Because of this, and out of respect for each other, we agreed to not bring anyone expect family over. But I’ve been thinking. Isn’t a bit unfair how she is off doing whatever she pleases, yet I have to abide by these rules we set in place? She doesn’t even technically live here anymore, she’s just helping with the rent because all her stuff is here. 
So, I’ve been chatting with a long time female friend of mine. And here’s my question, WIBTA if I brought her over anyway? Not to do anything sexual or even intimate. Just to hang out and watch tv.",roommates,living,bicfsz,30,33,70,70,63,48,52,0.4761904761904761,https://anu.au1.qualtrics.com/CP/Graphic.php?IM=IM_gTpnLltDcwkIEO9,https://anu.au1.qualtrics.com/CP/Graphic.php?IM=IM_qpu9r95CJQA9i7A,https://anu.au1.qualtrics.com/CP/Graphic.php?IM=IM_mFp8XTuWXRCsnMM,48,52,34,36,14,16,30,30
24,24,24,bjd4xc,AITA for quitting my job at the worst moment causing my company to lose out on a 20 million euro sales deal because they wouldnt promote me?,"Sorry for my shit english
I work in distribution for a large firm that produces concrete, timber, metal and building supplies, Ive  working here for 10 years and i not been promoted in 3 years despite working 60 hours a week and pretty much dedicating my life to this place. Recently though, we've had bad management and my new boss is an absolute asshole. He treats all like shit, never says hi to us and always yells at us. He thinks he's so much better than all of us. He also treats the immigrant custodians like garbage calling them racial slurs in languages they don't understand and making fun of the way they speak. Anyways there's a new girl who started working a year ago (relatively new) and she's 15 years younger than me and just got out of university. I don't have an issue with her, she's pretty cool but she's inexperienced and doesn't know exactly what she's doing. SHe's comptentent but she's not ready for the promotion the boss decides to put her in. He puts her above me as my supervisor like wtf. The whole time I'm basically teaching her how to do her job and doing her job. I told my boss that she's not ready for the position and should take it. He told me to STFU and  that I'm an ungrateful twat. She even told me she was scared to be in that position and i really do feel bad for her.  later i find out they updated the website and a page about diversity at our company and they brag about all the female heads and minorities. She's up there and it goes on about how she's a strong woman who is a role model and a leader etc. Its clear my boss either has some bullshit diversity quota he has to fill or is just pandering trying to make our company seem ""woke"" for good PR.
I get fed up with this bullshit and i find a job from our competing company at a higher position with a 45% increase in salary so i apply get it and then i quit my job. The thing is though, the new girl and I were working on a sales deal to build a few massive office buildings in Karlsruhe and the raw materials itself would be at least 20 million euros. I never even formally quit, i just stopped showing up to work and ignored all the emails and calls my coworkers sent me. The girl couldn't handle the business deal by herself and didn't know what to do so the constructionists actually went to my competing company omfg and i set up the business deal there earning them the 22 million euro profit. I eventually told my coworkers i quit and i was done with them and i got a lot of hate mail calling me a traitor, incompetent and also sexist because i couldn't handle a female boss and that strong indepdenetn women scare me. my boss at my new firm is a woman loll. Anyways i feel bad because i think i might've screwed over my female supervisor at the first firm but she seems to be doing alright and perhaps everyone else might be hurt because of the loss in profits but fuck my boss. Oh btw he also got fired too partially from this but also for other reasons.",work,manners,bjd4xc,19,36,94,26,55,35,65,0.3454545454545454,https://anu.au1.qualtrics.com/CP/Graphic.php?IM=IM_L6gPnAikatWt4WV,https://anu.au1.qualtrics.com/CP/Graphic.php?IM=IM_IRbL5J3K9h5gMEZ,https://anu.au1.qualtrics.com/CP/Graphic.php?IM=IM_jW4tZWlAvlCuy2M,35,65,9,61,26,4,6,74
25,25,25,bjlfj8,AITA for making my daughter clean the bathrooms with her toothbrush as a punishment?,"My daughter Brittany got detention today. Apparently, she and her friends were talking about careers and she said something like “imagine being something like a plumber or a custodian”. They then went on to mock those with those professions and specifically, Brittany said “wow, I would rather be dead then pick up garbage and shit all day”. Her classmate overheard them and reported all of them to the teacher because she was offended (her dad works as a plumber).
Her teacher made her apologize to her but to go one step further, I wanted humble her. I made her clean all the bathrooms with a toothbrush (obviously bought her a new one afterwards). It took about 5 hours total and afterwards, we had a talk about respect and how it’s disrespectful to mock any profession, no matter what it is. I thought I’d done a pretty good job at disciplining her, but my wife came home (she works 15 hour shifts 3 days a week, so doesn’t get home until very late Tuesday-Thursday). She was very angry and thought the punishment was way too far. I disagreed; she acted like a brat who believed certain professions were beneath her, and I wanted to humble her.
We normally agree almost 100% regarding punishments, so I didn’t even think to ask her (which she does the same for me whenever she’s disciplining our children). AITA for the way I went about punishing her?",housework,time,bjlfj8,97,106,82,45,203,48,52,0.4778325123152709,https://anu.au1.qualtrics.com/CP/Graphic.php?IM=IM_B38gdWaivdA2Tl9,https://anu.au1.qualtrics.com/CP/Graphic.php?IM=IM_piGwdLtSh3w5GKz,https://anu.au1.qualtrics.com/CP/Graphic.php?IM=IM_9JWIw5rqM00Gg0R,48,52,22,43,26,9,18,55
26,26,26,bjtueb,AITA for telling a lady she smells nice?,"I am a security guard and work at a front desk. I am the first person people see on point of entry. The building has a lot of social services for abused women and single mothers. This morning a lady came to sign on the parking book on my desk and was wearing heavy coconut perfume. I love coconut and find the smell very pleasant and almost tasty smelling. 
I smiled at the lady and said something along the line of “mmm you smell very nice”. She kind of scowled at me and walked away. 10 minutes later my supervisor calls me into the office and tells me the lady had complained to him and told him I was being creepy and inappropriate it. I was then written up and told not to comment on females appearance, smell or anything that could be taken the wrong way. I understand that our population in the building has a rough past but if you wear a delicious food smelling perfume I don’t understand what other reaction you’re looking for.
I’ll note this is the first time anything like this has happened, I am not inappropriate and I have never had this issue before. AITA?",manners,living,bjtueb,132,69,58,77,201,66,34,0.3432835820895522,https://anu.au1.qualtrics.com/CP/Graphic.php?IM=IM_6cvvrT66sCX793r,https://anu.au1.qualtrics.com/CP/Graphic.php?IM=IM_fQwCOEhC4aYdJUZ,https://anu.au1.qualtrics.com/CP/Graphic.php?IM=IM_SvygRO6canKKXJN,66,34,50,20,16,14,42,23
27,27,27,bkclpr,"AITA? - Husband calls kids ""pets""","So my husband and I have a dog. We love our dog and consider our dog family. His family doesn't consider ""pets"" family and call us ""dog people"" like it's a bad thing. We don't want kids so we're the black sheep of the family since all his siblings (but his youngest sister, but he has a lot of siblings) have kids. My husband got mad when his siblings and their spouses kept saying that our dog isn't family and we shouldn't consider him family since he's just a dog. So, my husband now refers to their children as ""pets"". For example, we'll have a family get together and he'll come in and say ""Oh! I didn't know we could bring our pets!"" obviously referring to all the kids. So I guess I'm asking is he being an asshole for calling them ""pets"" or is it justified because they're rude about our lifestyle choices?",family,jokes,bkclpr,49,40,75,49,89,55,45,0.449438202247191,https://anu.au1.qualtrics.com/CP/Graphic.php?IM=IM_IzwRhH8HiwAzhps,https://anu.au1.qualtrics.com/CP/Graphic.php?IM=IM_ozWclXdzn2iQdQb,https://anu.au1.qualtrics.com/CP/Graphic.php?IM=IM_jtj9kjYgjtJhsGz,55,45,27,34,28,11,25,51
28,28,28,blb1ta,AITA for having my boyfriends dog put down without telling him?,"For a bit of context. My partner and I have been living together for 2 years. He got Luna as a puppy 6 years ago. She’s a Great Dane and they had an amazing bond. I absolutely adored her too, she was the softest, goofiest creature. I often walked her and took care of her on my own so it was no big deal when he went on a stag do with his friends for a week.  I was walking Luna in our usual haunt which is a pretty secluded wood. I always keep her on the lead because I know a 130lb dog can scare people if she approached them, no matter how gentle she is.
We walked past a woman with another dog that wasn’t on the lead but when she saw us she grabbed her dogs collar and walked it past us. It was straining to get to Luna. About a minute later I hear this woman shouting her dog and turn round and it’s barrelling straight at us. It bites Luna’s throat, legs and stomach. I tried to pull the dog off of her but it was too strong and wouldn’t release its grip. It only stopped when Luna was laying on the ground not moving. The woman grabbed the dog and left.
Luna had puncture marks in her throat and legs, but her stomach had a very large gash and her intestines were protruding from it. I took off my jacket and wrapped it around her stomach. I tried to pick her up but I’m only 90lbs and I’m not strong and I just couldn’t manage it.  I shouted for help for a long time. Eventually a man and his teenage son walked past and helped me carry Luna about 2 miles back to the house where my car was. I got her straight to the vet hoping they could save her.  They said the damage was irreparable and the kindest thing to do was to put Luna to sleep. I was absolutely devastated, but I knew she was in agony and didn’t want her to suffer anymore. I pressed my head against hers whilst they injected her. As she went I told her over and over again what a good girl she was. I then went to the police and reported this woman and her dog but they weren’t interested.
I didn’t tell my partner because I knew he would be heartbroken and I didn’t want to ruin his trip. I went to a baby store and bought an imprint kit, and made a clay imprint of Lunas paw. I then got Luna cremated and bought a beautiful urn with her name engraved. When I picked him up from the airport I broke the news to him as gently as I could. He didn’t talk to me for the rest of the drive. As soon as we got home he told me I should have contacted him before putting Luna to sleep and told me to pack my stuff and move out. This was 2 weeks ago and he hasn’t changed his mind.
Did I do the wrong thing? Should I have interrupted his trip? Was I an asshole?",pets,communication,blb1ta,637,1263,79,74,1900,34,66,0.3352631578947368,https://anu.au1.qualtrics.com/CP/Graphic.php?IM=IM_QFL0o2DTtlan9MH,https://anu.au1.qualtrics.com/CP/Graphic.php?IM=IM_TTRbEaWKLnFGcCw,https://anu.au1.qualtrics.com/CP/Graphic.php?IM=IM_0YIkpm7u9FWMOOI,34,66,25,52,9,14,21,26
29,29,29,bpshv4,WIBTA if I didn't give up my literal dream job to give a better life to my family?,"I went to school for computer science but I always had a passion for music. I even minored in music despite it being more important to me. I've played violin since I was 3, piano since I was 6, spanish guitar since 7. I currently play for the city orchestra as a violinist, my dream job since I was a kid, and I've been here for five years. The problem is it doesn't pay a lot.
To make a point of reference, working full-time at McDonalds here might get me $27,000 a year, and right now I make around $31,000 a year. Even an introductory computer science job might start at $40,000 and go all the way up to $70,000 or possibly higher. Working for the orchestra, my salary is pretty much set in stone forever. Maybe a bump here or there but there's no progression or hierarchy to better pay.
I'm married with a kid on the way, and my wife expressed interest in me looking to start my career in computer science. She doesn't discount my passion for music but relents that it might not be enough to support a family.
It's a family decision on whether to change careers but I kind of like where I'm at. We don't struggle, but the kid isn't here yet. We definitely don't live like kings when this could be possible with a CS job since we live frugal right now. Even if I was *paid less*, I'd still like to stay where I'm at, because this is what I love. I barely consider it work at all. My wife disagrees of course so we're at a standstill.
Would I be the asshole for settling this discussion with a firm ""no""? Picking my dream job over something more lucrative?",education,work,bpshv4,114,98,52,51,212,54,46,0.4622641509433962,https://anu.au1.qualtrics.com/CP/Graphic.php?IM=IM_eWdkF2tcX5bofKH,https://anu.au1.qualtrics.com/CP/Graphic.php?IM=IM_E701nIvCf5YM1dC,https://anu.au1.qualtrics.com/CP/Graphic.php?IM=IM_stp5SpidvmeJRke,54,46,27,24,27,22,48,49
30,30,30,bsfnag,AITA for leaving a date because her friend invited himself with us,"Obligatory throwaway, mobile, non native English speaker,...
So last night I had a date planned to a ice-skating place with this girl I have been seeing. We aren't exactly a couple, but I feel like (and hope) it could go that way. The date was on her initiative. She asked me if I wanted to go with her. From the way she asked it was just us 2 together. 
I got there a bit early ordered a drink from the bar and waited for her. When she arrived she had another guy with her. She introduced him as her close friend who wanted  to join us when she told him where she was going. I replied with saying I thought it would be just us to which she replied that it would be fun anyway. The guy then said something in the lines of ""yeah, I'm here to crash the party haha"", which got me quite annoyed. I picked up my drink and said I was leaving and that they can enjoy the fun.
When I was driving home she called me and asked me what it was about and why I put her in the spotlight like that near his friend. I just told her honestly that I wanted to spend my time just with her and had no intention to spend the night with that friend as well. She told me I overreacted and that she couldn't do anything against it because the guy apparently just decided himself that he was joining us and that she couldn't say ""no"". (I'm aware she's really bad at saying no)
Either way, I don't care. I told her she's free to hang out with anyone she wants, but I'm not gonna force myself to hang around with him while I was excited to only be with her. 
So r/amitheasshole, AITA for leaving the date like that?",friends,relationships,bsfnag,67,98,86,51,165,41,59,0.406060606060606,https://anu.au1.qualtrics.com/CP/Graphic.php?IM=IM_louJ5P72LjRhcpx,https://anu.au1.qualtrics.com/CP/Graphic.php?IM=IM_PvNKgrw7kX4MmMg,https://anu.au1.qualtrics.com/CP/Graphic.php?IM=IM_oosevZLz5WQoUqY,41,59,21,51,20,8,14,49
31,31,31,bsymv3,"AITA for not wanting my Stepson to call his Stepdad ""dad""","I (33f) am married to a guy with a 9 year old son, whom he shares custody  with  with his ex, who is also married. 

We get him primarily on weekends, and a few odd days during the week here and there, but my husband is definatly in his life. His ex's husband has been in my stepsons life since he was about 1, and had started calling him daddy after they had another child together (he was just over 3 when his baby brother was born), I had just started dating my husband at the time and it had always bothered me that he called this other guy ""daddy"" as well as my husband (he would tell people he had 2 dads) 

I told his mother that I thought it was wrong for him to call his step dad ""daddy"" and should be calling him by his name, and she got defensive and said no one forces her son to call him that, it was just something he started doing on his own accord after they had another baby, I told her she needs to enforce on him that, that is not his Daddy, and it's rude to be calling him such. She told me her son could make that choice when he wants to and to mind my own business. I asked her how she would feel if he started calling me mommy, and she said she wouldnt care (fat liar) and put out this BS saying him calling me mom doesnt take away from her being his mom as well.

Fast forward a few years and my stepson is now 9, and still refers to him as dad (as well as my husband) and he does it when we are at school events, and just  confuses everyone and still bothers me (and my husband, he's just not as vocal about it as I am) 

I decided to have a conversation with my stepson about no longer calling his stepdad ""dad"" and why it was wrong and hurtful to his real father, he got  upset, and said he liked having 2 dads, but agreed not to do it anymore. 

After we dropped him back off with his mom, my husband gets a phone call from her, screaming at him for the conversation I had with him, telling him it was petty of me to do so, and that their son was upset. He told me I probably shouldnt have done that, but I only did was should of been a long time ago. That other man is not his dad, just like I am not his Mom, and my husbands Ex should of been more thoughtful of my husbands feelings on the matter when it started years ago",marriage,communication,bsymv3,825,17,76,99,842,98,2,0.0201900237529691,https://anu.au1.qualtrics.com/CP/Graphic.php?IM=IM_0UGrjzoG6lwDtrG,https://anu.au1.qualtrics.com/CP/Graphic.php?IM=IM_vfVpEmag1qqyJU2,https://anu.au1.qualtrics.com/CP/Graphic.php?IM=IM_7irt87efqsETLlK,98,2,97,2,1,0,24,1
32,32,32,bucfkc,AITA for changing my will because I don't like my former beneficiaries' lifestyle?,"A bit of background - I am an only child with a LOT of cousins. My parents did better, financially, than the vast majority of the family, leading to the fact that I now live in our family home - nice house, decent amount of land, and a good amount in the bank.

To avoid the vultures circling when I eventually pop off, I decided some years ago to choose the children of a particular cousin as beneficiaries in my will.  I thought this made sense, as that cousin was the hardest-working of the lot and the one I was closest to as a child, but since cousin is older than me and not in great health leaving my estate to her is probably pointless.  

Fast forward about fifteen years, and to say I'm disappointed in how these kids turned out is an understatement. They're not evil or anything, but they've fallen into the lifestyle many people in this area have - first child by sixteen, another one every year after to different mothers/fathers, not working for periods longer than a few weeks.  I never intended to make my will conditional on everyone getting a degree or anything, but I thought they'd turn out more like my cousin - a good, hard-working working class mother.

I couldn't stand the thought of the house and estate my parents worked so hard for, being effectively pissed down the drain on too many children, cigarettes, booze and holidays to Benidorm. So, I changed my will - instead, other than a few family items, everything I have is to go to the daughter of a close friend. A mentioned this to another friend when discussing inheritances, and he claimed this was a shitty thing to do as I'm just being a snob.  I don't really mind if I AM being a snob, but here's the question - AITA?",family,marriage,bucfkc,8,194,89,88,202,4,96,0.0396039603960396,https://anu.au1.qualtrics.com/CP/Graphic.php?IM=IM_tpaKwNZurQyzsXo,https://anu.au1.qualtrics.com/CP/Graphic.php?IM=IM_96jQgqzRUxtXan5,https://anu.au1.qualtrics.com/CP/Graphic.php?IM=IM_IhpNpLJj4WVpNjh,4,96,4,85,0,11,11,12
33,33,33,bx34vw,AITA for reporting my friends video of her naked child?,"My friend recently uploaded a facebook video of her kid running around her yard and playing in her pool.  It was a typical home video type of thing. I personally have nothing wrong with the kid being naked in the privacy of their own home, but I felt like seeing close up shots of the kids privates was something that my friend might regret having on the internet. It turned out her profile ended up getting banned for a week and now she is making a few facebook statuses about how people are rude. My wife said I should have just let it be. Am I the Asshole?",social media,children,bx34vw,93,299,96,81,392,24,76,0.2372448979591837,https://anu.au1.qualtrics.com/CP/Graphic.php?IM=IM_iCp10aJ9hI51yzX,https://anu.au1.qualtrics.com/CP/Graphic.php?IM=IM_I58vXXmTXrSH6B5,https://anu.au1.qualtrics.com/CP/Graphic.php?IM=IM_0l5BtLSvrdHVYBY,24,76,19,73,5,3,4,19
34,34,34,bx496s,AITA for letting my teenage daughter date but not my son because of maturity differences?,"My household is falling apart due to this. My husband is trying to pick up the pieces but my son isn’t talking to me. I know reddit has a younger crowd so looking for opinions wherever I can get them. 

So I have two teenage kids very close in age, 15M and 14F. Being their mom I know exactly what they’re like, what they need, and what kind of parenting they respond to. My son is very social and extroverted, which is great, but he’s also got poor impulse control and is easily distracted. His grades are mediocre and I’m just worried about how he’ll focus and go on to a good college. 

My daughter is like the exact opposite, more like me, where she is more introverted and academic. She’s never had any problems with school work and the only thing I’m concerned with is her circle of friends that’s always changing or falling apart. She doesn’t have nearly as many friends as my son. 

The issue: a few months ago my son told us he wanted to date a girl (we have rules in our household about dating before 18). So he wanted to negotiate with us about 1) bringing the girl over after school and 2) having longer curfews. Knowing him, I set a few requirements. For the next semester he had to improve his average grades from a B- to B+ or A, he can’t break curfew even once, and he had to pick up more chores (mostly just cleaning his room and basement rooms, which he uses the most). He agreed but ended up breaking curfew 3-4 times, so I said no. He was upset and I’m sure still seeing this girl but he can’t bring her over and his curfew is the same as before. 

Now last week my daughter came home and told us very excitedly that there’s a boy in her Gifted history class who wants to take her on a movie date, so she needs curfew extended to 11pm. I said yes on the spot. My reasoning was solid. She’s always been responsible with curfew (she rarely goes out at night) and her grades are already high. I upped her allowance a bit and wished her good luck. Since then her new boyfriend has been round the house and husband and I wholeheartedly approve. 

But now my son is lashing out over the “injustice” despite how many times I’ve tried to explain my reasoning. I truly believe he cannot have a girlfriend and be responsible with his biggest responsibilities. I told him his sister, despite her age, is more mature than he is likely due to both personality and perhaps gender (girls mature earlier than boys) and that it’s not a punishment for him. I’m just trying to do the best parenting for both of them based on their own aptitudes. 

AITA for this decision? My husband stands by me but my son has sworn he HATES me, which is pretty standard teenager behavior but still. I’ve never seen him so hateful and it is making me doubt things.",children,relationships,bx496s,276,38,74,91,314,88,12,0.1210191082802547,https://anu.au1.qualtrics.com/CP/Graphic.php?IM=IM_k92oJUPChVhtS4y,https://anu.au1.qualtrics.com/CP/Graphic.php?IM=IM_J5TEC2C5jyYELLo,https://anu.au1.qualtrics.com/CP/Graphic.php?IM=IM_BN71uBAHtMyqyNX,88,12,80,9,8,3,26,9
35,35,35,bxe91g,AITA for taking my aggressive dog to the dog park?,"My dog makes other dogs deeply uncomfortable by barking at them and chasing them; no biting, but being an aggressive asshole. I spent 6 months trying to train her, then I hired a dog trainer, but it didn't improve.
Let's call her **Dogbutt. She is a small-medium doggo, an Aussie Cattledog.**
**Here are the measures I take to coexist with other doggo owners while I'm out with her:**
* She stays on a lead.
* She wears a basket muzzle. She's never attacked or bitten but I want to make sure other dogs are safe.
* I keep her out of enclosures at the dog park unless there are no other dogs there, in which case I let her in off the lead in the enclosure with the gates shut, and leave the moment someone else wants to use it.
* If there's other dogs around I avoid them as much as possible.
**We had a problem today with another owner and it's making me wonder if I'm being an asshole anyway.**
One of the dog parks I like to take her to has two enclosures. The smaller one is almost always empty, so I like to go in and let Dogbutt off the lead so she can exercise until someone else wants it.
Today I saw another owner nearby. He had a big golden retriever, and he was hanging around nearby, but he didn't seem to be going in and his dog was tied up.
So I took Dogbutt in and let her off the lead after shutting the gate.
Hadn't taken three steps when Dogbutt started going absolutely *ballistic*. The golden's owner had untied it and it was barking at Dogbutt through the fence. I don't know who started it for sure, but LBR, it was probably Dogbutt.
**Owner:** ""Doesn't she like other dogs?""
**Me:** ""No, sorry, she's aggressive.""
**Owner:** ""Then why are you in there?!""
**Me:** ""Oh, sorry, I thought you didn't want to use this! We'll leave.""
**Owner:** ""No, I mean, why are you here? It's for all dogs. Why would you bring her if she doesn't get along with other dogs?""
I didn't argue, just dragged her away and left.
To answer his question -- I take her to the dog park and to places where there are other dogs because **the only places where I am allowed to take my dog are places where other people also take their dogs**. That's just how it is; if dogs are allowed, people will take their dogs there.
But what he said is now bothering me and I'm wondering if I'm being an asshole by taking her out anyway.
AITA?",pets,communication,bxe91g,64,120,72,75,184,35,65,0.3478260869565217,https://anu.au1.qualtrics.com/CP/Graphic.php?IM=IM_k0NC0YaBzegvfR3,https://anu.au1.qualtrics.com/CP/Graphic.php?IM=IM_81OVM9h3GFxoIPF,https://anu.au1.qualtrics.com/CP/Graphic.php?IM=IM_wXE6xDQ9tfvuq9C,35,65,26,47,9,18,28,25
36,36,36,bybbt4,AITA for yelling at my ex wife and accusing her of violating our parenting agreement,"My ex has primary custody but she is supposed to discuss medical things with me. She had my son for the last 3 weeks, and she texted me that he had ringworm. Here's the kicker: she gave it to him. She claims she thought she was having an eczema flareup and was putting eczema cream on it for a week until our son got it too. I'm furious with her for being irresponsible. She should have kept the rash covered and away from our son who now has to suffer for her irresponsibility. When I saw her and my son, and the big rash on my son's arm, I lost it at her and yelled at her for not addressing her own issues with a doctor before getting our son sick. She should have discussed this with me while it was happening, step by step, so I could have told her to go to the doctor to keep our son safe. His medical safety and prevention related to it should be my business. I told her I'd take her to court unless she let my mother drop in and check on my son at least once a week until I can trust her again. My ex kicked me out and blocked me on everything and told me I can only contact her via email now and that she won't discuss this further. AITA for being furious with her and threatening to take our son away because she didn't keep me in the loop?",children,money,bybbt4,164,6,100,98,170,96,4,0.0352941176470588,https://anu.au1.qualtrics.com/CP/Graphic.php?IM=IM_eoAtjUCScMkLT5g,https://anu.au1.qualtrics.com/CP/Graphic.php?IM=IM_DzEfvmDeigaEB5R,https://anu.au1.qualtrics.com/CP/Graphic.php?IM=IM_yVpe5LKIHnNF9zp,96,4,94,4,2,0,0,2
37,37,37,bzytv4,AITA for refusing to allow someone to cut in front of me just because they have kids waiting?,"So I’m standing in line at Five Guys and it’s packed. I’ve waited about fifteen minutes and I’m second in line when a woman comes in and starts moving through the line by saying “can I go ahead of you? We have kids in the car waiting.” Everyone else lets her by and she comes up to me expecting I’ll just move over. Cashier asks who is next and I said “I am” and I placed my order. I heard her say “wow” under her breath and “can you believe this guy?” 

Sorry, not sorry, but I don’t think having kids qualifies as a disability that entitles you to preferential treatment. It wasn’t a hot day outside and there’s fifteen restaurants with a drive thru in a one mile radius. 

I text a friend about it and she tells me I’m an asshole and it’s basically like refusing to give up a seat on the bus to a pregnant woman. Who is right?",manners,driving,bzytv4,8,353,99,38,361,2,98,0.0221606648199446,https://anu.au1.qualtrics.com/CP/Graphic.php?IM=IM_uAKjQ2OEITh7ONP,https://anu.au1.qualtrics.com/CP/Graphic.php?IM=IM_LuAfwXrvvLLYQaU,https://anu.au1.qualtrics.com/CP/Graphic.php?IM=IM_i3PlPofAc0BSzCC,2,98,1,97,1,1,1,62
38,38,38,c1g727,AITA for not wanting my son.,"Brief overview: my ex and I had a horrible falling out, she accused me of domestic violence and took my son away from me. I fought tooth and nail to be award joint legal/physical custody. She made the process harder by marrying into money and law enforcement, but in the end I got what I wanted. The problem began when she forced our son to call him “dad”, which I was fine with, but I started not being included in appointments, school events/ emergency contact lists as his father, it was his stepdad. Meanwhile, my ex brainwashed our son to think SD is more important than myself because of money. My son is 8 now and he doesn’t care about me and frankly treats me bad. 
The problem: part of our agreement is that we get him for respected parent holidays ie mothers/Father’s Day. On my school day he told me he was working on a Father’s Day gift for me. He went to his moms for her days and he was returned to me today with no gift. Now, it’s not about receiving a gift, but when he saw me I got no happy Father’s Day, instead I was greeted with a “I forgot to make you a gift”. I asked him what happened I thought you worked on one in school. He replied claiming he made nothing, which was a lie. I confronted about his lie, which he denied twice before admitting he gave it to his dad (SD). Again, it’s not about the gift it’s about the lie. This isn’t the first time he’s lied to me and I’ve talked to him about how bad lying is. I’m not going deny, my feelings are hurt, mostly because he feels like he has to lie to me and that he prefers SD to me because of the lies his mom is telling about myself. He’s told me he doesn’t love me/ not suppose to love me because his mom threatens to take her love away from him; and has to love SD or no gifts/vacations. 
I’ve given so much for him financially, emotionally and physically. I have given so many opportunities up, and I’ve tried so many different ways to understand his thought process and to be honest and truthful to him, but still nothing back. I’m at that point that I’m no longer happy because he always looks miserable around me and he doesn’t appreciate anything I give him because to him it’s always a comparison (SD/mom got him something better). And as much as it pains me to say, I regret fighting this hard for him. People say it’ll get easier, but it’s not. AITA for wanting to give up the fight.",communication,family,c1g727,73,69,78,78,142,51,49,0.4859154929577465,https://anu.au1.qualtrics.com/CP/Graphic.php?IM=IM_qw1F9qVd3Q312kS,https://anu.au1.qualtrics.com/CP/Graphic.php?IM=IM_UYaU0Hf1q24FNju,https://anu.au1.qualtrics.com/CP/Graphic.php?IM=IM_VigG7mhfOx3G9ZB,51,49,40,38,11,11,22,22
39,39,39,c29xp9,WIBTA if I gift a globe to my flat earth friend?,"So next weekend my FE friend is getting a little surprise bday party thrown for him. His gf is organizing the party, it's going to be just friends and family at his mom's house and a pretty friendly atmosphere. As a joke, but not really, I want to buy him a globe as a present. So WIBTA if I did that? He's pretty adamant about it being a flat earth and he will probably launch into some diatribe about his beliefs so I think I already know the answer, but hey that's my sense of humor and I also could see it as hilarious. Thoughts?",jokes,parties,c29xp9,158,164,74,26,322,49,51,0.4906832298136646,https://anu.au1.qualtrics.com/CP/Graphic.php?IM=IM_WuDIEiqsr0idEMT,https://anu.au1.qualtrics.com/CP/Graphic.php?IM=IM_NyCaMVfaVOUrcoc,https://anu.au1.qualtrics.com/CP/Graphic.php?IM=IM_wLMaeLlsvaBhBUv,49,51,13,38,36,13,26,74
40,40,40,c4fqqn,AITA for asking my sister to be discreet about her polyamorous (Male-Female-Female) relationship in front of the kids?,"I guess it should be are “we” the assholes, but idk if that’s an accepted acronym here. 
Apologies that the line up is a bit complicated but I’ll try to lay it out as best I can. 
My family is going on a group vacation this summer. We are pooling our resources to rent a nice property on the beach for a week. My husband and I are (unfortunately) taking the lead on planning and organization. 
It will be me, my husband and our two kids, my brother, his wife, and their 3 kids, plus my parents. (Kids’ ages range from 3 to 9). In addition, my sister, her husband and their girlfriend are invited.
We initially only invited my sister and her husband,  but my sister insisted that their girlfriend (who I think they’ve been dating for 9 months or so) be included as well. 
My sister is in a polyamorous relationship and, although my family and I don’t get all of the nuances, we have tried to be understanding. So as a compromise we said that her girlfriend could come, but we asked that everyone  please refrain from any PDA in front of the kids. We were planning to just refer to the girlfriend as a friend of the family. 
My sister was not happy with this suggestion and is now, once again, saying that she will not go on the trip under these circumstances. 
At this point, everyone else is exhausted with the subject and all for letting her exclude herself from the trip. I’m conflicted though. She’s my sister and I obviously love her. But I also think my other family members are trying their best in a touchy situation. 
Are we wrong?",family,relationships,c4fqqn,507,348,80,90,855,59,41,0.4070175438596491,https://anu.au1.qualtrics.com/CP/Graphic.php?IM=IM_RQgLJUmdIcWKgpU,https://anu.au1.qualtrics.com/CP/Graphic.php?IM=IM_bI3OqqgOOZH7nJQ,https://anu.au1.qualtrics.com/CP/Graphic.php?IM=IM_PCVEWvgvatMGieh,59,41,53,33,6,8,20,10
41,41,41,c58xwh,AITA for trying to go to the front of the plane?,"A few months ago I was on a short flight and had an aisle seat with a small carry-on. As the plane landed, I figured I could get up and try to save some time waiting for people by walking down the aisle as people started dealing with their bags. The seatbelt light was already off and I didn't push through people or anything.
As I was making my way, someone from an aisle seat yelled at me to stop and informed me that it is ""plane etiquette"" to never cross people sitting in front of you on a plane.
I never heard or this before. Is this some common knowledge I'm ignorant to? Am I the asshole for going to the front?",manners,driving,c58xwh,124,127,91,88,251,49,51,0.4940239043824701,https://anu.au1.qualtrics.com/CP/Graphic.php?IM=IM_0SG5AIMZJZchxDu,https://anu.au1.qualtrics.com/CP/Graphic.php?IM=IM_j9y7ksxSjQV2Yeq,https://anu.au1.qualtrics.com/CP/Graphic.php?IM=IM_CrujRNZ322PX8qn,49,51,43,47,6,4,9,12
42,42,42,c5y237,"AITA for giving my concert ticket to another girl after my friend said she only wanted to go with me as ""friends""?","I am 24M and I have a friend who is 21, she is really nice and we've known each other for a year. She is my sister's acquaintance and we met at my sister's birthday party. I have a crush on her although she isn't exactly my type. Lately I feel like I've been getting vibes that she likes me back.
Last week I won a raffle and have 2 tickets to see a famous singer perform next month in a nearby city. She also happens to like this singer so I asked her if she wanted to go with me as a date. I said I can book us a hotel room and we can spend the night together. She said she'd love to go, but only as friends. She says she's alright with us splitting a hotel room as long as it has two beds. She told me she doesn't feel ready to date anyone at the moment, and she doesn't do flings either, so unfortunately we can only be platonic friends. I said I'll think about it. I was quite hurt because honestly I don't have much experience with rejection, and I was annoyed that she turned me down. 
Today, i asked my female coworker to go with me to the concert as a date. She immediately said yes and seemed quite excited about it although she admitted that she never listened to any of their songs. Still, I'm taking her out for drinks on Friday. But just now, the friend who I asked originally asked if we were still on for the concert. I told her honestly that I already asked another woman, and she seemed disappointed but dropped the subject.
When I told my sister about what happened, she said I'm being really douchy. She says her friend is a huge fan of the singer and I should take her instead of my coworker who doesn't even like the band but only wants to go because she likes me. I said she can't understand because she's not a dude. Because let's me honest, if I had the choice between going out with a girl who only wants to be my ""friend"" versus a girl who is super into me and wants to take things to the next level, then obviously I'm taking the second one. AITA for just being honest about what I want?",relationships,friends,c5y237,801,1672,80,86,2473,32,68,0.3238980994743227,https://anu.au1.qualtrics.com/CP/Graphic.php?IM=IM_grk2TMeaYanu35u,https://anu.au1.qualtrics.com/CP/Graphic.php?IM=IM_plLVg3x0yDTRh0w,https://anu.au1.qualtrics.com/CP/Graphic.php?IM=IM_HKO0GaQFFC6ImQK,32,68,28,54,4,14,20,14
43,43,43,c6gcpi,AITA for not wanting to cuddle with my child?,"So let me start off by saying that I LOVE my little girl, and as a single parent, I'm really striving to do my best.
The issue:
So sometimes my 7 year old just wont listen! She's a really smart, thoughtful kid, but it seems she really likes testing her boundaries lately. I can ask her to be more respectful of my parents (who help tremendously!!) or not to mess with some of my belongings, or things at her grandparents house, and she just completely disobeys me!! It's super frustrating but I try my hardest not to lose my temper and yell. I try and figure out what she was thinking but, its usually something like ""I thought it'd be fun"". Its been a drink spilled on a computer she's not supposed to touch, my daughter losing a bunch of cards from my wallet and painting over the few that I found around the house, taking tons of feathers out of our pillows and just generally leaving a mess. I can go on...
The typical consequences are her cleaning up any mess shes made herself and stuff like no tv, no dessert or an early bedtime. Our typical routine is a bedtime book at about 15 minutes of cuddling.
If my daughter is in trouble, she doesn't get a bedtime book and I'll lay down and with her while I'm tucking her in, give a hug and kiss and leave the room. Que the endless crying a wailing! She goes on and on about how she feels so thirsty, hungry, scared or lonely. She cries ""I want my mommy!"" Over and over and it makes me feel terrible!!
I generally feel torn as a parent. If I give in, which I have before, the same behavior continues even after the standard 15 minutes of cuddling, so I wonder if I should just leave her to fall alseep on her own, with just a kiss and hug and explanation to her that if she wants her regular routine, she has to listen to her elder family amd respect other peoples property, even though it takes forever and she cries herself to sleep.
On the other hand, it's sooo damn hard to hear her so upset!!!
Reddit, am I an asshole for not cuddling with my little girl when she's in trouble??",sleep,family,c6gcpi,96,54,63,56,150,64,36,0.36,https://anu.au1.qualtrics.com/CP/Graphic.php?IM=IM_I7hsVqzWFIEVuXt,https://anu.au1.qualtrics.com/CP/Graphic.php?IM=IM_b6TLXIPbez5XQo2,https://anu.au1.qualtrics.com/CP/Graphic.php?IM=IM_bNvrcwpcav1o7zF,64,36,36,23,28,13,37,44
44,44,44,c6l7oe,AITA for spending $250 of my husband's money on snacks?,"So, for various reasons me and my husband have different bank accounts. He makes much much more than I do, so I just pay whatever bills I have the money for. I normally do not have hardly any money left for myself though.
Well, we've been having a lot of problems lately because of his excessive drinking and have been fighting a lot. My best friend wanted to take me to this nice store that's pretty much a grocery store for snacks to cheer me up. This was a couple nights after me and him had a big fight. When I told him I was going to go snack shopping he told me to take his card. I let him know I was planning on splurging because this place is fairly far away and theres alot of stuff I'd like to try and he said it was fine. 
Well when I got there, there was wayyy more stuff that I wanted to get than I thought. I knew if I was using my money I wouldn't be able to get much, but he had a good amount left after bills, so I figured I could get some extra stuff. So I called him for a couple of the things I wanted to make sure it was okay, since some of them were fairly pricey, and after like the 4th time I called he told me to not worry about it, I don't need to call him to ask, just get whatever I want and that it's his way of apologizing for being so mean to me lately. So I did exactly that and got everything I really wanted. For the record it wasn't actually a ton of stuff, it's just that most stuff there is pricey. When I got home and he asked how much I spent, I told him about $250 and he flipped out on me, saying that he didn't mean I could go that crazy and if I was planning on spending that much I should of told him. I didn't know it was going to be that much until I checked out though, it was only a few bags of stuff, its just everything is expensive there. I told him sorry but I did tell him I was splurging and called him about the more expensive items ($40 cake, $15 jar of jam, $25 cheese), and that he spends way more than that on his booze each week anyways, but now hes pissed at me. I talked to some of my friends about it and they said I shouldn't of spent so much just because it was his money and not mine, but he said to get what I want. AITA here?",food,shopping,c6l7oe,127,97,87,39,224,57,43,0.4330357142857143,https://anu.au1.qualtrics.com/CP/Graphic.php?IM=IM_cxb1h679cGnGtX0,https://anu.au1.qualtrics.com/CP/Graphic.php?IM=IM_cbdMLl6b4wOS59s,https://anu.au1.qualtrics.com/CP/Graphic.php?IM=IM_xUdCI9AQalJbOU8,57,43,22,37,35,6,13,61
45,45,45,c6o2t1,AITA for getting annoyed at the way my girlfriend reacts to guys touching her?,"So I’m in a relationship with a girl I met half a year ago and I love her a lot. 

The only problem is that it seems that in some situations she lacks a backbone. 

Recently she called me in tears about how a work colleague had been constantly playfully touching her up at work. He’s apparently one of those weird people who is touchy with a lot of girls. My girlfriend told me he had touched her a lot more than usual and had even breathed down her neck despite her telling him to stop. She told me that he always does it in such a jokey way that when she tells him to stop he never takes it seriously, although it makes her so uncomfortable it brought her to tears. 

There were incidents before this, apparently her ex also had a massive problem with her colleague. She’s told me that he also honks his horn at 14 year old girls and is a massive creep.

We discussed it and came to the conclusion that next time she saw him she should take him to one side and really tell him how uncomfortable he makes her. She has evidence of him drinking at work so could easily get him fired, thereby using that as ammunition she could get him to take her seriously. I obviously wanted her to get him fired right away but she wanted to give him the benefit of the doubt which is fair enough. 

She had work with the same guy again today but didn’t say anything because she doesn’t want to ‘make a fuss’ or ‘cause drama’.  I am quite pissed off and disappointed with her because she’s just throwing away her self respect and letting people get away with treating her like shit. She’d prefer not standing up to guys who touch her up rather than having an uncomfortable situation and I’m disappointed . Am I the asshole?",relationships,manners,c6o2t1,74,19,95,93,93,80,20,0.2043010752688172,https://anu.au1.qualtrics.com/CP/Graphic.php?IM=IM_bWpkG08xv8Ox6jm,https://anu.au1.qualtrics.com/CP/Graphic.php?IM=IM_wWy1H4wyjtjcJCj,https://anu.au1.qualtrics.com/CP/Graphic.php?IM=IM_VXCCKCB9xDvCeCX,80,20,75,19,5,1,5,7
46,46,46,c6xdyj,AITA for telling my mom she’s a whore?,"Throwaway. Long time lurker, first time posting. 
I am the oldest daughter of 4 children. I’m currently 25, 2nd oldest is 23, 3rd is 20, and youngest is 18. 
When I was 8 years old, my mom had an affair with a family friend. I, being the oldest has remembered most of it and my younger siblings only remember growing up with our parents co parenting. 
This has put a strain on my mothers and I’s relationship- she cheated on my father who was battling cancer. 
She didn’t even try to keep it a secret from the kids, I remember during family/friend gatherings when everyone would be inside and I’d see my mom and the family friend kissing or doing things in the pool. As a kid I didn’t understand, but as I got older I realized what she was doing in front of us and I feel sick. 
People ended up catching on to their affair years later, and my mom left my dad and started a new relationship with this “family friend”. They split up shortly after that because he cheated on my mother. 
I’ve confronted her about this after my dad passed and we all went to see a family therapist. This was roughly 3 years ago. 
My mom has since remarried to an incredible man, but recently she was out and bumped in to this man from her past. They exchanged emails and she confided in me that they have been sending emails back and forth and are planning to meet up to chat and catch up. I read the messages and it’s very apparent that the guy still has feelings, while my mom is trying to make it seem like she’s just catching up with an old Co worker. But I know my mother, and I know she is still slightly infatuated with this man, and flattered that he still wants her. I mean it’s been years, why else would you want to catch up?
My new step dad knows about her past, and while he doesn’t agree with it, it’s been years, he wasn’t in her life yet.
She asked me what I thought about her meeting up with him, and said something along the lines of needing closure. She asked for my honest opinion about the matter and I told her; 
“To be honest mom, you dealing with this guy in the past ruined yours and daddy’s marriage and you guys had 4 kids. Idk why you think it wouldn’t ruin this one, but why don’t you stop being a whore and stop thinking with your pussy, and delete this guys damn email?”
She cried, said she couldn’t believe I just called her a whore and left my house. We haven’t spoken for a few days.
Today, I got a call from my siblings saying I hurt my moms feelings and whatever happened betweens her and daddy’s marriage was between them. I disagree, I had to witness my mom cheating on my father, I watched him die in bed while she was off to god knows where with this man. She asked for my opinion and my opinion is that she’s selfish and a whore who left my dad to die on his own and she wants to rekindle with this man and possibly cheat on my new step dad? Sorry I’m not sorry for feeling some type of way about it.",family,relationships,c6xdyj,125,291,95,43,416,30,70,0.3004807692307692,https://anu.au1.qualtrics.com/CP/Graphic.php?IM=IM_jeuWpDw4bp5tQT8,https://anu.au1.qualtrics.com/CP/Graphic.php?IM=IM_TODrZmPETke47z1,https://anu.au1.qualtrics.com/CP/Graphic.php?IM=IM_P0sLoNp0f63MaYS,30,70,13,67,17,3,5,57
47,47,47,c964vg,AITA - Reducing a Mother and her Daughter to tears on a flight.,"I was on a Flight from the UK to Dubai where I was joining a ship - Merchant Navy. 
I got on the flight and had an emergency exit seat - front row of economy cabin on a window seat.  Due to the seat designation I was amongst the first to board. Placed my hand baggage in the forward most over head locker - closest to my seat and sat down.
Around 30 minutes before landing the cabin crew handed out the landing cards. I went to fetch a pen from my bag and I found my bag was gone and the overhead locker is full of other bags. I went into a panic - my document folder containing all of my certification and documentation for work were in the bag, if I lost that I would be unable to join the ship, it may not be possible to get new copies of it all and my seaman's discharge book is a fairly sacred thing, if I were to lose these documents I would not be able to work for a month at the very least while I get new copies of everything, I would also lose massive amounts of face with my company. 
The woman in the row behind me (aisle seat) notices my look of dismay and tells me she moved it further aft into another locker. I ask her where and she vaguely directs me to around middle of cabin. After some panic I find it and confirm everything is in good order - nothing missing. When I return to my seat still flustered she declares in an unapologetic tone that my bag was in her space or words to that effect as justification for her moving it. 
I snapped at this and just blew my lid: Used words to the effect of Asking her who the fuck she thinks she is touching other people's bags and what the fuck right to the overhead locker she thought she had. I didn't make any threats I just offloaded on her. At the end of my tirade the woman and her daughter (around 12) were in tears and the son (15) had gone pretty pale. The rest of the cabin was just a sea of disapproving disgusted faces glaring at me. 
This situation is bugging me now and I keep playing it in my head.
So AITA here? I sure as fuck felt like it at the time but at the same time I feel I was justified to an extent? 
I feel I should add - I used naughty language but nothing worse than I heard from the Mother earlier in the flight.",manners,money,c964vg,101,114,97,47,215,47,53,0.4697674418604651,https://anu.au1.qualtrics.com/CP/Graphic.php?IM=IM_cF00lfSZK2HvhM8,https://anu.au1.qualtrics.com/CP/Graphic.php?IM=IM_pLy7Au3MOXN2xI9,https://anu.au1.qualtrics.com/CP/Graphic.php?IM=IM_lYekzSulTQRMBha,47,53,22,52,25,1,3,53
48,48,48,c99gvl,AITA-Don't Want Relationship w/Bio Child-reposted due to word-count,"When I was a young man I fathered a child. The mother and I both agreed to abortion and I gave her the money for it. We parted company and I assumed she had the abortion. A year later she came to me and said she'd had the baby. I told her nothing had changed, I still didn't want a relationship but I would gladly provide financial security. I was born into a well-off family and my parents activated one of my trusts. I signed the entire thing over to the child, Carmen, and went to court to give up my rights, agreeing to child support. I was assigned one amount but I paid double that, increasing as the years went on to reflect my growing financial status.
In the years after Carmen's birth I graduated with a phd, entered a career field that has made me a very wealthy man, married and fathered two amazing girls. Through all this I promptly paid my child support and made sure the trust I signed over was growing healthily. Carmen's mother harassed me for several years to have a relationship with Carmen but I always declined. Several times she harassed my wife and daughters in an attempt to ""reason"" with me. I. never wavered in my mindset, I never met Carmen.
In 2016 Carmen started attempting to contact me. She wrote a letter to which I replied politely and kindly with firm rejection. I wasn't cruel but I was frank. She's leave it but pop up again every few months and I'd gently decline her attempts. My parents and my daughters have all also declined to have a relationship with her despite having always had my blessing to have a relationship.
When her attempts started escalating I made some financial threats. The trust I set up for her had some stipulations. She could have just enough to pay for college and the remainder would be released to her when she turned 30, which will be very soon. She started harassing us with phone calls and letters and emails, she found my daughters' various social medias and harassed them despite their declinations of her attempts. I told her I'd take her trust away if she didn't stop.
Recently she showed up at my father's family reunion and introduced herself as my daughter. I was stressed after three years of her behavior and snapped. I yelled at her, told her the trust was as good as gone, and that she was the worst mistake I ever made. She left in tears. I called my money manager and took away the trust, which I still control.
As time has passed I regret how I spoke to her but not taking away her trust fund. My family feels that it was too harsh and I should give it back. I wrote Carmen a letter apologizing for my behavior. Her mother wrote back and said that I was a dead-beat father and a horrible person and they both feel entitled to some of my amassed wealth. I told her that as far as Carmen is concerned I'm done, she'll never see a penny from me again.
I'm conflicted, AITA?",marriage,money,c99gvl,120,155,92,52,275,44,56,0.4363636363636363,https://anu.au1.qualtrics.com/CP/Graphic.php?IM=IM_So5WuJIfmPJuhBc,https://anu.au1.qualtrics.com/CP/Graphic.php?IM=IM_ZdJnodnQZFuuFgf,https://anu.au1.qualtrics.com/CP/Graphic.php?IM=IM_782gctxNLaRTbjI,44,56,23,51,21,5,8,48
49,49,49,ccltik,AITA for telling my bridesmaids that they will be wearing a tux for my wedding.,"throwaway as family/friends could find this. 
so me (24f) and my wife (25f) will be married in 6 months, we decided that her bridesmaids would wear a dress as she is wearing a dress and mine would wear a tux as I'm wearing a tux. I thought that it would look amazing for photos. 
so I told my bridesmaids (my sisters ×2 my best friend and my auntie) they are not pleased and think its unfair that they have to wear a tux and not a dress. my auntie is also considering leaving the bridesmaids position as she is refusing to wear a tux. 
I tried comprising with them by letting them wear a dress during the dancing part and just needing them to wear a tux for the actual wedding ceremony and photos, but they still think I'm being unfair and a asshole for making them wear a tux. 
AITA?",wedding,appearance,ccltik,56,109,57,39,165,34,66,0.3393939393939394,https://anu.au1.qualtrics.com/CP/Graphic.php?IM=IM_CZpZFn8RHkxaX6h,https://anu.au1.qualtrics.com/CP/Graphic.php?IM=IM_O9FwRo8SgEC08RX,https://anu.au1.qualtrics.com/CP/Graphic.php?IM=IM_tNgG5JWuZUDHmhg,34,66,13,38,21,28,43,61
50,50,50,cd8fgp,AITA for forcing my family to dance for the amusement of my birds?,"I have 4 cockatiels. All are tame and can be handled. There are 2 males and 2 females (a pair per cage). Now, if you haven't owned birds before, males tend to be a lot more talkative and they tend to mimic things a lot easier.
Now, one of these males (real name used because it's a bird and he doesn't care) Coco, is my baby. He's started mimicking a lot of things I say to him. This includes things such as ""Coco, no!"" (Not in an aggressive way, similar to how you would tell off a baby trying to stick napkins in their mouth), ""Skrrt"" (yes, I'm proud of that one) and most of all, mouthpops. There are others, but the point is, he mimics me.
I taught him to smack his face on his perch and dance when I tap a certain way on the wall. The other male started to copy.
Now, the issue... They've started SHRIEKING if you don't dance with them. I don't know why, but they do it. They aren't quiet animals so if you don't dance with them, you have to listen to them scream for over an hour. If you dance with them at any point, they'll stop.
AITA for literally forcing my family to dance with birds?
I can't stop them from doing this. They have a mind of their own.
And no, holding them won't make them stop screaming. They're the type of birds that once they start singing they won't stop, as well.",jokes,manners,cd8fgp,31,43,74,90,74,42,58,0.4189189189189189,https://anu.au1.qualtrics.com/CP/Graphic.php?IM=IM_D8GYtnFPY0nMonZ,https://anu.au1.qualtrics.com/CP/Graphic.php?IM=IM_GoXdECXRia1HlZW,https://anu.au1.qualtrics.com/CP/Graphic.php?IM=IM_cj0baUNgbQ3JjlD,42,58,38,43,4,15,26,10
51,51,51,cf0rk3,"AITA for refusing to break the law for my brother, despite both his and our parents’ insistence that I do?","My younger brother Bryan just turned 19 about month ago. About an hour ago, he casually mentioned if I could go get this moscotto (wine) that he likes because he and his girlfriend is celebrating their first year together. He said he needs it by 9 and just expected me to go and get it for him.
I told him I’m not really comfortable giving alcohol to someone whose underaged. It’s not like it’s far or anything (just a couple min drive from my house). But I live in America, so it’s illegal, and call me a straight edge or whatever but I don’t like breaking the law. Additionally, I don’t want to give him the impression that this is something that I’m willing to do often; if I give him alcohol now, he’d expect me to do it again in the future.
I said he can ask our parents but I’m definitely not going to break the law for him. He got pissy and said to “stop being a bitch, who cares?” I said I do, and so I’m not doing it, end of story.
He texted our parents, and they called me. I expected them to take my side so I put them on speaker phone, but they said they were planning a date night tonight and told me to handle it. I said no and explained why I didn’t want to give my underaged brother alcohol, but they said to “stop being difficult and just give him the damn wine”.
Bryan had a shit-eating grin after that and said “I’ll see you before 9”. I went to my car so I guess he assumed I was getting it for him, but instead I just drove to a friend’s house. I group texted Bryan and our parents, and said I wasn’t going to put my livelihood at risk and break the law for anyone, and if anyone had a problem with that, well too bad. I then put my phone on airplane mode and am currently typing this on my computer.
Did I do the right thing? I feel like my brother will be absolutely furious when I turn my phone on, but I feel like he’s acting like a little turd. AITA for how I handled the situation?",manners,communication,cf0rk3,424,666,88,78,1090,39,61,0.3889908256880734,https://anu.au1.qualtrics.com/CP/Graphic.php?IM=IM_0DLJFtLPKCzEhfn,https://anu.au1.qualtrics.com/CP/Graphic.php?IM=IM_XABop49eUjIQb37,https://anu.au1.qualtrics.com/CP/Graphic.php?IM=IM_93ssuWoNN58lbVF,39,61,30,53,9,8,12,22
52,52,52,cgygbr,AITA for complaining to corporate about an employee who refused to sell me alcohol?,"I’m a 21 and a half year old girl, but I look freakishly young for my age, and am on the shorter side height-wise. I don’t have any medical condition that I know of; I just happen to look very young. Guys will often tell me that I look like 13 or 14, and they’re not lying.

The other night, I brought some beer up to the counter at a gas station, showed the lady my ID, and she gave me a shocked expression. She squinted at it for a while, and told me, apologetically, that she can’t sell me the beer. I reminded her of my ID, and she acknowledged it; but told me I look so far below drinking age that she “just can’t trust it 100%” and doesn’t feel comfortable selling it to me.

I pushed her for a while, and then gave up and left. I went to another gas station where the sold the beer to me. The next day, I called the corporate headquarters of her company and complained about her (providing her name, which I saw on her nametag). I was friendly and respectful to the guy who took my call, but made it clear that I was very, very angry about the whole thing, and that it was my first time ever patronizing said gas station company and that it left a “terrible first impression.”

I got the sense from the person I talked to that said employee is going to be in very hot water. Was I in the right to report her and get her in trouble, or should I have put it behind me since I got the beer at another place soon after? AITA?",work,communication,cgygbr,100,120,83,93,220,45,55,0.4545454545454545,https://anu.au1.qualtrics.com/CP/Graphic.php?IM=IM_AfXFC11XYXPNohL,https://anu.au1.qualtrics.com/CP/Graphic.php?IM=IM_9j7d7Y3EvtjXEQd,https://anu.au1.qualtrics.com/CP/Graphic.php?IM=IM_adUCnEoFv0FcGUo,45,55,42,46,3,9,17,7
53,53,53,ch1zu8,"AITA if I tell my wife to stop exposing my daughter to her ""Wiccan"" beliefs?","I have been with my wife for 12 years. She has always been interested in spiritual and occult things - astrology, tarot cards, sage cleansing, pagan practices, spell rituals, etc., but nothing negative like hexes or ghosts. Most importantly, she has never been hardcore about it. She has a full-time job and is well-adjusted socially. She says she is ""in the broom-closet"" and has lots of books on the topic, but she hides them when either of our parents come over (her closest friends know). I don't believe in any of it, but it can be fun and doesn't bother me really. I'll let her read my palm or cards but don't take it seriously. She uses it to ""channel her energy"" and ""improve herself"", and luckily isn't into the death/skulls/bones/goth angle.

We have an 10 year old daughter who my wife is slowly starting to introduce to this world. And I think my wife is getting more into it now that she has someone to play with. They sage-cleansed our new apartment. They burn incense and do yoga and buy crystals. They never shut up about Halloween and watch Tim Burton but blow off Christmas. When my daughter is upset, she will burn incense and use crystals. My daughter started telling friends at school she's pagan/a witch and they reject her and think she's weird (note: my wife doesn't define herself as ""a witch""). My wife wants to take her to pagan festivals, which I won't attend but I'm sure is full of weirdos.

Again, my wife is not pushing the depressed/goth angle, but I'm worried my daughter is going to grow up pigeon-holed in this weird, dark spiritual realm and unequipped to deal with issues in the real world. How do I tell my wife to chill on this stuff until she is older, or never even introduce it to her at all?

**AITA if I ask my wife to chill with the astrology, tarot cards, sage cleansing, palm reading, etc. around our daughter?**",children,religion,ch1zu8,216,63,81,93,279,77,23,0.2258064516129032,https://anu.au1.qualtrics.com/CP/Graphic.php?IM=IM_e7MSIO6N9n3yHyg,https://anu.au1.qualtrics.com/CP/Graphic.php?IM=IM_lJhCVI5vcDCucnT,https://anu.au1.qualtrics.com/CP/Graphic.php?IM=IM_x1jJEncFpqsh3SQ,77,23,71,19,6,4,19,7
54,54,54,ch5514,AITA for asking my ex girlfriend to pay 50% of the rent after she refused to move out?,"My girlfriend (22F) and I (24M) were together for about a year before we decided to move in together. 

She already spent 90% of her time at my place anyway so we thought it would be a good idea to find a new apartment to make it our own. 

We agreed that because she made less than me, we’d split the cost based on percentage of income. My cost would be $1000, hers $200. 

Well, two weeks after actually moving in together we broke up (*surprise*). It’s been mutual, due to unsolved differences.

I brought up the fact that since we had broken up but were still living together, since she didn’t want to move out, it would be fair for us to each pay 50% of the rent for the time being. 

I feel like I’m no longer obliged to support her, and she feels like I’m using money to “make her small.”

Both of our names are on the contract, but the landlord doesn’t care how she gets the money. I feel like I’ve been taken advantage of, because I’ll be the one forced to continue paying since she hasn’t agreed to 50/50.

While we did agree on the 1000/200 split while together, AITA for trying to make it 50/50 after we broke up?  All of her friends are calling me every name under the sun.",money,roommates,ch5514,31,279,94,77,310,10,90,0.1,https://anu.au1.qualtrics.com/CP/Graphic.php?IM=IM_TR2gyprfeobeldn,https://anu.au1.qualtrics.com/CP/Graphic.php?IM=IM_tlS1zFfyMd7mb1x,https://anu.au1.qualtrics.com/CP/Graphic.php?IM=IM_ZBO9IL98Ewkpdv8,10,90,8,84,2,6,6,23
55,55,55,chptvk,AITA for being upset about my sister's baby name?,"I'm posting this here because I'm genuinely curious and I've been feeling conflicted about it for quite some time. 
My husband and I had been married for about 7 years when this all went down, and obviously the fact that I'm posting this means it still gets my goat a few years later. 
So here's the story: husband and I were high school sweethearts, got married right out of high school. We didn't have kids right away, but we had a little list of our favorite names. There was one boy name on this list that was our #1, ""when we have a boy, this IS the name,"" kind of thing. Everyone knew. It wasn't a secret. 
So my little sister gets married about 6 years into our marriage, and gets pregnant right away. They find out it's a boy and they pick some random name. Cool. 
Well, then they decide to change it. To the name we've been hanging on to since we first started ever talking about having kids. The conversation goes something like this.
Sister: We decided we're not going to go with Todwyn (not the real name lol) for the baby's name
Me: Oh, ok. Cool. What are you doing instead?
Sister: We decided to change the name to *insert baby name here*
Me: Oh... You know we've been planning on using that name since we were in high school, right? 
Sister: I know. We just really like it and you don't have any kids, so....
At this point, I felt like I couldn't really say anything else. I cried to my other sister and she was sympathetic. My dad was unsympathetic and my mom was ambivalent. 
It's been a few years, and before and after that there have been some negative interactions that have definitely colored my feelings, so I'm really curious: AITA for 1. being upset in the first place? and 2. still feeling some resentment? 
I get it. It doesn't matter. What has me stung (still to this day tbh) is that she knew we loved that name and that we were planning on using it. I never, ever, EVER would have done that to her. If she'd been saying for 10 years, ""this is the name we're going to use for our first boy,"" I would have considered that name off-limits and never even considered it, so I'm hurt that she wouldn't do the same for me. Thoughts? Feel free to judge harshly.",relationships,jokes,chptvk,70,80,74,56,150,47,53,0.4666666666666667,https://anu.au1.qualtrics.com/CP/Graphic.php?IM=IM_53ClCqxD8J2j12Y,https://anu.au1.qualtrics.com/CP/Graphic.php?IM=IM_sHnC6OiU4SoiyHX,https://anu.au1.qualtrics.com/CP/Graphic.php?IM=IM_Oj2sRDJSrOIF4dQ,47,53,26,39,21,14,26,44
56,56,56,chswxi,AITA For comparing my wife to a cow?,"Me and my wife were at a party and we had a couples rapid fire round where they asked us all sorts of weird questions. One of them being about the animal your SO resembles the most.
I honestly did not have a lot of time to think and I said that I believe my wife is similar to a cow. Since she is really patient, eats slowly and is a gentle human being who looks after others and spreads happiness like a cow spreads its milk.
It was honestly a really weird answer(did not think  it through) but my wife is upset and thinks I am an asshole while I genuinely do not know if I did anything wrong.",jokes,mental health,chswxi,59,103,54,78,162,36,64,0.3641975308641975,https://anu.au1.qualtrics.com/CP/Graphic.php?IM=IM_HmNjajQR3bOGteg,https://anu.au1.qualtrics.com/CP/Graphic.php?IM=IM_BSJQSl2DGvMUSXb,https://anu.au1.qualtrics.com/CP/Graphic.php?IM=IM_MwPbcw3yLtd1JTn,36,64,28,35,8,29,46,22
57,57,57,chvyp2,AITA for honking at another driver who cut in front of me at a drive thru each time she tries to order,"This line at a Starbucks I went to was really long. I was in line for a good maybe 20 minutes. Until this lady in a Mercedes tries to cut in front of me and like 8 others behind me. I laid on the horn and tried to block her from cutting me but she succeeded anyway and flipped me off. 
Okay. I’m the type of person who will not let someone get away with shit like this. So I waited until she pulls up and as soon as she tries to order, I honk. She then looks at me with a dirty look and gives me the finger which I already had a middle finger of my own ready for her. Each time she makes an attempt to order something I honk and sometimes lay on the horn for 3 seconds. We stopped as soon as she drove off. We then ordered and went about our day. 
I just can’t people who are extremely rude like that lady and I couldn’t simply let this go. 
AITA for this?",driving,manners,chvyp2,546,491,97,56,1037,53,47,0.4734811957569913,https://anu.au1.qualtrics.com/CP/Graphic.php?IM=IM_sJ5eQcToKus1xRw,https://anu.au1.qualtrics.com/CP/Graphic.php?IM=IM_NBJyjIprB6anHAp,https://anu.au1.qualtrics.com/CP/Graphic.php?IM=IM_anNM29pZvQgHzNz,53,47,30,46,23,1,3,44
58,58,58,cibhb1,AITA For leaving the passed out girl on my neighbours yard.,"It's 2 am. Half an hour ago I heard heavy footsteps outside my house and, thinking they sounded like running, I looked out the window to see a woman staggering past. She wasn't running so much as her feet were having trouble keeping up with her head.
She turned into my neighbours' yard, and collapsed on the grass.
I ran over to check on her and to make sure nobody was following her. She was fine, early 20s, no injuries from the fall just very very drunk. I tried to talk to her but she was slurring and giving me the Forest Whitticker eye. What I did get from her was that she was staying with my neighbour but wasn't going in yet. I said I though she should go inside and asked for her hand. She refused and lay back down.
So I go back in to mine.
10 minutes pass and she's not moved by herself yet so I think I'll give it another go.
I go back out and she's laying on her back snoring. I talk to her but she's sound asleep. After gently shaking her she rouses enough to tell me to fuck off. I rolled her onto her side so she didn't choke on her inevitable vomit, and left.
Trying to justify my in action, she clearly said she didn't want to be touched. We're lucky enough to live in a very safe, rural area. I've slept in fields, ditches and gardens several times before when I was her age. It's a warm night. My neighbour is pretty strict and I don't think he would react well to his house guest (daughter) being in this state. Nor me waking him up to help move her inside.
I've looked out the window to check she's still there every 5 minutes or so. 
Regardless, I do feel guilt about not carrying her into the house. AITA?",parties,living,cibhb1,28,38,76,86,66,42,58,0.4242424242424242,https://anu.au1.qualtrics.com/CP/Graphic.php?IM=IM_HFYWx7J5Lo3v1tW,https://anu.au1.qualtrics.com/CP/Graphic.php?IM=IM_4pEus7DE02t9FFT,https://anu.au1.qualtrics.com/CP/Graphic.php?IM=IM_mLbnhbiX0yBUK8e,42,58,36,44,6,14,24,14
59,59,59,cjkcka,AITA for telling my Dad that just because he pays for the wifi that he cant hold it over my head,"So my dad lost his job and so we put the house in my name and all the bills in my name. This is because I make enough to pay for everything except the WiFi. I pay mortgage, groceries, water, electric, gas, and utilities. So my dad picked up the WiFi so he wasn't being a complete freeloader in his words. So I agreed and everything. 

Now i pay the bills for my dad, mother, and my 2 little sisters. Now every time something needs to be done whether its trash or dishes he tells me to it or he'll turn off the WiFi. So i said that he wasn't going to turn off my access but everyone else's if he does want to kill the WiFi. He said something to the extent of ""Oh really I pay for it. Ill kick you off right now."" 

So I said that no one was aloud to use electricity and all the groceries will be kept in one of those fridge lockers. So if someone wanted food they would have to pay like 2 bucks more than what I spent. He said that its his service that he's paying for and that he's allowed to do what he wants with it. But since I pay every bill than I have the right to evict them if I choose too by the same logic in my opinion.

He called me an asshole and so does the rest in my household so Reddit AITA",money,family,cjkcka,22,77,95,55,99,22,78,0.2222222222222222,https://anu.au1.qualtrics.com/CP/Graphic.php?IM=IM_y1jhjYlUYxMnLJF,https://anu.au1.qualtrics.com/CP/Graphic.php?IM=IM_PGJU6td4kilCZlX,https://anu.au1.qualtrics.com/CP/Graphic.php?IM=IM_D4NZD4feydiEpeX,22,78,12,74,10,4,5,45
60,60,60,cjx34k,AITA for pointing out whenever a non native English speaking person is mispronouncing words,"My buddy has been dating a new girl for a couple of months now, and he wanted to introduce us to each other.  We decided to do a double date; him, his new gf, my gf, and me.  We go out to dinner and everything is fine.  It is at this point I'll point out that the new gf is originally from Puerto Rico and English is not her first language.  Totally not a problem for me, her English is actually really good and it's not like we were having trouble communicating or anything.  I mean she has an accent but, so what? Dinner was going fine, the conversation was good.  I'll also say this before the post delves any further.  The new gf is cool, I like her and think shes a good person, despite this little spat.

At some point during the conversation we start talking about Puerto Rico.  Now as we're talking and I bring up Peurto Rico I pronounce it in the Americanized version like ""Porta Rico.""  She stops me and corrects my pronunciation.  Alright, maybe shes particularly prideful of her home country. No disrespect, my bad, I try to be more cognizant of my pronunciation.  But I slip up again, and again she stops me and corrects me, a little snarkier if I may add.  This is where I might end up being the asshole.  I hate when people feel entitled to things they shouldn't.  When I sense someone exuding unwarranted entitlement I become like a shark with blood in the water.  So in my head I'm thinking to myself that I haven't corrected any of the words she's mispronounced because I'm not a nitpicky douche.  So what right does she have to continually correct me (now with an attitude) for saying a single word in an Americanized accent, when the entire conversation shes been having is spoken with a Spanish accent?

So I reenter the conversation again and this time, as I say Peurto Rico I purposefully say it the Americanized way.  I did this to see if she would let it die or if she was willing to continue pushing this.  Sure enough I get a long, drawn out exasperated sigh followed with her telling me, ""How many times do I have to tell you that's not how its pronounced?!?!""  Ok game on.  Throughout the rest of the dinner I corrected her every time she didn't correctly pronounce an English word.  Not gonna lie, the conversation became very limited and awkward once it became clear what I was doing.  She pretty much stopped talking for the final moments of dinner with the exception of simple answers to questions.  We wrap up the dinner and start to gather everything to leave.  Before we all went our separate ways I tried to talk to her privately.  The way I was looking at it was this was just a little game, and I just wanted to shake hands and put it behind us.  Tell her that I like her and we are cool.  As I tried to tell her, she saw me approaching she turned heel and walked off.  Gf and friend aren't particularly happy with me, so AITA?",communication,relationships,cjx34k,91,9,89,77,100,91,9,0.09,https://anu.au1.qualtrics.com/CP/Graphic.php?IM=IM_qTId84UnmkvRPfb,https://anu.au1.qualtrics.com/CP/Graphic.php?IM=IM_uvUnkko9qCOCN8l,https://anu.au1.qualtrics.com/CP/Graphic.php?IM=IM_SwSRKzGbVoLByDv,91,9,70,8,21,1,11,23
61,61,61,ck8p3u,AITA for reaming out a woman in front of her kids?,"So I was coming out of the grocery store today and I saw a woman being, what I would consider, a lazy shit head. I called her out for it. I felt justified. Then I reflected and became unsure as to whether I was justified, or just an asshole to a working mother on the grocery run after picking the kids up from school. You’re the experts, tell me my fate! 
The parking garage by my local supermarket has a problem, and that problem is people being too lazy to walk to the shopping cart corral and put their trolley back – people instead prefer to just leave them right there, in the parking spots. Obviously, this is annoying and gets in the way of people trying to park their cars. 
I did a sidealong park into a spot today (relevant) and was annoyed to discover that I couldn’t park in the middle of the spot because there were abandoned trolleys encroaching onto the space. Luckily my car is small, so it wasn’t an issue. After doing my shopping I came back to the car to discover that someone had left their trolley in the space between the back of my car and the front of the car behind me. Not an issue for me, as I could go forwards out of the spot, but it would be an issue for the person behind me as they wouldn’t be able move around it. 
I loaded up my groceries into my car then grabbed that trolley and my own to walk back to the corral. A middle-aged woman with two teenage children (about 13 and 16 I’d guess) were opposite me and finished loading their groceries at the same time. The woman then walked her trolley across the parking lot to park her trolley *right in front of my car*. I was standing half a metre away and she just… dumped her trolley there, blocking my car into its space. I will add that given my outfit, there is no way she thought I was an employee even if she hadn’t seen me just put away my own groceries. 
The following conversation ensued (M = me, H = her)
M: “Yeah, just leave your shit wherever for someone else to clean up, that’s a good idea.”
H: “Excuse me? That is so rude.”
M: “I’d say being a trashbag and leaving your shit everywhere is ruder, are you seriously that lazy?”
H: “How dare you speak to me like that in front of my children!”
M: “Well someone’s got to teach them some fucking manners about putting their own shit away and not leaving it for someone else.”
Then she said how dare you and I said fuck you, and I pushed her trolley back to the corral (a whole 10m away) while she huffed to her children about how people my age are just SO TERRIBLE (I’m 25). 
Asshole? Yay or nay?",manners,driving,ck8p3u,202,121,94,40,323,63,37,0.3746130030959752,https://anu.au1.qualtrics.com/CP/Graphic.php?IM=IM_mpPECZJ95Y6qL7B,https://anu.au1.qualtrics.com/CP/Graphic.php?IM=IM_6TIpL8Okl9qTfNg,https://anu.au1.qualtrics.com/CP/Graphic.php?IM=IM_UEIDySA4zQhycLf,63,37,25,35,38,2,6,60
62,62,62,ckcgis,AITA for making my father pay for a more expensive college out of spite?,"My father cheated on my mom and is now married to the woman he cheated with. This was two years ago.
I have refused to stay over at my father's house overnight for the past year. My father takes me out for dinner once a week instead.
He has apologized many times but I am unable to forgive him. Especially since seeing his affair partner everytime I go to his house reminds me of how he put his needs over everyone else's.
During the divorce, my mom basically got less than she deserved because my father fought her on everything.
One thing he agreed to was to pay for 80% of my undergrad and 70% of any post-grad degrees.
The remaining amounts were to be fulfilled by my mother and I (using loans or scholarships).
I got accepted to a few schools. One gave me a full ride where all tuition gets paid. I got partial scholarships for the rest.
My father and his wife are now expecting a baby. When I told him of my school acceptances, he basically begged me to take the one that would get him off the hook for paying anything.
I was really pissed off. He never even considered which program was better, which had better work programs etc. He only cared about his money.
So out of spite, I picked the very expensive private school. I was actually leaning towards a state school but changed my mind because of his begging. With this school, I still wouldn't pay anything because of the partial scholarships.
My father had a complete breakdown since finding out that he's on the hook for hundreds of thousands of dollars. Even his wife thought it would be smart to call and plead with me and saying they have take loans out. This has just further solidified my decision. I hate that woman.
My mother is not saying a word to me for or against my decision. She said it's between my father and me.
Am I the asshole here?",education,money,ckcgis,244,110,80,34,354,69,31,0.3107344632768362,https://anu.au1.qualtrics.com/CP/Graphic.php?IM=IM_3PH0oz52tDUhhl7,https://anu.au1.qualtrics.com/CP/Graphic.php?IM=IM_OyqWq4yvemUf8gn,https://anu.au1.qualtrics.com/CP/Graphic.php?IM=IM_b6jJ9amLl9MLfmb,69,31,23,25,46,6,20,66
63,63,63,ckndum,AITA for possibly stealing from a convenience store multiple times and not saying anything about it.,"For the last year I’ve had a rewards card to a local gas station chain that lets me get deals and store coupons. 


About a week ago I went into the store to get a beverage, and swiped my rewards card before swiping my debit, however after the card reader finished processing the rewards card the total due went to 0 and the cashier asked if I wanted a receipt. At this point I figured I had just used a deal I don’t know about, but the next time I went the same thing happened. So the next several times I’ve gone I’ve made around 10 dollar purchases with a variety of different items, and every single time it’s been free.


I’m thinking something is wrong and I should tell someone, but I kinda wanna keep getting free stuff. AITA?",shopping,money,ckndum,80,180,86,92,260,31,69,0.3076923076923077,https://anu.au1.qualtrics.com/CP/Graphic.php?IM=IM_9qpEk3IsOIP92OU,https://anu.au1.qualtrics.com/CP/Graphic.php?IM=IM_sWZcoy9svFBYY5B,https://anu.au1.qualtrics.com/CP/Graphic.php?IM=IM_1IrTDKBi6Rc3I9w,31,69,29,59,2,10,14,8
64,64,64,cm9rwp,WIBTA if I (25 f) go on a trip with my male best friend (25m) even though my boyfriend (25 m) doesn't want me to?,"Me and my boyfriend have been together for 3 years. We're in a happy relationship so I've never thought this would ever be a problem.
For a few years my male best friend and I always wanted to go to Amsterdam to explore the city and smoke some weed. But we never had the money as we were poor students. We've known eachother for almost 10 years now and now that we finally have a job, we can finally afford it. So I told my boyfriend about my plans. I even invited him on the trip, but he declined. I thought: okay, then we'll just go alone. A few days later he told me that he wasn't comfortable with me travelling alone with my best friend. He also said that if it was a girl, he wouldn't have problems with it. I don't understand as there is absolutely nothing more than friendship between us. There never was something between us and never will. My best friend agrees. And I really would like to go travelling with him. 
Some discussions later, he said that I can go,that he can't stop me, but that he really doesn't feel comfortable. It's not like we are going to sleep in the same bed. It's even going to be 2 separate rooms and he is still not okay with this. I feel a bit torn, but I would still like to go. So would I be the asshole if I go even though I know he doesn't like it?",vacation,friends,cm9rwp,70,133,55,67,203,34,66,0.3448275862068966,https://anu.au1.qualtrics.com/CP/Graphic.php?IM=IM_rYvTJrOugJxhuda,https://anu.au1.qualtrics.com/CP/Graphic.php?IM=IM_nZWh0mPH0b8BBT3,https://anu.au1.qualtrics.com/CP/Graphic.php?IM=IM_BHuO3SCl7MHXjCg,34,66,23,36,11,30,45,33
65,65,65,cn7li5,AITA for catfishing my underaged sister on Tinder and humiliating her in order to teach her a lesson?,"Last week, I was using my sister Ashley’s phone because mine was dead and I needed to call a friend to confirm plans. Dialing my friend’s number, I saw a tinder notification of some dude messaging her. Immediately, I asked why she’s on tinder (she’s 17) and she grabbed her phone back and said “none of your business” 
I decided that I wanted to have a little fun with this. I wanted to give her the benefit of the doubt (maybe she’s just swiping for fun?) so I didn’t want to go straight to ratting her to our parents. To test if she was just using for fun, I decided I was going to make a tinder profile (of someone else) and message her and see if she responds. I asked a good friend from back in college (who happens to be a male model) Kevin if he’d mind if I used his pictures and explained the situation. He thought it would be hilarious and told me to go for it. 
I created the account, set my age to 22, set my swipe radius to a mile, and quickly found my sister’s account. Her age was set to 19 (lie, she’s still in **high school**) so I was definitely more suspicious of her now. I superliked and less than an hour later, she matched AND messaged me. 
I decided to set up a date to a fancy restaurant downtown for Sunday afternoon and told her we could “head to my place afterwards”. She was completely receptive and said she’d meet me there. She told our parents she was hanging out with one of her track friends and spending the night at her place. 
After she left, I told our parents EVERYTHING and showed them all of the messages. They were pissed, and I suggested we all go to the restaurant. My dad and I just went instead and saw her sitting at a table alone all dolled up waiting for “Jim”. My dad went up to her and said “Jim’s not coming” and she screamed and asked what we were doing there. I told her that there was no Jim and that it was fucking stupid of her to be trying to meet grown men on tinder at her age. My dad harped on to that and lectured her on lying and meeting strange men on the Internet, and being so willing to go back to a *stranger’s* place. We were a bit loud so people were starting to look at us and my sister eventually bursted into tears and ran out. 
I told my friends in a groupchat the situation and they all agreed it was hysterical, except 2 of my female friends who said I was a “fucking dick” and “cruel” to her. My other friends defended me and said she needed to be taught a lesson. Wondering who’s right and if I went too far?",relationships,communication,cn7li5,1425,651,96,83,2076,69,31,0.3135838150289017,https://anu.au1.qualtrics.com/CP/Graphic.php?IM=IM_m0BP9EHrB3Ina0D,https://anu.au1.qualtrics.com/CP/Graphic.php?IM=IM_xX6cZ7LyKaP432J,https://anu.au1.qualtrics.com/CP/Graphic.php?IM=IM_4i5M2oG2sHqZq3h,69,31,57,30,12,1,4,17
66,66,66,cnab5z,AITA for telling my brother that his wife wanted me to take nude photos of her?,"I've been doing photography as a side job for about seven years and while nude photography is not necessarily my forte, I have dabbled. 
2 months ago, I was editing a boudoir session I had shot for a lady. It was her 17 year anniversary and she wanted to give husband a gift that was ""out of the box"". I was doing this in the privacy of my home office which is really a bedroom converted to an office space. It has a private bathroom attached. 
Doorbell rings, it's my brother and his wife (BW). They come in, we chat, brother goes to the bathroom. After quite sometime of my brother being in the guest bathroom (Chipotle is never had without repercussions) BW needs to go as well. Without thinking, I offered the private bathroom (Photos from session are still up due to me running to answer the door). They both return, within the hour they are gone.
About a week later, I get a text from BW. BW informs me that she had noticed the pictures and  decided to check them out, which normally would be okay, but these were private. Anywho, she sees that some contain nudity and is curious if that is something I do often. I was a little taken by surprise by this, but we are fairly close and have often discussed my photography bc she has been interested in pursuing modeling.
Then the bomb. She asks if I would be willing to do photos of her in this fashion, some containing full nudity. Of course this would be for my brothers birthday as a surprise, but I was not comfortable at all with it. I tell her this and she says that it would be totally fine and she would be really stoked to do this. I told her I would think it over.
Eventually the only way I decided I can live with it is with my brothers blessing, but of course this would ruin her surprise. But I can't do the photos without him knowing. Just didn't set well because we are close and would never want to tarnish the relationship. So i begrudgingly text him, explaining the situation. Naturally, he was not okay with it, but swore to not confront her and thanked me for my honesty. 
I told BW that I just couldn't find peace on the thought of the photos and that I couldn't do it. She was bummed but understood. I figured that would be the end of it. 
Fast forward to yesterday, I receive a text from BW. She is furious. My brother apparently decided to break our sacred vow of secrecy and had confronted her asking why, of all people, would she approach me for photos like this. Apparently her plan was to tell a ""white lie"" and tell him that the photos were shot from another female friend that also does photography. I apologize profusely but it does no good. Conversation ends with her thanking me for ruining their marriage, which I think is a bit of a reach. 
They were supposed to come over for dinner yesterday but never showed up. Brother hasn't returned my calls/texts. Maybe this should be on TIFU but now I feel like an asshole. Am I?",social media,communication,cnab5z,58,74,85,24,132,44,56,0.4393939393939394,https://anu.au1.qualtrics.com/CP/Graphic.php?IM=IM_4Xv4mBpeOQ8ptuS,https://anu.au1.qualtrics.com/CP/Graphic.php?IM=IM_8u4Kz3EA1m6aHGt,https://anu.au1.qualtrics.com/CP/Graphic.php?IM=IM_8SK2ilpTX5uw4JN,44,56,11,48,33,8,15,76
67,67,67,cs9swp,AITA for flipping out at my girlfriend for being naked around my guy cousin?,"So my girlfriend hangs out with my sister and my cousins a lot. They go out drinking, to the movies, shopping, sleep overs etc. I don’t have much of an issue except for the fact that one of my cousins is a guy. While he is feminine I don’t think he’s gay. So obviously it’s a bit weird especially when they have sleepovers. But whatever my sister and cousins are there and I trust her. 
But the other day they were hanging out at my cousins apartment and she tells me my cousin gave her some clothes that didn’t fit her anymore. And she’s saying she was trying them on. That’s when I asked her if my guy cousin was there and she said yes. Then I asked if she left the room and she said no. So I asked her if she got naked around him and she said they were all tops. And I asked her if she took off her top in front of him and she said yes. Then I asked if she had a bra on and she said no..... that’s when I flipped out. She had hers breasts out in front of another guy. She didn’t seem to understand why I was so mad. She tells me it wasn’t s big deal and that he’s her friend and there was nothing sexual about it. And that everyone is an adult and there is nothing wrong with being naked around friends. But it still upsets me. Am I being unreasonable here?",family,friends,cs9swp,65,68,71,65,133,49,51,0.4887218045112781,https://anu.au1.qualtrics.com/CP/Graphic.php?IM=IM_rNriQoPaerTsXeJ,https://anu.au1.qualtrics.com/CP/Graphic.php?IM=IM_Gt5AnMdz9Jg6h7s,https://anu.au1.qualtrics.com/CP/Graphic.php?IM=IM_zjkPaF8OE6iHQtU,49,51,32,36,17,15,29,35
68,68,68,cuje5c,AITA for reporting two “bros” from another department to HR for their locker room talk in an elevator?,"Our firm occupies multiple floors in a high rise building, and I use the elevator multiple times a day because my department spans several floors. There are these two “bros” in another department I’ve run into many times. Usually the interaction is limited to a nod. They’re kind of a hybrid New England “Chad” meets Jersey “Bro” with a dash of homophobia. They’re the type who are probably book smart at SOME subjects but really got through life because of their parents. They’re so unaware of their surroundings that one time I was in the elevator with them, they were behind me, and one of them pointed out my pants to the other guy to make fun of the patterns, but I was able to see their reflections on the elevator’s metallic doors. 
So yesterday I had the misfortune of sharing the elevator with these two again. Except this time, they were talking about their weekend plans and how one was planning to impress a “chick” because she seemed like the she could “bang like a Bangkok stripper”. I assume she’s asian because they started doing the Full Metal Jacket sucky sucky five dollah and me love you long time schtick. I turned around and told them to keep inappropriate conversations out of the work place. And they just ignored me. 
Anyway, they might have thought because I’m male it was ok to talk like that at the workplace. I reported them to HR today. I’m thinking about shooting their boss an email as well to let him know I’ve reported the two bros, what my concerns are, and that they may need disciplinary action and sexual harassment training. 
My co-worker thought it may be a little drastic because that’s how those two are. But I disagreed. 
TL:DR: Two guys were having locker room talk in an elevator and I reported them to HR, and maybe their boss.",work,communication,cuje5c,53,95,93,85,148,36,64,0.3581081081081081,https://anu.au1.qualtrics.com/CP/Graphic.php?IM=IM_8a79dhYyVomrvkO,https://anu.au1.qualtrics.com/CP/Graphic.php?IM=IM_yxoycZy36obDTDu,https://anu.au1.qualtrics.com/CP/Graphic.php?IM=IM_DO7ZE5d3FalLnLR,36,64,31,59,5,5,7,15
69,69,69,cusnpp,AITA for telling my friend to find her own hobbies and interests instead of just copying whatever her current boyfriend is into?,"Title says it all. My friend is one of those girls who always has a boyfriend, and that boyfriend becomes a central part of her identity. Last night we were having dinner and she said she needed a new hobby because she didn’t realize gaming could be so expensive. She dropped $2500 on a gaming rig because the guy she is dating now is into gaming, when before this she didn’t even have Candy Crush on her phone.
So I told her that she should find her own hobbies and interests instead of getting into whatever her current boyfriend is into. I reminded her that she enrolled in BJJ class when she dated a BJJ blackbelt (but she never stepped into a gym again after they broke up), she bought tons of baking tools and supplies when she dated a pastry chef (all banished to some faraway corner of her kitchen cabinet as I write this), she even wanted to buy a cobra when she was seeing a guy who collected them (Thank God the guy told her that she absolutely shouldn’t do it).
After dinner one of our other friends told me I shouldn’t have said that to her and she clearly looked hurt, but I think that there was nothing wrong with what I said because I just pointed out facts and I think she needed to hear that to realize how dependent her personality is on her boyfriends and how ridiculous she is acting by copying their interests.
AITA?",relationships,communication,cusnpp,601,708,50,56,1309,46,54,0.4591291061879297,https://anu.au1.qualtrics.com/CP/Graphic.php?IM=IM_sFMoBwIAG23IoZG,https://anu.au1.qualtrics.com/CP/Graphic.php?IM=IM_w2sX2CMQkxk8yM1,https://anu.au1.qualtrics.com/CP/Graphic.php?IM=IM_EU0UiFbaTvSq1Hk,46,54,26,27,20,27,50,44
70,70,70,cwcnix,WIBTA if I snitched on a former friend to the feds for a 30k reward?,Not giving too much info but I was friends with this guy in middle school but we drifted a part in high school. He fell into the wrong crowd and ended up in juvie. Fast forward ten years later and I'm working with his dad. We're teachers at the same school. His dad told me that H got into some legal problems but resolved them and was getting his life back together. He works as a chef and lives at home. I googled H and see he's wanted by a federal agency for drugs. There's a 30k bounty on his head. I did call a lawyer and he said I could snitch on him and he'll never find out. Happens all the time. Plus I would get the 30K. Apparently he's facing years in prison. I believe he's working under the table which is why they haven't found him yet. I could use that 30K. I know he'd snitch on me in a heartbeat.,education,family,cwcnix,118,135,91,50,253,47,53,0.466403162055336,https://anu.au1.qualtrics.com/CP/Graphic.php?IM=IM_mi4UP0tHVJ6pew2,https://anu.au1.qualtrics.com/CP/Graphic.php?IM=IM_XQBnX4Z3C3nfwqp,https://anu.au1.qualtrics.com/CP/Graphic.php?IM=IM_FFmpdIWsszyCcA1,47,53,24,48,23,5,9,50
71,71,71,cxr97c,AITA for not allowing my roommate's girlfriend to use my bathroom causing her to piss herself,"I live with a roommate in an apartment. I have the master bedroom and it comes with an attached bathroom. I also pay a higher rent for the bigger room + bathroom. I generally don't like people touching my belongings or using my bathroom.  
The other day my room mate brought a few guests over including his girlfriend. I was sleeping when I heard some frantic knocking on the door. Roommate's girlfriend was shouting through the door asking to use my bathroom. I pretended not to hear. She kept knocking and begging to use the bathroom but I ignored it. She stopped knocking after a while. 
Later when I saw my roommate he confronted me about this and said he girlfriend ended up pissing herself in front of their other friends. She was mortified and crying according to roommate. I lied and told him I didn't hear her knocking as I was sleeping. He didn't question it because he knows I'm a very deep sleeper and have slept through multiple alarms before. 
AITA? My sister thinks I was because it was a one time urgent thing but I honestly hate other people using my bathroom and that was why I chose to pay more to have a separate one. There is also a communal bathroom on a first floor that everyone can use (we stay on the 3rd floor) and if she really needed the bathroom she could have ran down to use it. It's not that clean because loads of people use it through the day but I think you cant be that picky if you're so urgent and can't control your pee. AITA?",living,roommates,cxr97c,363,305,89,74,668,54,46,0.4565868263473054,https://anu.au1.qualtrics.com/CP/Graphic.php?IM=IM_5JLXd3ZGDPahcVu,https://anu.au1.qualtrics.com/CP/Graphic.php?IM=IM_fEqi5yDEoOucJQ7,https://anu.au1.qualtrics.com/CP/Graphic.php?IM=IM_4qRAkngNQuE1shk,54,46,40,41,14,5,11,26
72,72,72,cy5szy,AITA for not relinquishing an unexpectedly high value antique to my family?,"When I was a small child, my grandfather gave me a small teapot because I thought it was very pretty and I was the only girl. He died two years later, but it stayed in my mother's house until my parents passed away a few years ago. This was my teapot and I collected it from the house. My siblings and I split the rest of the estate equally. The teapot was ""just a trinket"" and not included.
My husband and I recently found out that the teapot was actually much older and much more valuable than we ever thought. It's worth over 500k, which is over 50x what all us kids got from the estate.
My siblings are furious that I got a ""windfall"" and that this money should also be split equally. I don't want to. I can put all of my kids through college now and pay off our house, which is what we're going. I feel that the teapot was mine and was always mine (and not part of family money). I don't think they have a claim. 
AITA here?",money,living,cy5szy,159,284,77,79,443,36,64,0.3589164785553047,https://anu.au1.qualtrics.com/CP/Graphic.php?IM=IM_tiWuG6hLXFO9haC,https://anu.au1.qualtrics.com/CP/Graphic.php?IM=IM_d1xfNnjPfLIBSrc,https://anu.au1.qualtrics.com/CP/Graphic.php?IM=IM_SrYkOMHztD3u2f9,36,64,29,49,7,15,23,21
73,73,73,d0v5vy,AITA for not telling husband I've scheduled a nose job,"I, 38F, have a very large nose which I absolutely hate. Ever since I was a kid, I've been ridiculed for it and for some reason even adults feel it is ok to comment my appearance and make fun of my nose - yes you read that right.. 
I feel like my nose defines me too much. My husband says he likes it and to him I am the most beautiful woman in the world. I believe him. But still hate my nose.
Yesterday I finally had a consultation with a higly recommended plastic surgeon specialized in rhinoplasty. We discussed at lenght and booked a time for the operation at the end of the year. I am looking very much forward to it, I am thrilled!
I have not yet told my husband about this as based on our previous discussions on the topic I know he will be upset and not understand why I'd want to do this. I think I will tell him closer to the operation date.
I can easily afford this operation financially, we have separate finances and money is no issue. I can get the 2 weeks off work I need to heal. I have had other kinds of non-plasticsurgical operations before (6 in total + EDIT: they were 2 cesarean sections, 2 knee surgeries, appendectomy and an ankle operation so NOT plastic surgeries, people have misunderstood this..) and am not afraid of going under the knife. I really hate my nose and the doc will make it as small as possible but so it still fits my facial features. The operation will be done in a very good private hospital in my home country (the Nordics). I will take the money off my own savings account, there'll be plenty left and more coming in. I have dreamed of this for years.
Aita for not even discussing this with my husband but going ahead as planned? We have two kids (7 and 4yo boys) whom I will explain that it is done for medical reasons as they don't need to know about my insecurities at such young age, we'll discuss this once they're grownups; luckily they have their father's nose and are handsome boys. I have arranged for child care help during the first few days post-operation.
I know my husband will try to talk me out of this and I will not change my mind. I am doing this 100% and he has no choice but to accept my decision. AITA here?",medicine,jokes,d0v5vy,144,86,55,53,230,63,37,0.3739130434782609,https://anu.au1.qualtrics.com/CP/Graphic.php?IM=IM_Zia7EnVRcGNcxo5,https://anu.au1.qualtrics.com/CP/Graphic.php?IM=IM_mOVc696KHXcng5e,https://anu.au1.qualtrics.com/CP/Graphic.php?IM=IM_aU1QP9zhsdiAbzF,63,37,33,20,30,17,45,47
74,74,74,d0xxdz,AITA for going on my would-be honeymoon with my best friend because my husband can’t afford it?,"Hey gang, 
As a long time lurker I now am stepping into the spotlight. I’m 28 and my fiancé is 30.  We both 120k/year. We’re getting married in two months. For years, we’ve talked about taking an extended honeymoon of 4 months to travel since we’re both in competitive jobs and taking time off regularly just isn’t possible. 
To make this dream a reality, a year and a half ago we agreed to start saving aggressively, pay debts, have a no-frills wedding, etc. My job only allowed me to take 2 weeks off (1 unpaid) for a honeymoon so I said okay but will be quitting instead. Travel for an extended time is a dream of mine and we’ve been setting ourselves up financially where we can afford for one (or both) of us to not have immediate work upon return. My fiancé’s job told him he can take the (unpaid) sabbatical and can return afterwards. So great, everything is in motion. 
Two weeks ago, I suggested we start booking the first leg of our trip. He told me he was having cold feet about me not having a job after return home. We keep our finances separate so I showed him how it’s financially feasible for me to not work up to 4 months, NOT dip into “emergency funds” and if needed, I have emergency funds for an additional 5 months AFTER trip expenses. After all, that’s what we’ve aggressively set ourselves up to do. Plus, I’ve been looking for a reason to leave my job and this is the perfect opportunity to have an amazing adventure and come back with a fresh start away from a toxic workplace. I ask him how he’s doing financially and how he’s tracking against our financial goals. Turns out he’s not. At all. He hasn’t been saving at any rate, let alone an accelerated one and he hasn’t been paying down debt. He’s been spending a lot of money on drinks, toys, and general convenience premiums (Postmates, Uber Eats). Because of his general overspending, he can’t afford to take a destination honeymoon, let alone take 4 months off work for no pay. 
All this is fine. We keep our finances separate. This doesn’t really impact me. I was bummed we couldn’t have the honeymoon we talked about and angry he lied but money management has never been his priority.
I told him we can take a honeymoon 4 day trip to Puerto Rico (he said that’s all he could afford) and then I would go on my long travel plans with my best friend who has been planning a trip of her own. He got very upset, telling me I should wait to take our designated honeymoon trip together and that I shouldn’t “replace” him. 
As of now, I’m still going. He’s unhappy and says it’s embarrassing to him for his new wife to go travel without him, which I understand but also don’t really think his ego takes precedence over my dream to travel (which he fueled for the last year and a half). So, AITA?",money,vacation,d0xxdz,269,231,74,33,500,54,46,0.462,https://anu.au1.qualtrics.com/CP/Graphic.php?IM=IM_hB6hM2Asoy1ta5D,https://anu.au1.qualtrics.com/CP/Graphic.php?IM=IM_ZT8W1ZjEH1mtPtH,https://anu.au1.qualtrics.com/CP/Graphic.php?IM=IM_UCoOw9MOhmFszHp,54,46,18,34,36,12,26,67
75,75,75,d10xcp,AITA for telling a female classmate she's unattractive and that she needs to lower her self esteem?,"Okay so this is a bit hard to explain, but lets start off from when we met.
Okay so I knew this girl (Lets name her Jessica) since 5th grade and we're both in our senior year at high school. Even since we were in middle school, she's always been a nasty, rude, disrespectful and unfriendly person. She always treats people poorly and manipulates her friends. Now physically speaking, she isn't a very attractive person. She's obese and not very cute. Which is fine, but she always treated her self like a top tier model, what I mean by that is how she's always criticizing how others look and making fun of literally ever boy thats been in our classes. 
For example a boy can walk past her to sharpen his pencil, and she would talk about how ugly he was and how she would never date him and what not. Everyone that's not part of her direct circle hated her snobby personality but nobody every checked her on it, so she carried that same childish personality into high school.
Anway so a few days ago, we were in english class and our teacher began assigning us partners to work with for this movie project worksheet we had to work on. And you guessed it, my partner was non other than Jessica. So I sit a few chairs behind Jessica and her circle and right away I heard her moaning like she was being tortured and even heard her talking about how ugly I was and what not. I'm not a handsome person but I'm far from being ugly. Anyway the teacher told us to get with our partners and he walked out of the room to get some materiel and what not. As I was walking to her, she starts going ""Eww I would never date him. Like I'd rather die than date"", mind you she started the whole discussion about if you'd date me and it got me pretty pissed. So I responded and said ""calm down not like I would wanna date your fatass"". She instantly started crying and saying how I was dick for making fun of her insecurities and what not. Her little posse of friends jumped in and told me to fuck off and what not. The teacher walked and after a while, he said I should apologize or he'll get the administration involved, I'm in a running for some scholarships, so I didn't want to risk that so I apologized. We got it settled, but pretty much every girl in the school hates me, while the boys all support my actions and told me that it needed to be said.",jokes,manners,d10xcp,24,40,90,17,64,38,62,0.375,https://anu.au1.qualtrics.com/CP/Graphic.php?IM=IM_00YwBmdWg23uLNq,https://anu.au1.qualtrics.com/CP/Graphic.php?IM=IM_u1pQCuB55RwfzMU,https://anu.au1.qualtrics.com/CP/Graphic.php?IM=IM_y5oDueWyr5x1mBC,38,62,6,56,32,6,10,83
76,76,76,d37h9i,AITA for skinny dipping?,"Keeping this as short as possible.
My BF and I usually go hiking with his friends on weekends when the weather is nice. Last weekend we went hiking on a new trail and came across a small lake after a few hours of hiking. This trail was a loop so we were maybe a mile or two from our car. One of his friends suggests we take a break and hop in the water. Everyone agrees.
The two friends shed their shirt and shorts and jump in in their boxers. As I'm getting ready to take my shirt off my boy friend stops me and says I gotta just sit on the side because it would be inappropriate for me to go in. I tell him that is ridiculous. He says he doesn't want his friends seeing me in my undies.
I tell him to stop being ridiculous strip down to just my undies and hop in (no bra). He comes in shortly after but hardly says anything and I can tell he's upset. We swim for maybe 30 min. Dry off get dressed and go eat. And now he's being all ""I can't believe you did that"" and ""You gave my friends a show"". It's been a few days now and he's wanting me to apologize. But, I think he should be the one to apologize.
Was I the asshole here? I just wanted to swim with everyone else.",appearance,vacation,d37h9i,92,108,80,64,200,46,54,0.46,https://anu.au1.qualtrics.com/CP/Graphic.php?IM=IM_eyBqYfc6m8cPAxW,https://anu.au1.qualtrics.com/CP/Graphic.php?IM=IM_q9Ir4GLVvmO3pfh,https://anu.au1.qualtrics.com/CP/Graphic.php?IM=IM_4JQLg8y1J3ok2Gi,46,54,30,43,16,11,20,36
77,77,77,d38i34,AITA for demanding my sister pay rent for living-at-home with my parents and refusing to pay my rent until she does?,"Background: I graduated from college 4 years ago live at home with my parents. My sister graduated 2 years ago and also lives with my parents. We both got jobs pretty much straight out of college. I pay my parents $800/month in rent since my first paycheck.
This is a throwaway and it's still fresh and I'm really emotionally charged right now. Last night my parents were talking loudly about their financial problems in the living room. I overheard and I offered to help by paying more in rent (I was thinking $900-1000) since it covers utilities/phone/internet. My parents were grateful. Now, prior to this, I never asked my how much sister pays in rent. I always figured my parents charged us the same. So absentmindedly I asked a follow-up question.
Me: How much is [my sister] paying [for rent]?
My Mom: Nothing.
A long ass pause.
Me: What do you mean she doesn't pay rent?
My Dad (visibly angry): Your sister doesn't pay a fucking thing!
My dad explained how my sister recently bought a brand new car and hasn't paid insurance on it so my dad had to pay for it. She doesn't pay rent. She doesn't pay utilities/phone/anything. So for the past 2 years she's been living rent free while I've been paying my parents.
So later that night we had a family sit down talk. My sister didn't want to pay rent, especially at how much I was paying. She offered $100. My parents suggested she pay $300, I pay $800 which my sister and I both rejected.
The conversation ended with this:
Sister: **FUCK YOU. I'M TRYING TO LIVE MY LIFE.** [These were her exact words which pissed me the fuck off to holy hell)
So my sister storms off to her room and it's now me, my parents in the living room. I'm extremely upset at this because it's massively unfair. My mom is upset that everyone's angry at each other and my dad's angry my sister won't pay rent and she won't move out and both my parents don't want to police involved.
So I say my part before leaving.
Me: I'm not going to pay any more rent until she does. (It's only fair right?) And if I do pay rent, I pay whatever she's being.
My mom: What if she pays $300 and you pay $800-
Me: No.
My mom: But [me], we really need the money...
Me: That's too bad.
I get up and go off to my room.
So this morning my dad comes in tells me that I'M AN ASSHOLE FOR NOT PAYING RENT. That I should pay rent because it's the right thing to do and all this shit. I'm like, ""what the hell? make [my sister] pay rent!""
My mom, who's listening in.
""You've seen her! She won't listen to us!""
Me: WELL THAT'S TOO BAD.
My mom (really angry): WELL WE WOULDN'T HAVE THIS PROBLEM IF YOU DIDN'T TRY TO MAKE YOUR SISTER PAY RENT.
That was the last straw that blew it for me. I slammed the door on my parents.
As I'm typing this my parents are in the living room discussing how both their children are rotten and shit was better back in the home country/back in their day when kids listened to their parents. Like wtf?",money,family,d38i34,461,643,88,23,1104,42,58,0.4175724637681159,https://anu.au1.qualtrics.com/CP/Graphic.php?IM=IM_PDfNndZoyQcuT5F,https://anu.au1.qualtrics.com/CP/Graphic.php?IM=IM_C8qU94cmd53BOZn,https://anu.au1.qualtrics.com/CP/Graphic.php?IM=IM_hTFasAe6S6Wazw1,42,58,10,51,32,7,12,77
78,78,78,d78nmj,AITA for shutting my sisters disruptive child in a bedroom for a few hours?,"My younger sister has been nagging me to take care of her child while she and her husband go out on date nights for a while now. I don't like children and I've always refused her but after being worn down by costant begging I gave in. Now I'm in this shitty situation.

To cut a long story short her son arrives and *immediately* starts causing shit. Running around the place, demanding to eat all my snacks, opening my things to look around for toys, and demanding attention constantly. I tell him to watch TV and just let me relax but he seems determined not to listen to a word I said. Finally I get him to calm down and sit after bribing him with ice cream I was saving for the weekend he shuts up and finally settles down. Or so I think.

I go back to my room to browse reddit and try to relax but after a while I hear my cat let out a giant yowl. I immediately run to investigate and find the little shit standing there with my cat backed into a corner, back raised and hissing. He immediately backs away when he sees me but I just know he's done some shit and after I question him and he breaks out crying and saying he just wanted to play a game with the cat. When I go to take him back to the lounge to sit down I see not only has he been harassing my cat, he's smeared ice cream all over my new **white** couch and on the carpet below. I should add in here he is a 7 year old not 3, there is no reason for him to make such a mess other than a basic lack of respect. 

At this point I am really angry, especially after seeing my poor baby in a state because of him, but trying to keep it cool. I tell him he's to clean the mess he made but then he starts to throw an almighty tantrum and start screaming and crying at the idea of having to face a consequence for the mess he has created. I've had it by now and I tell him he's going to sit in a room until he can calm down and behave and not terrorize my cat and cause giant messes in my house. I take him to the guest room and shut the door and say he can come out only when he starts acting properly. Spoiler alert, he cries the entire time which is honestly ridiculous and he's still there and sobbing when his lovely mother and her darling hubby arrive to pick him up.

They **FREAK** the fuck out at me and it ends up with them storming out. Now my mother and brother are blowing up my phone with a biased story straight out of my dear sisters mouth about how I shouted at and scared her son for no reason and locked him in a room. 

I know that (quite luckily) I'm not my nephews mother, and my sister seems to think that means I have no right to punish him. I think he was in my care and that gives me the right to discipline him as I see fit and she's an ass for getting angry after nagging me to care for him so long while she went out to have fun. AITA?",manners,pets,d78nmj,362,76,97,89,438,83,17,0.1735159817351598,https://anu.au1.qualtrics.com/CP/Graphic.php?IM=IM_ABcrVIH8antpnGc,https://anu.au1.qualtrics.com/CP/Graphic.php?IM=IM_2NqH0UGt3E2GHRq,https://anu.au1.qualtrics.com/CP/Graphic.php?IM=IM_SEmWaBFoOn4KA68,83,17,74,17,9,0,3,11
79,79,79,d7cdr4,AITA for not wanting my dad’s wife to be called grandma to my son?,"This situation has been ongoing the last year and is causing a lot of damage in my family. 

Little backstory. My parents divorced when I was 15, mom never remarried and my older brother and I are very close to her. My father remarried maybe 6 years later to a woman who had 3 kids already. There was never a discussion on my fathers end about what him getting remarried entailed, and what my brother and I thought about having step siblings as well as a step mother. If he would have, we would have told him we’re happy but not looking for additional family. Glad you’re getting married and happy for you. Fast forward and I’m now 36, my brother 38, we don’t consider this woman our step mother or step siblings. 

We like this woman, glad she’s making my father happy  and all, but don’t consider her or her kids “family.”  We’ve had our problems with her, but always tried to make this right and let my father do his thing. Now to the problem. My son is about to turn 1, and my father keeps pushing grandma title on me. I’ve told him 3 separate times now that we would prefer to save grandma for my mom and my wife’s mother, not step parents. My brother has told my father the same thing. She has her own kids and when they have kids, she will be a grandma, but since she isn’t my mom, these aren’t her grandkids.  So am I the asshole for not wanting this woman to be called grandma?",marriage,family,d7cdr4,27,110,78,81,137,20,80,0.1970802919708029,https://anu.au1.qualtrics.com/CP/Graphic.php?IM=IM_Hp0gm6gkatEMeHS,https://anu.au1.qualtrics.com/CP/Graphic.php?IM=IM_FhklQrisfoe2Uip,https://anu.au1.qualtrics.com/CP/Graphic.php?IM=IM_BhQRWqczHatYA51,20,80,16,63,4,17,22,19
80,80,80,d843gd,AITA for refusing to move down from my spot at the bar?,"So I’m sitting at a near empty bar enjoying my meal. I had my entire setup of chips, salsa, guacamole, a drink, and some tacos. I’m minding my own business eating and reading on my phone when a group of five guys walk in. One of them approaches me and says “Hey man would you mind moving down we have an extra guy and need some more room.” I politely tell him no because I have this full spread and am just enjoying my food and really don’t want to stop to move all this stuff down.
So the guy proceeds to throw a tantrum with his ignorant buddies essentially making me feel uncomfortable because I refused to interrupt my dinner and accommodate his request. Mind you they have a party of six in a restaurant full of large tables that could easily accommodate his large party yet here they are hassling me when I was here well before them just having a meal quietly. A bit later I finished up and was walking out when one of them yelled “thanks for leaving!”
Am I the only one who thinks it’s rude to approach someone in the middle of their meal to ask such a thing or was I just being an asshole?",manners,food,d843gd,134,57,84,50,191,70,30,0.2984293193717277,https://anu.au1.qualtrics.com/CP/Graphic.php?IM=IM_rqVT1qtiSdt9CFJ,https://anu.au1.qualtrics.com/CP/Graphic.php?IM=IM_bq4PIZYzrhqXXqX,https://anu.au1.qualtrics.com/CP/Graphic.php?IM=IM_pPYqEOcdg90VBPw,70,30,35,25,35,5,16,50
81,81,81,d8gegy,AITA for revealing the neighbor kid is adopted?,"My husband and I recently adopted a 1 year old boy. We also have 2 bio kids a 4 year old and 7 year old. 
When talking to the kids about their new brother and explaining adoption I had mentioned that the 5 year old neighbor girl  is also adopted. Her mom and I aren’t close friends but we talk occasionally when we are both outside and our kids play together. She had mentioned it to me when I had told her we were adopting.
Yesterday I get a knock on the door. It was the neighbor and she was furious. My 4 year old told her daughter that she was adopted like her little brother. They hadn’t told her yet and weren’t planning on it until she was older. I told her I didn’t know it was a secret but I’m sorry. She told me I shouldn’t have told a 4 year old such personal information whether I knew it was a secret or not. Then she stormed off. 
I do feel bad but honestly I didn’t know it was a secret. AITA here?",children,family,d8gegy,34,46,70,68,80,42,57,0.425,https://anu.au1.qualtrics.com/CP/Graphic.php?IM=IM_tGMhfXGJO3XYggg,https://anu.au1.qualtrics.com/CP/Graphic.php?IM=IM_rZ6Yw1FaWq5V88h,https://anu.au1.qualtrics.com/CP/Graphic.php?IM=IM_Kiu7CgAkAhRfEax,42,58,28,40,14,18,30,32
82,82,82,d8o7f9,AITA for demanding access to my fiance's bank accounts?,"The title sounds harsh, but hear me out.
My fiance and I are late 20's, have been together for 6 years(with a three month period we were broken up, but we don't really count that), set to marry in 2 years, Summer 2021.
I make pretty good money for my age. In fact, I make more money than any of my friends or family, and I would bet I'm in the ""1%"" of my community. I try to sound humble but this is important to my argument. I should also add when we started dating, I was delivering pizzas for minimum wage and going to college full time for my degree, so the ""gold digger"" argument just isn't there.
My fiance 5 months ago lost her job as a waitress. She was fired for no-call no showing 3 days in a row to attend her uncle's funeral.  Since then, she hasn't worked. I really didn't mind at all. I make enough for us both to have some major cushion. 
I am against joint bank accounts entirely, so instead I just would venmo her some cash weekly. It was $400 for awhile and everyone was okay.
She has been complaining more and more about how she's ""broke"", doesn't have enough to survive etc. I know this isn't true because i shop weekly and fill our kitchen with food, our bathroom with toiletries, pay every bill etc etc.  She has been hinting at wanting more money from me.
I shudder to say ""allowance"", but that's what it seems to be.
I told her I would give her more on one condition: she gives me her bank account details so I could see exactly what she was spending it on. I could see the clothes, fast food and other trinkets she brought home, but I hadn't a clue how she was blowing through all that cash, sometimes in one day when she only goes shopping once a week with me.
She blew up. Telling me I wasn't trusting her and how I was the one against joint bank accounts so I should understand her privacy. Yeah, HUGE red flags all over the place.
I talked to my sister and therapist about this and they both took her side, saying I was not respecting her privacy when I'm the one that demands it also. 
AITA?",money,communication,d8o7f9,446,1026,88,51,1472,30,70,0.3029891304347826,https://anu.au1.qualtrics.com/CP/Graphic.php?IM=IM_HFhlNJ9QKkbs4Sc,https://anu.au1.qualtrics.com/CP/Graphic.php?IM=IM_QzVDqXS91zFUa4z,https://anu.au1.qualtrics.com/CP/Graphic.php?IM=IM_fe1nAgg4xIPmMLc,30,70,15,62,15,8,12,49
83,83,83,damgqr,AITA for using a trick I use on little kids on adults?,"I'm a primary school teacher. When the kids are being loud and I can't be heard I say ""fingers on lips"" and put my index finger over my closed mouth until all the kids copy me, which every time results in total silence as everyone puts their fingers on their lips.
I'm also bi, and I haven't told my family before now, and tonight I introduced my girlfriend to my father, stepmum, and my younger brother. The dinner was at my place. My girlfriend was late so I said there was someone I wanted them to meet and they responded by asking me about this ""mystery man"". My girlfriend arrived shortly after, and there was immediate yelling at me, asking me when I was planning on telling them this and how could I do such a thing (they're very conservative and religious).
In my panicked state all I could come up with was ""fingers on lips!"" and put my fingers on my lips. My girlfriend copied. My brother, who is used to me doing this when we were little, also did it, but this was probably more of a reflex than anything. My stepmum didn't actually put her finger on her lips but she did trail off into a sort of confused silence, and when my dad realised he was the only voice in the room he stopped talking too.
After a couple seconds my brother realised what had happened and said ""fuck you for treating us like children"".
I replied ""it worked, didn't it?""
He told dad and stepmum that he wanted to leave, and they all filed out pretty quickly.
My brother then messaged me saying that I couldn't expect to say something like that and then not expect questions, and I shouldn't have used a trick I use on kids under 11 on a 17, 30 and 47 year old.
AITA?",communication,family,damgqr,45,98,84,58,143,31,69,0.3146853146853147,https://anu.au1.qualtrics.com/CP/Graphic.php?IM=IM_BIb1xSmUfUx0lvB,https://anu.au1.qualtrics.com/CP/Graphic.php?IM=IM_p2wPDMyc1ECRg6e,https://anu.au1.qualtrics.com/CP/Graphic.php?IM=IM_VsOn3gZk0jiXSzj,31,69,18,58,13,11,16,42
84,84,84,db5nb7,AITA for telling my best friend that I found her father on a sugar daddy website?,"I’m really confused and upset about this whole situation so hopefully this will give me a bit of clarity. 

I’ve been best friends with “Laura” for over 20 years now - we lived in the same neighbourhood growing up and were inseparable even until now, so our families are very close. We often have joint thanksgiving/Christmas/birthday dinners and I would always join them on family vacations and vice versa. Her parents have always been extremely kind to me and I’m thankful for them. 

A few days ago, one of my classmates told me about a girl she knew that paid her whole tuition by getting a sugar daddy. She showed me the website and, being a broke college student, curiosity got the best of me so I made a profile that same night. A day later, I started browsing the site and  ran into Laura’s father profile almost immediately. It was 100% him, he didn’t blur his face or anything. 

I was pretty shocked but what got to me was his bio that mentioned that he was currently married and wanted something super discreet, and his age preference was between 18-21 (he’s 67 years old, not sure if it matters when it comes to sugar daddies but) and the whole thing just gave me the creeps. I immediately deleted my profile but took some screenshots before. 

I told myself that if I was Laura, I’d want to know. Her mom was practically a second mother to me and it broke my heart to think this was happening behind her back. So I sat Laura down and just showed her the screenshots.  She freaked out and said I shouldn’t have shown her this, that her dad’s sex life isn’t any of her business. She left shortly after and the next day sent me a huge paragraph going on about how I was the reason her parents are getting a divorce now (she told her mother that same night apparently) and that I should’ve minded my own business. So, AITA? Should I have kept my mouth shut? I feel AWFUL about the whole thing and just wish I never came across it.",social media,family,db5nb7,45,173,86,82,218,21,79,0.2064220183486238,https://anu.au1.qualtrics.com/CP/Graphic.php?IM=IM_x9Pf6vIUQWgPMua,https://anu.au1.qualtrics.com/CP/Graphic.php?IM=IM_bGvzyVNNfgWvITb,https://anu.au1.qualtrics.com/CP/Graphic.php?IM=IM_bSyqHVD3xQPQTvL,21,79,17,68,4,11,14,18
85,85,85,dbts0d,AITA for buying a Watch instead using that money to pay my gf’s medical bill?,"I’m living together with my gf and while we share all expenses, we keep the remaining money in our own accounts.
She always earned more than me, which means she always had more money “for herself”, and she has usually been spending all of it every month. (she didn’t spent it ALL for herself but also bought stuff for our apartment or paid the bill for us when we were eating out, but I would say when we go out we fairly split it 50/50, like she pays 5 times and I pay 5 times)
I’m earning less and still managed to put away 4k(!) in the last years as an Emergency Fund, and 1k other Savings. Also got 2.2k tax money, more on that later.
She lost her job at the beginning of this year, now gets the same amount as me every month, which worked totally fine for the first months.
Now since March she became sick and has medical bills of 500€ per month and I already paid this once, and her parents twice. 
I saved money for a new Apple Watch, and wanted to go buy it today. Told her yesterday, she flipped out. Told me I’m TA for getting myself something nice instead of paying her bills when I know she struggles with paying them herself. I told her I already used all the money (and more) I got back from taxes for our 10-day vacation to Greece last month because she couldn’t afford it, but she wanted to go with me and I didn’t want to go alone (of course, why would I take a vacation without my gf when I can afford to pay for both of us?). I told her it’s fine for me that I paid the trip for both of us because I love her, but I can’t use all my savings only for her, because when she earned more than me I always told her she should set up an Emergency Fund!
As I said above *I do* have an Emergency Fund of 4k, but my gf doesn’t know about this and I’m not gonna tell her, because for her that would be free money. She knows I probably have *some savings* but I guess she thinks of 1k or something.
Of course I’m gonna use some of my savings to help her but ...
Reddit, am I TA for wanting to get a new Apple Watch for me?",money,relationships,dbts0d,35,72,92,57,107,33,67,0.3271028037383177,https://anu.au1.qualtrics.com/CP/Graphic.php?IM=IM_dcEJ4D8fk0usVXQ,https://anu.au1.qualtrics.com/CP/Graphic.php?IM=IM_TRjtxBo3KzHzqRM,https://anu.au1.qualtrics.com/CP/Graphic.php?IM=IM_XX1NBw0NXM39GRj,33,67,19,61,14,6,8,43
86,86,86,dbx75g,"AITA for neglecting to mention I wouldn't be cooking any meat, and refusing to host future dinner parties?","I honestly thought I was justified (and still kinda do) but my family strongly disagrees, so here goes. 

My (24f) mom always hosts a family dinner for her birthday, and invites our close family members, about a dozen people total. But she's recently broken her hand and hurt her elbow, so right now she can't really cook. No one else volunteerd to host the party, my dad and siblings don't really cook. So I told her I'd do it. Sidenote: I'm a vegetarian. 

No one really asked any questions, so I didn't go out of my way to tell everyone, I thought it was implied I wouldn't be cooking meat. I thought wrong.

Her birthday came, I went shopping and spend most of the day in the kitchen. I made three vegetable dishes, two starches, and dessert, making sure to include my mom's favourites, and some of the more popular side dishes at the usual dinner parties. 

The dinner came, it was fun but it seemed tense. No one really mentioned anything. After the dinner a few people (about 3, but that's still 1/4 of the guests) texted me that I should have told them there was no meat, that maybe they could bring their own or at least 'manage their expectations'. 

I tried to give neutral answers to the people texting me, but I let my parents know that I won't be hosting again. My mom understands (she was the only one who showed up early to help, so she knows how much work went into those dishes). But my dad thinks it's rude to refuse to host, and that I should just cook meat next time to please the family. I refused again. 

I mean, I'm clearly bias, but I didn't think it was wrong. Some family members do disagree, so I came here. 

AITA?",food,family,dbx75g,110,541,93,70,651,17,83,0.1689708141321044,https://anu.au1.qualtrics.com/CP/Graphic.php?IM=IM_2LR7TV5leJSnF7b,https://anu.au1.qualtrics.com/CP/Graphic.php?IM=IM_FmiAbQU83XSiMO9,https://anu.au1.qualtrics.com/CP/Graphic.php?IM=IM_XeHiw7wWmdWW2BB,17,83,12,77,5,6,7,30
87,87,87,dc5tr3,AITA for inheriting money and not wanting to use it on wife’s student loans?,"wife makes about 55k a year (teacher) and I make a little more than her. right now she still owes quite a bit for student loans but nothing too crazy. in the 20ks. 

she’s been feening to shake the debt off, and she feels like it has a hold on her even though it’s not that much compared to what I notice from other people I have talked too. 

so I inherited money because of property sold in the country my family is originally from, and the amount I’m getting is more than enough to cover her loans. 

she wants me to pay at least 30-50% of the what she owes. I on the other hand don’t really want too, money’s mine, if I was making a ton of money of course I’d take of it, I am getting more than enough to cover it, but she’s not happy with me at the moment. 

“you’re my husband, you should not want me to owe money like this and should want it to go away, because I would do the same for you”. 

No kids either... but expecting. Have to think about the little one too. Am I really obligated to take of her loans?",money,manners,dc5tr3,401,118,84,88,519,77,23,0.2273603082851637,https://anu.au1.qualtrics.com/CP/Graphic.php?IM=IM_8kXI6YqtZNHHF4c,https://anu.au1.qualtrics.com/CP/Graphic.php?IM=IM_rp6uhlDHLbNS9V2,https://anu.au1.qualtrics.com/CP/Graphic.php?IM=IM_0CaLFJxtjO658lp,77,23,67,19,10,4,16,12
88,88,88,dd92i7,AITA for not wanting my niece and nephew at my wedding?,"My fiance and I have been planning our wedding for the better part of a year now and we get married in 3 weeks. We had a limited budget so we picked a small inn in the mountains with a wedding package within our budget that limits our guest list to 18 people. She and I both aren't crazy about kids and with the limited guest capacity we have asked her sister, her brother, and my brother to please leave their children with someone at home so that we may accommodate our closest relatives but also have a child free, low(er) stress wedding weekend. 
I spoke to my brother a year ago when we started planning and he said 'no worries.' When it came time to book rooms, my mother booked an on site cottage so that the children could stay there since the inn doesn't allow children under 10 on the premises (didn't know that when we booked the place for the ceremony.) I caught wind of it and went to my brother who again said no worries, kids will stay home. A few months back I checked in with him again, he still tells me they're staying at home. A couple weeks ago my grandmother starts taking about how excited she is about the wedding and to have niece and nephew there with us. I once again go to my brother who confirms the kids are staying with his sister in law and her wife. 
This past weekend we had a house warming party and my mom mentioned the kids being there again. At this point I'm over it. I called her today and put it as plainly as I could that we have been asking for a year that no one bring children to our wedding. She says she'll call my brother and ""run interference"" but to just let it go, they'll do what they want. I say again that it's not what they want, it's our wedding weekend and we've been planning it a certain way, for certain reasons. Mom says that brother and wife may just not come (brother is my best man btw.)
Mom is paying part of the wedding expenses but we have the money and originally planned to pay the whole thing ourselves. To some people that will matter in their judgement of the situation.
Are we justified in being pissed off or should we suck it up and deal?
*****",wedding,children,dd92i7,16,38,89,12,54,30,70,0.2962962962962963,https://anu.au1.qualtrics.com/CP/Graphic.php?IM=IM_XV2HIdlBnjwtg8x,https://anu.au1.qualtrics.com/CP/Graphic.php?IM=IM_oxWY2q2bOv5HwEj,https://anu.au1.qualtrics.com/CP/Graphic.php?IM=IM_tuYffuLO64chCOR,30,70,4,63,26,7,11,88
89,89,89,ddqmea,AITA for being offended when my boyfriend of 3 years asked me when my birthday was?,"Super simple context:

We're both 24 and live together. We have been dating for 3 years, or 3 of my birthdays. He just asked me the date and year of my birthday. 

I clearly was a little taken aback by the question, and suggested he could have looked it up on Facebook or another resource instead of asking me outright and hurting my feelings.

Then he got very defensive and claimed I was disability shaming him because he has ADHD and a hard time remembering dates.

I ended up just giving it to him, but I still maintain that it's an offensive question to ask at this point. AITA?",relationships,mental health,ddqmea,46,53,68,78,99,46,54,0.4646464646464646,https://anu.au1.qualtrics.com/CP/Graphic.php?IM=IM_gPUKTRffNsgKyZu,https://anu.au1.qualtrics.com/CP/Graphic.php?IM=IM_LkldNrUucfktb4k,https://anu.au1.qualtrics.com/CP/Graphic.php?IM=IM_ugPqJwIsPDgMxTc,46,54,36,37,10,17,32,22
90,90,90,dfp1yq,AITA for surrendering my sister's child to protective services when she forced me to babysit due to mental health?,"I'm 26M, my sister is 28F. We're the only family we both have, neither of our parents are with us anymore and we have no aunts, uncles, or cousins. I'm single, so is my sister: she's a single mother of a 3 year old. Despite all of this, we're not particularly close. We live in the same city but I might see her once a year in passing.
To make a long and convoluted post short, last week she came to my house and offloaded her son to me. She said she had to go to the hospital for mental health and I was the only person who could help. I couldn't even protest, she didn't even come inside. She took him in the car seat, put him on my porch, rang the bell, and told me all of this as she's walking back to her car. She left no diapers, no supplies, no nothing, not even a word of when she'll be back.
It took me less than four hours to contact police and have child services involved. He was basically abandoned with me, or at least that was my thoughts. They took the child away and my sister is still in the hospital. I have no way of contacting her, nor has she tried to contact me. I can't imagine the hellstorm that's going to be unleashed when she's out.
I'm just not equipped to handle a kid. My home isn't child proof, I have no friends who could babysit for a stranger, even as a favor. I work full time, I'm in school. I couldn't think of any alternative besides getting child services involved. I feel like I let my sister down but first and foremost I believe she let her own child down. I don't know what's going to happen.
Was I the asshole?",money,family,dfp1yq,452,442,77,74,894,51,49,0.494407158836689,https://anu.au1.qualtrics.com/CP/Graphic.php?IM=IM_r7DsKvjBpyHXjKs,https://anu.au1.qualtrics.com/CP/Graphic.php?IM=IM_DswoJyGpQHr3SoW,https://anu.au1.qualtrics.com/CP/Graphic.php?IM=IM_CFTZ09a8DzW4vV5,51,49,38,38,13,11,23,26
91,91,91,dh7tsm,AITA for reminding my sister that I have a boyfriend when she's just had a breakup?,"My sister Catherine is two years older than me. She's 26 and was with her ex-fiance since she was 16. They finally broke up a few weeks back and she's absolutely gutted. She's taken time off work and spends most of her time crying on the sofa. 
I'll be honest... Catherine and I are... not close. She was always ''the pretty one'' when we were younger and everyone knew it, and she did her best to rub it in my face. She used to tell me that I would always be single that I would die alone. My parents constantly favoured her, like in the example I gave above, if I said the same thing back to her, my parents would interject that a pretty girl like her could never be alone. Things got worse when we got older, because according to them she made all the ''right'' choices. She got great grades got into a super selective place, and did well there and has a great career in finance in the heart of the city. I did OK in school but left at the first opportunity and chose to pursue a more physical job. I don't regret it at all but my parents being the snobs they are deeply disapprove of it and think I'm still going through a ''phase''. 
I have a lovely boyfriend called Howard and he's the nicest, friendliest man you will ever meet. In the past Catherine has accused him of being an actor because ''noone would want to go out with you''.
I was at home making some food yesterday when I brought some for Catherine. She was crying again and I gave her a hug and told her not to waste her tears on that scumbag. In response she lashed out at me and told me that I have no idea what it feels because ''what do you know about relationships''. I saw red and asked her how it feels when I have a BF and she's at home crying about being single. At this point she started full on WAILING. My parents ran in and she told them what I'd said. 
I was ordered out of the house and didn't come back until the evening. My parents were very angry at me and I got a lecture about tormenting my sister while she's hurt and vulnerable. 
I get that she's hurting but she chose to make fun of me and insult my relationship just like she's always done, so I did the same. I don't see why I'm the bad guy.",relationships,education,dh7tsm,68,141,87,38,209,33,67,0.3253588516746411,https://anu.au1.qualtrics.com/CP/Graphic.php?IM=IM_mO5bcUxDHSiwwXL,https://anu.au1.qualtrics.com/CP/Graphic.php?IM=IM_XrRdegcnQf3E9zN,https://anu.au1.qualtrics.com/CP/Graphic.php?IM=IM_nUcVTwaZHOaN8og,33,67,13,58,20,9,13,62
92,92,92,dhb7wl,AITA for leaving my elderly grandparents outside for half an hour with no way to get in?,"For context, I (19F) live in a shared university dorm with six people. My nanna (61F) and grandad (56M) (the people who essentially raised me) came to visit me today for the first time since I've moved.
We had arranged earlier in the week that they would drive up to arrive for around 11:30am, I would come out to meet them, we'd put their stuff they got me away (they're very generous), and then go out for lunch.
I set an alarm the night before for 10:30 so I had a good hour to shower, get ready, clean my room, all that good shit. 
Alas, I get woken up at 10:18 with a phone call from my nan saying she's 10 minutes away in an hour's drive. I flip at her on the phone, tell her she can't pull this again (she always turns up early, but this is a pisstake), and I won't be ready when she gets here, so I can't let her in (I'll be naked from the shower, getting ready in my room and our shared kitchen is tiny, a mess, and has my flatmates in it currently). 
She says that as I have plans later in the day, they decided to come up early to spend more time with me. I argue with her saying that she could've given me some notice, and she ends the phone call saying ""the more time you spend arguing with me, the less time you have to get ready"", so I hang up on her (which I've never done before, we never argue).
This is where arsehole territory comes in. I make the conscious decision to not rush, and get ready at the pace I normally would. So I scroll on my phone for a bit, chilled out. I'm in the shower, I get a phone call, I ignore it. I'm brushing my teeth, another phone call, I ignore it. I'm getting dressed, another phone call, and they say they're outside, it's raining, and they want to come in. I say I'm naked, you gotta wait. I finally finish getting ready in about half an hour and let them in, where they said I was overreacting leaving them outside.
We had a great day and all, but they brought it up again and I said I still stand by it. One of my flatmates said I should've just let them in, but my boyfriend said it was fine (he's seen them turn up sometimes half an hour early and made both of us rush before, so he understands). And they were in the car, it's not like I left them out in the rain (except when my nan had a smoke).
So, I need to hear it, was I the arsehole for leaving them outside? Or was it justified?",time,relationships,dhb7wl,44,22,91,68,66,67,33,0.3333333333333333,https://anu.au1.qualtrics.com/CP/Graphic.php?IM=IM_5vaFGYiLWDNEgy0,https://anu.au1.qualtrics.com/CP/Graphic.php?IM=IM_lMj5KSCpwq4HPbd,https://anu.au1.qualtrics.com/CP/Graphic.php?IM=IM_l77lFVlFEYFFXMf,67,33,46,30,21,3,9,32
93,93,93,diw9ol,AITA for kicking another prof out of the classroom?,"So i teach at my local university. The system works like this. We all share lecture halls in various buildings. Lectures end ten minutes before the hour and the next one starts on the hour, so the prof and students have ten minutes to leave/enter and settle in. Most of the time I will run into a prof/students just leaving and wrapping up a lecture and no big deals ensue.
This was not the case yesterday. I arrive at 10:53 ready to set up my lecture but the professor beforehand is holding an in-class midterm for her students and the lecture hall is still full. No one is getting up to hand in their papers so this means about another 5 mins of students packing up and turning in their papers. I think no biggie, I can plug my laptop into an HDMI cable in 2 minutes. But the prof continues her midterm until 10:57 by which time she is surely cutting into my lecture time. By now almost all of my class is behind me waiting to settle in. 
So i march to the front and ask her to leave to which she responds ""no thank you I dont think I will. My students are not done with their midterms""
For some reason I decided to turn to the class and tell them (ad lib): Hello everyone I am Professor Throwaway and I am sorry to inform you, you are delaying my class time. Please leave the classrooms, and discuss with your professor about submitting."" They promptly did so.
She lost it. She yelled at me saying i have no authority to which I pointed at the clock (now 11:01) saying that it was my time block and therefore I had authority. She claimed she started her exam late and it is a 50 min exam and she didnt want her students to not have less than 50 minutes. I told her to finish it in the hallway if she had to but not to take up anymore of my time. She left in a huff.
Today I had an email from my department head and apparently I am meeting with him and the other prof to ""discuss my actions in this disagreement""
So...AITA?",school,time,diw9ol,87,48,92,52,135,64,36,0.3555555555555555,https://anu.au1.qualtrics.com/CP/Graphic.php?IM=IM_9NI6yfwQhFJQvEg,https://anu.au1.qualtrics.com/CP/Graphic.php?IM=IM_Wk5ldo1qS2ZM5Da,https://anu.au1.qualtrics.com/CP/Graphic.php?IM=IM_GjQwLfDJ9sHOzmJ,64,36,33,33,31,3,8,48
94,94,94,dj7h6u,AITA? Upset about not having keys to my sister's apartment,"Hi there! First post. English is my second language.
My [26F] sister [32F] lives separately from our family and has been for about five years. We are quite close and see each other every weekend if we can (work schedules sometimes make it difficult).
Ever since my sister moved out, she never really wanted to give me a set of keys to her apartment. I live with our mum and she has keys to our house. It is not within our family's habit to show up unannounced or to go snooping through each other's belongings. Privacy has always been a huge thing in our family. I normally wouldn't keep it against my sister - not having a set of keys - but there are two problems.
1. She invites me over often;
2. She is chronically late.
And I don't mean 5 minutes late. I'm talking 30 minutes late. We would talk about meeting at 5:20 pm at her place for a girl's night and she'd be there by 5:50. I'd say I can deal with that on an average day but last time... uhhh... let's say I needed to use the bathroom. I needed to just let my guts go wild because clearly i ate something bad for lunch.
And she wasn't there by the time I was.
I text her frantically asking if she has a spare hidden anywhere and she said no. I was panicking because I'd be standing with shit-stained pants if this situation didn't get resolved. I kept texting her to hurry and come home to let me in to goddamn SHIT IN A TOILET and not into my pants while running up and down her street trying to find a place with a restroom. And then she texted me, go to a mall. The mall is a 30 minute walk (or a 15 minute run but who can run at that point).
Luckily, I found a Thai massage parlor whose ladies allowed me to use their in-parlor facility. I came out looking sick and they even offered me tea ;;A;; I've gone twice to get massage there after that as gratitude.
Needless to say, by the time my sister was actually home, I was mad. It was like six weeks ago and I've refused to go to her place UNLESS she texts me she's already there. It takes about 30 minutes by car for me to get to her.
My sister thinks I'm an asshole for overreacting and refusing to come over in this way. I've been angry about that and recently learned that her BF, who doesn't even live with her as of now, has a set of keys and has had it since 2nd month of their dating.
Am I the asshole in this?",time,communication,dj7h6u,48,23,48,38,71,68,32,0.323943661971831,https://anu.au1.qualtrics.com/CP/Graphic.php?IM=IM_OaJcY98aDQYk0Wq,https://anu.au1.qualtrics.com/CP/Graphic.php?IM=IM_ttz8GuaizeMVsNK,https://anu.au1.qualtrics.com/CP/Graphic.php?IM=IM_u6VoedkHyIWVKEg,68,32,26,15,42,17,52,62
95,95,95,djlmyv,AITA for asking for another month of rent?,"I manage a share house of 7 people ,mixed genders, all in our mid/late 20s. We I think we get along pretty well. 

Recently we had a new girl move in (we'll call her JJ).

JJ came in right as we were about to renew the lease for another 18 months. Her name isn't on the lease, but she verbally agreed she would be living in the area for at least 18 months,  so it would suit her to stay the whole time. But, we agreed if she did have to leave early (potential job change) she would give at least 2 weeks notice.

There is one rule my girlfriend and I are really strict on is respect for our cat, a siamese called Bluey. Which includes not letting him go outside.

Recently Bluey has been really attached to JJ and has been following her everywhere, including trying to follow her outside. We've given JJ plenty of warning that we will not be happy if Bluey gets out. 

Last night around midnight  we heard the sound of 2 cats fighting, and one sounded like Bluey. All the housemates went out to look for him, including JJ. 

I went to see how he had got out and it turns out JJ hand left her window open and Bluey had gone into the room when she was in the bathroom and pushed though the fly screen (I knew it was loose, but he had never tried to push through before). 

Bluey was found safe. But I'm sorry to say my girlfriend and I lost our temper at JJ and raised our voice at her for being careless. It didnt help that I had had a really long day at work, and worrying about my cat was the last thing I need.

JJ apologised and I thought that was the end of it. But this morning she packed up and left, saying she felt unwelcome and unsafe in our house, and she wants her bond back immediately.

Because she's left so suddenly,  the rest of us (mostly students) are being forced to pay more until we find someone else, which is especially hard for those of us with our name on the lease. We still like JJ and want to be friends, and we thought she would like to be too. In order to smooth things over, I asked  if she could please just pay one more month worth of rent , and then I'll give her bond back. J said that was a dickish thing to ask and is refusing to pay, but the other housemates think it is fair, especially because she has a full time job and can afford it.  


So Reddit, AITA for asking for more rent?

**TL:DR:** housemate left suddenly and thinks I'm an asshole for asking for rent to cover the household until we can find someone to replace her.",roommates,living,djlmyv,224,10,90,94,234,96,4,0.0427350427350427,https://anu.au1.qualtrics.com/CP/Graphic.php?IM=IM_qpP9dXYwJuVP9N2,https://anu.au1.qualtrics.com/CP/Graphic.php?IM=IM_dJeRUzzHE52fxv9,https://anu.au1.qualtrics.com/CP/Graphic.php?IM=IM_ubl7Ky6OffZMxP6,96,4,90,4,6,0,10,6
96,96,96,dk9cpy,AITA for turning off the dryer on someone who removed my laundry before it was done?,"I live in an apartment complex that has a common wash room for clothing... laundromat style. Today I did a load of laundry, and all was normal until I went to go get my stuff out of the dryer. Someone had taken the liberty of unloading the dryer and setting my clothing on a random washing machine. My clothes were dry, yes, but I had set a timer for about 4 minutes before the dryer ended so I could free it up ASAP. I walked into the wash room knowing I had time left on the dryer, expecting to see my clothes still drying. Upon noticing the disparity I became pretty mad.... so what did I do? I noticed the other residents clothing still had 37 minutes left, they probably bought 40 minutes. I decided to open the dryer door, stopping the drying cycle, close it, and not start it. The question is, am I the asshole for ensuring my fellow resident a soggy pair of underwear after they stole dryer time from me, AND took the liberty of throwing my personal laundry around without my knowledge.",housework,living,dk9cpy,217,181,94,50,398,55,45,0.4547738693467337,https://anu.au1.qualtrics.com/CP/Graphic.php?IM=IM_8jqSjP2yGSrgvDR,https://anu.au1.qualtrics.com/CP/Graphic.php?IM=IM_ewF6Jbq582GyPbv,https://anu.au1.qualtrics.com/CP/Graphic.php?IM=IM_lq6FJwtnDls6Za3,55,45,28,42,27,3,6,50
97,97,97,dl3r9r,AITA for telling my sister that no one will ever want to be with her?,"About a year ago my son was born via c-section. There was a complication, the umbilical cord was wrapped around his neck, and this was about a month before he was supposed to be due. Everything is now good. He’s a fine and healthy baby. 
After he was born all my siblings and in laws came to visit, except for my sister. I didn’t really mind at the time since she was studying and was about 2 hours away. But then later on I started noticing that she never really took to my son. She barely acknowledges that he’s in the room, never holds him, and even once had a look of disgust on her face when he started crying. It was a bit upsetting because she’s about a year older than me and my old sister while my other siblings are boys and a lot of my cousins growing up we’re boys as well. 
Then came thanksgiving (Canada) and we’re all chatting and drinking some wine and I showed some pictures to my SILs of my son walking and running and the usual things since we don’t get to see each other as often. My sister has this big look on her face and just starts laying it on me about how could I think that having a son was a bigger accomplishment than my degree, that my son wasn’t even a big deal, and all he does is drool and do nothing. 
Upset, I tried to shrug it off and laugh because she must have been really drunk right? Nope. She was dead serious. One of my SIL asked if my sister likes kids. She said nope not a single one. Asked if she liked her nieces and nephews. Only when they got older my sister started liking them apparently and when they were younger, she just pretended to like them. So I asked her what was it about my son that made her hate him, then I went on for about about how I gave birth to him and I loved him and I loved my nieces and nephews. She cut me off and said that I actually didn’t do anything during the birth since it was a c-section. I froze for a second as my SILs yelled at her for saying something like that and my sister didn’t care. She yelled back saying that she was never prioritize her degree over a child that could barely hold its own head and said she was never damage her body like that. 
I told her that she was wrong and that the reason why she will never become a mother was because nobody in their right mind would ever want to touch a cold heartless person like her. There were definitely some profanity used and one of my nieces took a video. So now my sisters pissed off at me, won’t return my calls or texts and is now referring to me as a breeder. My dad even said I was being a bit of an asshole and that my sister was going through a lot. I always listen to him and his advice and now I’m just conflicted with everything since she’s my sister. So reddit, AITA?",family,communication,dl3r9r,55,26,96,7,81,68,32,0.3209876543209876,https://anu.au1.qualtrics.com/CP/Graphic.php?IM=IM_DJWZgqV30zq9s4m,https://anu.au1.qualtrics.com/CP/Graphic.php?IM=IM_A5KWSX5qlGmEZ6F,https://anu.au1.qualtrics.com/CP/Graphic.php?IM=IM_QiyxyEOG3t7GFAe,68,32,5,31,63,1,4,93
98,98,98,dltf34,AITA for not telling my husband that I’m on the autism spectrum?,"Throwaway so friends on my main don’t know.
I [32F] have been with my husband [34M] for 4 years in December. I have a form of high functioning autism called Aspergers. I got diagnosed as kid and to me, it hasn’t really affected my ability to be or act “normal”. It’s just a word I was given when I was younger to explain the kind of person I am and why I do the things I do. It’s not a conversation topic that ever really comes up probably due to the fact that I’m a really private person.
Recently after coming home from work, my husband brought up how he had a new coworker with Aspergers that reminds him a lot of me in the way I act and go about doing things. Such as how his coworker usually wears noise cancelling headphones at work versus me who gets very annoyed (think of almost a meltdown kind of annoyed) when there’s too much unwanted noise around me. His coworker has to have all his stuff set a certain way on his desk similar to how I can’t deal with whenever my husband moves something of mine. You get the picture. People with Aspergers have similar “symptoms.”
In this conversation, I said something along the lines of “yeah, I also have Aspergers.” He proceeded to quiz me including how long I’ve known, why I’ve never told him, who else knows, etc. He said that this changes things about our relationship and clears up so much things about me. Regardless of my “diagnosis,” I should be treated like a normal person. Giving a name to how I act and why I act like that doesn’t change anything about me.
So, am I the asshole for not telling my husband an aspect about myself that seems just unimportant to me?",mental health,communication,dltf34,37,23,61,70,60,62,38,0.3833333333333333,https://anu.au1.qualtrics.com/CP/Graphic.php?IM=IM_CFjasLneIaeFkcN,https://anu.au1.qualtrics.com/CP/Graphic.php?IM=IM_sDmqJ0I7q4OwMay,https://anu.au1.qualtrics.com/CP/Graphic.php?IM=IM_yadZRymZ5QPRAx6,62,38,44,23,18,15,39,30
99,99,99,dp0bt5,AITA for being mad at the school principal since he wouldn’t let my son wear a durag to school?,"Backstory:
So my son (15M) already has had hair loss. We don’t know why or how, but the whole top of his head has no hair. He has a really bad bald spot. It occurred over the summer. He just has some on the lower back of his head and everywhere but the top of his head. We bought him a durag to wear to cover up his bald spot. He wore it to school, and the principal yanked it off his head and confiscated it. He then called us in for a meeting about my son’s behavior (wearing the durag), calling it “inappropriate”. I told him my son had alopecia and just wanted to cover up his bald spot. The principal wouldn’t budge, so I chewed him out. I was pissed that my son had to go to school looking like that, since he’s already pretty embarrassed about having the bald spot in the first place. AITA for chewing out the principal?",appearance,school,dp0bt5,62,84,77,66,146,42,58,0.4246575342465753,https://anu.au1.qualtrics.com/CP/Graphic.php?IM=IM_wapRGBy0p7MLQ2F,https://anu.au1.qualtrics.com/CP/Graphic.php?IM=IM_qBHbAfu1KaREeaU,https://anu.au1.qualtrics.com/CP/Graphic.php?IM=IM_I0zmYhNXg5TgSyz,42,58,28,45,14,13,23,34
100,100,100,dpn1e5,AITA for telling my sister to get over her daughter's achievements?,"I am one of five children, and we all have grown up/late teen children. They're everything from lawyers to accountants to welders to hairdressers, and everyone is happy. 
My sister Paula's daughter Amy is the most successful of the bunch. She's 22 and has recently graduated from one of the best universities in the world with a degree in biochemistry and started a job as soon as she finished her course.
I don't dislike Amy but she's always been trouble. I have a daughter the same age as her, Charlotte. When they were younger Amy did a great job convincing Charlotte that she'd never be as pretty as Amy, and once tried to push her out of a family photo because she wasn't pretty enough. 
When Amy graduated, Paula held a post-graduation party at her place, and Amy was the centre of attention as she deserved to be, but ever since then Paula has gone out of her way to make Amy the centre of attention everywhere. Over the summer my brother, his wife and their two kids went to a theme park. Amy wanted to go too and Paula demanded they take her, for no other reason than that ''she's just graduated from X''. Amy behaved like a brat the entire time and Paula excused her behaviour for the exact same reason. 
Amy smoked weed at my parents house a few weeks back. I don't mind this but they do, but once again Paula made them let her off due to her elite graduate status. 
The final straw came last weekend. My son Mark just got engaged and we held an informal engagement party at our place. Paula, her husband Rob, and Amy were there, and Paula set about trying to convince me to let Amy play a big part in the wedding, which is a while away. Mark's fiancee Vicky barely knows Amy, and she will of course have her own people in mind for her bridal party. Paula said Amy deserves a big part because of her achievements, and also because she's so pretty she'd make the perfect bridesmaid. 
I was frustrated and told Paula that Amy's achievements do not mean she deserves special treatment, and that being an elite graduate and pretty doesn't make her better than anyone else. I told Paula Amy was a spoiled brat who needs to get on with her life. 
Unfortunately the music wasn't very loud and everyone heard. Amy heard and stormed away crying, and the whole family have been texting and calling me saying I was wrong for humiliating ''a child'' in public. 
Amy isn't a child, and pointing out the truth is not humiliation.",education,communication,dpn1e5,259,470,83,37,729,36,64,0.355281207133059,https://anu.au1.qualtrics.com/CP/Graphic.php?IM=IM_2QXoRcoYZXTpeHD,https://anu.au1.qualtrics.com/CP/Graphic.php?IM=IM_U7wte6paCeSz3VR,https://anu.au1.qualtrics.com/CP/Graphic.php?IM=IM_NIuAYcYCDiKJwpi,36,64,13,53,23,11,17,63
101,101,101,dq8ekt,AITA for not letting my separated husband be involved with my pregnancy?,"My husband ""Jack"" and I are currently separated. We're both in our mid-thirties. Married for 3 years, together for 7. We drunkenly hooked up a few months ago and that led to me unexpectedly becoming pregnant. No other children. Despite this pregnancy, neither of us are interested in trying to work things out as a couple and have agreed a divorce would be best. Unfortunately, our state prevents us from seeking a divorce until after the baby is born. I'm only in the second trimester right now. Jack and I are living apart.
I don't want to go into too much detail about why my marriage broke down, but I will say it wasn't due to infidelity or abuse (although things did get pretty toxic toward the end, on both of our parts). I don't think either of us are bad people. We are just really bad as a couple, and it took us way too long to accept that. We plan to seek joint (50/50) custody of our child and I hope we're able to coparent in a healthy way. I don't intend to do anything to keep Jack from seeing the baby once he or she is born.
However, I want Jack involved with this pregnancy as little as possible. For a multitude of reasons, being around him is stressful and painful for me. My pregnancy is not considered ""high risk"" but there have been a few complications so far. Nothing too serious yet, thankfully, but still. I don't want to risk anything happening to the baby so I'm doing everything I can to reduce stressors and dangers (for instance, I've started working at home so I can rest as much as possible).
That being said, I have told him he's not welcome at future appointments. I will send him all the pictures and videos the doctor gives me, and keep him updated on how the baby is doing at all times, but I don't want him physically there during ultrasounds. If we do have to see each other, like for another legal proceeding, I don't want him touching my belly. I don't want him in the room when I give birth. He's welcome to wait right outside to see the baby as soon as he or she is born - but when I'm pushing in active labor, I don't want to see him.
This has (understandably) hurt him greatly and he's accused me of trying to keep him away from the baby. Like I mentioned above, that is not my intention here. I want him to play an active role in our son or daughter's life. I respect his rights as a father. However, from my point of view, since the baby is obviously still inside of me, and will be for some time, I still have the right to my own body, and that includes telling him he can't touch me or be present for medical procedures. Is this a reasonable perspective, or AITA here?",babies,marriage,dq8ekt,56,110,57,48,166,34,66,0.3373493975903614,https://anu.au1.qualtrics.com/CP/Graphic.php?IM=IM_J5PRQZSkcfPCL6e,https://anu.au1.qualtrics.com/CP/Graphic.php?IM=IM_MLtvtJZkzi4u9N3,https://anu.au1.qualtrics.com/CP/Graphic.php?IM=IM_D4joDQO9gAAUwDB,34,66,16,38,18,28,43,52
102,102,102,drmin3,AITA for asking my gf not to cook food in the same pot she cleans (sterilizes?) her menstrual cup in?,"Hello
My new girlfriend uses a diva cup for when she’s on her period. I’ll admit that I’m totally clueless when it comes to these things and I asked her how she cleans it, like washing machine, hand scrubbing, or whatever else. She said that she wipes it off, scrubs it, and then throws it in a pot and boils it. And I was like, oh so do you use a separate pot for this or does it come with a pot for this use. And she says nah, she just uses one of her cooking pots for this purpose.
Look, I’m not a germaphobe by any means but I just won’t eat off a dish that a cat or dog has licked or touched. I’m just not for it. And to me this isn’t much different and it made me hella queasy. So I told her that I don’t feel good about that and asked if she’d consider using a separate pot. I also made it clear that if it’s not something she can afford then I’d be willing to cover the cost. 
She wasn’t even the least bit receptive to my idea. She actually had the nerve to say that I’m being childish, that it’s “clean” and that I should just get over it
This pissed me off, I told her not to insult me like that and I told her to get out of my apartment. I don’t think I was being unreasonable in any way, shape or form and I feel like it’s an easy compromise. 
AITA?",food,housework,drmin3,66,86,80,73,152,43,57,0.4342105263157895,https://anu.au1.qualtrics.com/CP/Graphic.php?IM=IM_LUpMRginVv6IpEV,https://anu.au1.qualtrics.com/CP/Graphic.php?IM=IM_o9eSTIPzIMsvT99,https://anu.au1.qualtrics.com/CP/Graphic.php?IM=IM_bZRCvgejj0EJVui,43,57,31,46,12,11,20,27
103,103,103,dryek1,AITA for telling my girlfriend her dream of moving to another country will never happen?,"My (25M) girlfriend (23F) has always talked about how it’s her dream to move to X country. She brought it up on our first date (we’ve been together for a year and some change) and has mentioned it practically every other day since. 
At the beginning, I went along with it, told her how cool it would be, we talked about if I would go with her, how crappy our current country is (I’m an expat and she’s a local), etc etc 
Recently, however, every few times she mentions it, I’ll bring up her spending habits. In the time we’ve been together, she’s spent around 8,000USD+ of her own money (plus her credit cards) on a few high ticket items. 
The last time she brought it up we sat down and calculated how much money she’d need to save to get started. 
After we had the number, I started calculating something else. Balenciaga shoes + LV bag + Gucci sunglasses etc etc until we came up with the number she needed to move and told her it’s never going to happen if she keep buying expensive things 
She’s called me TA, that I’m trying to control her money, I’m trying to humiliate her, make her feel “small” and it’s none of my business what she buys, and of course all of her friends are saying the same thing 
IMO she could have made her dream come true long ago, and I was only trying to lay it out for her
AITA?",money,communication,dryek1,287,405,87,64,692,41,59,0.4147398843930636,https://anu.au1.qualtrics.com/CP/Graphic.php?IM=IM_KL2jSLUSANogFU2,https://anu.au1.qualtrics.com/CP/Graphic.php?IM=IM_TwyTpmWDoHQ3me5,https://anu.au1.qualtrics.com/CP/Graphic.php?IM=IM_ZPWnKZWgieLzW0k,41,59,26,51,15,8,13,36
104,104,104,dsmo2g,AITA for calling my foster sibling a loser?,"I’m an only child, but my parents take in foster children quite often. They only take in females from the ages of 10-17. I am a girl as well, I am 16.
We have a new girl staying with us, let’s call her Jane, she has been with us for over a month. Jane is very loud and annoying, she doesn’t follow rules and talks back to my parents. I have been getting annoyed lately because my parents are letting Jane get away with stuff that they never would let me get away with, and to make matters worse I caught her trying to go into my bedroom (we have locks on all of the doors so she couldn’t get in).Jane is also always teasing me, calling me lanky, making fun of my hair, and even making fun of my parents. I really dislike her.
Jane and I have the same lunch at school. As I’m getting my food, I see her point to me and laugh as she is talking to a group of girls. I am a confrontational person, so I went to sit near them to see if she would continue to talk about me to these girls in front of my face. Well she did. She kept talking about my house, my family and me.
Eventually I had enough and said ‘“at least I’m not a fat loser who’s parents didn’t even want them”.
I know what I said was mean, but she has been teasing me since she got here.
Well, she started crying, and called my parents to tell them what I said.
They grounded me, and I don’t think what I did was wrong as even though It’s mean, i was standing up to a bully.
WITA?",communication,jokes,dsmo2g,76,38,97,24,114,67,33,0.3333333333333333,https://anu.au1.qualtrics.com/CP/Graphic.php?IM=IM_rbi8QeattL8T3bV,https://anu.au1.qualtrics.com/CP/Graphic.php?IM=IM_FnmrEVe0lqY3lvZ,https://anu.au1.qualtrics.com/CP/Graphic.php?IM=IM_fRZuB9D2ko6Z9LO,67,33,16,32,51,1,3,76
105,105,105,dtr5vi,AITA for getting a guy’s bus pass revoked,"My girlfriend and I took our daughter to the city for a weekend. My girlfriend is 7 mo pregnant with twins, so she is quite obviously pregnant at the moment. 
We got on the bus and all the priority seats had very old people sitting in them, but there was a younger guy in a non priority seat so I asked him to move so my girlfriend could sit down. He responded by telling me that my girlfriend not being able to keep her legs closed wasn’t anyone else’s problem. My daughter heard it which was a whole other issue, but luckily, an older couple gave up their seats so both my girlfriend and daughter could sit. I was still angry though.
As we were getting off the bus, I told the driver about the rude kid and the driver said that he knew who the kid was and his bus pass would probably be suspended.
I told a friend about it and she pointed out that he could have had an invisible disability and that’s why he couldn’t stand up, which I didn’t think about. Now I kind of feel like an ass for getting his pass suspended. Am I the asshole for reporting him to the driver and getting his pass suspended?",manners,driving,dtr5vi,33,52,96,73,85,39,61,0.388235294117647,https://anu.au1.qualtrics.com/CP/Graphic.php?IM=IM_xxcI7iiI01APmaL,https://anu.au1.qualtrics.com/CP/Graphic.php?IM=IM_sNjD86wEoziwuW0,https://anu.au1.qualtrics.com/CP/Graphic.php?IM=IM_tSZCB8tNCBRAXGp,39,61,28,59,11,2,4,27
106,106,106,dvsio5,AITA for accepting a customer that my businesspartner is uncomfortable with?,"I have a business with my MIL, dog walking/pet sitters. I take care of most animals but she's my backup in case I have prior engagements or get sick. My MIL loves all animals, even vermin, so it came as a surprise when she told me she doesn't like pitbulls. She said she just doesn't trust them. We have taken care of staffords, rottweilers, and other ""fighter"" dogs before and they were all super sweet. 
Recently we got a call from a potential customer, who asked if we could occasionally take care of his pitbull. We don't need to walk him, just feed when the owner is away for longer than expected. I told him that's no problem, and scheduled a meeting with him and the dog to see how he reacts to us. 
My MIL thinks I'm an asshole for even entertaining the thought of us taking care of a pitbull, after she told me she hates them. 
I don't think I'm an asshole because the point of the meeting is to see if the dog is aggressive and if we can handle him, and we can always refer the customer to a different company. 
What do you think?",pets,work,dvsio5,39,46,59,87,85,46,54,0.4588235294117647,https://anu.au1.qualtrics.com/CP/Graphic.php?IM=IM_MB1tFTqTXC0PcrQ,https://anu.au1.qualtrics.com/CP/Graphic.php?IM=IM_Ol05NJCDG7T9pQO,https://anu.au1.qualtrics.com/CP/Graphic.php?IM=IM_la6sn9ww2BW592M,46,54,40,32,6,22,41,13
107,107,107,e1yep5,WIBTA for canceling a family vacation at my boss's request?,"My wife and I have been planning a two week family vacation to Europe, where most of my wife's extended family and friends live, for a long time now, and we have our trip booked for Dec. 7 through Dec. 22. This is supposed to be both our first big vacation as a family and the first time her relatives would get to meet our 3 year old daughter.
For some additional background, I am currently the sole breadwinner for our family, and my wife is a stay at home mom and cares for our daughter full time. I work for a small firm that consists of five people: my boss plus four employees he manages, including me. One of my coworkers is currently out on FMLA leave for medical issues and is tentatively scheduled to return in January if her recovery goes well.
In the past week, everything has basically gone to shit at the office. My two other coworkers just both put in their two weeks notice within days of each other, and we have a huge project due by the end of the year. The timing couldn't possibly be worse. My boss is extremely stressed out and asked if I would consider postponing my vacation. He said he would normally never ask this of me, but this was an uniquely crappy situation and he can't handle the project alone. He offered to reimburse me for all nonrefundable costs of the trip.
Obviously I'm not happy about this. My wife is really mad and says this is a ridiculous request for my boss to make and that I need to put our family first and go on the vacation anyway. We had planned our trip around the availability of all the friends/family we wanted to visit, and it will be a pain in the ass to find another set of dates that works for everyone. I think having to cancel the trip is shitty, but I'm worried I'll be out of a job if I say no, and we only have a few months of emergency savings to live off of if that happens. As much as I hate it, I really think it would be in our family's best interest to cancel. WITBA?",work,vacation,e1yep5,71,102,48,55,173,41,59,0.4104046242774566,https://anu.au1.qualtrics.com/CP/Graphic.php?IM=IM_Bivd580UTbHDSE0,https://anu.au1.qualtrics.com/CP/Graphic.php?IM=IM_7jalBxLBHFxnYJa,https://anu.au1.qualtrics.com/CP/Graphic.php?IM=IM_WJ5QUEOcrlKbuGr,41,59,23,28,18,31,52,45
108,108,108,e3mghq,WIBTA If i don’t adopt my sister’s daughter,"Sorry if it has a lot of error, English is not my first language.
A little background. I live with my girlfriend in our own house. We have been together for around 6 years so we can say that it’s a very stable relationship. We also have good jobs so we are also stable in that aspect.
My sister has a little daughter ( 5yo ) and we often take care of her when my sister and his husband can’t. Like when they are on a travel or something. Both I and my girlfriend love my niece, we love to be with her and take care of her.
And this past week we had to take care of her because his parents were having a little vacation with their in laws. But before they arrived they suffered an accident and both died. Like you can imagine this was devastating for all of my family. I hasn’t been easy, specially because I had to tell my niece what had happened.
Now, she is staying at my home for now. I thought that this would only be temporal, until we figure out what we are going to do with her. But when I bring up this topic with her grandparents they all thought I was going to adopt her. Because the thing is that the only sibling of my sister is me and his husband didn’t have any siblings, and both my parents and my sisters in-laws are to old to raise a child.
An look, I and my girlfriend both love my niece. But the thing is that we are not sure if we want or can raise a child ( financially we can but we don’t know if we are ready ). We had thought about having kids but not now. And it’s kinda difficult to suddenly have to raise a child like your own. There is a big difference between taking here the weekends and raising her.
I talk to some of my friends and they said that a possible solution was to put her into adoption or foster care. But all of my family is against this, saying that I’m “betraying my sister”. And in a way I feel like I’m being a piece of shit for even thinking this but I also think I’m not ready for this.",family,marriage,e3mghq,120,120,38,71,240,50,50,0.5,https://anu.au1.qualtrics.com/CP/Graphic.php?IM=IM_7s6BienUlflHhtZ,https://anu.au1.qualtrics.com/CP/Graphic.php?IM=IM_FY2JQUO3GvOw2lu,https://anu.au1.qualtrics.com/CP/Graphic.php?IM=IM_OnhB8rV7vU4X1L0,50,50,35,19,15,31,62,29
109,109,109,e4cnn3,AITA For leaving my fiances' thanksgiving dinner to spend it at an ex-love interests thanksgiving because I was uncomfortable,"Okay so from the title I probably already sound like the asshole but here we go. I had my first thanksgiving with my fiances family this year, they're extremely wealthy and it was this big fancy event, the food was amazing everything was beautiful, but my fiance had to go and ruin it. On the days leading up to thanksgiving he was badgering me about how ""well behaved"" I had to be and how I had to make a good impression, he bought me this beautiful dress, and booked a hair and makeup appointment for me but then some family stuff happened and he switched, he got mad at his family and stopped caring. On the day I was still insistent on making an effort, but I knew from the get-go he stopped giving a shit when he had already down half a bottle of vodka by 10 am. 
Most of the day was spent as most thanksgivings are spent the family congregating and socialising which is followed by dinner, but the whole time, my fiance was being rude and bratty and drunk and stupid. He and his sister snuck of a bunch of times (I presume to do drugs) he offered me some, when I said no he said: ""Why are you even trying to impress these fuckers?"" kinda aggressively and in front of a few of his family members which made me very uncomfortable. Anyway, when I realised that at some point my fiance snuck off and wasn't planning on coming back I had it, he left me in such an awkward situation by myself I didn't want to stick around. I had been texting a friend who I once had a thing with about the situation and he said he can send an uber over for me and I can spend the rest of thanksgiving with him and his family. I accepted the offer and ended up having a fantastic rest of my evening, I spent the night there (In the guest bedroom). My fiance didn't even message me once throughout the night to check-in.
I returned home and explained to him where I was and whatnot (as I don't think I have anything to hide) he simply said, ""of all people why'd you go to his house? you also didn't need to spend the night"" my fiance is giving me the silent treatment now and sulking about the house, I don't know why I specifically chose to spend the night at my ex-love interests but I did.",family,communication,e4cnn3,56,28,89,79,84,67,33,0.3333333333333333,https://anu.au1.qualtrics.com/CP/Graphic.php?IM=IM_smdx2abypRMTwPd,https://anu.au1.qualtrics.com/CP/Graphic.php?IM=IM_Duca1ziO36yk7BQ,https://anu.au1.qualtrics.com/CP/Graphic.php?IM=IM_ZcSaaMZfrUu2A8v,67,33,53,29,14,4,11,21
110,110,110,e4klee,WIBTA for cutting off our daughter financially until she takes an active part in the family?,"I really hope we're not being /r/insaneparents but please comment if you think we are.
Our daughter is in college right now and in her second year. My husband and I are paying for a portion of it and give her a monthly allowance of $1000 to help out because her school is out of state. So far it's been roughly 50% on us and 50% she needs to get grants or bursaries or loans for. She is choosing not to work right now and instead relying on the $1000 we send (her rent is around $200 for her room and the $800 remaining is up to her how to use).
We want to cut her off not because there was some incident but because she's basically ghosted us. Nothing really prompted this. My last conversation with her was very cordial standard fare back in early September. Likewise for my husband. We used to talk a lot, text every day, etc.
We send her a Facebook message and get a read receipt but no response. No thank you for the money we send monthly, no happy Thanksgiving (or birthday, mine was in October), nothing. At the very least we'd like to know she's okay, and we've expressed as much, but the outcome is always the same: left on read.
We have one of her best friends on Facebook and we asked her what's up and she said she's doing fine, just busy with school. And that's fine, but not even a single message in 3 months?
I sent her a message two days ago that we feel taken advantage of and that our contribution to her schooling is unappreciated. We told her that next tuition payment is due end of December and we want to hear from her before we pay it. Read within seconds but no response.
I don't know what to make of this. Are we being the assholes? Just a check in every once in a while is enough, we just have no idea what's going on.",communication,money,e4klee,257,199,75,51,456,56,44,0.4364035087719298,https://anu.au1.qualtrics.com/CP/Graphic.php?IM=IM_mwM3zySXr4KGPk7,https://anu.au1.qualtrics.com/CP/Graphic.php?IM=IM_c10oLKMEUExHaTa,https://anu.au1.qualtrics.com/CP/Graphic.php?IM=IM_iKlIJqRAwtTT2BO,56,44,28,33,28,11,25,49
111,111,111,e5dc9j,AITA for telling my girlfriend’s friend to watch her mouth when she insinuated that my girlfriend isn’t a real woman?,"I went on a dinner double date with my girlfriend, my girlfriend’s friend Amy, and Amy’s boyfriend. We’re all in our early 20s. My girlfriend hangs out with Amy quite often. I see her from time to time, but I’ve never cared for her cheeky attitude. The tipping point was tonight. 
Dinner was going alright until Amy’s boyfriend innocently commented on how little my girlfriend ate. She usually gives me half her entrée. After that, Amy, who isn’t stick thin like my girlfriend, snidely remarked that my girlfriend wouldn’t need fake boobs if she ate like a real woman. 
I loudly told her to watch her fat goddamn mouth and that her comment was both rude and unnecessary. Amy isn’t overweight by most standards, but that adjective slipped out because of what she said prior. Many people turned their eyes toward us. 
My girlfriend and Amy’s boyfriend tried to quell the ruckus, but Amy got up and told me to have fun with my Barbie doll before she motioned Amy’s boyfriend to get up and leave with her. Don’t worry, you pay before you get your food at this restaurant. 
My girlfriend and I talked about Amy. She kept saying that Amy and some of her friends make those comments all the time and they don’t mean them to be derogatory. I tried to convince my girlfriend that no friend would make those types of comments and she’s better off without someone like Amy in her life. 
My girlfriend still thinks that Amy didn’t mean to hurt her with the “real woman” and “Barbie doll” comments and I didn’t read the room correctly. She told me she feared Amy not wanting to be friends with her anymore after my creating a rift between them. I couldn’t get though to her no matter how much I tried.",jokes,friends,e5dc9j,516,408,88,21,924,56,44,0.4415584415584415,https://anu.au1.qualtrics.com/CP/Graphic.php?IM=IM_FkZnaNtoaGqWgm1,https://anu.au1.qualtrics.com/CP/Graphic.php?IM=IM_BMjiKn5Noy7Owxu,https://anu.au1.qualtrics.com/CP/Graphic.php?IM=IM_6CM4ZfvYZK1xBCc,56,44,12,39,44,5,12,79
112,112,112,e5roue,AITA: My in-laws want to displace my daughter over Christmas and I don’t want them to,"Hello reddit!
So, my husband and I have spent the past year having our loft space renovated into a gorgeous bedroom suite with Jacuzzi tub, steam shower, giant walk-in closet, big screen tv etc etc. it’s basically a duplicate of our master bedroom suite and we love it!
My daughter, 10, has been fighting terrible bedtime anxiety for the past year. In an effort to encourage her to sleep on her own, we have set up a reward system for her. The reward she chose was to sleep in the new suite over the Christmas break. She’s beyond excited and making great progress.
Here’s the rub. My brother in law unexpectedly lost his job and my husband ended up inviting BIL and SIL to stay for Christmas. I managed to keep it from being an open-ended visit because my husband and I are both extremely busy. But even for the 2 days that they are visiting, my husband expects my daughter to give up her reward so the in-laws can use the new suite.
We have 4 other bedrooms, and they are all very nicely decorated and spacious. I feel like I made a promise to my daughter and my husband is going to break her heart. I’ve forbidden him to even mention it at this point, until we get this settled. I don’t want her to backslide!
So…AITA???",marriage,celebrations,e5roue,22,61,77,86,83,27,73,0.2650602409638554,https://anu.au1.qualtrics.com/CP/Graphic.php?IM=IM_gf8fOotTglnuXGw,https://anu.au1.qualtrics.com/CP/Graphic.php?IM=IM_FIzVIF0MCsrfYvM,https://anu.au1.qualtrics.com/CP/Graphic.php?IM=IM_RWZ8SMEjJlbqAiF,27,73,23,56,4,17,23,14
113,113,113,e5wp9z,AITA? Coworker refused to tell me her name. I got kind of defensive.,"Started a new job. Was in the break room. Met one of my coworkers for the first time. We talked a little bit, was fine. She asked me my name so I told her, then I asked what her's was and she curtly said ""I'm not going to tell you that."" I was like ""That's kind of weird but alright."" And she said if I wanted to find out I could look at the board that said the 2 employees of the month and that hers was one of the names, to which I pretty frankly said ""I don't really give a shit what your name is enough to put in that effort, I'll just find out from someone else"" and then I just disengaged.
I kind of cringe looking back. She was probably just messing around but I mean... I just met you and you're being alienating like that? I don't know if that is just her style of fooling around and she wasn't trying to be a dick but at that point I felt slighted. :/
AITA?",work,communication,e5wp9z,453,317,90,70,770,59,41,0.4116883116883117,https://anu.au1.qualtrics.com/CP/Graphic.php?IM=IM_tco5TdpviCF3DjE,https://anu.au1.qualtrics.com/CP/Graphic.php?IM=IM_73u5hNb0qlIj6iv,https://anu.au1.qualtrics.com/CP/Graphic.php?IM=IM_YdGNan7kJz2HdPt,59,41,42,37,17,4,10,30
114,114,114,e8l9h6,WIBTA if I didn't go to my husband's PhD defense,"My husband (30M) is defending his PhD in 1 week. He has been a PhD student for 8 years working for this. I (30F) live 3 hours from the location of his defense and don't want to go because that would involve driving my kids (1 and 3) 3 hours (there is no one to take care of them but me). Paying $100+ for a hotel room. Not even getting to listen to his defense (toddlers cant sit that long silently). Going to his celebration party, but not getting to participate, since I'll be taking care of the kids, while he is distracted by all the well-wishers. Paying another $100+ hotel stay. Then driving 3 hours back, with two unhappy kids. I dont want to drive that week then turn around and drive again for Christmas. I don't want to spent money we dont have because of Christmas. I wont be able to listen to his defense of participate in the party, I might as well not be there.
My husband is sad I don't want to go. He wants me to support him. He wants to show off the kids. I think bringing the kids will be a distraction to him and my bad mood during the ordeal will be a distraction. He needs full concentration on the task at hand.",driving,babies,e8l9h6,96,85,45,82,181,53,47,0.4696132596685083,https://anu.au1.qualtrics.com/CP/Graphic.php?IM=IM_ft2jM2YVceCTK5X,https://anu.au1.qualtrics.com/CP/Graphic.php?IM=IM_pyzwRZWrZMy1N6e,https://anu.au1.qualtrics.com/CP/Graphic.php?IM=IM_8stLVJCrLUgVxC1,53,47,44,21,9,26,55,18
115,115,115,e8s8qn,AITA for making my daughter (11) wash off her make up after my girlfriend gave her a make over?,"My daughter and my girlfriend spent a day together on Saturday, allowing me to catch up on some work. My girlfriend is a makeup artist, and she did a full face of makeup on my daughter. Since she is a makeup artist, the makeup looked fine, but I was kind of shocked to see such heavy makeup on my ten year old. 
My daughter has asked for makeup a lot recently, and the most she has worn has been lip gloss and a little glitter. I’m not too knowledgeable about makeup, and her mother isn’t around to give advice on this, so I’ve frequently just said no make up, especially as she’s so young. So, seeing her with eye shadow, blush, and lip color was pretty shocking.
Since we were still going out later, I made my daughter wash off the makeup. I did not want her going out with it. I’m okay with my girlfriend doings a makeover for fun at home, but I don’t think she’s meant to go out with it. My daughter was not pleased to have to wash it off, and I had to help her because she was not getting it all off. Obviously in my daughter’s eyes, I’m the ass hole.
But then my girlfriend said that I’m being too strict, that all girls wear make up, and that I should start letting my daughter wear at least a little bit of make up. I said okay, but that make over was not a little bit of makeup. Still, though, my girlfriend thinks that I should have let my daughter wear it for the rest of the day, just for fun. Then she started asking if I don’t trust her skills or think she’s a good makeup artist, and it’s not that, I was just not comfortable with my daughter going out with a full face of makeup. AITA?",appearance,family,e8s8qn,67,77,60,66,144,47,53,0.4652777777777778,https://anu.au1.qualtrics.com/CP/Graphic.php?IM=IM_qGm0NovWXYA50t7,https://anu.au1.qualtrics.com/CP/Graphic.php?IM=IM_kx5IoamdEq6U6I9,https://anu.au1.qualtrics.com/CP/Graphic.php?IM=IM_pM8T85of0FEz7F9,47,53,31,32,16,21,40,34
116,116,116,e94y2b,AITA for laughing at a kid in my nephews play,"Ok so i have a feeling i know the answer to this one already - but i just want to see from a bigger POV.

My nephew is 8 - he was staring in his first Christmas play, my sister invited me to it since i was coming to see her that day anyway. We all get in, all the kids in the school are sitting down in front of the stage and all the parents/family are standing at the back. My nephew was playing as a reindeer. Everyone in his class has an equal role, about 2-3 lines worth of stuff to say.

My nephew was brilliant, nailed his lines, he really looked like he enjoyed himself, so then we just had to stand and wait for all the other kids to have their parts and then we get to congratulate the kids after.

This one girl, same age as my nephew was playing Mrs Claus - she was visibly nervous and shakey, it came off more cute than awkward - as she was saying her lines, she got a bit flustered and forgot a part - she got a little stuck on it and there was silence for about 4 seconds. Then all of a sudden, the girl just said ""Oh fuck! i forgot!"" - There were a few gasps among the parents - all the kids were sniggering, but i just lost it, i dont know what it is about young kids swearing but i found it hilarious. I was snort laughing and many people turned around to look at me, i tried to take myself out of the hall and try to compose myself, but i got to the door and i just ended up falling over and laughing harder, i was wheezing, my stomach hurt and i just couldn't contain myself.  I'm a 30 year old man and this was my defeat.

The doors are just glass doors so i crawled out to the hallway just outside of the main stage hall but you can clearly still seem me through the door and i'm assuming you could still hear me. I took myself to the toilet - splashed some water on my face and returned to the hall. Some parents and kids kept looking at me and giggling, understandably so.

After the play finished, i congratulated my nephew, said how good he did, and then i saw the little girl who swore and her mum, i went over to apologise for laughing - the daughter seemed absolutely fine, she was just happy that she was on stage but the mum was very annoyed with me - i said sorry to her and the mum said something along the lines of ""Remember where you are, it's very immature to laugh at children."" and took her daughter away.

My sister said not to worry about it, the mum is a bit of a fun sponge anyway, but i feel a bit bad about what happened.",children,jokes,e94y2b,135,862,95,82,997,14,86,0.1354062186559679,https://anu.au1.qualtrics.com/CP/Graphic.php?IM=IM_75UnD1FqE4lld85,https://anu.au1.qualtrics.com/CP/Graphic.php?IM=IM_D5ZAhTKe8MYBMY1,https://anu.au1.qualtrics.com/CP/Graphic.php?IM=IM_Nyoa5U1F1kDh59i,14,86,12,82,2,4,5,18
117,117,117,e9npe1,AITA for refusing to allow a store employee to check my receipt?,"Yesterday, as I was leaving the store an employee with a scan gun asked me to stop to “verify your purchase.” I’ve dealt with this before and always allowed them to check my receipt, but it always felt like I was being patted down or under suspicion when I didn’t do anything and I just hate that feeling. I did have a few items that weren’t bagged but I didn’t want to deal with that suspect feeling today, so when he asked I played dumb and responded “Why?”
“To... verify your purchase.”
I stared at him for a moment and quietly said “No?” and he just continued to stare back at me. So I said louder “No, thank you,” and started to make my way toward the door. He didn’t say anything as I left but he was still looking at me when I went into the parking lot. All the way to my car I was wondering if I was going to be stopped by loss prevention which made me hustle, but I felt even more suspicious so I slowed down again. While loading my things into the car I was thinking that I probably felt more suspect than if I just said yes to the employee. That aside, I’m wondering now if I was just being a jerk. So I’ll ask you, AITA?",communication,shopping,e9npe1,59,71,90,97,130,45,55,0.4538461538461538,https://anu.au1.qualtrics.com/CP/Graphic.php?IM=IM_6EIvIqfmfIGCb0s,https://anu.au1.qualtrics.com/CP/Graphic.php?IM=IM_TO5vkhdNmGDtpVG,https://anu.au1.qualtrics.com/CP/Graphic.php?IM=IM_wDiOAQQvWmaTXlu,45,55,43,50,2,5,10,3
118,118,118,ea8x0q,"AITA: Tall guy behind me on flight got huffy with me after I reclined my seat (I'm 5'2"")","Was on a flight recently from NYC to Cleveland. So about 90 mins. I'm a very small man (5'2""). The guy behind me was very tall (6'4"" or so). Once we were allowed to, I reclined my seat. He immediately started getting huffy, tapping against the seat. He also made a comment to the person sitting next to him (who was a stranger). ""Oh I guess this little guy needs all that room"".
The tapping was annoying but not a big deal. And I put my headphones on and wasn't able to hear whatever huffy crap he was saying.
Later in the flight when we had to put the seats into an upright position, I did so immediately. Tall guy, almost on queue, let out a huge fake sigh of relief and said ""Finally"" to the stranger. When we stood to get our carry on stuff, he was trying to give me the awful stink eye but I just ignored him.
AITA?",manners,jokes,ea8x0q,108,63,94,75,171,63,37,0.3684210526315789,https://anu.au1.qualtrics.com/CP/Graphic.php?IM=IM_XBwl3RypCG80uBG,https://anu.au1.qualtrics.com/CP/Graphic.php?IM=IM_bhdj4uZJA1Oc1HD,https://anu.au1.qualtrics.com/CP/Graphic.php?IM=IM_BoD0UX0azBgEhtE,63,37,47,35,16,2,6,25
119,119,119,ealt06,AITA for allowing my younger daughter (3) play with my older daughter’s (16) old toys?,"I recently took some of my older daughter’s (we’ll call her M) old toys out from storage to let my younger daughter (we’ll call her V) play with them. V was pretty excited to have some new toys to play with, and it’s been so long since M has even looked at any of it, so I didn’t think it would be a big deal. But then M came home from school and saw V playing with one particular toy, and she told me that she didn’t want V playing with it because it was special because her mom gave it to her. I had honestly forgotten that her mom had given her this toy, as she was out of the picture for most of M’s life, and I did not realize how special it was to her, but I obviously understood that M didn’t want V ruining it so I got it back and told M to put it in her room. And that’s when M started to get angrier about the situation, saying that I should never have touched her stuff without asking her, and instead of taking the one toy to her room, she packed up the entire box (including some of V’s new toys; M wasn’t even sure what was in the original box) and brought it all up to her room. V cried at first when the toys were gone but quickly got distracted by some of her other toys. I went to check on M, and she just left the box of toys sit in the corner of the room, and she told me not to touch it. I understand that the toys might be sentimental to M, but I thought it would be nice to let V play with them instead of letting them all gather dust. AITA?",celebrations,living,ealt06,82,41,34,40,123,67,33,0.3333333333333333,https://anu.au1.qualtrics.com/CP/Graphic.php?IM=IM_shNwF378jMS43w5,https://anu.au1.qualtrics.com/CP/Graphic.php?IM=IM_fB3RWkQZEcpwIV1,https://anu.au1.qualtrics.com/CP/Graphic.php?IM=IM_X9sliZao4GxED7S,67,33,27,11,40,22,66,60
120,120,120,eao6dp,AITA for not paying for my daughters college if she gets plastic surgery?,"Daughter is 18, and will be going off to college soon. Before my Father died, he left some money for her and her siblings to go to school or buy a house. I have been adding to it ever since; for about ten years. 
My daughter has independently saved up quite a bit of money over the years, around 12k. Recently in a discussion about her future, I asked her what she planned on doing with the money. She was hesitant to tell me, but said that she planned on getting plastic surgery. She said she wanted a BBL, or Brazilian butt lift. I have been hearing about this surgery killing people. 
I told her she would absolutely not get plastic surgery because she looked fine. She says it’s her money and she will do what she wants. So I told her if she goes through with it I will not be paying for her college expenses. She is saying I can’t go back on my word, but just as she is going to be doing what she wants with her money, I can do what I want with mine. 
My wife agrees with me but my mother doesn’t, because part of the money was given by my father, even though the amount he gave will barely cover a year for her. I don’t want her to do something so vain and stupid, but I also don’t want to limit her future. AITA or is my daughter?",money,jokes,eao6dp,170,169,82,75,339,50,50,0.4985250737463126,https://anu.au1.qualtrics.com/CP/Graphic.php?IM=IM_o8RYW9afN0q0Gcd,https://anu.au1.qualtrics.com/CP/Graphic.php?IM=IM_NuySpkIn3qekPMA,https://anu.au1.qualtrics.com/CP/Graphic.php?IM=IM_lntwnpWCE4qDghw,50,50,38,41,12,9,18,25
121,121,121,eb5szx,AITA for not letting my kid open presents with the rest of the family,"We celebrate Christmas early with my side of the family because there are so many of us that it’s hard to get together on Christmas. 
We have an itinerary for the day— pray, eat, take family pictures,  listen to the story of Jesus/nativity scene, open presents.
My son is 11 and we’ve been dealing with a lot to behavior problems. He’s on restriction right now from all electronics because of his behavior.
When it came time to pray, he refused to close his eyes and said “this is dumb, who cares” and proceeded to eat while my uncle was doing the prayer. I took him to another room and we had a talk about his behavior and what I expected the rest of the night. 
Family picture time came and he said he didn’t want to be in it. I told him it wasn’t an option but he kept trying to sneak away. When I finally got him to stand in the pictures, he would try to hide so we couldn’t see him in it. 
Then the story came and I had enough. All the little kids were sitting around as my aunt told the story and he kept making remarks like “Jesus isn’t real” “that didn’t actually happen” “Jesus was gay”. 
Again, I pulled him to a side room and told him that his behavior was unacceptable and he won’t be opening his presents because of it. He threw a fit and said some nasty things towards me so I told him he’s to stay in that room until it’s time to leave.
People started asking where he was and I told them he needs to be alone right now. My mom said she’d go talk to him and I told her no, he’s in there because I said he can’t come out due to his behavior. She said he at least needs to be there for presents and I said no, he can open them later when he earns them back. 
All the old ladies had a fit when they found out I wasn’t letting him participate. Someone said “remember when we could have a nice Christmas together without locking our kids in a bedroom all night?” 
I just ignored it and I do think I handled it correctly. He ended up apologizing to me and my aunt and uncle(the ones he interrupted).",communication,manners,eb5szx,24,41,90,29,65,37,63,0.3692307692307692,https://anu.au1.qualtrics.com/CP/Graphic.php?IM=IM_eEEFFGH6YMwOeQs,https://anu.au1.qualtrics.com/CP/Graphic.php?IM=IM_jf3TMmS3kuEyPNZ,https://anu.au1.qualtrics.com/CP/Graphic.php?IM=IM_EuRQNnrVSJRqTJL,37,63,11,57,26,6,10,71
122,122,122,ecvd73,AITA for wanting to choose our daughters name?,"So me and my wife are expecting our second soon. When we first decided to have kids and were discussing naming, the deal was that she could name the girl and I would name the boy, but that we could veto the name if we really didn't like it.


Anyways, the first was a boy who i named after my father. The second is going to be a girl, and she already has the name chosen (not an important name to her or anything, just one she thinks is pretty and really likes). I was okay with it at first, but I recently got in touch with one of my relatives and she was really excited to hear we were having a girl and wants me to name her after her. She was always there for me growing up and we were close as kids, so I said sure of course!


I told my wife that I told my relative we would name our daughter after her, and she got pissed. She said the deal was that she got to choose the name, that I already named our son after my family, and it was her turn. I reminded her we agreed to be able to veto names and she said that was for a name we really didn't like, not to forcefully choose a name. I told her it would be really disrespectful to up and tell her that we're no longer naming her after her and I already made a promise and I didn't want to break it. She basically said I'm going to have to break it because ""she hates that name"" and ""shes going to have a say in our daughter's name whether I like it or not"" and that if anything she'll just tell the doctors when they ask about the name that we want to name her the name she already chose. 


We got in a huge argument, where I basically called her inconsiderate for not trying to see where I'm coming from when I have ties to this name and she has no ties to the name she wants and her getting mad because even if she has no ties ""she knows what she wants to name her daughter and that's all that should matter"". Now we haven't really talked since them, she seems pissed and when I talked to my friends about it they said it was kinda assholish of me to go back on our agreement. AITA?",communication,children,ecvd73,478,4,100,99,482,99,1,0.0082987551867219,https://anu.au1.qualtrics.com/CP/Graphic.php?IM=IM_gcG6Wg0XfTjZBSW,https://anu.au1.qualtrics.com/CP/Graphic.php?IM=IM_MLnB6LogzyEoSIN,https://anu.au1.qualtrics.com/CP/Graphic.php?IM=IM_FJCsrYv5jOq2Q3T,99,1,98,1,1,0,0,1
123,123,123,eezxbl,"AITA for complaining about a sexual comment, then leaving a negative review when I got ignored and dismissed casually?","I (27F) went to this hair removal place for the first time to get a Brazilian wax. The girl who served me was around her early twenties. Even though she tried to initiate conversation, I made it clear to her that I am not a chatty person, and I mostly kept quiet as the girl worked on my body. Overall, it was a comfortable atmosphere, and the procedure on my upper body went quite smooth.
Then, as we proceeded to my nether regions, she told me to hold my leg and pull the skin at the area. I did as she told. To my absolute shock, she took a look at my private area, and gave this smirk before saying, ""oh, don't you have a pretty labia?""
I could not believe that she made such an offhand comment on my genitals' appearance while I was in such a vulnerable position, when she was supposed to be professional about her work. I immediately stopped her, and told her that I felt sick about the sexually objectifying nature of her disgusting comment.
She seemed to be very taken aback by my words. No words were exchanged for the rest of the procedure, but I could sense that she was giving off some passive aggressive vibes. Her movements felt more forceful to me. The sick feeling still remained in my gut.
As I left, I told her I wanted to see her manager. However, as I informed her of the sexual harassment, the manager brushed me off nonchalantly, telling me that I was ""overreacting over a non-issue"" and that her worker was a good one. She then proceeded to usher me out of the store when I attempted to hold my ground.
I left a one-star review on their page, so that other customers could avoid such an awful and uncomfortable experience in the future. However, my friend told me that I am being a little harsh. So Reddit, AITA?",communication,work,eezxbl,84,62,81,64,146,58,42,0.4246575342465753,https://anu.au1.qualtrics.com/CP/Graphic.php?IM=IM_K9gcN6lroLv9RWm,https://anu.au1.qualtrics.com/CP/Graphic.php?IM=IM_4P5TdSYDHXaEjMe,https://anu.au1.qualtrics.com/CP/Graphic.php?IM=IM_6WhpX6sMx7iQtZS,58,42,37,34,21,8,19,36
124,124,124,ara05f,AITA - I saw a video of this guy video taping himself giving sandwiches to homeless people and I commented that he was vain,"Yesterday online I saw a post titled “My First ever LinkedIn Video. Me giving out sandwiches to the poor.” 

I thought this was incredibly vain so I commented “It was nice of you to do this but I’ve never been able to understand why people feel the need to video tape and post themselves doing something nice. Doesn’t this kind of defeat the entire purpose of doing a good deed? it becomes clear that your motivation isn’t exclusively that you want to help others”

I received a good amount of hate for this comment so I’m wondering reddit - AM I THE ASSHOLE?? ",social media,mental health,ara05f,227,242,87,82,502,48,52,0.4826175869120654,https://anu.au1.qualtrics.com/CP/Graphic.php?IM=IM_EU7Rs8BVGQUHqvU,https://anu.au1.qualtrics.com/CP/Graphic.php?IM=IM_ISBA93m0ll4yYpM,https://anu.au1.qualtrics.com/CP/Graphic.php?IM=IM_xVcQ6UhTBYbft61,48,52,39,45,9,7,13,18
125,125,125,b4o6ds,AITA for not wanting to do my husband's date night activity?,"My husband [28] and I [29] are in couples therapy and our therapist recommended doing a Friday night date every week. She specifically stated we should try to make it a fun thing, not chores and stuff like that, and go do it even if it might be something one of us doesnt want to do. 

We've been doing this for a few months and it's been going great until thursday. It was his week to plan the date. He hints that our fun Friday night date will be dirty. I'm already not thrilled about being dirty but whatever, I'll give whatever it is a shot. I ask if he'll tell me what it is. He says it's a surprise. 

Friday comes and he finally tells me what the surprise is. He's going to teach me how to change a tire. And honestly...I was pretty annoyed.

I have a high stress job and I'd been telling him all week how drained I am and how excited I am for Friday and the weekend to be able to relax. I thanked him for wanting to teach me but expressed that I felt duped. This was not anyone's idea of a fun date night activity. And trying to make it a surprise like it would be? I feel like this is a chore and just one more thing I need to do before I can enjoy my weekend. However, he says I'm an asshole because it would have been fun because we'd be together and two because I'm being unappreciative.

Am I the asshole? 
",time,celebrations,b4o6ds,45,156,65,64,220,22,78,0.2222222222222222,https://anu.au1.qualtrics.com/CP/Graphic.php?IM=IM_2rsinHu9StQL0pP,https://anu.au1.qualtrics.com/CP/Graphic.php?IM=IM_c9M9pCDx6JfWHDq,https://anu.au1.qualtrics.com/CP/Graphic.php?IM=IM_ZqlayZ6CWawmRck,22,78,14,51,8,27,35,36
126,126,126,batqm4,AITA For being upset at my parents even though they paid for my wedding?,"So, I'm ready to get roasted here but I will accept my judgment. I got married about 6 months ago, and my family offered to pay for most of the wedding. This was a HUGELY generous offer and I appreciated it a lot. I work in public service and there's no way I could have afforded a wedding at all. While I knew that by accepting the money, I really needed to let my family have the final word on a lot of decisions, I had one hold-out request that blew up into a huge fight. 

My parents have a neighbor, let's call him Charlie, who is just complete trash and NOTHING like any of their other friends.  I have nothing to do with him, and if he shows up at their place, I leave. He's racist, he's bigoted, he's exposed himself to women at parties as a ""joke,"" he's grabbed women while drunk, and he's a terrible alcoholic. Inexplicably, this guy is Teflon with my parents' friend group and according to them it would have been unthinkable to snub him. 

Now, we fought about this - an ugly fight. Tears were shed. I begged. My dad (he's mean) called me the ""c-word"" (and more) and threatened not to come to my wedding at all. He left me sobbing on the street and told me I was killing my mother because I am such an ungrateful bitch.

I am ... not proud of this but I caved. I was feeling vulnerable. I didn't want all the ugliness, my dad is seriously ill so every fight feels like I can't take it back, and my mom promised that Charlie would be escorted out at the first sign of trouble. I wasn't so sure, particularly because my group of friends is VERY diverse and my husband isn't white, but I trusted her that it would be okay for a few hours and I, according to her, ""wouldn't even know he's there.""

Fast forward to the wedding. Charlie gets rip roaring drunk and starts trying to fight our DJ. He's screaming ""fuck you,"" flipping him off, he's mad I guess because he doesn't like the music? The bartenders cut him off and he's escorted out. I didn't know this at the time because it was all handled so quickly. When I found out, I called the DJ and bartenders personally to apologize, but I'm livid. I'm so embarrassed. I know how easily this could have been worse, it could have just as easily been my husband's family, and I don't know that I would have ever been able to apologize enough. 

I am so angry at my parents for bullying me to invite Charlie, especially because he did exactly what I knew he would do and they act like no one saw this coming. AITA because I could have and should have walked away from their offer to pay and sidestepped the issue? Or is it fair of me to be upset because they used a generous offer coupled with a threat to blow up my family and estrange themselves to manipulate me to do something that made me horribly uncomfortable and it caused potentially disastrous consequences?",manners,money,batqm4,50,320,98,78,462,14,86,0.1375545851528384,https://anu.au1.qualtrics.com/CP/Graphic.php?IM=IM_U4EIHjITYyM3nts,https://anu.au1.qualtrics.com/CP/Graphic.php?IM=IM_9KQG5o7qBNoZpIP,https://anu.au1.qualtrics.com/CP/Graphic.php?IM=IM_nDKaMEXFxTwbx25,14,86,11,85,3,1,2,22
127,127,127,cm0bft,AITA for telling a friend’s friend that he couldn’t keep the “jackpot” that he hit on my antique slot machine? (About $700),"I had a party at my house last night. I have an antique slot machine from the 1940s that is in absolutely spotless and working condition in my living room. My step grandma was a show girl she she got it while dating a count room guy prior to meeting my grandpa.

Over the years people have played it and maybe won a few quarters here and there. Maybe a max of $50 at a time. As far as I know the jackpot was never hit on it so however it works there was probably about $700 in the jackpot reserve that had built up over the years. I’d never bothered to have it cleaned out since it just seemed like a fun novelty. 

Well a friend’s friend hit the jackpot last night. I was fucking floored when he legit thought he could keep my ~$700. His case was hed been playing with his own money and I would have kept his quarters. My argument  was I’d be happy to give him his quarters back if he’d asked but I’m not a casino and while I’m not destitute, I can’t afford to give someone $700. Argument caused the party to wind down and one of my best guy friends basically told the guy he’d be in real shit if he tried to leave with the money but the guy left threatening to come back with the cops and sue me in small claims court. I have no idea if that was realistic but no cops came back. 

So was I the asshole for nor letting him keep the money?",money,shopping,cm0bft,970,1191,97,88,2584,45,55,0.4478577202910266,https://anu.au1.qualtrics.com/CP/Graphic.php?IM=IM_1dAfQLuc5C0kibN,https://anu.au1.qualtrics.com/CP/Graphic.php?IM=IM_cY2FeoavHYL9nNn,https://anu.au1.qualtrics.com/CP/Graphic.php?IM=IM_PpPSLHWyeLC9BkS,45,55,40,53,5,2,3,12
128,128,128,cwgvuy,AITA for asking my boyfriend to pay half my monthly car payment because he took my car without asking?,"I bought a new (new to me) car roughly a year and a half ago. It is the nicest car I have ever owned and the first time I've had car payments, $173.00 to be exact. 

Last month I went out of town for work for a week. My boyfriend drove me to the airport the morning of my flight in my car. I offered to take my car that morning because the airport is out of the way and it was a nice gesture to drop me off instead of taking a ride service. While I was away he informed me he was heading to his home town for the weekend to visit his family/friends and to go rock climbing and camping. A round trip back home is 230 miles without driving around town/to the climbing spot/ out to his family's house in the valley. 

I had feeling while chatting with him the day he got to home town and simply asked which car he took. He said mine. I reacted and said it would've been nice if he had asked. He apologized the same day and said he didnt think it was a big deal. I tried explaining to him i was upset because putting hundreds of miles on my car without my knowledge is disrespectful. I feel like I  should say we've had a couple fights in the past over him asking to use my car and me saying no. 

He has never paid for any part of my car payment, maintenance, or insurance which I explained as calmly as possible. I honestly believe he took my car without asking because he knew I would say no and since I was out of the state there was nothing I could do. 

Anyways, I told him I want him to understand there are consequences to his actions and he should pay the $86 as half of my monthly car payment for putting 300+ miles on my car. He claimed he could pay $50 which I said no to. I want the $86.

AITA?",driving,money,cwgvuy,82,112,96,54,253,42,58,0.4212765957446808,https://anu.au1.qualtrics.com/CP/Graphic.php?IM=IM_vObkWmlNmNs7qA9,https://anu.au1.qualtrics.com/CP/Graphic.php?IM=IM_mAx1BjWd7TioaBt,https://anu.au1.qualtrics.com/CP/Graphic.php?IM=IM_M67GJGhz79An9YF,42,58,23,56,19,2,4,46
129,129,129,d5vl6n,AITA for locking a kid in the bathroom?,"I(26F) am single and currently living in an apartment with my cat. Next door lives what looks like a single mother(40+-) and her son(8). I work early shifts, so I am usually home in the afternoons and would spend the rest of the day playing video games or painting.

The mother next door sometimes would drop her son by my door and ask me to look after him as she goes out, she would usually pick him up a few hours later. I am actually quite reluctant to help but consider that they may be in difficult situations I just suck it up. It’s not like I have to babysit or entertain him, just letting him play my video games for a few hours and that’s all. The son sometimes makes a mess by rummaging through my things but I could handle that by telling him off and tidy them up later. 

It was another one of the days when I let the son in and left him be. For a while everything seemed to be fine, until I realized that my cat was missing. I looked everywhere but she was nowhere to be seen. I then turned to the kid and asked if he had anything to do with it, but he was busy with his game and brushed me off impatiently. Some time later, I found my terrified cat in the FREEZER.

I confronted the kid and demanded to know why he did that? He swore to god that he had nothing to do with it at first, then changed his words and said that the cat jumped in when he took some ice for his drinks. I then ignored his protests and locked him in the bathroom for the rest of his stay till his mother came to pick him up.

Not surprisingly the mother was furious about how I treated her son. I told her that I did it for the safety of my cat because I found her precious kid trying to kill her. She argued that I could have locked up my cat instead, in which I replied that I had no obligation looking after her son in the first place. She threatened to press charges against me before storming away with her son. 

I shared this with my friends and while some said I should have rejected them a long time ago, others said I went too far. What do you think?",time,children,d5vl6n,221,254,97,79,546,47,53,0.4731800766283525,https://anu.au1.qualtrics.com/CP/Graphic.php?IM=IM_jjnKd3FWGEMdrew,https://anu.au1.qualtrics.com/CP/Graphic.php?IM=IM_szyOBxXufGFSjok,https://anu.au1.qualtrics.com/CP/Graphic.php?IM=IM_v0hS0qambdAuGRF,47,53,37,51,10,2,3,21
130,130,130,daf4tf,AITA for telling my son I won't visit him until he has kids?,"My son and his wife came back from honeymoon with the news that they were going to move to another state in order to be closer to her family. This is because they plan to have kids and it will be much easier to get help from her family which is bigger than ours. We had a bit of a conflict over this but once things settled my wife and I decided to work out how this would work for us as our son expected us to visit them. 

The thing is, the only way we could visit them is if we flew over to their state. Which would take 5+ hours and travelling by car is not realistic as it is 40+ hours away.Not to mention the costs as we would also have to pay for accommodations. All of this to stay a weekend which is the amount of time that my son expects us to stay around. 

Both me and my wife considered this too strenuous and not that viable for us. I told this to my son and mentioned that once they had kids we could make more of an effort but until then we would only visit them at the end of the year. He and his wife both got upset and told us that we were clearly doing this to punish them for deciding to live near her family. Now it seems that they have decided to cut off contact with us and I can't help but wonder if I'm the asshole on this.",vacation,children,daf4tf,159,100,79,85,338,61,39,0.3850931677018633,https://anu.au1.qualtrics.com/CP/Graphic.php?IM=IM_TpizDfwZbkFf5Iu,https://anu.au1.qualtrics.com/CP/Graphic.php?IM=IM_2iGSmzsceFUaYnz,https://anu.au1.qualtrics.com/CP/Graphic.php?IM=IM_2wPPztxVTr77iYk,61,39,52,31,9,8,21,15
131,131,131,duerhh,AITA for telling my mom our illnesses aren’t the same?,"
BACKGROUND

So, when I was a kid I was diagnosed with an extremely rare life-threatening illness. I spent years in and out of hospitals, getting surgeries and treatments that would take a huge toll on my physical and mental health, and nothing I could have done could’ve prevented me from getting this illness, and nothing I’ll ever do will make it better or make it go away. It very well may kill me, but if it doesn’t it will make me wish it would. 

My mom on the other hand, has never really cared about her health or well being in general. She had a benign brain tumor a few years back and doctors told her to get annual MRI’s to make sure it’s okay, she never did, claiming it was too much work. That’s not the reason for this post, just some more info. 

STORY TIME

About two-three years ago she was told she is at a risk for Type 2 Diabetes and was given a list of things she can do to help prevent it. She never did any of them. In fact, she blatantly refused to and said that she can make it better herself. Spoiler alert, she couldn’t. 

A few months ago, the doctor for the third time told her she has T2D and in my moms words “forced” her to call it that. The doctor then told her in kinder words than this but similar context to “get her shit together” and once again gave her a list of things to do to take care of herself, she didn’t do any. 

Up until three-ish weeks ago my mom refused, saying it was too hard, but finally partially started doing them. She still drinks 1-2 bottles of Diet Coke a day, around Halloween she ate six full size candy bars in a span of three days. Her reasoning for this? Her doctor said that she technically can still drink soda, and the candy bars she ate had the least amount of carbs. 

I’ve been building up anger about this, since she could have prevented this disease and didn’t take any of the steps, and I never could have prevented mine. Today I lost it on her. 

She made a joke saying that our two situations are one in the same and I went off. 

I told her that in no way are we or will we ever be the same. That my life was forever changed through no fault of my own and will never be normal again. That nothing I could’ve done would have stopped me from getting sick and nothing I will ever do will make it better. 

I told her it’s her own damn fault for refusing to take care of herself, and if she would’ve listened to the doctors advice she wouldn’t be in this situation. I said that we’re nowhere near the same and I hate her for saying we are. She caused this herself while my disease was purely shit luck. 

She got upset and kept saying she was joking, I said it not a joking matter. I’ll admit I was a little harsh and made her cry, which I do feel bad about, but I don’t feel bad for saying it. She stormed off and called me a mean and cruel person.",medicine,jokes,duerhh,83,138,91,40,263,38,62,0.3818897637795275,https://anu.au1.qualtrics.com/CP/Graphic.php?IM=IM_OaIkFqgCxRno0HN,https://anu.au1.qualtrics.com/CP/Graphic.php?IM=IM_ywunZx7A4TwIcVA,https://anu.au1.qualtrics.com/CP/Graphic.php?IM=IM_HK0qj846rC2SjS9,38,62,15,57,23,5,9,60
132,132,132,dvw4dt,AITA for making wife step down from her promotion?,"My wife (F26) and I (M26) have been married for 2 years. We met at our current workplace, where we both worked as colleagues. 

Around 2 months ago, our manager left to focus on a different career path, as the position needed filling my wife decided to apply for the role (I decided not to just to avoid any conflict). She deservingly got the position and technically became my 'boss'

She was over the moon with her new position, excited for the change and looking forward to her new role.

Let me mention at this point that I was and still am super happy for her but I didn't think things would change this drastically between us. 

She's started to confide in me less and less regarding work stress as she thinks I'm not capable to understand what she's going through making me feel like I'm beneath her and has spent next to no time with me during work (lunch, breaks). She's been extremely hard on me at work aswell as always being on my case. 

Without doubt her new position requires more commitment and so she does work more than I do, but apparently this gives her the right to always be 'exhausted' to put any effort in our relationship. We used to have weekly date nights yet since her promotion, we've not been on single one, when I try to organise something special for us she always makes some excuse, either she's busy with work or something else comes up. 

I've tried talking to her, telling her how I feel but I always get the response 'well you're not in my position, you don't know how hard I'm trying'.

Things were getting stressful at work so I talked to a different team manager and got transferred onto his team. When she found out, she immediately came to talk to me and was pretty mad that I did that without telling her, saying how it makes her look bad and incapable of her new role. 

Since then she's been avoiding me at work and not been her normal self at home. I saw her crying, when I went to try and comfort her she just said it was nothing. 

The next couple of days go by and I find out from my team manager that she's going to be stepping down back to her normal position, effectively demoting herself. I know im  responsible for this situation",work,time,dvw4dt,163,213,73,69,456,43,57,0.4289044289044289,https://anu.au1.qualtrics.com/CP/Graphic.php?IM=IM_Q4ABgvrrxIP8ljq,https://anu.au1.qualtrics.com/CP/Graphic.php?IM=IM_uUbDUVClSbtIR4c,https://anu.au1.qualtrics.com/CP/Graphic.php?IM=IM_fHze0tV5Fdkj0Lq,43,57,30,42,13,15,27,31
133,133,133,apympl,AITA for not telling my SO that I am a millionaire?,"For reference, I’m an attorney and my SO is a software engineer. We’ve been married for 5 years. We have a 3 year old daughter and live a comfortable upper middle class life.

I won the lottery to the tune of 8 figures in my senior year of undergrad. After taking some friends on a 2 month European vacation, setting up trusts for my parents’ retirement and my brother’s college education, and paying for law school, I put what remained (not an insignificant amount) into various investment accounts. I don’t intend to touch these accounts until retirement. If all goes well, my SO and I should be able to retire before age 55.

There haven’t been any issues in our marriage as of yet. Arguments are easily resolved, our sex life is quite good, and we’ve never had to worry financially. My reluctance to tell my current SO about my wealth stems from prior relationships where it’s clear in hindsight that my former SOs weren’t interested in me but my money. But at the same time, I feel that I shouldn’t continue keeping a secret as big as this from my SO.

So, AITA for keeping my wealth a secret?
",money,education,apympl,99,106,65,88,232,48,52,0.48,https://anu.au1.qualtrics.com/CP/Graphic.php?IM=IM_rPuMp9BguAuRp0B,https://anu.au1.qualtrics.com/CP/Graphic.php?IM=IM_v4FeXNpr57hOKOk,https://anu.au1.qualtrics.com/CP/Graphic.php?IM=IM_9yK1Un94BgvXqmp,48,52,42,34,6,18,35,12
134,134,134,c89hcd,AITA for leaving my drunk friend to fend for herself?,"I have a friend who usually needs to be taken care of when she’s drunk.  I’ve been sick of doing it for a long time.  I’ve made comments to her about it, but nothing has changed.  We all went out last night.   I saw her getting fucked up and didn’t want to deal with it so I just left. 

Now she’s pissed.  I woke up to a bunch of texts.  I guess she passed out in public and was taken to the ER.  She says she relies on me to keep her safe, but it’s never a job I signed up for.",parties,money,c89hcd,157,146,94,57,397,52,48,0.4811827956989247,https://anu.au1.qualtrics.com/CP/Graphic.php?IM=IM_q7MqRkyrgJ5EbNO,https://anu.au1.qualtrics.com/CP/Graphic.php?IM=IM_eLtMvL5YpeHLumd,https://anu.au1.qualtrics.com/CP/Graphic.php?IM=IM_fkaxRlpsRfwP2a0,52,48,30,45,22,3,6,43
