post_id,label,Certainty
cgygbr,NTA,4.0
cgygbr,YTA,4.0
cgygbr,NAH,4.0
cgygbr,YTA,4.0
cgygbr,YTA,4.0
cgygbr,NAH,4.0
cgygbr,NAH,4.0
cgygbr,NTA,4.0
cgygbr,YTA,4.0
cgygbr,NTA,4.0
cgygbr,NAH,3.0
cgygbr,YTA,4.0
cgygbr,NAH,4.0
cgygbr,YTA,4.0
cgygbr,YTA,4.0
cgygbr,YTA,4.0
cgygbr,YTA,4.0
cgygbr,NAH,3.0
cgygbr,NAH,4.0
cgygbr,YTA,3.0
cgygbr,NAH,4.0
cgygbr,NTA,4.0
cgygbr,NAH,4.0
cgygbr,NAH,4.0
cgygbr,YTA,4.0
cgygbr,YTA,4.0
cgygbr,YTA,4.0
cgygbr,NAH,4.0
cgygbr,NTA,4.0
cgygbr,NTA,4.0
cgygbr,YTA,4.0
cgygbr,NTA,4.0
cgygbr,YTA,4.0
cgygbr,ESH,3.0
cgygbr,YTA,4.0
cgygbr,NAH,3.0
cgygbr,NTA,4.0
cgygbr,NTA,4.0
cgygbr,NTA,4.0
cgygbr,NTA,4.0
cgygbr,YTA,4.0
cgygbr,YTA,4.0
cgygbr,NAH,4.0
cgygbr,NTA,4.0
cgygbr,YTA,4.0
cgygbr,YTA,4.0
cgygbr,NTA,4.0
cgygbr,NAH,1.0
cgygbr,NAH,4.0
cgygbr,NTA,4.0
cgygbr,NAH,4.0
cgygbr,NTA,4.0
cgygbr,YTA,4.0
cgygbr,NTA,4.0
cgygbr,YTA,4.0
cgygbr,YTA,4.0
cgygbr,NTA,4.0
cgygbr,YTA,4.0
cgygbr,NTA,4.0
cgygbr,YTA,4.0
cgygbr,YTA,4.0
cgygbr,NAH,4.0
cgygbr,YTA,4.0
cgygbr,NTA,4.0
cgygbr,NAH,4.0
cgygbr,YTA,4.0
cgygbr,YTA,4.0
cgygbr,YTA,4.0
cgygbr,YTA,4.0
cgygbr,YTA,4.0
cgygbr,YTA,4.0
cgygbr,YTA,4.0
cgygbr,YTA,4.0
cgygbr,YTA,4.0
cgygbr,NTA,4.0
cgygbr,YTA,4.0
cgygbr,NAH,4.0
cgygbr,NAH,3.0
cgygbr,YTA,4.0
cgygbr,YTA,4.0
cgygbr,YTA,4.0
cgygbr,YTA,4.0
cgygbr,NAH,4.0
cgygbr,YTA,4.0
cgygbr,NAH,3.0
cgygbr,YTA,4.0
cgygbr,YTA,4.0
cgygbr,NTA,4.0
cgygbr,NTA,4.0
cgygbr,YTA,4.0
cgygbr,NAH,4.0
cgygbr,YTA,4.0
cgygbr,YTA,4.0
cgygbr,NAH,3.0
cgygbr,YTA,4.0
cgygbr,YTA,4.0
cgygbr,YTA,4.0
cgygbr,NAH,4.0
cgygbr,YTA,4.0
cgygbr,NAH,4.0
cgygbr,NTA,4.0
cgygbr,YTA,3.0
cgygbr,NTA,4.0
cgygbr,NTA,4.0
cgygbr,NTA,4.0
cgygbr,NAH,4.0
cgygbr,NAH,4.0
cgygbr,NAH,4.0
cgygbr,YTA,4.0
cgygbr,NTA,4.0
cgygbr,YTA,4.0
cgygbr,YTA,4.0
cgygbr,YTA,4.0
cgygbr,ESH,3.0
cgygbr,NTA,4.0
cgygbr,NTA,4.0
cgygbr,NTA,4.0
cgygbr,NAH,4.0
cgygbr,NAH,4.0
cgygbr,YTA,4.0
cgygbr,NTA,4.0
cgygbr,YTA,4.0
cgygbr,YTA,4.0
cgygbr,YTA,4.0
cgygbr,NTA,4.0
cgygbr,YTA,4.0
cgygbr,NTA,4.0
cgygbr,NAH,4.0
cgygbr,NTA,4.0
cgygbr,NTA,4.0
cgygbr,NTA,4.0
cgygbr,YTA,4.0
cgygbr,NTA,4.0
cgygbr,YTA,4.0
cgygbr,YTA,4.0
cgygbr,NTA,4.0
cgygbr,YTA,4.0
cgygbr,NAH,3.0
cgygbr,NTA,4.0
cgygbr,NTA,4.0
cgygbr,NAH,4.0
cgygbr,NAH,1.0
cgygbr,YTA,4.0
cgygbr,NAH,4.0
cgygbr,YTA,4.0
cgygbr,NTA,4.0
cgygbr,YTA,4.0
cgygbr,ESH,3.0
cgygbr,NTA,4.0
cgygbr,NAH,4.0
cgygbr,YTA,4.0
cgygbr,YTA,4.0
cgygbr,YTA,4.0
cgygbr,YTA,4.0
cgygbr,YTA,4.0
cgygbr,NAH,4.0
cgygbr,NAH,4.0
cgygbr,NAH,3.0
cgygbr,NAH,1.0
cgygbr,YTA,4.0
cgygbr,NAH,3.0
cgygbr,NTA,4.0
cgygbr,YTA,4.0
cgygbr,NAH,4.0
cgygbr,NTA,4.0
cgygbr,NAH,4.0
cgygbr,NAH,4.0
cgygbr,YTA,4.0
cgygbr,NTA,4.0
cgygbr,NAH,4.0
cgygbr,NAH,4.0
cgygbr,NTA,4.0
cgygbr,YTA,4.0
cgygbr,YTA,4.0
cgygbr,NAH,4.0
cgygbr,NAH,3.0
cgygbr,YTA,4.0
cgygbr,NTA,4.0
cgygbr,YTA,4.0
cgygbr,NTA,4.0
cgygbr,YTA,4.0
cgygbr,NAH,3.0
cgygbr,NAH,4.0
cgygbr,NAH,1.0
cgygbr,NAH,3.0
cgygbr,YTA,4.0
cgygbr,NTA,4.0
cgygbr,YTA,4.0
cgygbr,YTA,3.0
cgygbr,NAH,4.0
cgygbr,YTA,4.0
cgygbr,YTA,4.0
cgygbr,NAH,3.0
cgygbr,YTA,4.0
cgygbr,NTA,4.0
cgygbr,YTA,4.0
cgygbr,NAH,4.0
cgygbr,NAH,4.0
cgygbr,YTA,4.0
cgygbr,YTA,4.0
cgygbr,YTA,4.0
cgygbr,NAH,4.0
cgygbr,NAH,3.0
cgygbr,NTA,4.0
cgygbr,YTA,4.0
cgygbr,NTA,4.0
cgygbr,NAH,4.0
cgygbr,YTA,4.0
cgygbr,NTA,4.0
cgygbr,NTA,4.0
cgygbr,YTA,4.0
cgygbr,NAH,4.0
cgygbr,NTA,4.0
cgygbr,ESH,4.0
cgygbr,YTA,3.0
cgygbr,YTA,4.0
cgygbr,NAH,4.0
cgygbr,NAH,3.0
cgygbr,NAH,3.0
cgygbr,NTA,4.0
dbts0d,NTA,4.0
dbts0d,NTA,4.0
dbts0d,NTA,4.0
dbts0d,NTA,3.0
dbts0d,NTA,4.0
dbts0d,YTA,4.0
dbts0d,NTA,4.0
dbts0d,NTA,4.0
dbts0d,NTA,4.0
dbts0d,NTA,4.0
dbts0d,NTA,4.0
dbts0d,NTA,4.0
dbts0d,NTA,4.0
dbts0d,NTA,4.0
dbts0d,NTA,3.0
dbts0d,ESH,3.0
dbts0d,NTA,3.0
dbts0d,NTA,4.0
dbts0d,NTA,4.0
dbts0d,ESH,3.0
dbts0d,ESH,3.0
dbts0d,YTA,4.0
dbts0d,NTA,4.0
dbts0d,NTA,4.0
dbts0d,NTA,4.0
dbts0d,ESH,3.0
dbts0d,ESH,3.0
dbts0d,NTA,4.0
dbts0d,ESH,1.0
dbts0d,YTA,4.0
dbts0d,NTA,4.0
dbts0d,NTA,4.0
dbts0d,ESH,3.0
dbts0d,YTA,4.0
dbts0d,NTA,4.0
dbts0d,NTA,4.0
dbts0d,NTA,4.0
dbts0d,YTA,4.0
dbts0d,NTA,4.0
dbts0d,ESH,4.0
dbts0d,NTA,4.0
dbts0d,NTA,4.0
dbts0d,YTA,4.0
dbts0d,YTA,3.0
dbts0d,NTA,4.0
dbts0d,NTA,4.0
dbts0d,NTA,4.0
dbts0d,NTA,4.0
dbts0d,NTA,4.0
dbts0d,NTA,4.0
dbts0d,NTA,4.0
dbts0d,ESH,4.0
dbts0d,ESH,3.0
dbts0d,NTA,4.0
dbts0d,NTA,4.0
dbts0d,NTA,4.0
dbts0d,ESH,3.0
dbts0d,YTA,3.0
dbts0d,NTA,4.0
dbts0d,ESH,4.0
dbts0d,NTA,4.0
dbts0d,YTA,3.0
dbts0d,YTA,4.0
dbts0d,ESH,3.0
dbts0d,ESH,4.0
dbts0d,NTA,4.0
dbts0d,NTA,4.0
dbts0d,NTA,4.0
dbts0d,YTA,4.0
dbts0d,NTA,4.0
dbts0d,NTA,4.0
dbts0d,NTA,4.0
dbts0d,YTA,3.0
dbts0d,NTA,4.0
dbts0d,YTA,4.0
dbts0d,NTA,4.0
dbts0d,NTA,4.0
dbts0d,NTA,4.0
dbts0d,NTA,4.0
dbts0d,YTA,4.0
dbts0d,NTA,4.0
dbts0d,NTA,4.0
dbts0d,NTA,4.0
dbts0d,ESH,4.0
dbts0d,NTA,3.0
dbts0d,YTA,4.0
dbts0d,NTA,4.0
dbts0d,YTA,4.0
dbts0d,YTA,4.0
dbts0d,NTA,4.0
dbts0d,NTA,3.0
dbts0d,NTA,4.0
dbts0d,YTA,4.0
dbts0d,NTA,4.0
dbts0d,NTA,4.0
dbts0d,NTA,4.0
dbts0d,NTA,4.0
dbts0d,NTA,4.0
dbts0d,NTA,1.0
dbts0d,YTA,4.0
dbts0d,NTA,4.0
dbts0d,NTA,4.0
dbts0d,NTA,4.0
dbts0d,NTA,4.0
dbts0d,NTA,4.0
dbts0d,ESH,3.0
dbts0d,NTA,4.0
ddqmea,YTA,4.0
ddqmea,YTA,4.0
ddqmea,NTA,4.0
ddqmea,NTA,4.0
ddqmea,ESH,4.0
ddqmea,NTA,4.0
ddqmea,YTA,4.0
ddqmea,NTA,4.0
ddqmea,NAH,3.0
ddqmea,NTA,4.0
ddqmea,NTA,4.0
ddqmea,NAH,4.0
ddqmea,YTA,4.0
ddqmea,ESH,1.0
ddqmea,NAH,3.0
ddqmea,NTA,3.0
ddqmea,NAH,3.0
ddqmea,ESH,2.0
ddqmea,YTA,4.0
ddqmea,YTA,4.0
ddqmea,NAH,4.0
ddqmea,YTA,4.0
ddqmea,YTA,4.0
ddqmea,NTA,4.0
ddqmea,NAH,3.0
ddqmea,NAH,3.0
ddqmea,ESH,3.0
ddqmea,NTA,4.0
ddqmea,YTA,4.0
ddqmea,NAH,3.0
ddqmea,YTA,4.0
ddqmea,NTA,4.0
ddqmea,NTA,4.0
ddqmea,NAH,3.0
ddqmea,YTA,4.0
ddqmea,NTA,4.0
ddqmea,NTA,4.0
ddqmea,NTA,4.0
ddqmea,YTA,4.0
ddqmea,YTA,4.0
ddqmea,NTA,4.0
ddqmea,YTA,4.0
ddqmea,NTA,4.0
ddqmea,NTA,4.0
ddqmea,NTA,4.0
ddqmea,YTA,4.0
ddqmea,NTA,4.0
ddqmea,NAH,3.0
ddqmea,NTA,4.0
ddqmea,NAH,3.0
ddqmea,NTA,4.0
ddqmea,NAH,3.0
ddqmea,NTA,4.0
ddqmea,YTA,4.0
ddqmea,YTA,4.0
ddqmea,YTA,4.0
ddqmea,YTA,3.0
ddqmea,YTA,4.0
ddqmea,NAH,3.0
ddqmea,NAH,4.0
ddqmea,NAH,4.0
ddqmea,YTA,4.0
ddqmea,NTA,3.0
ddqmea,YTA,3.0
ddqmea,YTA,4.0
ddqmea,NAH,3.0
ddqmea,YTA,4.0
ddqmea,NTA,4.0
ddqmea,NTA,4.0
ddqmea,NTA,4.0
ddqmea,NAH,4.0
ddqmea,YTA,4.0
ddqmea,YTA,4.0
ddqmea,YTA,4.0
ddqmea,NAH,3.0
ddqmea,YTA,3.0
ddqmea,YTA,4.0
ddqmea,YTA,3.0
ddqmea,YTA,4.0
ddqmea,NTA,4.0
ddqmea,NAH,3.0
ddqmea,YTA,3.0
ddqmea,YTA,4.0
ddqmea,YTA,3.0
ddqmea,NTA,4.0
ddqmea,NTA,4.0
ddqmea,YTA,4.0
ddqmea,NAH,4.0
ddqmea,NTA,4.0
ddqmea,YTA,4.0
ddqmea,YTA,4.0
ddqmea,NTA,4.0
ddqmea,YTA,4.0
ddqmea,NAH,3.0
ddqmea,YTA,4.0
ddqmea,YTA,4.0
ddqmea,NTA,4.0
ddqmea,ESH,3.0
ddqmea,YTA,4.0
dtr5vi,NTA,4.0
dtr5vi,NTA,4.0
dtr5vi,NTA,4.0
dtr5vi,NTA,4.0
dtr5vi,NTA,4.0
dtr5vi,ESH,4.0
dtr5vi,NTA,4.0
dtr5vi,ESH,4.0
dtr5vi,NTA,4.0
dtr5vi,ESH,2.0
dtr5vi,ESH,1.0
dtr5vi,NTA,4.0
dtr5vi,ESH,3.0
dtr5vi,NTA,4.0
dtr5vi,NTA,4.0
dtr5vi,ESH,4.0
dtr5vi,NTA,4.0
dtr5vi,ESH,4.0
dtr5vi,NTA,4.0
dtr5vi,ESH,4.0
dtr5vi,NTA,4.0
dtr5vi,NTA,4.0
dtr5vi,ESH,3.0
dtr5vi,YTA,4.0
dtr5vi,NTA,4.0
dtr5vi,NTA,4.0
dtr5vi,ESH,4.0
dtr5vi,NTA,4.0
dtr5vi,ESH,3.0
dtr5vi,ESH,4.0
dtr5vi,YTA,4.0
dtr5vi,NTA,4.0
dtr5vi,NTA,4.0
dtr5vi,YTA,4.0
dtr5vi,NTA,4.0
dtr5vi,NAH,3.0
dtr5vi,NTA,4.0
dtr5vi,NTA,4.0
dtr5vi,ESH,3.0
dtr5vi,NTA,4.0
dtr5vi,NTA,4.0
dtr5vi,YTA,4.0
dtr5vi,NTA,4.0
dtr5vi,NTA,4.0
dtr5vi,ESH,3.0
dtr5vi,NTA,4.0
dtr5vi,NTA,4.0
dtr5vi,NTA,4.0
dtr5vi,YTA,4.0
dtr5vi,NTA,4.0
dtr5vi,NTA,4.0
dtr5vi,ESH,4.0
dtr5vi,NTA,4.0
dtr5vi,NTA,4.0
dtr5vi,NTA,4.0
dtr5vi,NTA,4.0
dtr5vi,NTA,4.0
dtr5vi,YTA,4.0
dtr5vi,ESH,4.0
dtr5vi,ESH,4.0
dtr5vi,ESH,4.0
dtr5vi,NTA,4.0
dtr5vi,YTA,4.0
dtr5vi,NTA,3.0
dtr5vi,ESH,4.0
dtr5vi,ESH,4.0
dtr5vi,ESH,3.0
dtr5vi,NTA,4.0
dtr5vi,NTA,4.0
dtr5vi,NTA,4.0
dtr5vi,NTA,4.0
dtr5vi,NAH,4.0
dtr5vi,YTA,4.0
dtr5vi,NTA,4.0
dtr5vi,NTA,4.0
dtr5vi,ESH,3.0
dtr5vi,NTA,4.0
dtr5vi,YTA,4.0
dtr5vi,NTA,4.0
dtr5vi,YTA,4.0
dtr5vi,NTA,4.0
dtr5vi,YTA,4.0
dtr5vi,NTA,4.0
dtr5vi,NTA,4.0
dtr5vi,NTA,4.0
bbbbhe,NTA,4.0
bbbbhe,NTA,4.0
bbbbhe,NTA,4.0
bbbbhe,NTA,4.0
bbbbhe,NTA,4.0
bbbbhe,NTA,4.0
bbbbhe,NTA,4.0
bbbbhe,NTA,4.0
bbbbhe,NAH,4.0
bbbbhe,NAH,4.0
bbbbhe,NTA,4.0
bbbbhe,NTA,4.0
bbbbhe,YTA,3.0
bbbbhe,YTA,3.0
bbbbhe,NTA,4.0
bbbbhe,NTA,4.0
bbbbhe,NTA,4.0
bbbbhe,NTA,4.0
bbbbhe,NAH,3.0
bbbbhe,NAH,3.0
bbbbhe,NTA,4.0
bbbbhe,NTA,4.0
bbbbhe,NAH,4.0
bbbbhe,NAH,4.0
bbbbhe,NTA,4.0
bbbbhe,NTA,4.0
bbbbhe,NTA,4.0
bbbbhe,NTA,4.0
bbbbhe,NTA,4.0
bbbbhe,NTA,4.0
bbbbhe,NTA,4.0
bbbbhe,NTA,4.0
bbbbhe,NTA,4.0
bbbbhe,NTA,4.0
bbbbhe,NTA,4.0
bbbbhe,NTA,4.0
bbbbhe,NTA,4.0
bbbbhe,NTA,4.0
bbbbhe,NTA,4.0
bbbbhe,NTA,4.0
bbbbhe,NTA,4.0
bbbbhe,NTA,4.0
bbbbhe,NAH,3.0
bbbbhe,NAH,3.0
bbbbhe,NAH,4.0
bbbbhe,NAH,4.0
bbbbhe,NTA,4.0
bbbbhe,NTA,4.0
bbbbhe,NTA,4.0
bbbbhe,NTA,4.0
bbbbhe,NTA,4.0
bbbbhe,NTA,4.0
bbbbhe,NTA,4.0
bbbbhe,NTA,4.0
bbbbhe,NTA,4.0
bbbbhe,NTA,4.0
bbbbhe,NTA,4.0
bbbbhe,NTA,4.0
bbbbhe,NTA,4.0
bbbbhe,NTA,4.0
bbbbhe,NTA,4.0
bbbbhe,NTA,4.0
bbbbhe,NTA,4.0
bbbbhe,NTA,4.0
bbbbhe,NTA,4.0
bbbbhe,NTA,4.0
bbbbhe,NTA,4.0
bbbbhe,NTA,4.0
bbbbhe,NTA,4.0
bbbbhe,NTA,4.0
bbbbhe,NTA,4.0
bbbbhe,NTA,4.0
bbbbhe,NTA,4.0
bbbbhe,NTA,4.0
bbbbhe,NTA,4.0
bbbbhe,NTA,4.0
bbbbhe,NTA,4.0
bbbbhe,NTA,4.0
bbbbhe,NTA,4.0
bbbbhe,NTA,4.0
bbbbhe,NTA,4.0
bbbbhe,NTA,4.0
bbbbhe,NTA,4.0
bbbbhe,NTA,4.0
bbbbhe,NTA,4.0
bbbbhe,NTA,4.0
bbbbhe,NTA,4.0
bbbbhe,NTA,4.0
bbbbhe,NTA,4.0
bbbbhe,NTA,4.0
bbbbhe,NTA,4.0
bbbbhe,NTA,4.0
bbbbhe,NTA,4.0
bbbbhe,NTA,4.0
bbbbhe,NTA,4.0
bbbbhe,NTA,4.0
bbbbhe,NAH,4.0
bbbbhe,NAH,4.0
bbbbhe,NTA,4.0
bbbbhe,NTA,4.0
bbbbhe,NTA,4.0
bbbbhe,NTA,4.0
bbbbhe,NTA,4.0
bbbbhe,NTA,4.0
bbbbhe,NTA,4.0
bbbbhe,NTA,4.0
bbbbhe,NTA,4.0
bbbbhe,NTA,4.0
bbbbhe,NTA,4.0
bbbbhe,NTA,4.0
bbbbhe,NTA,4.0
bbbbhe,NTA,4.0
bbbbhe,NTA,4.0
bbbbhe,NTA,4.0
bbbbhe,NTA,4.0
bbbbhe,NTA,4.0
bbbbhe,NTA,4.0
bbbbhe,NTA,4.0
bbbbhe,NTA,4.0
bbbbhe,NTA,4.0
bbbbhe,NTA,4.0
bbbbhe,NTA,4.0
bbbbhe,NTA,4.0
bbbbhe,NTA,4.0
bbbbhe,NTA,4.0
bbbbhe,NTA,4.0
bbbbhe,NTA,4.0
bbbbhe,NTA,4.0
bbbbhe,NTA,4.0
bbbbhe,NTA,4.0
bbbbhe,NTA,4.0
bbbbhe,NTA,4.0
bbbbhe,NTA,4.0
bbbbhe,NTA,4.0
bbbbhe,NTA,4.0
bbbbhe,NTA,4.0
bbbbhe,NTA,4.0
bbbbhe,NTA,4.0
bbbbhe,NTA,4.0
bbbbhe,NTA,4.0
bbbbhe,NTA,4.0
bbbbhe,NTA,4.0
bbbbhe,NTA,4.0
bbbbhe,NTA,4.0
bbbbhe,NTA,4.0
bbbbhe,NTA,4.0
bbbbhe,NTA,4.0
bbbbhe,NTA,4.0
bbbbhe,NTA,4.0
bbbbhe,NTA,4.0
bbbbhe,NTA,4.0
bbbbhe,NTA,4.0
bbbbhe,NTA,4.0
bbbbhe,NTA,4.0
bbbbhe,NTA,4.0
bbbbhe,NTA,4.0
bbbbhe,NTA,4.0
bbbbhe,NTA,4.0
bbbbhe,NTA,4.0
bbbbhe,NTA,4.0
bbbbhe,NAH,4.0
bbbbhe,NAH,4.0
bbbbhe,NTA,4.0
bbbbhe,NTA,4.0
bbbbhe,NTA,4.0
bbbbhe,NTA,4.0
bbbbhe,NTA,4.0
bbbbhe,NTA,4.0
bbbbhe,NTA,4.0
bbbbhe,NTA,4.0
bbbbhe,NTA,4.0
bbbbhe,NTA,4.0
bbbbhe,YTA,4.0
bbbbhe,YTA,4.0
bbbbhe,NTA,4.0
bbbbhe,NTA,4.0
bbbbhe,NTA,4.0
bbbbhe,NTA,4.0
bbbbhe,NTA,4.0
bbbbhe,NTA,4.0
bbbbhe,NAH,4.0
bbbbhe,NAH,4.0
bbbbhe,NTA,4.0
bbbbhe,NTA,4.0
bbbbhe,NTA,4.0
bbbbhe,NTA,4.0
bbbbhe,NTA,4.0
bbbbhe,NTA,4.0
bbbbhe,NTA,4.0
bbbbhe,NTA,4.0
bbbbhe,NTA,4.0
bbbbhe,NTA,4.0
bbbbhe,NTA,4.0
bbbbhe,NTA,4.0
bbbbhe,NTA,4.0
bbbbhe,NTA,4.0
bbbbhe,NAH,4.0
bbbbhe,NAH,4.0
bbbbhe,NTA,4.0
bbbbhe,NTA,4.0
bbbbhe,NTA,4.0
bbbbhe,NTA,4.0
bbbbhe,NTA,4.0
bbbbhe,NTA,4.0
bbbbhe,NTA,4.0
bbbbhe,NTA,4.0
bbbbhe,NAH,4.0
bbbbhe,NAH,4.0
bbbbhe,NTA,4.0
bbbbhe,NTA,4.0
bbbbhe,NTA,4.0
bbbbhe,NTA,4.0
bbbbhe,NTA,4.0
bbbbhe,NTA,4.0
bbbbhe,NTA,4.0
bbbbhe,NTA,4.0
bbbbhe,NTA,4.0
bbbbhe,NTA,4.0
bbbbhe,NTA,4.0
bbbbhe,NTA,4.0
bbbbhe,NTA,3.0
bbbbhe,NTA,3.0
bbbbhe,NTA,4.0
bbbbhe,NTA,4.0
bbbbhe,NTA,4.0
bbbbhe,NTA,4.0
bbbbhe,NTA,4.0
bbbbhe,NTA,4.0
bbbbhe,NAH,3.0
bbbbhe,NAH,3.0
bbbbhe,NTA,4.0
bbbbhe,NTA,4.0
bbbbhe,NTA,4.0
bbbbhe,NTA,4.0
bbbbhe,NTA,4.0
bbbbhe,NTA,4.0
bbbbhe,NTA,4.0
bbbbhe,NTA,4.0
bbbbhe,NTA,4.0
bbbbhe,NTA,4.0
bbbbhe,NTA,4.0
bbbbhe,NTA,4.0
bbbbhe,NAH,4.0
bbbbhe,NAH,4.0
bbbbhe,NTA,4.0
bbbbhe,NTA,4.0
bbbbhe,NTA,4.0
bbbbhe,NTA,4.0
bbbbhe,NTA,4.0
bbbbhe,NTA,4.0
bbbbhe,NTA,4.0
bbbbhe,NTA,4.0
bbbbhe,NTA,4.0
bbbbhe,NTA,4.0
bbbbhe,NTA,4.0
bbbbhe,NTA,4.0
bbbbhe,NTA,3.0
bbbbhe,NTA,3.0
bbbbhe,NAH,4.0
bbbbhe,NAH,4.0
bbbbhe,NTA,4.0
bbbbhe,NTA,4.0
bbbbhe,NTA,4.0
bbbbhe,NTA,4.0
bbbbhe,NTA,4.0
bbbbhe,NTA,4.0
bbbbhe,NTA,4.0
bbbbhe,NTA,4.0
bbbbhe,NTA,4.0
bbbbhe,NTA,4.0
bbbbhe,NTA,4.0
bbbbhe,NTA,4.0
bbbbhe,NTA,4.0
bbbbhe,NTA,4.0
bbbbhe,NTA,4.0
bbbbhe,NTA,4.0
bbbbhe,NTA,4.0
bbbbhe,NTA,4.0
bbbbhe,NTA,4.0
bbbbhe,NTA,4.0
bbbbhe,NTA,4.0
bbbbhe,NTA,4.0
bbbbhe,NTA,3.0
bbbbhe,NTA,3.0
bbbbhe,NTA,4.0
bbbbhe,NTA,4.0
bbbbhe,NAH,4.0
bbbbhe,NAH,4.0
bbbbhe,NTA,4.0
bbbbhe,NTA,4.0
bbbbhe,NTA,4.0
bbbbhe,NTA,4.0
bbbbhe,NTA,4.0
bbbbhe,NTA,4.0
bbbbhe,NTA,4.0
bbbbhe,NTA,4.0
bbbbhe,NTA,4.0
bbbbhe,NTA,4.0
bbbbhe,NTA,4.0
bbbbhe,NTA,4.0
bbbbhe,NTA,4.0
bbbbhe,NTA,4.0
bbbbhe,NTA,4.0
bbbbhe,NTA,4.0
bbbbhe,NTA,4.0
bbbbhe,NTA,4.0
bbbbhe,YTA,4.0
bbbbhe,YTA,4.0
bbbbhe,NTA,4.0
bbbbhe,NTA,4.0
bbbbhe,NTA,4.0
bbbbhe,NTA,4.0
bbbbhe,NTA,3.0
bbbbhe,NTA,3.0
bbbbhe,NTA,4.0
bbbbhe,NTA,4.0
bbbbhe,NAH,3.0
bbbbhe,NAH,3.0
bbbbhe,NTA,4.0
bbbbhe,NTA,4.0
bbbbhe,NAH,3.0
bbbbhe,NAH,3.0
bbbbhe,NTA,4.0
bbbbhe,NTA,4.0
bbbbhe,NTA,4.0
bbbbhe,NTA,4.0
bbbbhe,NTA,4.0
bbbbhe,NTA,4.0
bbbbhe,NTA,4.0
bbbbhe,NTA,4.0
bbbbhe,NTA,4.0
bbbbhe,NTA,4.0
bbbbhe,NAH,4.0
bbbbhe,NAH,4.0
bbbbhe,NTA,4.0
bbbbhe,NTA,4.0
bbbbhe,NAH,4.0
bbbbhe,NAH,4.0
bbbbhe,NAH,4.0
bbbbhe,NAH,4.0
bbbbhe,NTA,4.0
bbbbhe,NTA,4.0
bbbbhe,NTA,4.0
bbbbhe,NTA,4.0
bbbbhe,NTA,4.0
bbbbhe,NTA,4.0
bbbbhe,NTA,4.0
bbbbhe,NTA,4.0
bbbbhe,NTA,4.0
bbbbhe,NTA,4.0
bbbbhe,NTA,4.0
bbbbhe,NTA,4.0
bbbbhe,NTA,4.0
bbbbhe,NTA,4.0
bbbbhe,NTA,4.0
bbbbhe,NTA,4.0
bbbbhe,NTA,4.0
bbbbhe,NTA,4.0
bbbbhe,NTA,4.0
bbbbhe,NTA,4.0
bbbbhe,NAH,3.0
bbbbhe,NAH,3.0
bbbbhe,NTA,4.0
bbbbhe,NTA,4.0
bbbbhe,NTA,4.0
bbbbhe,NTA,4.0
bbbbhe,NTA,4.0
bbbbhe,NTA,4.0
bbbbhe,NTA,4.0
bbbbhe,NTA,4.0
bbbbhe,NTA,4.0
bbbbhe,NTA,4.0
bbbbhe,NTA,4.0
bbbbhe,NTA,4.0
bbbbhe,NTA,4.0
bbbbhe,NTA,4.0
bbbbhe,NTA,4.0
bbbbhe,NTA,4.0
bbbbhe,NTA,4.0
bbbbhe,NTA,4.0
bbbbhe,NTA,4.0
bbbbhe,NTA,4.0
bbbbhe,NTA,4.0
bbbbhe,NTA,4.0
bbbbhe,NAH,3.0
bbbbhe,NAH,3.0
bbbbhe,NTA,4.0
bbbbhe,NTA,4.0
bbbbhe,NAH,4.0
bbbbhe,NAH,4.0
bbbbhe,NTA,4.0
bbbbhe,NTA,4.0
bbbbhe,NTA,4.0
bbbbhe,NTA,4.0
bbbbhe,NTA,4.0
bbbbhe,NTA,4.0
bbbbhe,NTA,4.0
bbbbhe,NTA,4.0
bbbbhe,NAH,4.0
bbbbhe,NAH,4.0
bbbbhe,NAH,4.0
bbbbhe,NAH,4.0
bbbbhe,NTA,4.0
bbbbhe,NTA,4.0
bbbbhe,NTA,4.0
bbbbhe,NTA,4.0
bbbbhe,NTA,4.0
bbbbhe,NTA,4.0
bbbbhe,NAH,3.0
bbbbhe,NAH,3.0
bbbbhe,YTA,3.0
bbbbhe,YTA,3.0
bbbbhe,NTA,4.0
bbbbhe,NTA,4.0
bbbbhe,NTA,4.0
bbbbhe,NTA,4.0
bbbbhe,NTA,4.0
bbbbhe,NTA,4.0
bbbbhe,NTA,4.0
bbbbhe,NTA,4.0
bbbbhe,NTA,4.0
bbbbhe,NTA,4.0
bbbbhe,NTA,4.0
bbbbhe,NTA,4.0
bbbbhe,NTA,4.0
bbbbhe,NTA,4.0
bbbbhe,NTA,4.0
bbbbhe,NTA,4.0
bbbbhe,NTA,4.0
bbbbhe,NTA,4.0
bbbbhe,NTA,4.0
bbbbhe,NTA,4.0
bbbbhe,NTA,4.0
bbbbhe,NTA,4.0
bbbbhe,NTA,4.0
bbbbhe,NTA,4.0
bbbbhe,NTA,4.0
bbbbhe,NTA,4.0
bbbbhe,NTA,4.0
bbbbhe,NTA,4.0
bbbbhe,NTA,4.0
bbbbhe,NTA,4.0
bbbbhe,NTA,4.0
bbbbhe,NTA,4.0
bbbbhe,NTA,4.0
bbbbhe,NTA,4.0
bbbbhe,NTA,4.0
bbbbhe,NTA,4.0
bbbbhe,NTA,4.0
bbbbhe,NTA,4.0
bbbbhe,NTA,4.0
bbbbhe,NTA,4.0
bbbbhe,NAH,4.0
bbbbhe,NAH,4.0
bbbbhe,NAH,3.0
bbbbhe,NAH,3.0
bbbbhe,NTA,4.0
bbbbhe,NTA,4.0
bbbbhe,NTA,4.0
bbbbhe,NTA,4.0
bbbbhe,NTA,4.0
bbbbhe,NTA,4.0
bbbbhe,NTA,4.0
bbbbhe,NTA,4.0
bbbbhe,NTA,4.0
bbbbhe,NTA,4.0
bbbbhe,NTA,4.0
bbbbhe,NTA,4.0
bbbbhe,NTA,4.0
bbbbhe,NTA,4.0
bbbbhe,NTA,4.0
bbbbhe,NTA,4.0
bbbbhe,NTA,4.0
bbbbhe,NTA,4.0
bbbbhe,NTA,4.0
bbbbhe,NTA,4.0
bbbbhe,NTA,4.0
bbbbhe,NTA,4.0
bbbbhe,NTA,4.0
bbbbhe,NTA,4.0
bbbbhe,NTA,4.0
bbbbhe,NTA,4.0
bbbbhe,NTA,4.0
bbbbhe,NTA,4.0
bbbbhe,NTA,4.0
bbbbhe,NTA,4.0
bbbbhe,NTA,4.0
bbbbhe,NTA,4.0
bbbbhe,NTA,4.0
bbbbhe,NTA,4.0
bbbbhe,NTA,4.0
bbbbhe,NTA,4.0
bbbbhe,NTA,4.0
bbbbhe,NTA,4.0
bbbbhe,NTA,4.0
bbbbhe,NTA,4.0
bbbbhe,NTA,4.0
bbbbhe,NTA,4.0
bbbbhe,NTA,4.0
bbbbhe,NTA,4.0
bbbbhe,NAH,4.0
bbbbhe,NAH,4.0
bbbbhe,NTA,4.0
bbbbhe,NTA,4.0
bbbbhe,NTA,4.0
bbbbhe,NTA,4.0
bbbbhe,NTA,4.0
bbbbhe,NTA,4.0
bbbbhe,NTA,4.0
bbbbhe,NTA,4.0
bbbbhe,NTA,4.0
bbbbhe,NTA,4.0
bbbbhe,NTA,4.0
bbbbhe,NTA,4.0
bbbbhe,NTA,4.0
bbbbhe,NTA,4.0
bbbbhe,NTA,4.0
bbbbhe,NTA,4.0
bbbbhe,NTA,4.0
bbbbhe,NTA,4.0
bbbbhe,NTA,4.0
bbbbhe,NTA,4.0
bbbbhe,NTA,4.0
bbbbhe,NTA,4.0
bbbbhe,NAH,3.0
bbbbhe,NAH,3.0
bbbbhe,YTA,3.0
bbbbhe,YTA,3.0
bbbbhe,NTA,4.0
bbbbhe,NTA,4.0
bbbbhe,NTA,4.0
bbbbhe,NTA,4.0
bbbbhe,NTA,4.0
bbbbhe,NTA,4.0
bbbbhe,NTA,4.0
bbbbhe,NTA,4.0
bbbbhe,YTA,3.0
bbbbhe,YTA,3.0
bbbbhe,NAH,4.0
bbbbhe,NAH,4.0
bbbbhe,NTA,4.0
bbbbhe,NTA,4.0
bbbbhe,NTA,4.0
bbbbhe,NTA,4.0
bbbbhe,NAH,4.0
bbbbhe,NAH,4.0
bbbbhe,NTA,4.0
bbbbhe,NTA,4.0
bbbbhe,NTA,4.0
bbbbhe,NTA,4.0
bbbbhe,NTA,4.0
bbbbhe,NTA,4.0
bbbbhe,NTA,4.0
bbbbhe,NTA,4.0
bbbbhe,NTA,4.0
bbbbhe,NTA,4.0
bbbbhe,NTA,4.0
bbbbhe,NTA,4.0
bbbbhe,NTA,4.0
bbbbhe,NTA,4.0
bbbbhe,NTA,4.0
bbbbhe,NTA,4.0
bbbbhe,NTA,4.0
bbbbhe,NTA,4.0
bbbbhe,NTA,4.0
bbbbhe,NTA,4.0
bbbbhe,NTA,4.0
bbbbhe,NTA,4.0
bbbbhe,NTA,4.0
bbbbhe,NTA,4.0
bbbbhe,NTA,4.0
bbbbhe,NTA,4.0
bbbbhe,NTA,4.0
bbbbhe,NTA,4.0
bbbbhe,NTA,4.0
bbbbhe,NTA,4.0
bbbbhe,NTA,4.0
bbbbhe,NTA,4.0
bbbbhe,NTA,4.0
bbbbhe,NTA,4.0
bbbbhe,NAH,4.0
bbbbhe,NAH,4.0
bbbbhe,NTA,4.0
bbbbhe,NTA,4.0
bbbbhe,NTA,4.0
bbbbhe,NTA,4.0
bbbbhe,NTA,3.0
bbbbhe,NTA,3.0
bbbbhe,NTA,4.0
bbbbhe,NTA,4.0
bbbbhe,NAH,4.0
bbbbhe,NAH,4.0
bbbbhe,NTA,4.0
bbbbhe,NTA,4.0
bbbbhe,NTA,4.0
bbbbhe,NTA,4.0
bbbbhe,NTA,4.0
bbbbhe,NTA,4.0
bbbbhe,NTA,4.0
bbbbhe,NTA,4.0
bbbbhe,NTA,4.0
bbbbhe,NTA,4.0
bbbbhe,NTA,4.0
bbbbhe,NTA,4.0
bbbbhe,NTA,4.0
bbbbhe,NTA,4.0
bbbbhe,NTA,4.0
bbbbhe,NTA,4.0
bbbbhe,NTA,4.0
bbbbhe,NTA,4.0
bbbbhe,NTA,4.0
bbbbhe,NTA,4.0
bbbbhe,NTA,4.0
bbbbhe,NTA,4.0
bbbbhe,NTA,4.0
bbbbhe,NTA,4.0
bbbbhe,NTA,4.0
bbbbhe,NTA,4.0
bbbbhe,NTA,4.0
bbbbhe,NTA,4.0
bbbbhe,NTA,4.0
bbbbhe,NTA,4.0
bbbbhe,NTA,4.0
bbbbhe,NTA,4.0
bbbbhe,NAH,4.0
bbbbhe,NAH,4.0
bbbbhe,NAH,3.0
bbbbhe,NAH,3.0
bbbbhe,NTA,4.0
bbbbhe,NTA,4.0
bbbbhe,NTA,4.0
bbbbhe,NTA,4.0
bbbbhe,NTA,4.0
bbbbhe,NTA,4.0
bbbbhe,NTA,4.0
bbbbhe,NTA,4.0
bbbbhe,NTA,4.0
bbbbhe,NTA,4.0
bbbbhe,NTA,4.0
bbbbhe,NTA,4.0
bbbbhe,NTA,4.0
bbbbhe,NTA,4.0
bbbbhe,NTA,4.0
bbbbhe,NTA,4.0
bbbbhe,NTA,4.0
bbbbhe,NTA,4.0
bbbbhe,NTA,4.0
bbbbhe,NTA,4.0
bbbbhe,NTA,4.0
bbbbhe,NTA,4.0
bbbbhe,NTA,4.0
bbbbhe,NTA,4.0
bbbbhe,NTA,4.0
bbbbhe,NTA,4.0
bbbbhe,NTA,4.0
bbbbhe,NTA,4.0
bbbbhe,NAH,4.0
bbbbhe,NAH,4.0
bbbbhe,NTA,4.0
bbbbhe,NTA,4.0
bbbbhe,NTA,4.0
bbbbhe,NTA,4.0
bbbbhe,NTA,4.0
bbbbhe,NTA,4.0
bbbbhe,NAH,4.0
bbbbhe,NAH,4.0
bbbbhe,NTA,4.0
bbbbhe,NTA,4.0
bbbbhe,NTA,4.0
bbbbhe,NTA,4.0
bbbbhe,NTA,4.0
bbbbhe,NTA,4.0
bbbbhe,NTA,4.0
bbbbhe,NTA,4.0
bbbbhe,NTA,4.0
bbbbhe,NTA,4.0
bbbbhe,NTA,3.0
bbbbhe,NTA,3.0
bbbbhe,NTA,4.0
bbbbhe,NTA,4.0
bbbbhe,NTA,4.0
bbbbhe,NTA,4.0
bbbbhe,NTA,4.0
bbbbhe,NTA,4.0
bbbbhe,NTA,4.0
bbbbhe,NTA,4.0
bbbbhe,NTA,4.0
bbbbhe,NTA,4.0
bbbbhe,NAH,4.0
bbbbhe,NAH,4.0
bbbbhe,NTA,4.0
bbbbhe,NTA,4.0
bbbbhe,NAH,4.0
bbbbhe,NAH,4.0
bbbbhe,NTA,4.0
bbbbhe,NTA,4.0
bbbbhe,NTA,4.0
bbbbhe,NTA,4.0
bbbbhe,NTA,4.0
bbbbhe,NTA,4.0
bbbbhe,NAH,4.0
bbbbhe,NAH,4.0
bbbbhe,NTA,4.0
bbbbhe,NTA,4.0
bbbbhe,NTA,3.0
bbbbhe,NTA,3.0
bbbbhe,NTA,4.0
bbbbhe,NTA,4.0
bbbbhe,NTA,4.0
bbbbhe,NTA,4.0
bbbbhe,NTA,4.0
bbbbhe,NTA,4.0
bbbbhe,NTA,4.0
bbbbhe,NTA,4.0
bbbbhe,NTA,4.0
bbbbhe,NTA,4.0
bbbbhe,NTA,4.0
bbbbhe,NTA,4.0
bbbbhe,NTA,4.0
bbbbhe,NTA,4.0
bbbbhe,NTA,4.0
bbbbhe,NTA,4.0
bbbbhe,NTA,4.0
bbbbhe,NTA,4.0
bbbbhe,NTA,4.0
bbbbhe,NTA,4.0
bbbbhe,NTA,4.0
bbbbhe,NTA,4.0
bbbbhe,NTA,4.0
bbbbhe,NTA,4.0
bbbbhe,NTA,4.0
bbbbhe,NTA,4.0
bbbbhe,NTA,4.0
bbbbhe,NTA,4.0
bbbbhe,NTA,4.0
bbbbhe,NTA,4.0
bbbbhe,NTA,4.0
bbbbhe,NTA,4.0
bbbbhe,NTA,4.0
bbbbhe,NTA,4.0
bbbbhe,NTA,4.0
bbbbhe,NTA,4.0
bbbbhe,NTA,4.0
bbbbhe,NTA,4.0
bbbbhe,NTA,4.0
bbbbhe,NTA,4.0
bbbbhe,NTA,4.0
bbbbhe,NTA,4.0
bbbbhe,NTA,4.0
bbbbhe,NTA,4.0
bbbbhe,NTA,4.0
bbbbhe,NTA,4.0
bbbbhe,NTA,4.0
bbbbhe,NTA,4.0
bbbbhe,NTA,4.0
bbbbhe,NTA,4.0
bbbbhe,NTA,4.0
bbbbhe,NTA,4.0
bbbbhe,NTA,4.0
bbbbhe,NTA,4.0
bbbbhe,NTA,4.0
bbbbhe,NTA,4.0
bbbbhe,NTA,4.0
bbbbhe,NTA,4.0
bbbbhe,NTA,4.0
bbbbhe,NTA,4.0
bbbbhe,NAH,4.0
bbbbhe,NAH,4.0
bbbbhe,NTA,4.0
bbbbhe,NTA,4.0
bbbbhe,NTA,4.0
bbbbhe,NTA,4.0
bbbbhe,NTA,4.0
bbbbhe,NTA,4.0
bbbbhe,NTA,3.0
bbbbhe,NTA,3.0
bbbbhe,NTA,4.0
bbbbhe,NTA,4.0
bbbbhe,NTA,4.0
bbbbhe,NTA,4.0
bbbbhe,NTA,4.0
bbbbhe,NTA,4.0
bbbbhe,NTA,4.0
bbbbhe,NTA,4.0
bbbbhe,NTA,4.0
bbbbhe,NTA,4.0
bbbbhe,NTA,4.0
bbbbhe,NTA,4.0
bbbbhe,NTA,4.0
bbbbhe,NTA,4.0
bbbbhe,NTA,4.0
bbbbhe,NTA,4.0
bbbbhe,YTA,4.0
bbbbhe,YTA,4.0
bbbbhe,NTA,4.0
bbbbhe,NTA,4.0
bbbbhe,NTA,4.0
bbbbhe,NTA,4.0
bbbbhe,NTA,4.0
bbbbhe,NTA,4.0
bbbbhe,NAH,4.0
bbbbhe,NAH,4.0
bbbbhe,NTA,4.0
bbbbhe,NTA,4.0
bbbbhe,NTA,4.0
bbbbhe,NTA,4.0
bbbbhe,NTA,4.0
bbbbhe,NTA,4.0
bbbbhe,NTA,4.0
bbbbhe,NTA,4.0
bbbbhe,NTA,4.0
bbbbhe,NTA,4.0
bbbbhe,NTA,4.0
bbbbhe,NTA,4.0
bbbbhe,NTA,4.0
bbbbhe,NTA,4.0
bbbbhe,NAH,4.0
bbbbhe,NAH,4.0
bbbbhe,NAH,4.0
bbbbhe,NAH,4.0
bbbbhe,NTA,4.0
bbbbhe,NTA,4.0
bbbbhe,NTA,4.0
bbbbhe,NTA,4.0
bbbbhe,NTA,4.0
bbbbhe,NTA,4.0
bbbbhe,NTA,4.0
bbbbhe,NTA,4.0
bbbbhe,NTA,4.0
bbbbhe,NTA,4.0
bbbbhe,NAH,4.0
bbbbhe,NAH,4.0
bbbbhe,NTA,4.0
bbbbhe,NTA,4.0
bbbbhe,NTA,4.0
bbbbhe,NTA,4.0
bbbbhe,NTA,4.0
bbbbhe,NTA,4.0
bbbbhe,NTA,4.0
bbbbhe,NTA,4.0
bbbbhe,NTA,4.0
bbbbhe,NTA,4.0
bbbbhe,NTA,4.0
bbbbhe,NTA,4.0
bbbbhe,NTA,4.0
bbbbhe,NTA,4.0
bbbbhe,NAH,3.0
bbbbhe,NAH,3.0
bbbbhe,NTA,4.0
bbbbhe,NTA,4.0
bbbbhe,NTA,4.0
bbbbhe,NTA,4.0
bbbbhe,NTA,4.0
bbbbhe,NTA,4.0
bbbbhe,NTA,4.0
bbbbhe,NTA,4.0
bbbbhe,NTA,4.0
bbbbhe,NTA,4.0
bbbbhe,NTA,4.0
bbbbhe,NTA,4.0
bbbbhe,NTA,4.0
bbbbhe,NTA,4.0
bbbbhe,NTA,4.0
bbbbhe,NTA,4.0
bbbbhe,NTA,4.0
bbbbhe,NTA,4.0
bbbbhe,NTA,4.0
bbbbhe,NTA,4.0
bbbbhe,NTA,4.0
bbbbhe,NTA,4.0
bbbbhe,NTA,4.0
bbbbhe,NTA,4.0
bbbbhe,NTA,4.0
bbbbhe,NTA,4.0
bbbbhe,NTA,4.0
bbbbhe,NTA,4.0
bbbbhe,NTA,4.0
bbbbhe,NTA,4.0
bbbbhe,NTA,4.0
bbbbhe,NTA,4.0
bbbbhe,NTA,4.0
bbbbhe,NTA,4.0
bbbbhe,NTA,4.0
bbbbhe,NTA,4.0
bbbbhe,NTA,4.0
bbbbhe,NTA,4.0
bbbbhe,NTA,4.0
bbbbhe,NTA,4.0
bbbbhe,YTA,4.0
bbbbhe,YTA,4.0
bbbbhe,NTA,4.0
bbbbhe,NTA,4.0
bbbbhe,NTA,4.0
bbbbhe,NTA,4.0
bbbbhe,NTA,4.0
bbbbhe,NTA,4.0
bbbbhe,NTA,4.0
bbbbhe,NTA,4.0
bbbbhe,NTA,4.0
bbbbhe,NTA,4.0
bbbbhe,NTA,4.0
bbbbhe,NTA,4.0
bbbbhe,NTA,4.0
bbbbhe,NTA,4.0
bbbbhe,NAH,4.0
bbbbhe,NAH,4.0
bbbbhe,NTA,4.0
bbbbhe,NTA,4.0
bbbbhe,NTA,4.0
bbbbhe,NTA,4.0
bbbbhe,NTA,4.0
bbbbhe,NTA,4.0
bbbbhe,NTA,4.0
bbbbhe,NTA,4.0
bbbbhe,NTA,4.0
bbbbhe,NTA,4.0
bbbbhe,NTA,4.0
bbbbhe,NTA,4.0
bbbbhe,NTA,4.0
bbbbhe,NTA,4.0
bbbbhe,NTA,4.0
bbbbhe,NTA,4.0
bbbbhe,NTA,4.0
bbbbhe,NTA,4.0
bbbbhe,NTA,4.0
bbbbhe,NTA,4.0
bbbbhe,NTA,4.0
bbbbhe,NTA,4.0
bbbbhe,NTA,4.0
bbbbhe,NTA,4.0
bbbbhe,NTA,4.0
bbbbhe,NTA,4.0
bbbbhe,NTA,4.0
bbbbhe,NTA,4.0
bbbbhe,NTA,4.0
bbbbhe,NTA,4.0
bbbbhe,NTA,4.0
bbbbhe,NTA,4.0
bbbbhe,NTA,4.0
bbbbhe,NTA,4.0
bbbbhe,NTA,4.0
bbbbhe,NTA,4.0
bbbbhe,NTA,4.0
bbbbhe,NTA,4.0
bbbbhe,NTA,4.0
bbbbhe,NTA,4.0
bbbbhe,NTA,4.0
bbbbhe,NTA,4.0
bbbbhe,NTA,4.0
bbbbhe,NTA,4.0
bbbbhe,NTA,4.0
bbbbhe,NTA,4.0
bbbbhe,NTA,4.0
bbbbhe,NTA,4.0
bbbbhe,NTA,4.0
bbbbhe,NTA,4.0
bbbbhe,NTA,4.0
bbbbhe,NTA,4.0
bbbbhe,NTA,4.0
bbbbhe,NTA,4.0
bbbbhe,NTA,4.0
bbbbhe,NTA,4.0
bbbbhe,NAH,3.0
bbbbhe,NAH,3.0
bbbbhe,NTA,4.0
bbbbhe,NTA,4.0
bbbbhe,NTA,4.0
bbbbhe,NTA,4.0
bbbbhe,NTA,4.0
bbbbhe,NTA,4.0
bbbbhe,NTA,4.0
bbbbhe,NTA,4.0
bbbbhe,NTA,4.0
bbbbhe,NTA,4.0
bbbbhe,NTA,4.0
bbbbhe,NTA,4.0
bbbbhe,NTA,4.0
bbbbhe,NTA,4.0
bbbbhe,NAH,4.0
bbbbhe,NAH,4.0
bbbbhe,NTA,4.0
bbbbhe,NTA,4.0
bbbbhe,NTA,4.0
bbbbhe,NTA,4.0
bbbbhe,NTA,4.0
bbbbhe,NTA,4.0
bbbbhe,NTA,4.0
bbbbhe,NTA,4.0
bbbbhe,NTA,4.0
bbbbhe,NTA,4.0
bbbbhe,NTA,4.0
bbbbhe,NTA,4.0
bbbbhe,NTA,4.0
bbbbhe,NTA,4.0
bbbbhe,NTA,3.0
bbbbhe,NTA,3.0
bbbbhe,NTA,3.0
bbbbhe,NTA,3.0
bbbbhe,NTA,4.0
bbbbhe,NTA,4.0
bbbbhe,NTA,4.0
bbbbhe,NTA,4.0
bbbbhe,NTA,4.0
bbbbhe,NTA,4.0
bbbbhe,NTA,4.0
bbbbhe,NTA,4.0
bbbbhe,NTA,4.0
bbbbhe,NTA,4.0
bbbbhe,NTA,4.0
bbbbhe,NTA,4.0
bbbbhe,NTA,4.0
bbbbhe,NTA,4.0
bbbbhe,NTA,4.0
bbbbhe,NTA,4.0
bbbbhe,NTA,4.0
bbbbhe,NTA,4.0
bbbbhe,NTA,4.0
bbbbhe,NTA,4.0
bbbbhe,NTA,4.0
bbbbhe,NTA,4.0
bbbbhe,NTA,4.0
bbbbhe,NTA,4.0
bbbbhe,NTA,4.0
bbbbhe,NTA,4.0
bbbbhe,NTA,4.0
bbbbhe,NTA,4.0
bbbbhe,NTA,4.0
bbbbhe,NTA,4.0
bbbbhe,NTA,4.0
bbbbhe,NTA,4.0
bbbbhe,NTA,4.0
bbbbhe,NTA,4.0
bbbbhe,NTA,4.0
bbbbhe,NTA,4.0
bbbbhe,NTA,4.0
bbbbhe,NTA,4.0
bbbbhe,NTA,4.0
bbbbhe,NTA,4.0
bbbbhe,NTA,4.0
bbbbhe,NTA,4.0
bbbbhe,NTA,4.0
bbbbhe,NTA,4.0
bbbbhe,NTA,4.0
bbbbhe,NTA,4.0
bbbbhe,NTA,4.0
bbbbhe,NTA,4.0
bbbbhe,NTA,4.0
bbbbhe,NTA,4.0
bbbbhe,NTA,4.0
bbbbhe,NTA,4.0
bbbbhe,NTA,4.0
bbbbhe,NTA,4.0
bbbbhe,NAH,4.0
bbbbhe,NAH,4.0
bbbbhe,NAH,3.0
bbbbhe,NAH,3.0
bbbbhe,NTA,4.0
bbbbhe,NTA,4.0
bbbbhe,NTA,4.0
bbbbhe,NTA,4.0
bbbbhe,NTA,4.0
bbbbhe,NTA,4.0
bbbbhe,NTA,4.0
bbbbhe,NTA,4.0
bbbbhe,NTA,4.0
bbbbhe,NTA,4.0
bbbbhe,NTA,4.0
bbbbhe,NTA,4.0
bbbbhe,NTA,4.0
bbbbhe,NTA,4.0
bbbbhe,NTA,4.0
bbbbhe,NTA,4.0
bbbbhe,NTA,4.0
bbbbhe,NTA,4.0
bbbbhe,NTA,3.0
bbbbhe,NTA,3.0
bbbbhe,NTA,4.0
bbbbhe,NTA,4.0
bbbbhe,NTA,4.0
bbbbhe,NTA,4.0
bbbbhe,NTA,4.0
bbbbhe,NTA,4.0
bbbbhe,NTA,4.0
bbbbhe,NTA,4.0
bbbbhe,NTA,4.0
bbbbhe,NTA,4.0
bbbbhe,NTA,4.0
bbbbhe,NTA,4.0
bbbbhe,NTA,4.0
bbbbhe,NTA,4.0
bbbbhe,NTA,4.0
bbbbhe,NTA,4.0
bbbbhe,NTA,4.0
bbbbhe,NTA,4.0
bbbbhe,NTA,4.0
bbbbhe,NTA,4.0
bbbbhe,NTA,4.0
bbbbhe,NTA,4.0
bbbbhe,NTA,4.0
bbbbhe,NTA,4.0
bbbbhe,NTA,4.0
bbbbhe,NTA,4.0
bbbbhe,NTA,4.0
bbbbhe,NTA,4.0
bbbbhe,NTA,4.0
bbbbhe,NTA,4.0
bbbbhe,NTA,4.0
bbbbhe,NTA,4.0
bbbbhe,NTA,4.0
bbbbhe,NTA,4.0
bbbbhe,NTA,4.0
bbbbhe,NTA,4.0
bbbbhe,NTA,4.0
bbbbhe,NTA,4.0
bbbbhe,NTA,4.0
bbbbhe,NTA,4.0
bbbbhe,NTA,4.0
bbbbhe,NTA,4.0
bbbbhe,NTA,4.0
bbbbhe,NTA,4.0
bbbbhe,NTA,4.0
bbbbhe,NTA,4.0
bbbbhe,NTA,4.0
bbbbhe,NTA,4.0
bbbbhe,NTA,4.0
bbbbhe,NTA,4.0
bbbbhe,NTA,4.0
bbbbhe,NTA,4.0
bbbbhe,NTA,4.0
bbbbhe,NTA,4.0
bbbbhe,NTA,4.0
bbbbhe,NTA,4.0
bbbbhe,NTA,4.0
bbbbhe,NTA,4.0
bbbbhe,NTA,4.0
bbbbhe,NTA,4.0
bbbbhe,NTA,4.0
bbbbhe,NTA,4.0
bbbbhe,NTA,4.0
bbbbhe,NTA,4.0
bbbbhe,NTA,4.0
bbbbhe,NTA,4.0
bbbbhe,NTA,4.0
bbbbhe,NTA,4.0
bbbbhe,NTA,4.0
bbbbhe,NTA,4.0
bbbbhe,NTA,4.0
bbbbhe,NTA,4.0
bbbbhe,NTA,4.0
bbbbhe,NTA,4.0
bbbbhe,NTA,4.0
bbbbhe,NTA,4.0
bbbbhe,NTA,4.0
bbbbhe,NTA,4.0
bbbbhe,NTA,4.0
bbbbhe,NTA,4.0
bbbbhe,NTA,4.0
bbbbhe,NTA,4.0
bbbbhe,NTA,4.0
bbbbhe,NTA,4.0
bbbbhe,NTA,4.0
bbbbhe,NTA,4.0
bbbbhe,NTA,4.0
bbbbhe,NTA,4.0
bbbbhe,NTA,4.0
bbbbhe,NTA,4.0
bbbbhe,NTA,4.0
bbbbhe,NTA,4.0
bbbbhe,NTA,4.0
bbbbhe,NTA,4.0
bbbbhe,NTA,4.0
bbbbhe,NTA,4.0
bbbbhe,NTA,4.0
bbbbhe,NTA,4.0
bbbbhe,NTA,4.0
bbbbhe,NTA,4.0
bbbbhe,NTA,4.0
bbbbhe,NTA,4.0
bbbbhe,NTA,3.0
bbbbhe,NTA,3.0
bbbbhe,NTA,4.0
bbbbhe,NTA,4.0
bbbbhe,NTA,4.0
bbbbhe,NTA,4.0
bbbbhe,NTA,4.0
bbbbhe,NTA,4.0
bbbbhe,NTA,4.0
bbbbhe,NTA,4.0
bbbbhe,NTA,4.0
bbbbhe,NTA,4.0
bbbbhe,NTA,4.0
bbbbhe,NTA,4.0
bbbbhe,NTA,4.0
bbbbhe,NTA,4.0
bbbbhe,NAH,4.0
bbbbhe,NAH,4.0
bbbbhe,NAH,4.0
bbbbhe,NAH,4.0
bbbbhe,NTA,4.0
bbbbhe,NTA,4.0
bbbbhe,NTA,4.0
bbbbhe,NTA,4.0
bbbbhe,NTA,4.0
bbbbhe,NTA,4.0
bbbbhe,NTA,4.0
bbbbhe,NTA,4.0
bbbbhe,NTA,4.0
bbbbhe,NTA,4.0
bbbbhe,NTA,4.0
bbbbhe,NTA,4.0
bbbbhe,YTA,4.0
bbbbhe,YTA,4.0
bbbbhe,NTA,4.0
bbbbhe,NTA,4.0
bbbbhe,NTA,4.0
bbbbhe,NTA,4.0
bbbbhe,NTA,4.0
bbbbhe,NTA,4.0
bbbbhe,NTA,4.0
bbbbhe,NTA,4.0
bbbbhe,NTA,4.0
bbbbhe,NTA,4.0
bbbbhe,NTA,4.0
bbbbhe,NTA,4.0
bbbbhe,NTA,4.0
bbbbhe,NTA,4.0
bbbbhe,NTA,4.0
bbbbhe,NTA,4.0
bbbbhe,NTA,4.0
bbbbhe,NTA,4.0
bbbbhe,NTA,4.0
bbbbhe,NTA,4.0
bbbbhe,NTA,4.0
bbbbhe,NTA,4.0
bbbbhe,NTA,4.0
bbbbhe,NTA,4.0
bbbbhe,NTA,4.0
bbbbhe,NTA,4.0
bbbbhe,NTA,4.0
bbbbhe,NTA,4.0
bbbbhe,NAH,4.0
bbbbhe,NAH,4.0
bbbbhe,YTA,3.0
bbbbhe,YTA,3.0
bbbbhe,NTA,4.0
bbbbhe,NTA,4.0
bbbbhe,NTA,4.0
bbbbhe,NTA,4.0
bbbbhe,NTA,4.0
bbbbhe,NTA,4.0
bbbbhe,NTA,4.0
bbbbhe,NTA,4.0
bbbbhe,NTA,4.0
bbbbhe,NTA,4.0
bbbbhe,NTA,4.0
bbbbhe,NTA,4.0
bbbbhe,NTA,4.0
bbbbhe,NTA,4.0
bbbbhe,NTA,4.0
bbbbhe,NTA,4.0
bbbbhe,NTA,4.0
bbbbhe,NTA,4.0
bbbbhe,NTA,4.0
bbbbhe,NTA,4.0
bbbbhe,NTA,4.0
bbbbhe,NTA,4.0
bbbbhe,NTA,4.0
bbbbhe,NTA,4.0
bbbbhe,NTA,4.0
bbbbhe,NTA,4.0
bbbbhe,NTA,4.0
bbbbhe,NTA,4.0
bbbbhe,NTA,4.0
bbbbhe,NTA,4.0
bbbbhe,NTA,4.0
bbbbhe,NTA,4.0
bbbbhe,NTA,4.0
bbbbhe,NTA,4.0
bbbbhe,NTA,4.0
bbbbhe,NTA,4.0
bbbbhe,NTA,4.0
bbbbhe,NTA,4.0
bbbbhe,NTA,4.0
bbbbhe,NTA,4.0
bbbbhe,NTA,4.0
bbbbhe,NTA,4.0
bbbbhe,NTA,4.0
bbbbhe,NTA,4.0
bbbbhe,NTA,4.0
bbbbhe,NTA,4.0
bbbbhe,NTA,4.0
bbbbhe,NTA,4.0
bbbbhe,NTA,4.0
bbbbhe,NTA,4.0
bbbbhe,NTA,4.0
bbbbhe,NTA,4.0
bbbbhe,NTA,4.0
bbbbhe,NTA,4.0
bbbbhe,NTA,4.0
bbbbhe,NTA,4.0
bbbbhe,NTA,4.0
bbbbhe,NTA,4.0
bbbbhe,NAH,3.0
bbbbhe,NAH,3.0
bbbbhe,NTA,4.0
bbbbhe,NTA,4.0
bbbbhe,NTA,4.0
bbbbhe,NTA,4.0
bbbbhe,NTA,4.0
bbbbhe,NTA,4.0
bbbbhe,NTA,4.0
bbbbhe,NTA,4.0
bbbbhe,NTA,4.0
bbbbhe,NTA,4.0
bbbbhe,NTA,4.0
bbbbhe,NTA,4.0
bbbbhe,NTA,4.0
bbbbhe,NTA,4.0
bbbbhe,NTA,4.0
bbbbhe,NTA,4.0
bbbbhe,YTA,4.0
bbbbhe,YTA,4.0
bbbbhe,NTA,4.0
bbbbhe,NTA,4.0
bbbbhe,NTA,4.0
bbbbhe,NTA,4.0
bbbbhe,NTA,4.0
bbbbhe,NTA,4.0
bbbbhe,NTA,4.0
bbbbhe,NTA,4.0
bbbbhe,NTA,4.0
bbbbhe,NTA,4.0
bbbbhe,NTA,4.0
bbbbhe,NTA,4.0
bbbbhe,NTA,4.0
bbbbhe,NTA,4.0
bbbbhe,NTA,4.0
bbbbhe,NTA,4.0
bbbbhe,NTA,4.0
bbbbhe,NTA,4.0
bbbbhe,NTA,4.0
bbbbhe,NTA,4.0
bbbbhe,NTA,4.0
bbbbhe,NTA,4.0
bbbbhe,NTA,4.0
bbbbhe,NTA,4.0
bbbbhe,NTA,4.0
bbbbhe,NTA,4.0
bbbbhe,NTA,3.0
bbbbhe,NTA,3.0
bbbbhe,NAH,4.0
bbbbhe,NAH,4.0
bbbbhe,NTA,3.0
bbbbhe,NTA,3.0
bbbbhe,NTA,4.0
bbbbhe,NTA,4.0
bbbbhe,NTA,4.0
bbbbhe,NTA,4.0
bbbbhe,NTA,4.0
bbbbhe,NTA,4.0
bbbbhe,NTA,1.0
bbbbhe,NTA,1.0
bbbbhe,NAH,4.0
bbbbhe,NAH,4.0
bbbbhe,NTA,4.0
bbbbhe,NTA,4.0
bbbbhe,NTA,4.0
bbbbhe,NTA,4.0
bbbbhe,NTA,4.0
bbbbhe,NTA,4.0
bbbbhe,NTA,4.0
bbbbhe,NTA,4.0
bbbbhe,NTA,4.0
bbbbhe,NTA,4.0
bbbbhe,NTA,4.0
bbbbhe,NTA,4.0
bbbbhe,NTA,4.0
bbbbhe,NTA,4.0
bbbbhe,NTA,4.0
bbbbhe,NTA,4.0
bbbbhe,NTA,4.0
bbbbhe,NTA,4.0
bbbbhe,NTA,4.0
bbbbhe,NTA,4.0
bbbbhe,NTA,4.0
bbbbhe,NTA,4.0
bbbbhe,NTA,4.0
bbbbhe,NTA,4.0
bbbbhe,NTA,4.0
bbbbhe,NTA,4.0
bbbbhe,YTA,4.0
bbbbhe,YTA,4.0
bbbbhe,NTA,4.0
bbbbhe,NTA,4.0
bbbbhe,NTA,4.0
bbbbhe,NTA,4.0
bbbbhe,NTA,4.0
bbbbhe,NTA,4.0
bbbbhe,NTA,4.0
bbbbhe,NTA,4.0
bbbbhe,NTA,4.0
bbbbhe,NTA,4.0
bbbbhe,NTA,4.0
bbbbhe,NTA,4.0
bbbbhe,NTA,4.0
bbbbhe,NTA,4.0
bbbbhe,NTA,4.0
bbbbhe,NTA,4.0
bbbbhe,NTA,4.0
bbbbhe,NTA,4.0
bbbbhe,NTA,4.0
bbbbhe,NTA,4.0
bbbbhe,NTA,4.0
bbbbhe,NTA,4.0
bbbbhe,NTA,4.0
bbbbhe,NTA,4.0
bbbbhe,NTA,4.0
bbbbhe,NTA,4.0
bbbbhe,NTA,4.0
bbbbhe,NTA,4.0
bbbbhe,NTA,4.0
bbbbhe,NTA,4.0
bbbbhe,NTA,4.0
bbbbhe,NTA,4.0
bbbbhe,NTA,4.0
bbbbhe,NTA,4.0
bbbbhe,YTA,4.0
bbbbhe,YTA,4.0
bbbbhe,NTA,4.0
bbbbhe,NTA,4.0
bbbbhe,YTA,4.0
bbbbhe,YTA,4.0
bbbbhe,NTA,4.0
bbbbhe,NTA,4.0
bbbbhe,NTA,4.0
bbbbhe,NTA,4.0
bbbbhe,NTA,4.0
bbbbhe,NTA,4.0
bbbbhe,NTA,4.0
bbbbhe,NTA,4.0
bbbbhe,NTA,4.0
bbbbhe,NTA,4.0
bbbbhe,NTA,4.0
bbbbhe,NTA,4.0
bbbbhe,NTA,4.0
bbbbhe,NTA,4.0
bbbbhe,NTA,4.0
bbbbhe,NTA,4.0
bbbbhe,NTA,4.0
bbbbhe,NTA,4.0
bbbbhe,NTA,4.0
bbbbhe,NTA,4.0
bbbbhe,NTA,4.0
bbbbhe,NTA,4.0
bbbbhe,NAH,4.0
bbbbhe,NAH,4.0
bbbbhe,NTA,4.0
bbbbhe,NTA,4.0
bbbbhe,NTA,4.0
bbbbhe,NTA,4.0
bbbbhe,YTA,3.0
bbbbhe,YTA,3.0
bbbbhe,NTA,4.0
bbbbhe,NTA,4.0
bbbbhe,NTA,4.0
bbbbhe,NTA,4.0
bbbbhe,NTA,4.0
bbbbhe,NTA,4.0
bbbbhe,NTA,4.0
bbbbhe,NTA,4.0
bbbbhe,NTA,4.0
bbbbhe,NTA,4.0
bbbbhe,NTA,4.0
bbbbhe,NTA,4.0
bbbbhe,NTA,4.0
bbbbhe,NTA,4.0
bbbbhe,NTA,4.0
bbbbhe,NTA,4.0
bbbbhe,NTA,4.0
bbbbhe,NTA,4.0
bbbbhe,NTA,4.0
bbbbhe,NTA,4.0
bbbbhe,NTA,4.0
bbbbhe,NTA,4.0
bbbbhe,NTA,4.0
bbbbhe,NTA,4.0
bbbbhe,NTA,4.0
bbbbhe,NTA,4.0
bbbbhe,YTA,4.0
bbbbhe,YTA,4.0
bbbbhe,NTA,4.0
bbbbhe,NTA,4.0
bbbbhe,NTA,4.0
bbbbhe,NTA,4.0
bbbbhe,NTA,4.0
bbbbhe,NTA,4.0
bbbbhe,NTA,4.0
bbbbhe,NTA,4.0
bbbbhe,NTA,4.0
bbbbhe,NTA,4.0
bbbbhe,NAH,4.0
bbbbhe,NAH,4.0
bbbbhe,NTA,4.0
bbbbhe,NTA,4.0
bbbbhe,NTA,4.0
bbbbhe,NTA,4.0
bbbbhe,NTA,4.0
bbbbhe,NTA,4.0
bbbbhe,NTA,4.0
bbbbhe,NTA,4.0
bbbbhe,NTA,4.0
bbbbhe,NTA,4.0
bbbbhe,NTA,4.0
bbbbhe,NTA,4.0
bbbbhe,NTA,4.0
bbbbhe,NTA,4.0
bbbbhe,NTA,4.0
bbbbhe,NTA,4.0
bbbbhe,NTA,4.0
bbbbhe,NTA,4.0
bbbbhe,NTA,4.0
bbbbhe,NTA,4.0
bbbbhe,NTA,4.0
bbbbhe,NTA,4.0
bbbbhe,NTA,4.0
bbbbhe,NTA,4.0
bbbbhe,NTA,4.0
bbbbhe,NTA,4.0
bbbbhe,NTA,4.0
bbbbhe,NTA,4.0
bbbbhe,NTA,4.0
bbbbhe,NTA,4.0
bbbbhe,NTA,4.0
bbbbhe,NTA,4.0
bbbbhe,NTA,4.0
bbbbhe,NTA,4.0
bbbbhe,NTA,4.0
bbbbhe,NTA,4.0
bbbbhe,NTA,4.0
bbbbhe,NTA,4.0
bbbbhe,NTA,4.0
bbbbhe,NTA,4.0
bbbbhe,NTA,4.0
bbbbhe,NTA,4.0
bbbbhe,NTA,4.0
bbbbhe,NTA,4.0
bbbbhe,NTA,4.0
bbbbhe,NTA,4.0
bbbbhe,NTA,4.0
bbbbhe,NTA,4.0
bbbbhe,NTA,4.0
bbbbhe,NTA,4.0
bbbbhe,NTA,4.0
bbbbhe,NTA,4.0
bbbbhe,YTA,4.0
bbbbhe,YTA,4.0
bbbbhe,NTA,4.0
bbbbhe,NTA,4.0
bbbbhe,NTA,4.0
bbbbhe,NTA,4.0
bbbbhe,NTA,4.0
bbbbhe,NTA,4.0
bbbbhe,NTA,4.0
bbbbhe,NTA,4.0
bbbbhe,NTA,4.0
bbbbhe,NTA,4.0
bbbbhe,NTA,4.0
bbbbhe,NTA,4.0
bbbbhe,NTA,4.0
bbbbhe,NTA,4.0
bbbbhe,NTA,4.0
bbbbhe,NTA,4.0
bbbbhe,NTA,4.0
bbbbhe,NTA,4.0
bbbbhe,NTA,4.0
bbbbhe,NTA,4.0
bbbbhe,NTA,4.0
bbbbhe,NTA,4.0
bbbbhe,NTA,4.0
bbbbhe,NTA,4.0
bbbbhe,NTA,4.0
bbbbhe,NTA,4.0
bbbbhe,NTA,4.0
bbbbhe,NTA,4.0
bbbbhe,NTA,4.0
bbbbhe,NTA,4.0
bbbbhe,NTA,4.0
bbbbhe,NTA,4.0
bbbbhe,NTA,3.0
bbbbhe,NTA,3.0
bbbbhe,NTA,4.0
bbbbhe,NTA,4.0
bbbbhe,NTA,4.0
bbbbhe,NTA,4.0
bbbbhe,NTA,4.0
bbbbhe,NTA,4.0
bbbbhe,NTA,4.0
bbbbhe,NTA,4.0
bbbbhe,NTA,4.0
bbbbhe,NTA,4.0
bbbbhe,NTA,4.0
bbbbhe,NTA,4.0
bbbbhe,NTA,3.0
bbbbhe,NTA,3.0
bbbbhe,NTA,4.0
bbbbhe,NTA,4.0
bbbbhe,NTA,4.0
bbbbhe,NTA,4.0
bbbbhe,NTA,4.0
bbbbhe,NTA,4.0
bbbbhe,NTA,4.0
bbbbhe,NTA,4.0
bbbbhe,NTA,4.0
bbbbhe,NTA,4.0
bbbbhe,NTA,4.0
bbbbhe,NTA,4.0
bbbbhe,NTA,4.0
bbbbhe,NTA,4.0
bbbbhe,NTA,4.0
bbbbhe,NTA,4.0
bbbbhe,NAH,4.0
bbbbhe,NAH,4.0
bbbbhe,NTA,4.0
bbbbhe,NTA,4.0
bbbbhe,NTA,4.0
bbbbhe,NTA,4.0
bbbbhe,NTA,3.0
bbbbhe,NTA,3.0
bbbbhe,NTA,4.0
bbbbhe,NTA,4.0
bbbbhe,NTA,4.0
bbbbhe,NTA,4.0
bbbbhe,NTA,4.0
bbbbhe,NTA,4.0
bbbbhe,YTA,3.0
bbbbhe,YTA,3.0
bbbbhe,NTA,4.0
bbbbhe,NTA,4.0
bbbbhe,NTA,4.0
bbbbhe,NTA,4.0
bbbbhe,NTA,4.0
bbbbhe,NTA,4.0
bbbbhe,YTA,4.0
bbbbhe,YTA,4.0
bbbbhe,NTA,4.0
bbbbhe,NTA,4.0
bbbbhe,NTA,4.0
bbbbhe,NTA,4.0
bbbbhe,NTA,4.0
bbbbhe,NTA,4.0
bbbbhe,NTA,4.0
bbbbhe,NTA,4.0
bbbbhe,NTA,4.0
bbbbhe,NTA,4.0
bbbbhe,NTA,4.0
bbbbhe,NTA,4.0
bbbbhe,NTA,4.0
bbbbhe,NTA,4.0
bbbbhe,NTA,4.0
bbbbhe,NTA,4.0
bbbbhe,NTA,4.0
bbbbhe,NTA,4.0
bbbbhe,NTA,4.0
bbbbhe,NTA,4.0
bbbbhe,NTA,4.0
bbbbhe,NTA,4.0
bbbbhe,NTA,4.0
bbbbhe,NTA,4.0
bbbbhe,NTA,4.0
bbbbhe,NTA,4.0
bbbbhe,NTA,4.0
bbbbhe,NTA,4.0
bbbbhe,NTA,4.0
bbbbhe,NTA,4.0
bbbbhe,NTA,4.0
bbbbhe,NTA,4.0
bbbbhe,NTA,4.0
bbbbhe,NTA,4.0
bbbbhe,NTA,4.0
bbbbhe,NTA,4.0
bbbbhe,NTA,4.0
bbbbhe,NTA,4.0
bbbbhe,NTA,4.0
bbbbhe,NTA,4.0
bbbbhe,NTA,4.0
bbbbhe,NTA,4.0
bbbbhe,NTA,4.0
bbbbhe,NTA,4.0
bbbbhe,NTA,4.0
bbbbhe,NTA,4.0
bbbbhe,NTA,4.0
bbbbhe,NTA,4.0
bbbbhe,NTA,4.0
bbbbhe,NTA,4.0
bbbbhe,NTA,4.0
bbbbhe,NTA,4.0
bbbbhe,NTA,4.0
bbbbhe,NTA,4.0
bbbbhe,NTA,4.0
bbbbhe,NTA,4.0
bbbbhe,NTA,4.0
bbbbhe,NTA,4.0
bbbbhe,NTA,4.0
bbbbhe,NTA,4.0
bbbbhe,NTA,4.0
bbbbhe,NTA,4.0
bbbbhe,NTA,4.0
bbbbhe,NTA,4.0
bbbbhe,NTA,4.0
bbbbhe,NTA,4.0
bbbbhe,YTA,4.0
bbbbhe,YTA,4.0
bbbbhe,NTA,4.0
bbbbhe,NTA,4.0
bbbbhe,NTA,4.0
bbbbhe,NTA,4.0
bbbbhe,NTA,4.0
bbbbhe,NTA,4.0
bbbbhe,NTA,4.0
bbbbhe,NTA,4.0
bbbbhe,YTA,3.0
bbbbhe,YTA,3.0
bbbbhe,NTA,4.0
bbbbhe,NTA,4.0
bbbbhe,NTA,4.0
bbbbhe,NTA,4.0
bbbbhe,NTA,4.0
bbbbhe,NTA,4.0
bbbbhe,NTA,4.0
bbbbhe,NTA,4.0
bbbbhe,NTA,4.0
bbbbhe,NTA,4.0
bbbbhe,NTA,4.0
bbbbhe,NTA,4.0
bbbbhe,NTA,4.0
bbbbhe,NTA,4.0
bbbbhe,NTA,4.0
bbbbhe,NTA,4.0
bbbbhe,NTA,4.0
bbbbhe,NTA,4.0
bbbbhe,NTA,4.0
bbbbhe,NTA,4.0
bbbbhe,NTA,4.0
bbbbhe,NTA,4.0
bbbbhe,NTA,4.0
bbbbhe,NTA,4.0
bbbbhe,YTA,4.0
bbbbhe,YTA,4.0
bbbbhe,NTA,4.0
bbbbhe,NTA,4.0
bbbbhe,NTA,4.0
bbbbhe,NTA,4.0
bbbbhe,NTA,4.0
bbbbhe,NTA,4.0
bbbbhe,NTA,4.0
bbbbhe,NTA,4.0
bbbbhe,NTA,4.0
bbbbhe,NTA,4.0
bbbbhe,NTA,4.0
bbbbhe,NTA,4.0
bbbbhe,NTA,4.0
bbbbhe,NTA,4.0
bbbbhe,NTA,4.0
bbbbhe,NTA,4.0
bbbbhe,NTA,4.0
bbbbhe,NTA,4.0
bbbbhe,NTA,4.0
bbbbhe,NTA,4.0
bbbbhe,NTA,4.0
bbbbhe,NTA,4.0
bbbbhe,NTA,4.0
bbbbhe,NTA,4.0
bbbbhe,NTA,4.0
bbbbhe,NTA,4.0
bbbbhe,NTA,4.0
bbbbhe,NTA,4.0
bbbbhe,NTA,4.0
bbbbhe,NTA,4.0
bbbbhe,NTA,4.0
bbbbhe,NTA,4.0
bbbbhe,NTA,3.0
bbbbhe,NTA,3.0
bbbbhe,NTA,4.0
bbbbhe,NTA,4.0
bbbbhe,NTA,4.0
bbbbhe,NTA,4.0
bbbbhe,NTA,4.0
bbbbhe,NTA,4.0
bbbbhe,NTA,4.0
bbbbhe,NTA,4.0
bbbbhe,NTA,4.0
bbbbhe,NTA,4.0
bbbbhe,NTA,4.0
bbbbhe,NTA,4.0
bbbbhe,NTA,4.0
bbbbhe,NTA,4.0
bbbbhe,NTA,4.0
bbbbhe,NTA,4.0
bbbbhe,NAH,4.0
bbbbhe,NAH,4.0
bbbbhe,NTA,4.0
bbbbhe,NTA,4.0
bbbbhe,NTA,4.0
bbbbhe,NTA,4.0
bbbbhe,NTA,4.0
bbbbhe,NTA,4.0
bbbbhe,NTA,4.0
bbbbhe,NTA,4.0
bbbbhe,NTA,4.0
bbbbhe,NTA,4.0
bbbbhe,YTA,4.0
bbbbhe,YTA,4.0
bbbbhe,NTA,4.0
bbbbhe,NTA,4.0
bbbbhe,NTA,4.0
bbbbhe,NTA,4.0
bbbbhe,NTA,4.0
bbbbhe,NTA,4.0
bbbbhe,NTA,4.0
bbbbhe,NTA,4.0
bbbbhe,NTA,4.0
bbbbhe,NTA,4.0
bbbbhe,NTA,4.0
bbbbhe,NTA,4.0
bbbbhe,NTA,4.0
bbbbhe,NTA,4.0
bbbbhe,NTA,4.0
bbbbhe,NTA,4.0
bbbbhe,NTA,4.0
bbbbhe,NTA,4.0
bbbbhe,NTA,4.0
bbbbhe,NTA,4.0
bbbbhe,NTA,4.0
bbbbhe,NTA,4.0
bbbbhe,NTA,4.0
bbbbhe,NTA,4.0
bbbbhe,NTA,4.0
bbbbhe,NTA,4.0
bbbbhe,NTA,4.0
bbbbhe,NTA,4.0
bbbbhe,NTA,4.0
bbbbhe,NTA,4.0
bbbbhe,NTA,4.0
bbbbhe,NTA,4.0
bbbbhe,NTA,4.0
bbbbhe,NTA,4.0
bbbbhe,NTA,4.0
bbbbhe,NTA,4.0
bbbbhe,NTA,4.0
bbbbhe,NTA,4.0
bbbbhe,NTA,4.0
bbbbhe,NTA,4.0
bbbbhe,NTA,4.0
bbbbhe,NTA,4.0
bbbbhe,NTA,4.0
bbbbhe,NTA,4.0
bbbbhe,NTA,4.0
bbbbhe,NTA,4.0
bbbbhe,NTA,4.0
bbbbhe,NTA,4.0
bbbbhe,NTA,4.0
bbbbhe,NTA,4.0
bbbbhe,NTA,4.0
bbbbhe,NTA,4.0
bbbbhe,NTA,4.0
bbbbhe,NTA,4.0
bbbbhe,NTA,4.0
bbbbhe,NTA,4.0
bbbbhe,NTA,4.0
bbbbhe,NTA,4.0
bbbbhe,YTA,4.0
bbbbhe,YTA,4.0
bbbbhe,NTA,4.0
bbbbhe,NTA,4.0
bbbbhe,NTA,4.0
bbbbhe,NTA,4.0
bbbbhe,NTA,4.0
bbbbhe,NTA,4.0
bbbbhe,NTA,4.0
bbbbhe,NTA,4.0
bbbbhe,NTA,4.0
bbbbhe,NTA,4.0
bbbbhe,NTA,4.0
bbbbhe,NTA,4.0
bbbbhe,NTA,4.0
bbbbhe,NTA,4.0
bbbbhe,NTA,4.0
bbbbhe,NTA,4.0
bbbbhe,NTA,4.0
bbbbhe,NTA,4.0
bbbbhe,NTA,4.0
bbbbhe,NTA,4.0
bbbbhe,NTA,4.0
bbbbhe,NTA,4.0
bbbbhe,NTA,4.0
bbbbhe,NTA,4.0
bbbbhe,NTA,4.0
bbbbhe,NTA,4.0
bbbbhe,NTA,4.0
bbbbhe,NTA,4.0
bbbbhe,NAH,4.0
bbbbhe,NAH,4.0
bbbbhe,NTA,4.0
bbbbhe,NTA,4.0
bbbbhe,NTA,4.0
bbbbhe,NTA,4.0
bbbbhe,NTA,4.0
bbbbhe,NTA,4.0
bbbbhe,NTA,4.0
bbbbhe,NTA,4.0
bbbbhe,NTA,4.0
bbbbhe,NTA,4.0
bbbbhe,NTA,4.0
bbbbhe,NTA,4.0
bbbbhe,YTA,4.0
bbbbhe,YTA,4.0
bbbbhe,NTA,4.0
bbbbhe,NTA,4.0
bbbbhe,NTA,4.0
bbbbhe,NTA,4.0
bbbbhe,NTA,4.0
bbbbhe,NTA,4.0
bbbbhe,NTA,4.0
bbbbhe,NTA,4.0
bbbbhe,NTA,4.0
bbbbhe,NTA,4.0
bbbbhe,NTA,4.0
bbbbhe,NTA,4.0
bbbbhe,NAH,4.0
bbbbhe,NAH,4.0
bbbbhe,YTA,4.0
bbbbhe,YTA,4.0
bbbbhe,NTA,4.0
bbbbhe,NTA,4.0
bbbbhe,YTA,4.0
bbbbhe,YTA,4.0
bbbbhe,NTA,4.0
bbbbhe,NTA,4.0
bbbbhe,NTA,4.0
bbbbhe,NTA,4.0
bbbbhe,NTA,4.0
bbbbhe,NTA,4.0
bbbbhe,NTA,4.0
bbbbhe,NTA,4.0
bbbbhe,NTA,4.0
bbbbhe,NTA,4.0
bbbbhe,NTA,4.0
bbbbhe,NTA,4.0
bbbbhe,NTA,4.0
bbbbhe,NTA,4.0
bbbbhe,NTA,4.0
bbbbhe,NTA,4.0
bbbbhe,NTA,4.0
bbbbhe,NTA,4.0
bbbbhe,NTA,4.0
bbbbhe,NTA,4.0
bbbbhe,NTA,4.0
bbbbhe,NTA,4.0
bbbbhe,NTA,4.0
bbbbhe,NTA,4.0
bbbbhe,NTA,4.0
bbbbhe,NTA,4.0
bbbbhe,NTA,4.0
bbbbhe,NTA,4.0
bbbbhe,NTA,4.0
bbbbhe,NTA,4.0
bbbbhe,NTA,4.0
bbbbhe,NTA,4.0
bbbbhe,NTA,4.0
bbbbhe,NTA,4.0
bbbbhe,NTA,4.0
bbbbhe,NTA,4.0
bbbbhe,NTA,4.0
bbbbhe,NTA,4.0
bbbbhe,NTA,4.0
bbbbhe,NTA,4.0
bbbbhe,NTA,4.0
bbbbhe,NTA,4.0
bbbbhe,NTA,4.0
bbbbhe,NTA,4.0
bbbbhe,NTA,4.0
bbbbhe,NTA,4.0
bbbbhe,NTA,4.0
bbbbhe,NTA,4.0
bbbbhe,NTA,4.0
bbbbhe,NTA,4.0
bbbbhe,NTA,4.0
bbbbhe,NTA,4.0
bbbbhe,NTA,4.0
bbbbhe,NTA,4.0
bbbbhe,NAH,4.0
bbbbhe,NAH,4.0
bbbbhe,NTA,4.0
bbbbhe,NTA,4.0
bbbbhe,NTA,4.0
bbbbhe,NTA,4.0
bbbbhe,NTA,4.0
bbbbhe,NTA,4.0
bbbbhe,NTA,4.0
bbbbhe,NTA,4.0
bbbbhe,NAH,4.0
bbbbhe,NAH,4.0
bbbbhe,NTA,4.0
bbbbhe,NTA,4.0
bbbbhe,NTA,4.0
bbbbhe,NTA,4.0
bbbbhe,NTA,4.0
bbbbhe,NTA,4.0
bbbbhe,NTA,4.0
bbbbhe,NTA,4.0
bbbbhe,NTA,4.0
bbbbhe,NTA,4.0
bbbbhe,NTA,4.0
bbbbhe,NTA,4.0
bbbbhe,NTA,4.0
bbbbhe,NTA,4.0
bbbbhe,NTA,4.0
bbbbhe,NTA,4.0
bbbbhe,NTA,4.0
bbbbhe,NTA,4.0
bbbbhe,NTA,4.0
bbbbhe,NTA,4.0
bbbbhe,NTA,4.0
bbbbhe,NTA,4.0
bbbbhe,NTA,4.0
bbbbhe,NTA,4.0
bbbbhe,NTA,4.0
bbbbhe,NTA,4.0
bbbbhe,NTA,4.0
bbbbhe,NTA,4.0
bbbbhe,NTA,4.0
bbbbhe,NTA,4.0
bbbbhe,NTA,4.0
bbbbhe,NTA,4.0
bbbbhe,NTA,4.0
bbbbhe,NTA,4.0
bbbbhe,NTA,4.0
bbbbhe,NTA,4.0
bbbbhe,NTA,4.0
bbbbhe,NTA,4.0
bbbbhe,NTA,4.0
bbbbhe,NTA,4.0
bbbbhe,NTA,4.0
bbbbhe,NTA,4.0
bbbbhe,NTA,4.0
bbbbhe,NTA,4.0
bbbbhe,NTA,4.0
bbbbhe,NTA,4.0
bbbbhe,NTA,4.0
bbbbhe,NTA,4.0
bbbbhe,NTA,4.0
bbbbhe,NTA,4.0
bbbbhe,NTA,4.0
bbbbhe,NTA,4.0
bbbbhe,NTA,4.0
bbbbhe,NTA,4.0
bbbbhe,NTA,4.0
bbbbhe,NTA,4.0
bbbbhe,NTA,4.0
bbbbhe,NTA,4.0
bbbbhe,NTA,4.0
bbbbhe,NTA,4.0
bbbbhe,NTA,4.0
bbbbhe,NTA,4.0
bbbbhe,NTA,4.0
bbbbhe,NTA,4.0
bbbbhe,NTA,4.0
bbbbhe,NTA,4.0
bbbbhe,NTA,4.0
bbbbhe,NTA,4.0
bbbbhe,NTA,4.0
bbbbhe,NTA,4.0
bbbbhe,NTA,4.0
bbbbhe,NTA,4.0
bbbbhe,NAH,4.0
bbbbhe,NAH,4.0
bbbbhe,NTA,4.0
bbbbhe,NTA,4.0
bbbbhe,NTA,4.0
bbbbhe,NTA,4.0
bbbbhe,NTA,4.0
bbbbhe,NTA,4.0
bbbbhe,NTA,4.0
bbbbhe,NTA,4.0
bbbbhe,NTA,4.0
bbbbhe,NTA,4.0
bbbbhe,NTA,4.0
bbbbhe,NTA,4.0
bbbbhe,NTA,4.0
bbbbhe,NTA,4.0
bbbbhe,YTA,4.0
bbbbhe,YTA,4.0
bbbbhe,YTA,4.0
bbbbhe,YTA,4.0
bbbbhe,NTA,4.0
bbbbhe,NTA,4.0
bbbbhe,NTA,4.0
bbbbhe,NTA,4.0
bbbbhe,NAH,3.0
bbbbhe,NAH,3.0
bbbbhe,NTA,4.0
bbbbhe,NTA,4.0
bbbbhe,NTA,4.0
bbbbhe,NTA,4.0
bbbbhe,NTA,4.0
bbbbhe,NTA,4.0
bbbbhe,NTA,4.0
bbbbhe,NTA,4.0
bbbbhe,NAH,4.0
bbbbhe,NAH,4.0
bbbbhe,NTA,4.0
bbbbhe,NTA,4.0
bbbbhe,NTA,4.0
bbbbhe,NTA,4.0
bbbbhe,NTA,4.0
bbbbhe,NTA,4.0
bbbbhe,NTA,4.0
bbbbhe,NTA,4.0
bbbbhe,NTA,4.0
bbbbhe,NTA,4.0
bbbbhe,NTA,4.0
bbbbhe,NTA,4.0
bbbbhe,NTA,4.0
bbbbhe,NTA,4.0
bbbbhe,NTA,4.0
bbbbhe,NTA,4.0
bbbbhe,NTA,4.0
bbbbhe,NTA,4.0
bbbbhe,YTA,4.0
bbbbhe,YTA,4.0
bbbbhe,NTA,4.0
bbbbhe,NTA,4.0
bbbbhe,NTA,4.0
bbbbhe,NTA,4.0
bbbbhe,NTA,4.0
bbbbhe,NTA,4.0
bbbbhe,NTA,4.0
bbbbhe,NTA,4.0
bbbbhe,NTA,3.0
bbbbhe,NTA,3.0
bbbbhe,NTA,4.0
bbbbhe,NTA,4.0
bbbbhe,NTA,4.0
bbbbhe,NTA,4.0
bbbbhe,NTA,3.0
bbbbhe,NTA,3.0
bbbbhe,NTA,4.0
bbbbhe,NTA,4.0
bbbbhe,NTA,4.0
bbbbhe,NTA,4.0
bbbbhe,NTA,4.0
bbbbhe,NTA,4.0
bbbbhe,YTA,3.0
bbbbhe,YTA,3.0
bbbbhe,NTA,4.0
bbbbhe,NTA,4.0
bbbbhe,NTA,4.0
bbbbhe,NTA,4.0
bbbbhe,NTA,4.0
bbbbhe,NTA,4.0
bbbbhe,NTA,4.0
bbbbhe,NTA,4.0
bbbbhe,NTA,4.0
bbbbhe,NTA,4.0
bbbbhe,NTA,4.0
bbbbhe,NTA,4.0
bbbbhe,NTA,4.0
bbbbhe,NTA,4.0
bbbbhe,YTA,2.0
bbbbhe,YTA,2.0
bbbbhe,NTA,4.0
bbbbhe,NTA,4.0
bbbbhe,NAH,4.0
bbbbhe,NAH,4.0
bbbbhe,NTA,4.0
bbbbhe,NTA,4.0
bbbbhe,NTA,4.0
bbbbhe,NTA,4.0
bbbbhe,NTA,4.0
bbbbhe,NTA,4.0
bbbbhe,NTA,4.0
bbbbhe,NTA,4.0
bbbbhe,NTA,4.0
bbbbhe,NTA,4.0
bbbbhe,NTA,4.0
bbbbhe,NTA,4.0
bbbbhe,NTA,4.0
bbbbhe,NTA,4.0
bbbbhe,NTA,4.0
bbbbhe,NTA,4.0
bbbbhe,NTA,4.0
bbbbhe,NTA,4.0
bbbbhe,NTA,4.0
bbbbhe,NTA,4.0
bbbbhe,NTA,4.0
bbbbhe,NTA,4.0
bbbbhe,NTA,4.0
bbbbhe,NTA,4.0
bbbbhe,NTA,4.0
bbbbhe,NTA,4.0
bbbbhe,NTA,4.0
bbbbhe,NTA,4.0
bbbbhe,NTA,4.0
bbbbhe,NTA,4.0
bbbbhe,NTA,4.0
bbbbhe,NTA,4.0
bbbbhe,NTA,4.0
bbbbhe,NTA,4.0
bbbbhe,NTA,4.0
bbbbhe,NTA,4.0
bbbbhe,NTA,4.0
bbbbhe,NTA,4.0
bbbbhe,NTA,4.0
bbbbhe,NTA,4.0
bbbbhe,NTA,4.0
bbbbhe,NTA,4.0
bbbbhe,NTA,4.0
bbbbhe,NTA,4.0
bbbbhe,NTA,4.0
bbbbhe,NTA,4.0
bbbbhe,NTA,4.0
bbbbhe,NTA,4.0
bbbbhe,NTA,4.0
bbbbhe,NTA,4.0
bbbbhe,NTA,4.0
bbbbhe,NTA,4.0
bbbbhe,YTA,4.0
bbbbhe,YTA,4.0
bbbbhe,NTA,4.0
bbbbhe,NTA,4.0
bbbbhe,NTA,4.0
bbbbhe,NTA,4.0
bbbbhe,NTA,4.0
bbbbhe,NTA,4.0
bbbbhe,NTA,4.0
bbbbhe,NTA,4.0
bbbbhe,NTA,4.0
bbbbhe,NTA,4.0
bbbbhe,NTA,4.0
bbbbhe,NTA,4.0
bbbbhe,NTA,4.0
bbbbhe,NTA,4.0
bbbbhe,NTA,4.0
bbbbhe,NTA,4.0
bbbbhe,NTA,4.0
bbbbhe,NTA,4.0
bbbbhe,NTA,3.0
bbbbhe,NTA,3.0
bbbbhe,NTA,4.0
bbbbhe,NTA,4.0
bbbbhe,NTA,4.0
bbbbhe,NTA,4.0
bbbbhe,NTA,4.0
bbbbhe,NTA,4.0
bbbbhe,NTA,4.0
bbbbhe,NTA,4.0
bbbbhe,NTA,4.0
bbbbhe,NTA,4.0
bbbbhe,NTA,4.0
bbbbhe,NTA,4.0
bbbbhe,NTA,4.0
bbbbhe,NTA,4.0
bbbbhe,NTA,4.0
bbbbhe,NTA,4.0
bbbbhe,NTA,4.0
bbbbhe,NTA,4.0
bbbbhe,NTA,4.0
bbbbhe,NTA,4.0
bbbbhe,NTA,4.0
bbbbhe,NTA,4.0
bbbbhe,NTA,4.0
bbbbhe,NTA,4.0
bbbbhe,NTA,4.0
bbbbhe,NTA,4.0
bbbbhe,NTA,4.0
bbbbhe,NTA,4.0
bbbbhe,NTA,4.0
bbbbhe,NTA,4.0
bbbbhe,NTA,4.0
bbbbhe,NTA,4.0
bbbbhe,NAH,4.0
bbbbhe,NAH,4.0
bbbbhe,NAH,4.0
bbbbhe,NAH,4.0
bbbbhe,NTA,4.0
bbbbhe,NTA,4.0
bbbbhe,NTA,4.0
bbbbhe,NTA,4.0
bbbbhe,NTA,4.0
bbbbhe,NTA,4.0
bbbbhe,NTA,4.0
bbbbhe,NTA,4.0
bbbbhe,NTA,4.0
bbbbhe,NTA,4.0
bbbbhe,NTA,3.0
bbbbhe,NTA,3.0
bbbbhe,NTA,4.0
bbbbhe,NTA,4.0
bbbbhe,NTA,4.0
bbbbhe,NTA,4.0
bbbbhe,NTA,4.0
bbbbhe,NTA,4.0
bbbbhe,NTA,4.0
bbbbhe,NTA,4.0
bbbbhe,NTA,4.0
bbbbhe,NTA,4.0
bbbbhe,NTA,4.0
bbbbhe,NTA,4.0
bbbbhe,NTA,4.0
bbbbhe,NTA,4.0
bbbbhe,NTA,4.0
bbbbhe,NTA,4.0
bbbbhe,NTA,4.0
bbbbhe,NTA,4.0
bbbbhe,NTA,4.0
bbbbhe,NTA,4.0
bbbbhe,NTA,4.0
bbbbhe,NTA,4.0
bbbbhe,NTA,4.0
bbbbhe,NTA,4.0
bbbbhe,NTA,4.0
bbbbhe,NTA,4.0
bbbbhe,NTA,4.0
bbbbhe,NTA,4.0
bbbbhe,NTA,4.0
bbbbhe,NTA,4.0
bbbbhe,NTA,4.0
bbbbhe,NTA,4.0
bbbbhe,NTA,4.0
bbbbhe,NTA,4.0
bbbbhe,NTA,4.0
bbbbhe,NTA,4.0
bbbbhe,NTA,4.0
bbbbhe,NTA,4.0
bbbbhe,NTA,4.0
bbbbhe,NTA,4.0
bbbbhe,NTA,4.0
bbbbhe,NTA,4.0
bbbbhe,NAH,4.0
bbbbhe,NAH,4.0
bbbbhe,NAH,4.0
bbbbhe,NAH,4.0
bbbbhe,NTA,4.0
bbbbhe,NTA,4.0
bbbbhe,NTA,4.0
bbbbhe,NTA,4.0
bbbbhe,NTA,4.0
bbbbhe,NTA,4.0
bbbbhe,YTA,3.0
bbbbhe,YTA,3.0
bbbbhe,NTA,4.0
bbbbhe,NTA,4.0
bbbbhe,NTA,4.0
bbbbhe,NTA,4.0
bbbbhe,NTA,4.0
bbbbhe,NTA,4.0
bbbbhe,NTA,4.0
bbbbhe,NTA,4.0
bbbbhe,NTA,4.0
bbbbhe,NTA,4.0
bbbbhe,NTA,4.0
bbbbhe,NTA,4.0
bbbbhe,NTA,4.0
bbbbhe,NTA,4.0
bbbbhe,NTA,4.0
bbbbhe,NTA,4.0
bbbbhe,NTA,4.0
bbbbhe,NTA,4.0
bbbbhe,NTA,4.0
bbbbhe,NTA,4.0
bbbbhe,NTA,4.0
bbbbhe,NTA,4.0
bbbbhe,NTA,4.0
bbbbhe,NTA,4.0
bbbbhe,NTA,4.0
bbbbhe,NTA,4.0
bbbbhe,NTA,4.0
bbbbhe,NTA,4.0
bbbbhe,NTA,4.0
bbbbhe,NTA,4.0
bbbbhe,NTA,4.0
bbbbhe,NTA,4.0
bbbbhe,NTA,4.0
bbbbhe,NTA,4.0
bbbbhe,NTA,4.0
bbbbhe,NTA,4.0
bbbbhe,NTA,4.0
bbbbhe,NTA,4.0
bbbbhe,NTA,4.0
bbbbhe,NTA,4.0
bbbbhe,NTA,4.0
bbbbhe,NTA,4.0
bbbbhe,NTA,4.0
bbbbhe,NTA,4.0
bbbbhe,NTA,4.0
bbbbhe,NTA,4.0
bbbbhe,NTA,4.0
bbbbhe,NTA,4.0
bbbbhe,NTA,4.0
bbbbhe,NTA,4.0
bbbbhe,NTA,4.0
bbbbhe,NTA,4.0
bbbbhe,NTA,4.0
bbbbhe,NTA,4.0
bbbbhe,NTA,4.0
bbbbhe,NTA,4.0
bbbbhe,NTA,4.0
bbbbhe,NTA,4.0
bbbbhe,NAH,4.0
bbbbhe,NAH,4.0
bbbbhe,NTA,4.0
bbbbhe,NTA,4.0
bbbbhe,NTA,4.0
bbbbhe,NTA,4.0
bbbbhe,NTA,4.0
bbbbhe,NTA,4.0
bbbbhe,NTA,4.0
bbbbhe,NTA,4.0
bbbbhe,NTA,4.0
bbbbhe,NTA,4.0
bbbbhe,YTA,4.0
bbbbhe,YTA,4.0
bbbbhe,NTA,3.0
bbbbhe,NTA,3.0
bbbbhe,YTA,4.0
bbbbhe,YTA,4.0
bbbbhe,NTA,4.0
bbbbhe,NTA,4.0
bbbbhe,NTA,4.0
bbbbhe,NTA,4.0
bbbbhe,YTA,4.0
bbbbhe,YTA,4.0
bbbbhe,NTA,3.0
bbbbhe,NTA,3.0
bbbbhe,NTA,4.0
bbbbhe,NTA,4.0
bbbbhe,NTA,4.0
bbbbhe,NTA,4.0
bbbbhe,NTA,4.0
bbbbhe,NTA,4.0
bbbbhe,NTA,4.0
bbbbhe,NTA,4.0
bbbbhe,NTA,4.0
bbbbhe,NTA,4.0
bbbbhe,NTA,4.0
bbbbhe,NTA,4.0
bbbbhe,NTA,4.0
bbbbhe,NTA,4.0
bbbbhe,NTA,4.0
bbbbhe,NTA,4.0
bbbbhe,NTA,4.0
bbbbhe,NTA,4.0
bbbbhe,NTA,4.0
bbbbhe,NTA,4.0
bbbbhe,NAH,4.0
bbbbhe,NAH,4.0
bbbbhe,NAH,4.0
bbbbhe,NAH,4.0
bbbbhe,NTA,4.0
bbbbhe,NTA,4.0
bbbbhe,NTA,4.0
bbbbhe,NTA,4.0
bbbbhe,NTA,4.0
bbbbhe,NTA,4.0
bbbbhe,NTA,4.0
bbbbhe,NTA,4.0
bbbbhe,NTA,4.0
bbbbhe,NTA,4.0
bbbbhe,NTA,4.0
bbbbhe,NTA,4.0
bbbbhe,NTA,4.0
bbbbhe,NTA,4.0
bbbbhe,NTA,4.0
bbbbhe,NTA,4.0
bbbbhe,NTA,4.0
bbbbhe,NTA,4.0
bbbbhe,NTA,4.0
bbbbhe,NTA,4.0
bbbbhe,NTA,4.0
bbbbhe,NTA,4.0
bbbbhe,NTA,4.0
bbbbhe,NTA,4.0
bbbbhe,NTA,4.0
bbbbhe,NTA,4.0
bbbbhe,NTA,4.0
bbbbhe,NTA,4.0
bbbbhe,NTA,4.0
bbbbhe,NTA,4.0
bbbbhe,NTA,4.0
bbbbhe,NTA,4.0
bbbbhe,NTA,4.0
bbbbhe,NTA,4.0
bbbbhe,NTA,4.0
bbbbhe,NTA,4.0
bbbbhe,NTA,4.0
bbbbhe,NTA,4.0
bbbbhe,NTA,4.0
bbbbhe,NTA,4.0
bbbbhe,NTA,4.0
bbbbhe,NTA,4.0
bbbbhe,NTA,4.0
bbbbhe,NTA,4.0
bbbbhe,NTA,4.0
bbbbhe,NTA,4.0
bbbbhe,NTA,4.0
bbbbhe,NTA,4.0
bbbbhe,NTA,4.0
bbbbhe,NTA,4.0
bbbbhe,NTA,4.0
bbbbhe,NTA,4.0
bbbbhe,NAH,3.0
bbbbhe,NAH,3.0
bbbbhe,NTA,4.0
bbbbhe,NTA,4.0
bbbbhe,NTA,4.0
bbbbhe,NTA,4.0
bbbbhe,NTA,4.0
bbbbhe,NTA,4.0
bbbbhe,NTA,4.0
bbbbhe,NTA,4.0
bbbbhe,NTA,4.0
bbbbhe,NTA,4.0
bbbbhe,NAH,3.0
bbbbhe,NAH,3.0
bbbbhe,NTA,1.0
bbbbhe,NTA,1.0
bbbbhe,NTA,4.0
bbbbhe,NTA,4.0
bbbbhe,NTA,4.0
bbbbhe,NTA,4.0
bbbbhe,NTA,4.0
bbbbhe,NTA,4.0
bbbbhe,NTA,3.0
bbbbhe,NTA,3.0
bbbbhe,YTA,4.0
bbbbhe,YTA,4.0
bbbbhe,NTA,4.0
bbbbhe,NTA,4.0
bbbbhe,NTA,4.0
bbbbhe,NTA,4.0
bbbbhe,NTA,4.0
bbbbhe,NTA,4.0
bbbbhe,NTA,4.0
bbbbhe,NTA,4.0
bbbbhe,NTA,4.0
bbbbhe,NTA,4.0
bbbbhe,NTA,4.0
bbbbhe,NTA,4.0
bbbbhe,NTA,4.0
bbbbhe,NTA,4.0
bbbbhe,NTA,4.0
bbbbhe,NTA,4.0
bbbbhe,NAH,3.0
bbbbhe,NAH,3.0
bbbbhe,NTA,4.0
bbbbhe,NTA,4.0
bbbbhe,NTA,4.0
bbbbhe,NTA,4.0
bbbbhe,NTA,4.0
bbbbhe,NTA,4.0
bbbbhe,NTA,4.0
bbbbhe,NTA,4.0
bbbbhe,NTA,4.0
bbbbhe,NTA,4.0
bbbbhe,NTA,4.0
bbbbhe,NTA,4.0
bbbbhe,NTA,3.0
bbbbhe,NTA,3.0
bbbbhe,NTA,4.0
bbbbhe,NTA,4.0
bbbbhe,NTA,4.0
bbbbhe,NTA,4.0
bbbbhe,NTA,4.0
bbbbhe,NTA,4.0
bbbbhe,NTA,4.0
bbbbhe,NTA,4.0
bbbbhe,NTA,4.0
bbbbhe,NTA,4.0
bbbbhe,NTA,4.0
bbbbhe,NTA,4.0
bbbbhe,YTA,4.0
bbbbhe,YTA,4.0
bbbbhe,NTA,4.0
bbbbhe,NTA,4.0
bbbbhe,NTA,4.0
bbbbhe,NTA,4.0
bbbbhe,YTA,4.0
bbbbhe,YTA,4.0
bbbbhe,NTA,4.0
bbbbhe,NTA,4.0
bbbbhe,NTA,4.0
bbbbhe,NTA,4.0
bbbbhe,NTA,4.0
bbbbhe,NTA,4.0
bbbbhe,NTA,4.0
bbbbhe,NTA,4.0
bbbbhe,NTA,4.0
bbbbhe,NTA,4.0
bbbbhe,NTA,4.0
bbbbhe,NTA,4.0
bbbbhe,NTA,4.0
bbbbhe,NTA,4.0
bbbbhe,NTA,4.0
bbbbhe,NTA,4.0
bbbbhe,NTA,4.0
bbbbhe,NTA,4.0
bbbbhe,NTA,4.0
bbbbhe,NTA,4.0
bbbbhe,NTA,4.0
bbbbhe,NTA,4.0
bbbbhe,NTA,4.0
bbbbhe,NTA,4.0
bbbbhe,NTA,4.0
bbbbhe,NTA,4.0
bbbbhe,NTA,4.0
bbbbhe,NTA,4.0
bbbbhe,NTA,4.0
bbbbhe,NTA,4.0
bbbbhe,YTA,4.0
bbbbhe,YTA,4.0
bbbbhe,NTA,4.0
bbbbhe,NTA,4.0
bbbbhe,NTA,4.0
bbbbhe,NTA,4.0
bbbbhe,NTA,4.0
bbbbhe,NTA,4.0
bbbbhe,NTA,4.0
bbbbhe,NTA,4.0
bbbbhe,NTA,4.0
bbbbhe,NTA,4.0
bbbbhe,NTA,4.0
bbbbhe,NTA,4.0
bbbbhe,NTA,4.0
bbbbhe,NTA,4.0
bbbbhe,NTA,4.0
bbbbhe,NTA,4.0
bbbbhe,YTA,4.0
bbbbhe,YTA,4.0
bbbbhe,NTA,4.0
bbbbhe,NTA,4.0
bbbbhe,NTA,4.0
bbbbhe,NTA,4.0
bbbbhe,NTA,4.0
bbbbhe,NTA,4.0
bbbbhe,NAH,3.0
bbbbhe,NAH,3.0
bbbbhe,NTA,4.0
bbbbhe,NTA,4.0
bbbbhe,NTA,4.0
bbbbhe,NTA,4.0
bbbbhe,NTA,4.0
bbbbhe,NTA,4.0
bbbbhe,NTA,4.0
bbbbhe,NTA,4.0
bbbbhe,NTA,3.0
bbbbhe,NTA,3.0
bbbbhe,NTA,4.0
bbbbhe,NTA,4.0
bbbbhe,NTA,4.0
bbbbhe,NTA,4.0
bbbbhe,NTA,4.0
bbbbhe,NTA,4.0
bbbbhe,NTA,4.0
bbbbhe,NTA,4.0
bbbbhe,NTA,4.0
bbbbhe,NTA,4.0
bbbbhe,NTA,4.0
bbbbhe,NTA,4.0
bbbbhe,NTA,3.0
bbbbhe,NTA,3.0
bbbbhe,NTA,4.0
bbbbhe,NTA,4.0
bbbbhe,NTA,4.0
bbbbhe,NTA,4.0
bbbbhe,NAH,4.0
bbbbhe,NAH,4.0
bbbbhe,NTA,4.0
bbbbhe,NTA,4.0
bbbbhe,NTA,4.0
bbbbhe,NTA,4.0
bbbbhe,NAH,4.0
bbbbhe,NAH,4.0
bbbbhe,NTA,4.0
bbbbhe,NTA,4.0
bbbbhe,NTA,4.0
bbbbhe,NTA,4.0
bbbbhe,NTA,3.0
bbbbhe,NTA,3.0
bbbbhe,NTA,4.0
bbbbhe,NTA,4.0
bbbbhe,NTA,4.0
bbbbhe,NTA,4.0
bbbbhe,NTA,4.0
bbbbhe,NTA,4.0
bbbbhe,NTA,4.0
bbbbhe,NTA,4.0
bbbbhe,NTA,4.0
bbbbhe,NTA,4.0
bbbbhe,NTA,4.0
bbbbhe,NTA,4.0
bbbbhe,NTA,4.0
bbbbhe,NTA,4.0
bbbbhe,NTA,4.0
bbbbhe,NTA,4.0
bbbbhe,NTA,4.0
bbbbhe,NTA,4.0
bbbbhe,NTA,4.0
bbbbhe,NTA,4.0
bbbbhe,NTA,4.0
bbbbhe,NTA,4.0
bbbbhe,NTA,4.0
bbbbhe,NTA,4.0
bbbbhe,NTA,4.0
bbbbhe,NTA,4.0
bbbbhe,NTA,4.0
bbbbhe,NTA,4.0
bbbbhe,NTA,4.0
bbbbhe,NTA,4.0
bbbbhe,NTA,4.0
bbbbhe,NTA,4.0
bbbbhe,NTA,4.0
bbbbhe,NTA,4.0
bbbbhe,NTA,4.0
bbbbhe,NTA,4.0
bbbbhe,NTA,4.0
bbbbhe,NTA,4.0
bbbbhe,NTA,4.0
bbbbhe,NTA,4.0
bbbbhe,NAH,4.0
bbbbhe,NAH,4.0
bbbbhe,NTA,4.0
bbbbhe,NTA,4.0
bbbbhe,NTA,4.0
bbbbhe,NTA,4.0
bbbbhe,NTA,4.0
bbbbhe,NTA,4.0
bbbbhe,NTA,4.0
bbbbhe,NTA,4.0
bbbbhe,NTA,2.0
bbbbhe,NTA,2.0
bbbbhe,NTA,4.0
bbbbhe,NTA,4.0
bbbbhe,NTA,4.0
bbbbhe,NTA,4.0
bbbbhe,NTA,4.0
bbbbhe,NTA,4.0
bbbbhe,NTA,4.0
bbbbhe,NTA,4.0
bbbbhe,NTA,4.0
bbbbhe,NTA,4.0
bbbbhe,NTA,4.0
bbbbhe,NTA,4.0
bbbbhe,NTA,4.0
bbbbhe,NTA,4.0
bbbbhe,NTA,4.0
bbbbhe,NTA,4.0
bbbbhe,NTA,4.0
bbbbhe,NTA,4.0
bbbbhe,NTA,3.0
bbbbhe,NTA,3.0
bbbbhe,NTA,4.0
bbbbhe,NTA,4.0
bbbbhe,NTA,4.0
bbbbhe,NTA,4.0
bbbbhe,NTA,4.0
bbbbhe,NTA,4.0
bbbbhe,NTA,4.0
bbbbhe,NTA,4.0
bbbbhe,NTA,4.0
bbbbhe,NTA,4.0
bbbbhe,NTA,4.0
bbbbhe,NTA,4.0
bbbbhe,NTA,4.0
bbbbhe,NTA,4.0
bbbbhe,NTA,4.0
bbbbhe,NTA,4.0
bbbbhe,NTA,4.0
bbbbhe,NTA,4.0
bbbbhe,NTA,4.0
bbbbhe,NTA,4.0
bbbbhe,NTA,4.0
bbbbhe,NTA,4.0
bbbbhe,NTA,4.0
bbbbhe,NTA,4.0
bbbbhe,NTA,4.0
bbbbhe,NTA,4.0
bbbbhe,NAH,3.0
bbbbhe,NAH,3.0
bbbbhe,NTA,4.0
bbbbhe,NTA,4.0
bbbbhe,NTA,4.0
bbbbhe,NTA,4.0
bbbbhe,NTA,4.0
bbbbhe,NTA,4.0
bbbbhe,NTA,4.0
bbbbhe,NTA,4.0
bbbbhe,NTA,4.0
bbbbhe,NTA,4.0
bbbbhe,NTA,4.0
bbbbhe,NTA,4.0
bbbbhe,NTA,4.0
bbbbhe,NTA,4.0
bbbbhe,NTA,4.0
bbbbhe,NTA,4.0
bbbbhe,NTA,4.0
bbbbhe,NTA,4.0
bbbbhe,NTA,4.0
bbbbhe,NTA,4.0
bbbbhe,NTA,4.0
bbbbhe,NTA,4.0
bbbbhe,NTA,3.0
bbbbhe,NTA,3.0
bbbbhe,NTA,4.0
bbbbhe,NTA,4.0
bbbbhe,NTA,4.0
bbbbhe,NTA,4.0
bbbbhe,NTA,3.0
bbbbhe,NTA,3.0
bbbbhe,YTA,3.0
bbbbhe,YTA,3.0
bbbbhe,NTA,4.0
bbbbhe,NTA,4.0
bbbbhe,NTA,4.0
bbbbhe,NTA,4.0
bbbbhe,NTA,4.0
bbbbhe,NTA,4.0
bbbbhe,NTA,4.0
bbbbhe,NTA,4.0
bbbbhe,NTA,4.0
bbbbhe,NTA,4.0
bbbbhe,NTA,4.0
bbbbhe,NTA,4.0
bbbbhe,NTA,4.0
bbbbhe,NTA,4.0
bbbbhe,NTA,4.0
bbbbhe,NTA,4.0
bbbbhe,NAH,4.0
bbbbhe,NAH,4.0
bbbbhe,NTA,4.0
bbbbhe,NTA,4.0
bbbbhe,NTA,4.0
bbbbhe,NTA,4.0
bbbbhe,NTA,4.0
bbbbhe,NTA,4.0
bbbbhe,NTA,4.0
bbbbhe,NTA,4.0
bbbbhe,NTA,4.0
bbbbhe,NTA,4.0
bbbbhe,NTA,4.0
bbbbhe,NTA,4.0
bbbbhe,NTA,4.0
bbbbhe,NTA,4.0
bbbbhe,NTA,4.0
bbbbhe,NTA,4.0
bbbbhe,NTA,4.0
bbbbhe,NTA,4.0
bbbbhe,NTA,4.0
bbbbhe,NTA,4.0
bbbbhe,NTA,4.0
bbbbhe,NTA,4.0
bbbbhe,NTA,4.0
bbbbhe,NTA,4.0
bbbbhe,NTA,4.0
bbbbhe,NTA,4.0
bbbbhe,NTA,4.0
bbbbhe,NTA,4.0
bbbbhe,NTA,4.0
bbbbhe,NTA,4.0
bbbbhe,NTA,4.0
bbbbhe,NTA,4.0
bbbbhe,NTA,4.0
bbbbhe,NTA,4.0
bbbbhe,NTA,4.0
bbbbhe,NTA,4.0
bbbbhe,NTA,4.0
bbbbhe,NTA,4.0
bbbbhe,NTA,4.0
bbbbhe,NTA,4.0
bbbbhe,NTA,4.0
bbbbhe,NTA,4.0
bbbbhe,NTA,4.0
bbbbhe,NTA,4.0
bbbbhe,NTA,4.0
bbbbhe,NTA,4.0
bbbbhe,NTA,4.0
bbbbhe,NTA,4.0
bbbbhe,NTA,4.0
bbbbhe,NTA,4.0
bbbbhe,NTA,4.0
bbbbhe,NTA,4.0
bbbbhe,NTA,4.0
bbbbhe,NTA,4.0
bbbbhe,NTA,4.0
bbbbhe,NTA,4.0
bbbbhe,NTA,4.0
bbbbhe,NTA,4.0
bbbbhe,NAH,4.0
bbbbhe,NAH,4.0
bbbbhe,NTA,4.0
bbbbhe,NTA,4.0
bbbbhe,NTA,4.0
bbbbhe,NTA,4.0
bbbbhe,NTA,4.0
bbbbhe,NTA,4.0
bbbbhe,NTA,4.0
bbbbhe,NTA,4.0
bbbbhe,NTA,4.0
bbbbhe,NTA,4.0
bbbbhe,NTA,4.0
bbbbhe,NTA,4.0
bbbbhe,NTA,4.0
bbbbhe,NTA,4.0
bbbbhe,NTA,4.0
bbbbhe,NTA,4.0
bbbbhe,NTA,4.0
bbbbhe,NTA,4.0
bbbbhe,YTA,4.0
bbbbhe,YTA,4.0
bbbbhe,NTA,4.0
bbbbhe,NTA,4.0
bbbbhe,NTA,4.0
bbbbhe,NTA,4.0
bbbbhe,NTA,4.0
bbbbhe,NTA,4.0
bbbbhe,NTA,4.0
bbbbhe,NTA,4.0
bbbbhe,NTA,4.0
bbbbhe,NTA,4.0
bbbbhe,YTA,3.0
bbbbhe,YTA,3.0
bbbbhe,NTA,4.0
bbbbhe,NTA,4.0
bbbbhe,NTA,4.0
bbbbhe,NTA,4.0
bbbbhe,NTA,3.0
bbbbhe,NTA,3.0
bbbbhe,NTA,4.0
bbbbhe,NTA,4.0
bbbbhe,NTA,4.0
bbbbhe,NTA,4.0
bbbbhe,NTA,4.0
bbbbhe,NTA,4.0
bbbbhe,NTA,4.0
bbbbhe,NTA,4.0
bbbbhe,NTA,4.0
bbbbhe,NTA,4.0
bbbbhe,NTA,4.0
bbbbhe,NTA,4.0
bbbbhe,YTA,4.0
bbbbhe,YTA,4.0
bbbbhe,NTA,4.0
bbbbhe,NTA,4.0
bbbbhe,NTA,4.0
bbbbhe,NTA,4.0
bbbbhe,NTA,4.0
bbbbhe,NTA,4.0
bbbbhe,NTA,4.0
bbbbhe,NTA,4.0
bbbbhe,NTA,4.0
bbbbhe,NTA,4.0
bbbbhe,NTA,4.0
bbbbhe,NTA,4.0
bbbbhe,NTA,4.0
bbbbhe,NTA,4.0
bbbbhe,NTA,4.0
bbbbhe,NTA,4.0
bbbbhe,NTA,4.0
bbbbhe,NTA,4.0
bbbbhe,NTA,3.0
bbbbhe,NTA,3.0
bbbbhe,NAH,3.0
bbbbhe,NAH,3.0
bbbbhe,NTA,3.0
bbbbhe,NTA,3.0
bbbbhe,NTA,4.0
bbbbhe,NTA,4.0
bbbbhe,NTA,4.0
bbbbhe,NTA,4.0
bbbbhe,NTA,4.0
bbbbhe,NTA,4.0
bbbbhe,NTA,4.0
bbbbhe,NTA,4.0
bbbbhe,NTA,4.0
bbbbhe,NTA,4.0
bbbbhe,NTA,4.0
bbbbhe,NTA,4.0
bbbbhe,NTA,4.0
bbbbhe,NTA,4.0
bbbbhe,NTA,4.0
bbbbhe,NTA,4.0
bbbbhe,YTA,3.0
bbbbhe,YTA,3.0
bbbbhe,NTA,4.0
bbbbhe,NTA,4.0
bbbbhe,NTA,4.0
bbbbhe,NTA,4.0
bbbbhe,NTA,4.0
bbbbhe,NTA,4.0
bbbbhe,NTA,4.0
bbbbhe,NTA,4.0
bbbbhe,NTA,4.0
bbbbhe,NTA,4.0
bbbbhe,YTA,3.0
bbbbhe,YTA,3.0
bbbbhe,NTA,4.0
bbbbhe,NTA,4.0
bbbbhe,NAH,4.0
bbbbhe,NAH,4.0
bbbbhe,NAH,4.0
bbbbhe,NAH,4.0
bbbbhe,NAH,4.0
bbbbhe,NAH,4.0
bbbbhe,NTA,4.0
bbbbhe,NTA,4.0
bbbbhe,NTA,4.0
bbbbhe,NTA,4.0
bbbbhe,NTA,4.0
bbbbhe,NTA,4.0
bbbbhe,NTA,4.0
bbbbhe,NTA,4.0
bbbbhe,NTA,3.0
bbbbhe,NTA,3.0
bbbbhe,NTA,4.0
bbbbhe,NTA,4.0
bbbbhe,NTA,4.0
bbbbhe,NTA,4.0
bbbbhe,NTA,4.0
bbbbhe,NTA,4.0
bbbbhe,YTA,4.0
bbbbhe,YTA,4.0
bbbbhe,NTA,4.0
bbbbhe,NTA,4.0
bbbbhe,NTA,4.0
bbbbhe,NTA,4.0
bbbbhe,NTA,4.0
bbbbhe,NTA,4.0
bbbbhe,NTA,3.0
bbbbhe,NTA,3.0
bbbbhe,NTA,4.0
bbbbhe,NTA,4.0
bbbbhe,NTA,4.0
bbbbhe,NTA,4.0
bbbbhe,NTA,4.0
bbbbhe,NTA,4.0
bbbbhe,NTA,4.0
bbbbhe,NTA,4.0
bbbbhe,NTA,4.0
bbbbhe,NTA,4.0
bbbbhe,YTA,4.0
bbbbhe,YTA,4.0
bbbbhe,NTA,4.0
bbbbhe,NTA,4.0
bbbbhe,NTA,4.0
bbbbhe,NTA,4.0
bbbbhe,NTA,4.0
bbbbhe,NTA,4.0
bbbbhe,NTA,3.0
bbbbhe,NTA,3.0
bbbbhe,NAH,4.0
bbbbhe,NAH,4.0
bbbbhe,NTA,4.0
bbbbhe,NTA,4.0
bbbbhe,NTA,4.0
bbbbhe,NTA,4.0
bbbbhe,NTA,4.0
bbbbhe,NTA,4.0
bbbbhe,NTA,4.0
bbbbhe,NTA,4.0
bbbbhe,NTA,4.0
bbbbhe,NTA,4.0
bbbbhe,NTA,4.0
bbbbhe,NTA,4.0
bbbbhe,NTA,4.0
bbbbhe,NTA,4.0
bbbbhe,NTA,4.0
bbbbhe,NTA,4.0
bbbbhe,NTA,4.0
bbbbhe,NTA,4.0
bbbbhe,NTA,4.0
bbbbhe,NTA,4.0
bbbbhe,YTA,3.0
bbbbhe,YTA,3.0
bbbbhe,NTA,4.0
bbbbhe,NTA,4.0
bbbbhe,NTA,4.0
bbbbhe,NTA,4.0
bbbbhe,NTA,4.0
bbbbhe,NTA,4.0
bbbbhe,NTA,4.0
bbbbhe,NTA,4.0
bbbbhe,NTA,4.0
bbbbhe,NTA,4.0
bbbbhe,NTA,4.0
bbbbhe,NTA,4.0
bbbbhe,NTA,4.0
bbbbhe,NTA,4.0
bbbbhe,NTA,4.0
bbbbhe,NTA,4.0
bbbbhe,NTA,4.0
bbbbhe,NTA,4.0
bbbbhe,YTA,4.0
bbbbhe,YTA,4.0
bbbbhe,NTA,4.0
bbbbhe,NTA,4.0
bbbbhe,NTA,4.0
bbbbhe,NTA,4.0
bbbbhe,NTA,4.0
bbbbhe,NTA,4.0
bbbbhe,NTA,4.0
bbbbhe,NTA,4.0
bbbbhe,NTA,4.0
bbbbhe,NTA,4.0
bbbbhe,NTA,4.0
bbbbhe,NTA,4.0
bbbbhe,NTA,4.0
bbbbhe,NTA,4.0
bbbbhe,NTA,4.0
bbbbhe,NTA,4.0
bbbbhe,NTA,4.0
bbbbhe,NTA,4.0
bbbbhe,NTA,4.0
bbbbhe,NTA,4.0
bbbbhe,NTA,4.0
bbbbhe,NTA,4.0
bbbbhe,NTA,4.0
bbbbhe,NTA,4.0
bbbbhe,NTA,3.0
bbbbhe,NTA,3.0
bbbbhe,NTA,4.0
bbbbhe,NTA,4.0
bbbbhe,NTA,4.0
bbbbhe,NTA,4.0
bbbbhe,NTA,4.0
bbbbhe,NTA,4.0
bbbbhe,NTA,3.0
bbbbhe,NTA,3.0
bbbbhe,NTA,4.0
bbbbhe,NTA,4.0
bbbbhe,NTA,4.0
bbbbhe,NTA,4.0
bbbbhe,NTA,4.0
bbbbhe,NTA,4.0
bbbbhe,NTA,4.0
bbbbhe,NTA,4.0
bbbbhe,NTA,4.0
bbbbhe,NTA,4.0
bbbbhe,NTA,4.0
bbbbhe,NTA,4.0
bbbbhe,NTA,4.0
bbbbhe,NTA,4.0
bbbbhe,NTA,4.0
bbbbhe,NTA,4.0
bbbbhe,NTA,3.0
bbbbhe,NTA,3.0
bbbbhe,NTA,4.0
bbbbhe,NTA,4.0
bbbbhe,NTA,4.0
bbbbhe,NTA,4.0
bbbbhe,NTA,4.0
bbbbhe,NTA,4.0
bbbbhe,NTA,4.0
bbbbhe,NTA,4.0
bbbbhe,NTA,1.0
bbbbhe,NTA,1.0
bbbbhe,NTA,3.0
bbbbhe,NTA,3.0
bbbbhe,NTA,4.0
bbbbhe,NTA,4.0
bbbbhe,NTA,4.0
bbbbhe,NTA,4.0
bbbbhe,NTA,4.0
bbbbhe,NTA,4.0
bbbbhe,NTA,4.0
bbbbhe,NTA,4.0
bbbbhe,NTA,4.0
bbbbhe,NTA,4.0
bbbbhe,NTA,4.0
bbbbhe,NTA,4.0
bbbbhe,NTA,4.0
bbbbhe,NTA,4.0
bbbbhe,NTA,4.0
bbbbhe,NTA,4.0
bbbbhe,NTA,4.0
bbbbhe,NTA,4.0
bbbbhe,NTA,4.0
bbbbhe,NTA,4.0
bbbbhe,NAH,3.0
bbbbhe,NAH,3.0
bbbbhe,NAH,4.0
bbbbhe,NAH,4.0
bbbbhe,NAH,3.0
bbbbhe,NAH,3.0
bbbbhe,NAH,4.0
bbbbhe,NAH,4.0
bbbbhe,NTA,4.0
bbbbhe,NTA,4.0
bbbbhe,NTA,4.0
bbbbhe,NTA,4.0
bbbbhe,NTA,4.0
bbbbhe,NTA,4.0
bbbbhe,NTA,4.0
bbbbhe,NTA,4.0
bbbbhe,NTA,3.0
bbbbhe,NTA,3.0
bbbbhe,NTA,4.0
bbbbhe,NTA,4.0
bbbbhe,NTA,4.0
bbbbhe,NTA,4.0
bbbbhe,NTA,4.0
bbbbhe,NTA,4.0
bbbbhe,NAH,4.0
bbbbhe,NAH,4.0
bbbbhe,NTA,4.0
bbbbhe,NTA,4.0
bbbbhe,NTA,4.0
bbbbhe,NTA,4.0
bbbbhe,NTA,4.0
bbbbhe,NTA,4.0
bbbbhe,NAH,4.0
bbbbhe,NAH,4.0
bbbbhe,NTA,4.0
bbbbhe,NTA,4.0
bbbbhe,NTA,4.0
bbbbhe,NTA,4.0
bbbbhe,NTA,4.0
bbbbhe,NTA,4.0
bbbbhe,NTA,4.0
bbbbhe,NTA,4.0
bbbbhe,NAH,4.0
bbbbhe,NAH,4.0
bbbbhe,NTA,4.0
bbbbhe,NTA,4.0
bbbbhe,NTA,4.0
bbbbhe,NTA,4.0
bbbbhe,NTA,4.0
bbbbhe,NTA,4.0
bbbbhe,NTA,4.0
bbbbhe,NTA,4.0
bbbbhe,NTA,4.0
bbbbhe,NTA,4.0
bbbbhe,NTA,4.0
bbbbhe,NTA,4.0
bbbbhe,NTA,4.0
bbbbhe,NTA,4.0
bbbbhe,NTA,4.0
bbbbhe,NTA,4.0
bbbbhe,NTA,4.0
bbbbhe,NTA,4.0
bbbbhe,NTA,4.0
bbbbhe,NTA,4.0
bbbbhe,NTA,4.0
bbbbhe,NTA,4.0
bbbbhe,NTA,4.0
bbbbhe,NTA,4.0
bbbbhe,NTA,4.0
bbbbhe,NTA,4.0
bbbbhe,NTA,4.0
bbbbhe,NTA,4.0
bbbbhe,NTA,4.0
bbbbhe,NTA,4.0
bbbbhe,NTA,4.0
bbbbhe,NTA,4.0
bbbbhe,NTA,4.0
bbbbhe,NTA,4.0
bbbbhe,NTA,4.0
bbbbhe,NTA,4.0
bbbbhe,NTA,4.0
bbbbhe,NTA,4.0
bbbbhe,NTA,4.0
bbbbhe,NTA,4.0
bbbbhe,NTA,4.0
bbbbhe,NTA,4.0
bbbbhe,NTA,4.0
bbbbhe,NTA,4.0
bbbbhe,NAH,4.0
bbbbhe,NAH,4.0
bbbbhe,NTA,4.0
bbbbhe,NTA,4.0
bbbbhe,NTA,3.0
bbbbhe,NTA,3.0
bbbbhe,NTA,4.0
bbbbhe,NTA,4.0
bbbbhe,NTA,4.0
bbbbhe,NTA,4.0
bbbbhe,NTA,4.0
bbbbhe,NTA,4.0
bbbbhe,NTA,4.0
bbbbhe,NTA,4.0
bbbbhe,NTA,3.0
bbbbhe,NTA,3.0
bbbbhe,NTA,4.0
bbbbhe,NTA,4.0
bbbbhe,NTA,4.0
bbbbhe,NTA,4.0
bbbbhe,NTA,4.0
bbbbhe,NTA,4.0
bbbbhe,NTA,4.0
bbbbhe,NTA,4.0
bbbbhe,NTA,4.0
bbbbhe,NTA,4.0
bbbbhe,NTA,4.0
bbbbhe,NTA,4.0
bbbbhe,NAH,3.0
bbbbhe,NAH,3.0
bbbbhe,NTA,4.0
bbbbhe,NTA,4.0
bbbbhe,NTA,4.0
bbbbhe,NTA,4.0
bbbbhe,NTA,4.0
bbbbhe,NTA,4.0
bbbbhe,NTA,4.0
bbbbhe,NTA,4.0
bbbbhe,NTA,4.0
bbbbhe,NTA,4.0
bbbbhe,NAH,4.0
bbbbhe,NAH,4.0
bbbbhe,NTA,4.0
bbbbhe,NTA,4.0
bbbbhe,NTA,4.0
bbbbhe,NTA,4.0
bbbbhe,NAH,3.0
bbbbhe,NAH,3.0
bbbbhe,NTA,4.0
bbbbhe,NTA,4.0
bbbbhe,NTA,4.0
bbbbhe,NTA,4.0
bbbbhe,NTA,4.0
bbbbhe,NTA,4.0
bbbbhe,NTA,4.0
bbbbhe,NTA,4.0
bbbbhe,NTA,4.0
bbbbhe,NTA,4.0
bbbbhe,NTA,4.0
bbbbhe,NTA,4.0
bbbbhe,NTA,4.0
bbbbhe,NTA,4.0
bbbbhe,NTA,4.0
bbbbhe,NTA,4.0
bbbbhe,NTA,4.0
bbbbhe,NTA,4.0
bbbbhe,NTA,4.0
bbbbhe,NTA,4.0
bbbbhe,NTA,4.0
bbbbhe,NTA,4.0
bbbbhe,NAH,4.0
bbbbhe,NAH,4.0
bbbbhe,NAH,4.0
bbbbhe,NAH,4.0
bbbbhe,NTA,4.0
bbbbhe,NTA,4.0
bbbbhe,NTA,3.0
bbbbhe,NTA,3.0
bbbbhe,NTA,4.0
bbbbhe,NTA,4.0
bbbbhe,NTA,4.0
bbbbhe,NTA,4.0
bbbbhe,NTA,4.0
bbbbhe,NTA,4.0
bbbbhe,NTA,4.0
bbbbhe,NTA,4.0
bbbbhe,NTA,4.0
bbbbhe,NTA,4.0
bbbbhe,NTA,4.0
bbbbhe,NTA,4.0
bbbbhe,NTA,4.0
bbbbhe,NTA,4.0
bbbbhe,NAH,4.0
bbbbhe,NAH,4.0
bbbbhe,NTA,1.0
bbbbhe,NTA,1.0
bbbbhe,NTA,4.0
bbbbhe,NTA,4.0
bbbbhe,NAH,3.0
bbbbhe,NAH,3.0
bbbbhe,NTA,4.0
bbbbhe,NTA,4.0
bbbbhe,NTA,4.0
bbbbhe,NTA,4.0
bbbbhe,NTA,4.0
bbbbhe,NTA,4.0
bbbbhe,NTA,4.0
bbbbhe,NTA,4.0
bbbbhe,NAH,3.0
bbbbhe,NAH,3.0
bbbbhe,NTA,4.0
bbbbhe,NTA,4.0
bbbbhe,NTA,4.0
bbbbhe,NTA,4.0
bbbbhe,NTA,4.0
bbbbhe,NTA,4.0
bbbbhe,NTA,4.0
bbbbhe,NTA,4.0
bbbbhe,NTA,4.0
bbbbhe,NTA,4.0
bbbbhe,NTA,4.0
bbbbhe,NTA,4.0
bbbbhe,NAH,3.0
bbbbhe,NAH,3.0
bbbbhe,NTA,4.0
bbbbhe,NTA,4.0
bbbbhe,YTA,4.0
bbbbhe,YTA,4.0
bbbbhe,NTA,3.0
bbbbhe,NTA,3.0
bbbbhe,NTA,4.0
bbbbhe,NTA,4.0
bbbbhe,NTA,4.0
bbbbhe,NTA,4.0
bbbbhe,NTA,4.0
bbbbhe,NTA,4.0
bbbbhe,NTA,4.0
bbbbhe,NTA,4.0
bbbbhe,NTA,4.0
bbbbhe,NTA,4.0
bbbbhe,NTA,4.0
bbbbhe,NTA,4.0
bbbbhe,NTA,4.0
bbbbhe,NTA,4.0
bbbbhe,NTA,4.0
bbbbhe,NTA,4.0
bbbbhe,NTA,4.0
bbbbhe,NTA,4.0
bbbbhe,NTA,4.0
bbbbhe,NTA,4.0
bbbbhe,NTA,4.0
bbbbhe,NTA,4.0
bbbbhe,NTA,4.0
bbbbhe,NTA,4.0
bbbbhe,NTA,4.0
bbbbhe,NTA,4.0
bbbbhe,NTA,4.0
bbbbhe,NTA,4.0
bbbbhe,NTA,4.0
bbbbhe,NTA,4.0
bbbbhe,NAH,4.0
bbbbhe,NAH,4.0
bbbbhe,NTA,4.0
bbbbhe,NTA,4.0
bbbbhe,NTA,4.0
bbbbhe,NTA,4.0
bbbbhe,NTA,4.0
bbbbhe,NTA,4.0
bbbbhe,NTA,4.0
bbbbhe,NTA,4.0
bbbbhe,NTA,4.0
bbbbhe,NTA,4.0
bbbbhe,NTA,4.0
bbbbhe,NTA,4.0
bbbbhe,NTA,4.0
bbbbhe,NTA,4.0
bbbbhe,NTA,4.0
bbbbhe,NTA,4.0
bbbbhe,NTA,4.0
bbbbhe,NTA,4.0
bbbbhe,NTA,4.0
bbbbhe,NTA,4.0
bbbbhe,NTA,3.0
bbbbhe,NTA,3.0
bbbbhe,NTA,4.0
bbbbhe,NTA,4.0
bbbbhe,NTA,4.0
bbbbhe,NTA,4.0
bbbbhe,NTA,4.0
bbbbhe,NTA,4.0
bbbbhe,NTA,4.0
bbbbhe,NTA,4.0
bbbbhe,NAH,4.0
bbbbhe,NAH,4.0
bbbbhe,NTA,4.0
bbbbhe,NTA,4.0
bbbbhe,NTA,4.0
bbbbhe,NTA,4.0
bbbbhe,NTA,4.0
bbbbhe,NTA,4.0
bbbbhe,NTA,4.0
bbbbhe,NTA,4.0
bbbbhe,NTA,4.0
bbbbhe,NTA,4.0
bbbbhe,NTA,4.0
bbbbhe,NTA,4.0
bbbbhe,NTA,4.0
bbbbhe,NTA,4.0
bbbbhe,NTA,4.0
bbbbhe,NTA,4.0
bbbbhe,NTA,4.0
bbbbhe,NTA,4.0
bbbbhe,NTA,4.0
bbbbhe,NTA,4.0
bbbbhe,NTA,4.0
bbbbhe,NTA,4.0
bbbbhe,NTA,3.0
bbbbhe,NTA,3.0
bbbbhe,NTA,4.0
bbbbhe,NTA,4.0
bbbbhe,NTA,3.0
bbbbhe,NTA,3.0
bbbbhe,NTA,4.0
bbbbhe,NTA,4.0
bbbbhe,NTA,4.0
bbbbhe,NTA,4.0
bbbbhe,NTA,4.0
bbbbhe,NTA,4.0
bbbbhe,NTA,3.0
bbbbhe,NTA,3.0
bbbbhe,NTA,4.0
bbbbhe,NTA,4.0
bbbbhe,NTA,4.0
bbbbhe,NTA,4.0
bbbbhe,NTA,4.0
bbbbhe,NTA,4.0
bbbbhe,NAH,4.0
bbbbhe,NAH,4.0
bbbbhe,NTA,4.0
bbbbhe,NTA,4.0
bbbbhe,NTA,4.0
bbbbhe,NTA,4.0
bbbbhe,NTA,4.0
bbbbhe,NTA,4.0
bbbbhe,NTA,4.0
bbbbhe,NTA,4.0
bbbbhe,NTA,4.0
bbbbhe,NTA,4.0
bbbbhe,NTA,4.0
bbbbhe,NTA,4.0
bbbbhe,NTA,4.0
bbbbhe,NTA,4.0
bbbbhe,NTA,4.0
bbbbhe,NTA,4.0
bbbbhe,NTA,4.0
bbbbhe,NTA,4.0
bbbbhe,NTA,4.0
bbbbhe,NTA,4.0
bbbbhe,NTA,4.0
bbbbhe,NTA,4.0
bbbbhe,NTA,4.0
bbbbhe,NTA,4.0
bbbbhe,NAH,4.0
bbbbhe,NAH,4.0
bbbbhe,NTA,4.0
bbbbhe,NTA,4.0
bbbbhe,YTA,4.0
bbbbhe,YTA,4.0
bbbbhe,NTA,4.0
bbbbhe,NTA,4.0
bbbbhe,NTA,4.0
bbbbhe,NTA,4.0
bbbbhe,NTA,4.0
bbbbhe,NTA,4.0
bbbbhe,NTA,4.0
bbbbhe,NTA,4.0
bbbbhe,NTA,4.0
bbbbhe,NTA,4.0
bbbbhe,NTA,4.0
bbbbhe,NTA,4.0
bbbbhe,NTA,4.0
bbbbhe,NTA,4.0
bbbbhe,NTA,4.0
bbbbhe,NTA,4.0
bbbbhe,NTA,4.0
bbbbhe,NTA,4.0
bbbbhe,NTA,4.0
bbbbhe,NTA,4.0
bbbbhe,NTA,4.0
bbbbhe,NTA,4.0
bbbbhe,NTA,4.0
bbbbhe,NTA,4.0
bbbbhe,NTA,4.0
bbbbhe,NTA,4.0
bbbbhe,NTA,4.0
bbbbhe,NTA,4.0
bbbbhe,YTA,2.0
bbbbhe,YTA,2.0
bbbbhe,NTA,4.0
bbbbhe,NTA,4.0
bbbbhe,NTA,4.0
bbbbhe,NTA,4.0
bbbbhe,NTA,4.0
bbbbhe,NTA,4.0
bbbbhe,NTA,4.0
bbbbhe,NTA,4.0
bbbbhe,NTA,4.0
bbbbhe,NTA,4.0
bbbbhe,NTA,4.0
bbbbhe,NTA,4.0
bbbbhe,NTA,4.0
bbbbhe,NTA,4.0
bbbbhe,NTA,4.0
bbbbhe,NTA,4.0
bbbbhe,NTA,4.0
bbbbhe,NTA,4.0
bbbbhe,NTA,4.0
bbbbhe,NTA,4.0
bbbbhe,YTA,4.0
bbbbhe,YTA,4.0
bbbbhe,NTA,4.0
bbbbhe,NTA,4.0
bbbbhe,NTA,4.0
bbbbhe,NTA,4.0
bbbbhe,NTA,4.0
bbbbhe,NTA,4.0
bbbbhe,NTA,4.0
bbbbhe,NTA,4.0
bbbbhe,NTA,4.0
bbbbhe,NTA,4.0
bbbbhe,NTA,4.0
bbbbhe,NTA,4.0
bbbbhe,NTA,4.0
bbbbhe,NTA,4.0
bbbbhe,NTA,4.0
bbbbhe,NTA,4.0
bbbbhe,NTA,4.0
bbbbhe,NTA,4.0
bbbbhe,NTA,4.0
bbbbhe,NTA,4.0
bbbbhe,NTA,4.0
bbbbhe,NTA,4.0
bbbbhe,NTA,4.0
bbbbhe,NTA,4.0
bbbbhe,NTA,4.0
bbbbhe,NTA,4.0
bbbbhe,NTA,4.0
bbbbhe,NTA,4.0
bbbbhe,NTA,4.0
bbbbhe,NTA,4.0
bbbbhe,NTA,4.0
bbbbhe,NTA,4.0
bbbbhe,NTA,4.0
bbbbhe,NTA,4.0
bbbbhe,NTA,4.0
bbbbhe,NTA,4.0
bbbbhe,NTA,4.0
bbbbhe,NTA,4.0
bbbbhe,NTA,4.0
bbbbhe,NTA,4.0
bbbbhe,NAH,4.0
bbbbhe,NAH,4.0
bbbbhe,NTA,4.0
bbbbhe,NTA,4.0
bbbbhe,NTA,4.0
bbbbhe,NTA,4.0
bbbbhe,NTA,4.0
bbbbhe,NTA,4.0
bbbbhe,NTA,4.0
bbbbhe,NTA,4.0
bbbbhe,NTA,4.0
bbbbhe,NTA,4.0
bbbbhe,NTA,4.0
bbbbhe,NTA,4.0
bbbbhe,NTA,4.0
bbbbhe,NTA,4.0
bbbbhe,NTA,4.0
bbbbhe,NTA,4.0
bbbbhe,NTA,4.0
bbbbhe,NTA,4.0
bbbbhe,NTA,4.0
bbbbhe,NTA,4.0
bbbbhe,NTA,4.0
bbbbhe,NTA,4.0
bbbbhe,NTA,4.0
bbbbhe,NTA,4.0
bbbbhe,NTA,4.0
bbbbhe,NTA,4.0
bbbbhe,NTA,4.0
bbbbhe,NTA,4.0
bbbbhe,NTA,4.0
bbbbhe,NTA,4.0
bbbbhe,NTA,4.0
bbbbhe,NTA,4.0
bbbbhe,NTA,4.0
bbbbhe,NTA,4.0
bbbbhe,NTA,4.0
bbbbhe,NTA,4.0
bbbbhe,NTA,4.0
bbbbhe,NTA,4.0
bbbbhe,NTA,4.0
bbbbhe,NTA,4.0
bbbbhe,NTA,4.0
bbbbhe,NTA,4.0
bbbbhe,NTA,4.0
bbbbhe,NTA,4.0
bbbbhe,NTA,4.0
bbbbhe,NTA,4.0
bbbbhe,NTA,4.0
bbbbhe,NTA,4.0
bbbbhe,NTA,1.0
bbbbhe,NTA,1.0
bbbbhe,NTA,4.0
bbbbhe,NTA,4.0
bbbbhe,NTA,4.0
bbbbhe,NTA,4.0
bbbbhe,NTA,4.0
bbbbhe,NTA,4.0
bbbbhe,NTA,4.0
bbbbhe,NTA,4.0
bbbbhe,NTA,4.0
bbbbhe,NTA,4.0
bbbbhe,NTA,4.0
bbbbhe,NTA,4.0
bbbbhe,NTA,4.0
bbbbhe,NTA,4.0
bbbbhe,NTA,4.0
bbbbhe,NTA,4.0
bbbbhe,NTA,4.0
bbbbhe,NTA,4.0
bbbbhe,NTA,4.0
bbbbhe,NTA,4.0
bbbbhe,NTA,3.0
bbbbhe,NTA,3.0
bbbbhe,NTA,4.0
bbbbhe,NTA,4.0
bbbbhe,NTA,4.0
bbbbhe,NTA,4.0
bbbbhe,NTA,4.0
bbbbhe,NTA,4.0
bbbbhe,NTA,4.0
bbbbhe,NTA,4.0
bbbbhe,NTA,4.0
bbbbhe,NTA,4.0
bbbbhe,YTA,4.0
bbbbhe,YTA,4.0
bbbbhe,NTA,4.0
bbbbhe,NTA,4.0
bbbbhe,YTA,4.0
bbbbhe,YTA,4.0
bbbbhe,NTA,4.0
bbbbhe,NTA,4.0
bbbbhe,YTA,4.0
bbbbhe,YTA,4.0
bbbbhe,NTA,4.0
bbbbhe,NTA,4.0
bbbbhe,NTA,4.0
bbbbhe,NTA,4.0
bbbbhe,NTA,4.0
bbbbhe,NTA,4.0
bbbbhe,NTA,3.0
bbbbhe,NTA,3.0
bbbbhe,NTA,4.0
bbbbhe,NTA,4.0
bbbbhe,NTA,4.0
bbbbhe,NTA,4.0
bbbbhe,NTA,4.0
bbbbhe,NTA,4.0
bbbbhe,NTA,4.0
bbbbhe,NTA,4.0
bbbbhe,YTA,3.0
bbbbhe,YTA,3.0
bbbbhe,NTA,4.0
bbbbhe,NTA,4.0
bbbbhe,NTA,4.0
bbbbhe,NTA,4.0
bbbbhe,NTA,4.0
bbbbhe,NTA,4.0
bbbbhe,NTA,4.0
bbbbhe,NTA,4.0
bbbbhe,NTA,4.0
bbbbhe,NTA,4.0
bbbbhe,NTA,4.0
bbbbhe,NTA,4.0
bbbbhe,NTA,4.0
bbbbhe,NTA,4.0
bbbbhe,NTA,4.0
bbbbhe,NTA,4.0
bbbbhe,NTA,4.0
bbbbhe,NTA,4.0
bbbbhe,NTA,4.0
bbbbhe,NTA,4.0
bbbbhe,NTA,4.0
bbbbhe,NTA,4.0
bbbbhe,NTA,4.0
bbbbhe,NTA,4.0
bbbbhe,NAH,4.0
bbbbhe,NAH,4.0
bbbbhe,NTA,4.0
bbbbhe,NTA,4.0
bbbbhe,NTA,4.0
bbbbhe,NTA,4.0
bbbbhe,NTA,4.0
bbbbhe,NTA,4.0
bbbbhe,NTA,4.0
bbbbhe,NTA,4.0
bbbbhe,NTA,4.0
bbbbhe,NTA,4.0
bbbbhe,NTA,4.0
bbbbhe,NTA,4.0
bbbbhe,NTA,4.0
bbbbhe,NTA,4.0
bbbbhe,NTA,4.0
bbbbhe,NTA,4.0
bbbbhe,NTA,4.0
bbbbhe,NTA,4.0
bbbbhe,NTA,4.0
bbbbhe,NTA,4.0
bbbbhe,NTA,4.0
bbbbhe,NTA,4.0
bbbbhe,NTA,4.0
bbbbhe,NTA,4.0
bbbbhe,NTA,4.0
bbbbhe,NTA,4.0
bbbbhe,NTA,4.0
bbbbhe,NTA,4.0
bbbbhe,NTA,4.0
bbbbhe,NTA,4.0
bbbbhe,NTA,4.0
bbbbhe,NTA,4.0
bbbbhe,NTA,4.0
bbbbhe,NTA,4.0
bbbbhe,NTA,4.0
bbbbhe,NTA,4.0
bbbbhe,NTA,4.0
bbbbhe,NTA,4.0
bbbbhe,NTA,3.0
bbbbhe,NTA,3.0
bbbbhe,NTA,4.0
bbbbhe,NTA,4.0
bbbbhe,NTA,4.0
bbbbhe,NTA,4.0
bbbbhe,NTA,4.0
bbbbhe,NTA,4.0
bbbbhe,NTA,4.0
bbbbhe,NTA,4.0
bbbbhe,NTA,3.0
bbbbhe,NTA,3.0
bbbbhe,NTA,4.0
bbbbhe,NTA,4.0
bbbbhe,NTA,4.0
bbbbhe,NTA,4.0
bbbbhe,NAH,3.0
bbbbhe,NAH,3.0
bbbbhe,NTA,4.0
bbbbhe,NTA,4.0
bbbbhe,NTA,4.0
bbbbhe,NTA,4.0
bbbbhe,NTA,4.0
bbbbhe,NTA,4.0
bbbbhe,NTA,4.0
bbbbhe,NTA,4.0
bbbbhe,NTA,4.0
bbbbhe,NTA,4.0
bbbbhe,NTA,4.0
bbbbhe,NTA,4.0
bbbbhe,NTA,4.0
bbbbhe,NTA,4.0
bbbbhe,NTA,4.0
bbbbhe,NTA,4.0
bbbbhe,NTA,4.0
bbbbhe,NTA,4.0
bbbbhe,NTA,4.0
bbbbhe,NTA,4.0
bbbbhe,NTA,4.0
bbbbhe,NTA,4.0
bbbbhe,NTA,4.0
bbbbhe,NTA,4.0
bbbbhe,YTA,4.0
bbbbhe,YTA,4.0
bbbbhe,NTA,4.0
bbbbhe,NTA,4.0
bbbbhe,NTA,4.0
bbbbhe,NTA,4.0
bbbbhe,NTA,3.0
bbbbhe,NTA,3.0
bbbbhe,NTA,4.0
bbbbhe,NTA,4.0
bbbbhe,NTA,4.0
bbbbhe,NTA,4.0
bbbbhe,NTA,4.0
bbbbhe,NTA,4.0
bbbbhe,NTA,3.0
bbbbhe,NTA,3.0
bbbbhe,NTA,4.0
bbbbhe,NTA,4.0
bbbbhe,NTA,4.0
bbbbhe,NTA,4.0
bbbbhe,YTA,4.0
bbbbhe,YTA,4.0
bbbbhe,NTA,4.0
bbbbhe,NTA,4.0
bbbbhe,NTA,4.0
bbbbhe,NTA,4.0
bbbbhe,NTA,3.0
bbbbhe,NTA,3.0
bbbbhe,YTA,3.0
bbbbhe,YTA,3.0
bbbbhe,NTA,4.0
bbbbhe,NTA,4.0
bbbbhe,NTA,4.0
bbbbhe,NTA,4.0
bbbbhe,YTA,4.0
bbbbhe,YTA,4.0
bbbbhe,NTA,4.0
bbbbhe,NTA,4.0
bbbbhe,NTA,4.0
bbbbhe,NTA,4.0
bbbbhe,NAH,4.0
bbbbhe,NAH,4.0
bbbbhe,NTA,4.0
bbbbhe,NTA,4.0
bbbbhe,NTA,4.0
bbbbhe,NTA,4.0
bbbbhe,NTA,4.0
bbbbhe,NTA,4.0
bbbbhe,NAH,4.0
bbbbhe,NAH,4.0
bbbbhe,YTA,4.0
bbbbhe,YTA,4.0
bbbbhe,NTA,4.0
bbbbhe,NTA,4.0
bbbbhe,NTA,4.0
bbbbhe,NTA,4.0
bbbbhe,NTA,4.0
bbbbhe,NTA,4.0
bbbbhe,NTA,4.0
bbbbhe,NTA,4.0
bbbbhe,NAH,4.0
bbbbhe,NAH,4.0
bbbbhe,NTA,4.0
bbbbhe,NTA,4.0
bbbbhe,NTA,4.0
bbbbhe,NTA,4.0
bbbbhe,NTA,4.0
bbbbhe,NTA,4.0
bbbbhe,NTA,4.0
bbbbhe,NTA,4.0
bbbbhe,NTA,4.0
bbbbhe,NTA,4.0
bbbbhe,NTA,4.0
bbbbhe,NTA,4.0
bbbbhe,NTA,4.0
bbbbhe,NTA,4.0
bbbbhe,NTA,4.0
bbbbhe,NTA,4.0
bbbbhe,NTA,4.0
bbbbhe,NTA,4.0
bbbbhe,NTA,4.0
bbbbhe,NTA,4.0
bbbbhe,NTA,4.0
bbbbhe,NTA,4.0
bbbbhe,NTA,4.0
bbbbhe,NTA,4.0
bbbbhe,NTA,4.0
bbbbhe,NTA,4.0
bbbbhe,NTA,4.0
bbbbhe,NTA,4.0
bbbbhe,NAH,3.0
bbbbhe,NAH,3.0
bbbbhe,YTA,4.0
bbbbhe,YTA,4.0
bbbbhe,NTA,4.0
bbbbhe,NTA,4.0
bbbbhe,NTA,4.0
bbbbhe,NTA,4.0
ckndum,NAH,4.0
ckndum,NAH,4.0
ckndum,YTA,4.0
ckndum,YTA,4.0
ckndum,YTA,4.0
ckndum,YTA,4.0
ckndum,NTA,4.0
ckndum,NTA,4.0
ckndum,NAH,3.0
ckndum,NAH,3.0
ckndum,NTA,4.0
ckndum,NTA,4.0
ckndum,YTA,4.0
ckndum,YTA,4.0
ckndum,NAH,3.0
ckndum,NAH,3.0
ckndum,YTA,4.0
ckndum,YTA,4.0
ckndum,YTA,4.0
ckndum,YTA,4.0
ckndum,NAH,4.0
ckndum,NAH,4.0
ckndum,YTA,4.0
ckndum,YTA,4.0
ckndum,YTA,4.0
ckndum,YTA,4.0
ckndum,YTA,4.0
ckndum,YTA,4.0
ckndum,YTA,4.0
ckndum,YTA,4.0
ckndum,NTA,4.0
ckndum,NTA,4.0
ckndum,NTA,4.0
ckndum,NTA,4.0
ckndum,NAH,4.0
ckndum,NAH,4.0
ckndum,YTA,4.0
ckndum,YTA,4.0
ckndum,NAH,4.0
ckndum,NAH,4.0
ckndum,NTA,4.0
ckndum,NTA,4.0
ckndum,NAH,4.0
ckndum,NAH,4.0
ckndum,YTA,4.0
ckndum,YTA,4.0
ckndum,NAH,4.0
ckndum,NAH,4.0
ckndum,NTA,4.0
ckndum,NTA,4.0
ckndum,NAH,4.0
ckndum,NAH,4.0
ckndum,NTA,4.0
ckndum,NTA,4.0
ckndum,NAH,4.0
ckndum,NAH,4.0
ckndum,NTA,4.0
ckndum,NTA,4.0
ckndum,YTA,4.0
ckndum,YTA,4.0
ckndum,YTA,4.0
ckndum,YTA,4.0
ckndum,NAH,4.0
ckndum,NAH,4.0
ckndum,NAH,1.0
ckndum,NAH,1.0
ckndum,YTA,4.0
ckndum,YTA,4.0
ckndum,NTA,4.0
ckndum,NTA,4.0
ckndum,YTA,4.0
ckndum,YTA,4.0
ckndum,NTA,4.0
ckndum,NTA,4.0
ckndum,YTA,4.0
ckndum,YTA,4.0
ckndum,NAH,4.0
ckndum,NAH,4.0
ckndum,NTA,4.0
ckndum,NTA,4.0
ckndum,NTA,3.0
ckndum,NTA,3.0
ckndum,NTA,4.0
ckndum,NTA,4.0
ckndum,NTA,4.0
ckndum,NTA,4.0
ckndum,NAH,4.0
ckndum,NAH,4.0
ckndum,NAH,4.0
ckndum,NAH,4.0
ckndum,YTA,4.0
ckndum,YTA,4.0
ckndum,NTA,4.0
ckndum,NTA,4.0
ckndum,NAH,4.0
ckndum,NAH,4.0
ckndum,NTA,4.0
ckndum,NTA,4.0
ckndum,NAH,1.0
ckndum,NAH,1.0
ckndum,YTA,4.0
ckndum,YTA,4.0
ckndum,YTA,4.0
ckndum,YTA,4.0
ckndum,NAH,4.0
ckndum,NAH,4.0
ckndum,NTA,4.0
ckndum,NTA,4.0
ckndum,NAH,4.0
ckndum,NAH,4.0
ckndum,YTA,4.0
ckndum,YTA,4.0
ckndum,NTA,1.0
ckndum,NTA,1.0
ckndum,NAH,4.0
ckndum,NAH,4.0
ckndum,NAH,4.0
ckndum,NAH,4.0
ckndum,NAH,4.0
ckndum,NAH,4.0
ckndum,NAH,4.0
ckndum,NAH,4.0
ckndum,YTA,4.0
ckndum,YTA,4.0
ckndum,NAH,4.0
ckndum,NAH,4.0
ckndum,NTA,4.0
ckndum,NTA,4.0
ckndum,NTA,4.0
ckndum,NTA,4.0
ckndum,NTA,4.0
ckndum,NTA,4.0
ckndum,YTA,4.0
ckndum,YTA,4.0
ckndum,YTA,1.0
ckndum,YTA,1.0
ckndum,NAH,4.0
ckndum,NAH,4.0
ckndum,YTA,1.0
ckndum,YTA,1.0
ckndum,YTA,4.0
ckndum,YTA,4.0
ckndum,YTA,4.0
ckndum,YTA,4.0
ckndum,NAH,4.0
ckndum,NAH,4.0
ckndum,NAH,4.0
ckndum,NAH,4.0
ckndum,NAH,4.0
ckndum,NAH,4.0
ckndum,NAH,4.0
ckndum,NAH,4.0
ckndum,NAH,1.0
ckndum,NAH,1.0
ckndum,NAH,4.0
ckndum,NAH,4.0
ckndum,NAH,3.0
ckndum,NAH,3.0
ckndum,YTA,4.0
ckndum,YTA,4.0
ckndum,YTA,4.0
ckndum,YTA,4.0
ckndum,NTA,4.0
ckndum,NTA,4.0
ckndum,NTA,4.0
ckndum,NTA,4.0
ckndum,NTA,4.0
ckndum,NTA,4.0
ckndum,YTA,4.0
ckndum,YTA,4.0
ckndum,NAH,4.0
ckndum,NAH,4.0
ckndum,NTA,4.0
ckndum,NTA,4.0
ckndum,NAH,4.0
ckndum,NAH,4.0
ckndum,NTA,4.0
ckndum,NTA,4.0
ckndum,NAH,4.0
ckndum,NAH,4.0
ckndum,YTA,4.0
ckndum,YTA,4.0
ckndum,NAH,1.0
ckndum,NAH,1.0
ckndum,NTA,4.0
ckndum,NTA,4.0
ckndum,YTA,4.0
ckndum,YTA,4.0
ckndum,NTA,4.0
ckndum,NTA,4.0
ckndum,NAH,4.0
ckndum,NAH,4.0
ckndum,NAH,4.0
ckndum,NAH,4.0
ckndum,NAH,1.0
ckndum,NAH,1.0
ckndum,YTA,4.0
ckndum,YTA,4.0
ckndum,YTA,4.0
ckndum,YTA,4.0
ckndum,NAH,4.0
ckndum,NAH,4.0
ckndum,NTA,4.0
ckndum,NTA,4.0
ckndum,NTA,4.0
ckndum,NTA,4.0
ckndum,YTA,4.0
ckndum,YTA,4.0
ckndum,YTA,4.0
ckndum,YTA,4.0
ckndum,NAH,4.0
ckndum,NAH,4.0
ckndum,NTA,4.0
ckndum,NTA,4.0
ckndum,NAH,1.0
ckndum,NAH,1.0
ckndum,NAH,1.0
ckndum,NAH,1.0
ckndum,NTA,4.0
ckndum,NTA,4.0
ckndum,NAH,4.0
ckndum,NAH,4.0
ckndum,NAH,4.0
ckndum,NAH,4.0
ckndum,YTA,4.0
ckndum,YTA,4.0
ckndum,NTA,4.0
ckndum,NTA,4.0
ckndum,NAH,4.0
ckndum,NAH,4.0
ckndum,NAH,4.0
ckndum,NAH,4.0
ckndum,NAH,4.0
ckndum,NAH,4.0
ckndum,NTA,4.0
ckndum,NTA,4.0
ckndum,YTA,4.0
ckndum,YTA,4.0
ckndum,NTA,4.0
ckndum,NTA,4.0
ckndum,NAH,1.0
ckndum,NAH,1.0
ckndum,NAH,4.0
ckndum,NAH,4.0
ckndum,YTA,3.0
ckndum,YTA,3.0
ckndum,NAH,4.0
ckndum,NAH,4.0
ckndum,YTA,4.0
ckndum,YTA,4.0
ckndum,NAH,4.0
ckndum,NAH,4.0
ckndum,NAH,4.0
ckndum,NAH,4.0
ckndum,YTA,4.0
ckndum,YTA,4.0
ckndum,NTA,4.0
ckndum,NTA,4.0
ckndum,NAH,4.0
ckndum,NAH,4.0
alboqk,NAH,3.0
alboqk,NAH,3.0
alboqk,NAH,3.0
alboqk,NAH,3.0
alboqk,NAH,3.0
alboqk,NAH,2.0
alboqk,NAH,3.0
alboqk,NAH,4.0
alboqk,NAH,3.0
alboqk,NAH,3.0
alboqk,NAH,3.0
alboqk,NAH,3.0
alboqk,NAH,4.0
alboqk,NAH,3.0
alboqk,NAH,3.0
alboqk,NAH,3.0
alboqk,NAH,3.0
alboqk,NAH,3.0
alboqk,YTA,4.0
alboqk,NAH,3.0
alboqk,YTA,4.0
alboqk,NAH,3.0
alboqk,NAH,3.0
alboqk,YTA,3.0
alboqk,YTA,4.0
alboqk,YTA,3.0
alboqk,NAH,3.0
alboqk,NTA,4.0
alboqk,NTA,4.0
alboqk,YTA,4.0
alboqk,NAH,3.0
alboqk,NAH,3.0
alboqk,YTA,4.0
alboqk,YTA,3.0
alboqk,NAH,3.0
alboqk,YTA,4.0
alboqk,NTA,4.0
alboqk,NAH,3.0
alboqk,YTA,3.0
alboqk,NTA,4.0
alboqk,NAH,4.0
alboqk,NAH,3.0
alboqk,YTA,4.0
alboqk,NAH,3.0
alboqk,NAH,3.0
alboqk,NAH,3.0
alboqk,YTA,3.0
alboqk,NAH,3.0
alboqk,YTA,4.0
alboqk,YTA,3.0
alboqk,NAH,3.0
alboqk,NTA,4.0
alboqk,YTA,3.0
alboqk,YTA,3.0
alboqk,NTA,3.0
alboqk,NAH,3.0
alboqk,YTA,4.0
alboqk,NAH,3.0
alboqk,YTA,4.0
alboqk,NAH,4.0
alboqk,YTA,4.0
alboqk,NTA,4.0
alboqk,NAH,3.0
alboqk,NAH,3.0
alboqk,YTA,2.0
alboqk,YTA,4.0
alboqk,YTA,4.0
alboqk,YTA,3.0
alboqk,NAH,3.0
alboqk,YTA,4.0
alboqk,YTA,4.0
alboqk,NAH,3.0
alboqk,YTA,3.0
alboqk,NAH,4.0
alboqk,YTA,3.0
alboqk,NAH,3.0
alboqk,NAH,3.0
alboqk,NAH,3.0
alboqk,YTA,4.0
alboqk,NAH,3.0
alboqk,YTA,4.0
alboqk,YTA,3.0
alboqk,NAH,3.0
alboqk,NAH,3.0
alboqk,NAH,3.0
alboqk,NAH,3.0
alboqk,YTA,4.0
alboqk,NAH,4.0
alboqk,NAH,3.0
alboqk,NAH,3.0
alboqk,YTA,4.0
alboqk,NAH,3.0
alboqk,NAH,3.0
alboqk,NAH,3.0
alboqk,NAH,3.0
alboqk,YTA,4.0
alboqk,NAH,3.0
alboqk,YTA,3.0
alboqk,NTA,3.0
alboqk,NAH,4.0
alboqk,NAH,3.0
alboqk,NAH,3.0
alboqk,NAH,3.0
alboqk,NTA,4.0
alboqk,YTA,3.0
alboqk,NAH,3.0
alboqk,NAH,3.0
alboqk,NTA,4.0
alboqk,YTA,4.0
alboqk,NAH,3.0
alboqk,NTA,4.0
alboqk,YTA,4.0
alboqk,NAH,3.0
alboqk,NAH,3.0
alboqk,NAH,3.0
alboqk,YTA,3.0
alboqk,NAH,3.0
alboqk,NAH,3.0
alboqk,NAH,4.0
alboqk,NAH,3.0
alboqk,NAH,3.0
alboqk,ESH,3.0
alboqk,YTA,4.0
alboqk,NAH,4.0
alboqk,YTA,4.0
alboqk,YTA,4.0
alboqk,YTA,3.0
alboqk,NAH,4.0
alboqk,YTA,4.0
alboqk,NAH,3.0
alboqk,NTA,4.0
alboqk,YTA,3.0
alboqk,YTA,4.0
alboqk,NAH,3.0
alboqk,YTA,4.0
alboqk,NAH,3.0
alboqk,NTA,4.0
alboqk,YTA,3.0
alboqk,NAH,3.0
alboqk,NAH,4.0
alboqk,YTA,3.0
alboqk,NAH,3.0
alboqk,NAH,3.0
alboqk,YTA,3.0
alboqk,YTA,3.0
alboqk,YTA,4.0
alboqk,NTA,4.0
alboqk,NAH,3.0
alboqk,YTA,4.0
alboqk,NAH,3.0
alboqk,NTA,4.0
alboqk,NAH,3.0
alboqk,NTA,4.0
alboqk,NTA,4.0
alboqk,YTA,4.0
alboqk,YTA,3.0
alboqk,YTA,3.0
alboqk,NAH,4.0
alboqk,YTA,4.0
alboqk,NTA,4.0
alboqk,NAH,3.0
alboqk,YTA,4.0
alboqk,NTA,4.0
alboqk,NAH,3.0
alboqk,YTA,3.0
alboqk,YTA,4.0
alboqk,NAH,3.0
alboqk,YTA,4.0
alboqk,YTA,4.0
alboqk,YTA,3.0
alboqk,NTA,3.0
alboqk,YTA,4.0
alboqk,YTA,4.0
alboqk,YTA,3.0
alboqk,NTA,4.0
alboqk,YTA,4.0
alboqk,NAH,3.0
alboqk,NTA,3.0
alboqk,NAH,3.0
alboqk,NAH,3.0
alboqk,YTA,3.0
alboqk,NAH,3.0
alboqk,YTA,4.0
alboqk,YTA,4.0
alboqk,YTA,4.0
alboqk,NAH,3.0
alboqk,NTA,3.0
alboqk,YTA,3.0
alboqk,NTA,4.0
alboqk,NTA,4.0
alboqk,NTA,4.0
alboqk,YTA,4.0
alboqk,NTA,4.0
alboqk,YTA,4.0
alboqk,NAH,3.0
alboqk,YTA,3.0
alboqk,YTA,4.0
alboqk,NTA,4.0
alboqk,NTA,4.0
alboqk,NAH,4.0
alboqk,NAH,3.0
alboqk,NAH,3.0
alboqk,NAH,4.0
alboqk,NAH,3.0
alboqk,YTA,4.0
alboqk,YTA,4.0
alboqk,YTA,4.0
alboqk,NTA,4.0
alboqk,NAH,4.0
alboqk,NAH,3.0
alboqk,YTA,4.0
alboqk,YTA,4.0
alboqk,YTA,3.0
alboqk,YTA,4.0
alboqk,NAH,4.0
alboqk,NAH,3.0
alboqk,NTA,4.0
alboqk,NTA,4.0
alboqk,NAH,3.0
alboqk,NAH,3.0
alboqk,YTA,3.0
alboqk,YTA,3.0
alboqk,YTA,3.0
alboqk,NTA,4.0
alboqk,NAH,3.0
alboqk,NAH,3.0
alboqk,NAH,3.0
alboqk,ESH,3.0
alboqk,NAH,3.0
alboqk,NTA,4.0
alboqk,NAH,3.0
alboqk,YTA,3.0
alboqk,NAH,3.0
alboqk,YTA,4.0
alboqk,NAH,4.0
alboqk,YTA,3.0
alboqk,NTA,3.0
alboqk,NAH,3.0
alboqk,NAH,3.0
alboqk,YTA,4.0
alboqk,YTA,4.0
alboqk,NAH,3.0
alboqk,NAH,3.0
alboqk,NAH,3.0
alboqk,NTA,4.0
alboqk,NAH,3.0
alboqk,NAH,3.0
alboqk,NAH,3.0
alboqk,NTA,4.0
alboqk,NAH,4.0
alboqk,NAH,3.0
alboqk,NAH,4.0
alboqk,NAH,3.0
alboqk,NAH,3.0
alboqk,YTA,3.0
alboqk,NTA,4.0
alboqk,NTA,3.0
alboqk,NTA,3.0
alboqk,NTA,4.0
alboqk,NTA,4.0
alboqk,YTA,3.0
alboqk,NAH,4.0
alboqk,NTA,4.0
alboqk,NAH,3.0
alboqk,NTA,4.0
alboqk,NAH,3.0
alboqk,NAH,3.0
alboqk,NAH,3.0
alboqk,NAH,3.0
alboqk,NTA,4.0
alboqk,NAH,3.0
alboqk,NAH,3.0
alboqk,YTA,4.0
alboqk,NAH,3.0
alboqk,NTA,3.0
alboqk,NAH,3.0
alboqk,NTA,3.0
alboqk,YTA,4.0
alboqk,YTA,3.0
alboqk,NTA,4.0
alboqk,NAH,3.0
alboqk,YTA,4.0
alboqk,NTA,4.0
alboqk,NAH,3.0
alboqk,YTA,3.0
alboqk,YTA,4.0
alboqk,NTA,4.0
alboqk,YTA,4.0
alboqk,NAH,3.0
alboqk,YTA,4.0
alboqk,NAH,3.0
alboqk,NAH,3.0
alboqk,NAH,3.0
alboqk,YTA,4.0
alboqk,NTA,4.0
alboqk,NAH,3.0
alboqk,NTA,4.0
alboqk,NAH,3.0
alboqk,YTA,3.0
alboqk,NAH,3.0
alboqk,NAH,3.0
alboqk,NAH,4.0
alboqk,YTA,3.0
alboqk,NAH,3.0
alboqk,YTA,4.0
alboqk,NTA,3.0
alboqk,NAH,3.0
alboqk,YTA,4.0
alboqk,NTA,4.0
alboqk,YTA,4.0
alboqk,YTA,4.0
alboqk,NTA,4.0
alboqk,YTA,4.0
alboqk,NAH,4.0
alboqk,NAH,2.0
alboqk,NAH,4.0
alboqk,NTA,4.0
alboqk,YTA,4.0
alboqk,YTA,4.0
alboqk,NAH,4.0
alboqk,NAH,4.0
alboqk,NAH,3.0
alboqk,YTA,4.0
alboqk,NTA,3.0
alboqk,YTA,4.0
alboqk,YTA,4.0
alboqk,NAH,3.0
alboqk,YTA,4.0
alboqk,NTA,4.0
alboqk,YTA,3.0
alboqk,NAH,3.0
alboqk,YTA,3.0
alboqk,NTA,4.0
alboqk,YTA,3.0
alboqk,NAH,3.0
alboqk,NAH,4.0
alboqk,NTA,3.0
alboqk,YTA,3.0
alboqk,NAH,3.0
alboqk,NAH,3.0
alboqk,NTA,4.0
alboqk,NTA,3.0
alboqk,NTA,4.0
alboqk,YTA,4.0
alboqk,NAH,3.0
alboqk,YTA,4.0
alboqk,NAH,3.0
alboqk,NAH,3.0
alboqk,NTA,4.0
alboqk,YTA,4.0
alboqk,NAH,3.0
alboqk,NAH,3.0
alboqk,NAH,3.0
alboqk,NAH,4.0
alboqk,YTA,3.0
alboqk,NAH,3.0
alboqk,YTA,2.0
alboqk,YTA,4.0
alboqk,NTA,3.0
alboqk,NTA,3.0
alboqk,NTA,4.0
alboqk,YTA,4.0
alboqk,YTA,3.0
alboqk,NAH,3.0
alboqk,NAH,3.0
alboqk,NAH,4.0
alboqk,NAH,4.0
alboqk,YTA,4.0
alboqk,NTA,3.0
alboqk,YTA,4.0
alboqk,NAH,3.0
alboqk,NTA,4.0
alboqk,NTA,4.0
alboqk,NAH,4.0
alboqk,NTA,4.0
alboqk,YTA,4.0
alboqk,NTA,3.0
alboqk,NAH,4.0
alboqk,YTA,3.0
alboqk,NAH,3.0
alboqk,NTA,3.0
alboqk,YTA,4.0
alboqk,NAH,3.0
alboqk,NTA,4.0
alboqk,YTA,4.0
alboqk,NTA,4.0
alboqk,YTA,3.0
alboqk,NTA,4.0
alboqk,NAH,3.0
alboqk,NTA,4.0
alboqk,NAH,3.0
alboqk,YTA,4.0
alboqk,NTA,4.0
alboqk,YTA,4.0
alboqk,NTA,4.0
alboqk,NAH,3.0
alboqk,NAH,3.0
alboqk,NAH,4.0
alboqk,YTA,4.0
alboqk,NTA,4.0
alboqk,NAH,3.0
alboqk,NAH,3.0
alboqk,NAH,3.0
alboqk,YTA,4.0
alboqk,YTA,3.0
alboqk,NAH,3.0
alboqk,NTA,4.0
alboqk,NAH,3.0
alboqk,NAH,3.0
alboqk,YTA,4.0
alboqk,NAH,3.0
alboqk,NAH,3.0
alboqk,NAH,3.0
alboqk,NAH,4.0
alboqk,YTA,4.0
alboqk,NTA,4.0
alboqk,NTA,4.0
alboqk,YTA,4.0
alboqk,NTA,4.0
alboqk,NAH,4.0
alboqk,NTA,3.0
alboqk,YTA,4.0
alboqk,NAH,3.0
alboqk,YTA,3.0
alboqk,NTA,4.0
alboqk,NTA,4.0
alboqk,YTA,4.0
alboqk,NAH,3.0
alboqk,YTA,3.0
alboqk,NTA,4.0
alboqk,NTA,4.0
alboqk,YTA,4.0
alboqk,NTA,3.0
alboqk,YTA,4.0
alboqk,YTA,4.0
alboqk,YTA,3.0
alboqk,NAH,3.0
alboqk,NAH,3.0
alboqk,NAH,4.0
alboqk,NTA,4.0
alboqk,NTA,1.0
alboqk,NTA,4.0
alboqk,YTA,4.0
alboqk,NTA,4.0
alboqk,NAH,3.0
alboqk,YTA,3.0
alboqk,NTA,4.0
alboqk,NAH,3.0
alboqk,YTA,3.0
alboqk,NTA,4.0
alboqk,YTA,4.0
alboqk,YTA,4.0
alboqk,NTA,3.0
alboqk,NTA,4.0
alboqk,YTA,4.0
alboqk,NTA,4.0
alboqk,NAH,3.0
alboqk,YTA,2.0
alboqk,NTA,3.0
alboqk,NTA,4.0
alboqk,YTA,4.0
alboqk,YTA,3.0
alboqk,NAH,3.0
alboqk,YTA,4.0
alboqk,YTA,4.0
alboqk,YTA,4.0
alboqk,NAH,3.0
alboqk,NAH,3.0
alboqk,NAH,4.0
alboqk,NTA,4.0
alboqk,YTA,4.0
alboqk,NTA,3.0
alboqk,NAH,4.0
alboqk,NTA,3.0
alboqk,NAH,3.0
alboqk,YTA,4.0
alboqk,NAH,4.0
alboqk,NTA,4.0
alboqk,NAH,3.0
alboqk,NTA,4.0
alboqk,NAH,3.0
alboqk,YTA,4.0
alboqk,NAH,3.0
alboqk,YTA,3.0
alboqk,YTA,3.0
alboqk,YTA,3.0
alboqk,YTA,4.0
alboqk,NTA,4.0
alboqk,NAH,3.0
alboqk,YTA,4.0
alboqk,NAH,4.0
alboqk,YTA,4.0
alboqk,YTA,4.0
alboqk,NTA,4.0
alboqk,NAH,3.0
alboqk,NTA,3.0
alboqk,NAH,2.0
alboqk,NTA,4.0
alboqk,YTA,4.0
alboqk,YTA,3.0
alboqk,NAH,3.0
alboqk,NAH,3.0
alboqk,YTA,3.0
alboqk,YTA,4.0
alboqk,NAH,3.0
alboqk,YTA,4.0
alboqk,NTA,3.0
alboqk,NAH,4.0
alboqk,YTA,4.0
alboqk,YTA,4.0
alboqk,YTA,4.0
alboqk,NAH,3.0
alboqk,NAH,3.0
alboqk,NAH,4.0
alboqk,NAH,4.0
alboqk,NAH,4.0
alboqk,NAH,3.0
alboqk,YTA,4.0
alboqk,YTA,4.0
alboqk,YTA,4.0
alboqk,YTA,4.0
alboqk,NAH,3.0
alboqk,NTA,4.0
alboqk,NTA,4.0
alboqk,YTA,4.0
alboqk,NAH,3.0
alboqk,NTA,4.0
alboqk,NAH,3.0
alboqk,NAH,3.0
alboqk,NTA,4.0
alboqk,NAH,3.0
alboqk,NTA,4.0
asz2dg,NTA,3.0
asz2dg,NTA,3.0
asz2dg,NTA,4.0
asz2dg,YTA,4.0
asz2dg,NAH,3.0
asz2dg,NTA,4.0
asz2dg,NTA,4.0
asz2dg,NAH,3.0
asz2dg,YTA,3.0
asz2dg,ESH,3.0
asz2dg,ESH,3.0
asz2dg,NTA,4.0
asz2dg,NAH,3.0
asz2dg,YTA,3.0
asz2dg,ESH,3.0
asz2dg,YTA,4.0
asz2dg,YTA,3.0
asz2dg,YTA,4.0
asz2dg,NTA,4.0
asz2dg,NAH,3.0
asz2dg,YTA,4.0
asz2dg,YTA,4.0
asz2dg,YTA,4.0
asz2dg,NTA,4.0
asz2dg,ESH,3.0
asz2dg,YTA,4.0
asz2dg,YTA,4.0
asz2dg,YTA,4.0
asz2dg,NAH,3.0
asz2dg,YTA,4.0
asz2dg,NTA,4.0
asz2dg,YTA,3.0
asz2dg,NAH,3.0
asz2dg,NTA,4.0
asz2dg,YTA,4.0
asz2dg,NTA,4.0
asz2dg,YTA,3.0
asz2dg,NTA,4.0
asz2dg,YTA,4.0
asz2dg,NTA,3.0
asz2dg,YTA,4.0
asz2dg,NAH,3.0
asz2dg,YTA,4.0
asz2dg,YTA,3.0
asz2dg,NAH,3.0
asz2dg,YTA,4.0
asz2dg,NAH,3.0
asz2dg,NTA,4.0
asz2dg,YTA,4.0
asz2dg,NTA,4.0
asz2dg,YTA,3.0
b2i8xj,NTA,4.0
b2i8xj,NTA,4.0
b2i8xj,NTA,4.0
b2i8xj,ESH,3.0
b2i8xj,NTA,4.0
b2i8xj,YTA,4.0
b2i8xj,YTA,4.0
b2i8xj,ESH,4.0
b2i8xj,ESH,2.0
b2i8xj,ESH,3.0
b2i8xj,ESH,3.0
b2i8xj,ESH,3.0
b2i8xj,ESH,3.0
b2i8xj,ESH,4.0
b2i8xj,ESH,3.0
b2i8xj,NTA,4.0
b2i8xj,ESH,3.0
b2i8xj,NTA,4.0
b2i8xj,ESH,3.0
b2i8xj,NTA,3.0
b2i8xj,ESH,3.0
b2i8xj,NTA,4.0
b2i8xj,YTA,4.0
b2i8xj,NTA,4.0
b2i8xj,ESH,4.0
b2i8xj,ESH,4.0
b2i8xj,ESH,3.0
b2i8xj,ESH,3.0
b2i8xj,ESH,3.0
b2i8xj,ESH,3.0
b2i8xj,NTA,4.0
b2i8xj,ESH,3.0
b2i8xj,ESH,3.0
b2i8xj,ESH,4.0
b2i8xj,NTA,4.0
b2i8xj,ESH,2.0
b2i8xj,NTA,4.0
b2i8xj,NTA,4.0
b2i8xj,NTA,4.0
b2i8xj,ESH,2.0
b2i8xj,ESH,3.0
b2i8xj,ESH,2.0
b2i8xj,NTA,4.0
b2i8xj,NTA,1.0
b2i8xj,YTA,3.0
b2i8xj,ESH,3.0
b2i8xj,YTA,3.0
b2i8xj,NTA,4.0
b2i8xj,ESH,3.0
b2i8xj,NTA,4.0
b2i8xj,NTA,4.0
b2i8xj,NTA,4.0
b2i8xj,NTA,4.0
b2i8xj,NTA,4.0
b2i8xj,NTA,4.0
b2i8xj,ESH,4.0
b2i8xj,ESH,4.0
b2i8xj,NTA,4.0
b2i8xj,ESH,2.0
b2i8xj,ESH,3.0
b2i8xj,ESH,3.0
b2i8xj,NTA,4.0
b2i8xj,ESH,3.0
b2i8xj,ESH,3.0
b2i8xj,NTA,4.0
b2i8xj,NTA,3.0
b2i8xj,YTA,3.0
b2i8xj,YTA,3.0
b2i8xj,ESH,4.0
b2i8xj,ESH,3.0
b2i8xj,ESH,3.0
b2i8xj,ESH,3.0
b2i8xj,NTA,4.0
b2i8xj,ESH,2.0
b2i8xj,ESH,3.0
b2i8xj,ESH,3.0
b2i8xj,NTA,4.0
b2i8xj,NTA,3.0
b2i8xj,ESH,2.0
b2i8xj,NTA,3.0
b2i8xj,ESH,1.0
b2i8xj,ESH,2.0
b2i8xj,NTA,4.0
b2i8xj,ESH,3.0
b2i8xj,YTA,4.0
b2i8xj,ESH,3.0
b2i8xj,NTA,4.0
b2i8xj,ESH,3.0
b2i8xj,NTA,4.0
b2i8xj,NTA,4.0
b2i8xj,YTA,3.0
b2i8xj,NTA,4.0
b2i8xj,ESH,2.0
b2i8xj,ESH,3.0
b2i8xj,NTA,4.0
b2i8xj,NTA,4.0
b2i8xj,ESH,3.0
b2i8xj,ESH,1.0
b2i8xj,ESH,3.0
b2i8xj,NTA,4.0
b2i8xj,ESH,3.0
b2i8xj,NTA,4.0
b2i8xj,NTA,4.0
b2i8xj,ESH,3.0
b2i8xj,ESH,3.0
b2i8xj,NTA,4.0
b2i8xj,ESH,3.0
b2i8xj,ESH,4.0
b2i8xj,ESH,3.0
b2i8xj,ESH,3.0
b2i8xj,ESH,4.0
b2i8xj,ESH,2.0
b2i8xj,ESH,3.0
b2i8xj,ESH,3.0
b2i8xj,NTA,4.0
b2i8xj,NTA,4.0
b2i8xj,ESH,2.0
b2i8xj,ESH,3.0
b2i8xj,NTA,4.0
b2i8xj,ESH,3.0
b2i8xj,ESH,3.0
b2i8xj,YTA,3.0
b2i8xj,NTA,3.0
b2i8xj,NTA,4.0
b2i8xj,ESH,3.0
b2i8xj,ESH,3.0
b2i8xj,NTA,4.0
b2i8xj,ESH,3.0
b2i8xj,NTA,4.0
b2i8xj,NTA,4.0
b2i8xj,YTA,4.0
b2i8xj,NTA,4.0
b2i8xj,NTA,4.0
b2i8xj,YTA,3.0
b2i8xj,NTA,4.0
b2i8xj,ESH,3.0
b2i8xj,ESH,3.0
b2i8xj,ESH,3.0
b2i8xj,ESH,3.0
b2i8xj,ESH,3.0
b2i8xj,ESH,3.0
b2i8xj,NTA,4.0
b2i8xj,ESH,3.0
b2i8xj,NTA,4.0
b2i8xj,YTA,3.0
b2i8xj,NTA,4.0
b2i8xj,ESH,3.0
b2i8xj,NTA,4.0
b2i8xj,YTA,4.0
b2i8xj,ESH,3.0
b2i8xj,ESH,3.0
b2i8xj,NTA,4.0
b2i8xj,ESH,3.0
b2i8xj,NTA,4.0
b2i8xj,NTA,4.0
b2i8xj,NTA,4.0
b2i8xj,NTA,4.0
b2i8xj,ESH,3.0
b2i8xj,YTA,3.0
b2i8xj,YTA,4.0
b2i8xj,ESH,3.0
b2i8xj,ESH,3.0
b2i8xj,ESH,2.0
b2i8xj,NTA,4.0
b2i8xj,ESH,3.0
b2i8xj,ESH,1.0
b2i8xj,NTA,4.0
b2i8xj,ESH,3.0
b2i8xj,ESH,4.0
b2i8xj,NTA,4.0
b2i8xj,NTA,4.0
b2i8xj,YTA,2.0
b2i8xj,ESH,2.0
b2i8xj,ESH,3.0
b2i8xj,ESH,3.0
b2i8xj,ESH,3.0
b2i8xj,NTA,4.0
b2i8xj,YTA,4.0
b2i8xj,NTA,4.0
b2i8xj,NTA,4.0
b2i8xj,ESH,2.0
b2i8xj,NTA,4.0
b2i8xj,ESH,3.0
b2i8xj,NTA,4.0
b2i8xj,NTA,4.0
b2i8xj,NTA,4.0
b2i8xj,ESH,2.0
b2i8xj,NTA,3.0
b2i8xj,ESH,3.0
b2i8xj,ESH,3.0
b2i8xj,ESH,3.0
b2i8xj,NTA,4.0
b2i8xj,NTA,4.0
b2i8xj,NTA,2.0
b2i8xj,ESH,3.0
b2i8xj,ESH,3.0
b2i8xj,NTA,4.0
b2i8xj,ESH,2.0
b2i8xj,ESH,3.0
b2i8xj,NTA,3.0
b2i8xj,NTA,4.0
b2i8xj,NTA,4.0
b2i8xj,ESH,3.0
b2i8xj,ESH,3.0
b2i8xj,ESH,3.0
b2i8xj,ESH,3.0
b2i8xj,NTA,4.0
b2i8xj,ESH,4.0
b2i8xj,NTA,4.0
b2i8xj,ESH,3.0
b2i8xj,ESH,3.0
b2i8xj,ESH,3.0
b2i8xj,ESH,3.0
b2i8xj,YTA,3.0
b2i8xj,YTA,4.0
b2i8xj,ESH,3.0
b2i8xj,ESH,3.0
b2i8xj,ESH,3.0
b2i8xj,NTA,4.0
b2i8xj,ESH,3.0
b2i8xj,NTA,4.0
b2i8xj,ESH,3.0
b2i8xj,NTA,4.0
b2i8xj,NTA,4.0
b2i8xj,NTA,4.0
b2i8xj,ESH,3.0
b2i8xj,NTA,4.0
b2i8xj,YTA,4.0
b2i8xj,NTA,4.0
b2i8xj,ESH,3.0
b2i8xj,ESH,3.0
b2i8xj,NTA,4.0
b2i8xj,NTA,4.0
b2i8xj,NTA,4.0
b2i8xj,ESH,3.0
b2i8xj,ESH,3.0
b2i8xj,NTA,4.0
b2i8xj,NTA,4.0
b2i8xj,ESH,3.0
b2i8xj,ESH,3.0
b2i8xj,ESH,3.0
b2i8xj,NTA,4.0
b2i8xj,YTA,3.0
b2i8xj,NTA,4.0
b2i8xj,ESH,3.0
b2i8xj,ESH,3.0
b2i8xj,NTA,4.0
b2i8xj,NTA,4.0
b2i8xj,ESH,2.0
b2i8xj,NTA,4.0
b2i8xj,ESH,3.0
b2i8xj,NTA,4.0
b2i8xj,ESH,3.0
b2i8xj,ESH,4.0
b2i8xj,YTA,4.0
b2i8xj,ESH,3.0
b2i8xj,NTA,4.0
b2i8xj,ESH,3.0
b2i8xj,ESH,3.0
b2i8xj,NTA,4.0
b2i8xj,NTA,4.0
b2i8xj,NTA,4.0
b2i8xj,ESH,3.0
b2i8xj,NTA,4.0
b2i8xj,NTA,4.0
b2i8xj,NTA,4.0
b2i8xj,ESH,3.0
b2i8xj,ESH,3.0
b2i8xj,YTA,3.0
b2i8xj,NTA,4.0
b2i8xj,ESH,3.0
b2i8xj,ESH,3.0
b2i8xj,ESH,3.0
b2i8xj,ESH,3.0
b2i8xj,ESH,3.0
b2i8xj,ESH,3.0
b2i8xj,ESH,2.0
b2i8xj,ESH,3.0
b2i8xj,NTA,4.0
b2i8xj,NTA,4.0
b2i8xj,NTA,4.0
b2i8xj,NTA,4.0
b2i8xj,ESH,3.0
b2i8xj,ESH,4.0
b2i8xj,ESH,3.0
b2i8xj,ESH,3.0
b2i8xj,YTA,4.0
b2i8xj,NTA,4.0
b2i8xj,ESH,3.0
b2i8xj,YTA,4.0
b2i8xj,NTA,4.0
b2i8xj,YTA,3.0
b2i8xj,NTA,4.0
b2i8xj,ESH,3.0
b2i8xj,ESH,3.0
b2i8xj,NTA,4.0
b2i8xj,ESH,3.0
b2i8xj,ESH,3.0
b2i8xj,ESH,3.0
b2i8xj,NTA,4.0
b2i8xj,NTA,4.0
b2i8xj,NTA,4.0
b2i8xj,ESH,3.0
b2i8xj,NTA,4.0
b2i8xj,ESH,4.0
b2i8xj,ESH,3.0
b2i8xj,YTA,3.0
b2i8xj,NTA,4.0
b2i8xj,NTA,4.0
b2i8xj,ESH,3.0
b2i8xj,NTA,4.0
b2i8xj,ESH,3.0
b2i8xj,NTA,4.0
b2i8xj,ESH,3.0
b2i8xj,NTA,4.0
b2i8xj,NTA,4.0
b2i8xj,ESH,3.0
b2i8xj,ESH,3.0
b2i8xj,ESH,3.0
b2i8xj,ESH,3.0
b2i8xj,ESH,3.0
b2i8xj,NTA,4.0
b2i8xj,NTA,3.0
b2i8xj,ESH,2.0
b2i8xj,ESH,3.0
b2i8xj,NTA,4.0
b2i8xj,YTA,3.0
b2i8xj,NTA,4.0
b2i8xj,ESH,3.0
b2i8xj,ESH,3.0
b2i8xj,ESH,4.0
b2i8xj,ESH,3.0
b2i8xj,NTA,4.0
b2i8xj,ESH,2.0
b2i8xj,NTA,4.0
b2i8xj,ESH,3.0
b2i8xj,NTA,4.0
b2i8xj,ESH,3.0
b2i8xj,NTA,4.0
b2i8xj,NTA,4.0
b2i8xj,ESH,3.0
b2i8xj,NTA,4.0
b2i8xj,ESH,3.0
b2i8xj,ESH,2.0
b2i8xj,NTA,4.0
b2i8xj,NTA,4.0
b2i8xj,YTA,4.0
b2i8xj,NTA,4.0
b2i8xj,NTA,4.0
b2i8xj,NTA,4.0
b2i8xj,ESH,3.0
b2i8xj,ESH,3.0
b2i8xj,NTA,3.0
b2i8xj,ESH,3.0
b2i8xj,NTA,3.0
b2i8xj,ESH,3.0
b2i8xj,NTA,4.0
b2i8xj,ESH,3.0
b2i8xj,ESH,3.0
b2i8xj,NTA,4.0
b2i8xj,ESH,3.0
b2i8xj,YTA,4.0
b2i8xj,ESH,3.0
b2i8xj,ESH,3.0
b2i8xj,NTA,4.0
b2i8xj,YTA,4.0
b2i8xj,NTA,4.0
b2i8xj,ESH,3.0
b2i8xj,YTA,4.0
b2i8xj,NTA,4.0
b2i8xj,NTA,4.0
b2i8xj,NTA,4.0
b2i8xj,NTA,4.0
b2i8xj,ESH,3.0
b2i8xj,NTA,4.0
b2i8xj,NTA,4.0
b2i8xj,ESH,2.0
b2i8xj,ESH,3.0
b2i8xj,NTA,4.0
b2i8xj,YTA,3.0
b2i8xj,NTA,4.0
b2i8xj,ESH,3.0
b2i8xj,ESH,4.0
b2i8xj,NTA,4.0
b2i8xj,YTA,4.0
b2i8xj,ESH,3.0
b2i8xj,NTA,4.0
b2i8xj,YTA,2.0
b2i8xj,ESH,3.0
b2i8xj,ESH,3.0
b2i8xj,ESH,2.0
b2i8xj,ESH,3.0
b2i8xj,NTA,4.0
b2i8xj,NTA,4.0
b2i8xj,NTA,4.0
b2i8xj,YTA,2.0
b2i8xj,NTA,4.0
b2i8xj,NAH,3.0
b2i8xj,YTA,4.0
b2i8xj,ESH,3.0
b2i8xj,NTA,3.0
b2i8xj,NTA,4.0
b2i8xj,NTA,4.0
b2i8xj,ESH,3.0
b2i8xj,ESH,3.0
b2i8xj,YTA,3.0
b2i8xj,YTA,4.0
b2i8xj,NTA,4.0
b2i8xj,NTA,4.0
b2i8xj,NTA,4.0
b2i8xj,YTA,4.0
b2i8xj,NTA,4.0
b2i8xj,ESH,3.0
b2i8xj,YTA,4.0
b2i8xj,ESH,2.0
b2i8xj,YTA,3.0
b2i8xj,ESH,3.0
b2i8xj,NTA,4.0
b2i8xj,NTA,4.0
b2i8xj,ESH,2.0
b2i8xj,NTA,4.0
b2i8xj,ESH,3.0
b2i8xj,ESH,2.0
b2i8xj,NTA,4.0
b2i8xj,NTA,4.0
b2i8xj,NTA,4.0
b2i8xj,ESH,2.0
b2i8xj,ESH,3.0
b2i8xj,NTA,4.0
b2i8xj,YTA,4.0
b2i8xj,NTA,4.0
b2i8xj,NTA,3.0
b2i8xj,NTA,4.0
b2i8xj,YTA,4.0
b2i8xj,YTA,3.0
b2i8xj,ESH,3.0
b2i8xj,NTA,4.0
b2i8xj,YTA,3.0
b2i8xj,NTA,4.0
b2i8xj,NTA,3.0
b2i8xj,NTA,4.0
b2i8xj,YTA,3.0
b2i8xj,NTA,4.0
b2i8xj,NTA,4.0
b2i8xj,NTA,4.0
b2i8xj,ESH,2.0
b2i8xj,NTA,4.0
b2i8xj,ESH,3.0
b2i8xj,ESH,4.0
b2i8xj,NTA,3.0
b2i8xj,NTA,3.0
b2i8xj,ESH,3.0
b2i8xj,NTA,4.0
b2i8xj,ESH,3.0
b2i8xj,NTA,4.0
b2i8xj,NTA,4.0
b2i8xj,YTA,4.0
b2i8xj,NTA,2.0
b2i8xj,NTA,4.0
b2i8xj,NTA,4.0
b2i8xj,YTA,4.0
b2i8xj,NTA,4.0
b2i8xj,ESH,3.0
b2i8xj,ESH,3.0
b2i8xj,YTA,2.0
b2i8xj,NTA,4.0
b2i8xj,NTA,4.0
b2i8xj,NTA,4.0
b2i8xj,NTA,4.0
b2i8xj,ESH,3.0
b2i8xj,NTA,4.0
b2i8xj,NTA,4.0
b2i8xj,NTA,4.0
b2i8xj,ESH,3.0
b2i8xj,ESH,2.0
b2i8xj,NTA,4.0
b2i8xj,NTA,3.0
b2i8xj,ESH,2.0
b2i8xj,YTA,3.0
b2i8xj,ESH,3.0
b2i8xj,NTA,4.0
b2i8xj,NTA,4.0
b2i8xj,ESH,3.0
b2i8xj,NTA,4.0
b2i8xj,ESH,3.0
b2i8xj,NTA,4.0
b2i8xj,NTA,4.0
b2i8xj,YTA,4.0
b2i8xj,NTA,4.0
b2i8xj,ESH,3.0
b2i8xj,NTA,4.0
b2i8xj,ESH,2.0
b2i8xj,YTA,4.0
b2i8xj,NTA,4.0
b2i8xj,ESH,3.0
b2i8xj,NTA,4.0
b2i8xj,NTA,4.0
b2i8xj,ESH,3.0
b2i8xj,YTA,3.0
b2i8xj,NTA,4.0
b2i8xj,ESH,3.0
b2i8xj,NTA,4.0
b2i8xj,NTA,4.0
b2i8xj,YTA,4.0
b2i8xj,ESH,3.0
b2i8xj,NTA,4.0
b2i8xj,NTA,4.0
b2i8xj,NTA,4.0
b2i8xj,NTA,4.0
b2i8xj,NTA,4.0
b2i8xj,ESH,3.0
b2i8xj,NTA,4.0
b2i8xj,NTA,4.0
b2i8xj,YTA,4.0
b2i8xj,YTA,2.0
b2i8xj,NTA,4.0
b2i8xj,NTA,4.0
b2i8xj,NTA,4.0
b2i8xj,NTA,4.0
b2i8xj,NTA,4.0
b2i8xj,ESH,4.0
b2i8xj,NTA,4.0
b2i8xj,ESH,3.0
b2i8xj,NTA,4.0
b2i8xj,NTA,4.0
b2i8xj,ESH,3.0
b2i8xj,NTA,4.0
b2i8xj,YTA,3.0
b2i8xj,NTA,4.0
b2i8xj,ESH,3.0
b2i8xj,NTA,4.0
b2i8xj,ESH,3.0
b2i8xj,ESH,2.0
b2i8xj,ESH,3.0
b2i8xj,ESH,2.0
b2i8xj,NTA,3.0
b2i8xj,NTA,4.0
b2i8xj,NTA,4.0
b2i8xj,NTA,4.0
b2i8xj,ESH,3.0
b2i8xj,ESH,3.0
b2i8xj,NTA,4.0
b2i8xj,ESH,3.0
b2i8xj,NTA,4.0
b2i8xj,NTA,4.0
b2i8xj,YTA,4.0
b2i8xj,NTA,4.0
b2i8xj,NTA,4.0
b2i8xj,NTA,4.0
b2i8xj,ESH,2.0
b2i8xj,ESH,3.0
b2i8xj,NTA,4.0
b2i8xj,YTA,4.0
b2i8xj,NTA,4.0
b2i8xj,NTA,4.0
b2i8xj,NTA,4.0
b2i8xj,ESH,3.0
b2i8xj,NTA,4.0
b2i8xj,YTA,4.0
b2i8xj,ESH,3.0
b2i8xj,ESH,3.0
b2i8xj,NTA,4.0
b2i8xj,NTA,3.0
b2i8xj,NTA,4.0
b2i8xj,NTA,4.0
b2i8xj,NTA,4.0
b2i8xj,NTA,4.0
b2i8xj,NTA,4.0
b2i8xj,YTA,4.0
b2i8xj,NAH,3.0
b2i8xj,NTA,4.0
b2i8xj,YTA,4.0
b2i8xj,ESH,3.0
b2i8xj,NTA,4.0
b2i8xj,NTA,3.0
b2i8xj,YTA,3.0
b2i8xj,YTA,3.0
b2i8xj,YTA,3.0
b2i8xj,ESH,3.0
b2i8xj,NTA,4.0
b2i8xj,NTA,4.0
b2i8xj,NTA,4.0
b2i8xj,NTA,3.0
b2i8xj,ESH,3.0
b2i8xj,NTA,4.0
b2i8xj,NTA,4.0
b2i8xj,NTA,4.0
b2i8xj,ESH,1.0
b2i8xj,ESH,3.0
b2i8xj,ESH,3.0
b2i8xj,ESH,4.0
b2i8xj,NTA,3.0
b2i8xj,ESH,3.0
b2i8xj,NTA,4.0
b2i8xj,ESH,3.0
b2i8xj,YTA,4.0
b2i8xj,NTA,4.0
b2i8xj,YTA,2.0
b2i8xj,YTA,3.0
b2i8xj,NTA,4.0
b2i8xj,NTA,4.0
b2i8xj,NTA,4.0
b2i8xj,NTA,4.0
b2i8xj,YTA,3.0
b2i8xj,NTA,4.0
b2i8xj,NTA,4.0
b2i8xj,NTA,4.0
b2i8xj,NTA,4.0
b2i8xj,YTA,2.0
b2i8xj,NTA,3.0
b2i8xj,ESH,3.0
b2i8xj,ESH,3.0
b2i8xj,ESH,3.0
b2i8xj,ESH,3.0
b2i8xj,ESH,3.0
b2i8xj,NTA,4.0
b2i8xj,NTA,4.0
b2i8xj,NTA,4.0
b2i8xj,YTA,2.0
b2i8xj,ESH,3.0
b2i8xj,ESH,3.0
b2i8xj,ESH,3.0
b2i8xj,YTA,4.0
b2i8xj,NTA,4.0
b2i8xj,ESH,3.0
b2i8xj,NTA,4.0
b2i8xj,ESH,3.0
b2i8xj,NTA,4.0
b2i8xj,YTA,4.0
b2i8xj,NTA,4.0
b2i8xj,ESH,2.0
b2i8xj,YTA,2.0
b2i8xj,YTA,3.0
b2i8xj,ESH,2.0
b2i8xj,ESH,3.0
b2i8xj,YTA,2.0
b2i8xj,NTA,3.0
b2i8xj,NTA,4.0
b2i8xj,NTA,4.0
b2i8xj,NTA,4.0
b2i8xj,NTA,4.0
b2i8xj,NTA,4.0
b2i8xj,ESH,3.0
b2i8xj,NTA,4.0
b2i8xj,ESH,3.0
b2i8xj,YTA,3.0
b2i8xj,NTA,4.0
b2i8xj,ESH,3.0
b2i8xj,NTA,4.0
b2i8xj,NTA,4.0
b2i8xj,NTA,4.0
b2i8xj,NTA,4.0
b2i8xj,NTA,4.0
b2i8xj,NTA,4.0
b2i8xj,NTA,4.0
b2i8xj,ESH,4.0
b2i8xj,NTA,4.0
b2i8xj,NTA,2.0
b2i8xj,YTA,4.0
b2i8xj,YTA,2.0
b2i8xj,ESH,3.0
b2i8xj,NTA,4.0
b2i8xj,ESH,3.0
b2i8xj,YTA,3.0
b2i8xj,NTA,4.0
b2i8xj,ESH,3.0
b2i8xj,NTA,4.0
b2i8xj,YTA,3.0
b2i8xj,YTA,4.0
b2i8xj,NTA,4.0
b2i8xj,NTA,4.0
b2i8xj,YTA,3.0
b2i8xj,YTA,3.0
b2i8xj,NTA,4.0
b2i8xj,NTA,4.0
b2i8xj,ESH,2.0
b2i8xj,ESH,2.0
b2i8xj,YTA,4.0
b2i8xj,ESH,2.0
b2i8xj,ESH,2.0
b2i8xj,ESH,3.0
b2i8xj,NTA,3.0
b2i8xj,NTA,4.0
b2i8xj,NTA,4.0
b2i8xj,NTA,4.0
b2i8xj,NTA,4.0
b2i8xj,ESH,3.0
b2i8xj,YTA,3.0
b2i8xj,YTA,3.0
b2i8xj,NTA,4.0
b2i8xj,ESH,3.0
b2i8xj,YTA,3.0
b2i8xj,ESH,2.0
b2i8xj,NTA,4.0
b2i8xj,YTA,3.0
b2i8xj,NTA,4.0
b2i8xj,ESH,3.0
b2i8xj,NTA,4.0
b2i8xj,ESH,3.0
b2i8xj,ESH,3.0
b2i8xj,NTA,4.0
b2i8xj,YTA,3.0
b2i8xj,ESH,3.0
b2i8xj,YTA,4.0
b2i8xj,NTA,4.0
b2i8xj,NTA,3.0
b2i8xj,ESH,3.0
b2i8xj,NTA,3.0
b2i8xj,NTA,4.0
b2i8xj,NTA,4.0
b2i8xj,NTA,3.0
b2i8xj,ESH,3.0
b2i8xj,ESH,3.0
b2i8xj,ESH,3.0
b2i8xj,NTA,4.0
b2i8xj,NTA,4.0
b2i8xj,NTA,4.0
b2i8xj,YTA,2.0
b2i8xj,ESH,3.0
b2i8xj,NTA,4.0
b2i8xj,ESH,3.0
b2i8xj,YTA,3.0
b2i8xj,NTA,4.0
b2i8xj,ESH,3.0
b2i8xj,ESH,3.0
b2i8xj,NTA,4.0
b2i8xj,ESH,2.0
b2i8xj,YTA,4.0
b2i8xj,NTA,4.0
b2i8xj,NTA,4.0
b2i8xj,NTA,4.0
b2i8xj,ESH,3.0
b2i8xj,NTA,4.0
b2i8xj,NTA,4.0
b2i8xj,NTA,4.0
b2i8xj,ESH,3.0
b2i8xj,ESH,3.0
b2i8xj,ESH,4.0
b2i8xj,YTA,2.0
b2i8xj,ESH,3.0
b2i8xj,NTA,4.0
b2i8xj,YTA,2.0
b2i8xj,ESH,3.0
b2i8xj,YTA,3.0
b2i8xj,ESH,3.0
b2i8xj,ESH,3.0
b2i8xj,ESH,3.0
b2i8xj,NTA,4.0
b2i8xj,NTA,3.0
b2i8xj,NTA,4.0
b2i8xj,YTA,3.0
b2i8xj,ESH,3.0
b2i8xj,ESH,3.0
b2i8xj,YTA,3.0
b2i8xj,NTA,4.0
b2i8xj,NTA,4.0
b2i8xj,YTA,2.0
b2i8xj,NTA,4.0
b2i8xj,NTA,4.0
b2i8xj,ESH,3.0
b2i8xj,YTA,4.0
b2i8xj,NTA,4.0
b2i8xj,NTA,4.0
b2i8xj,NTA,4.0
b2i8xj,YTA,4.0
b2i8xj,NTA,4.0
b2i8xj,ESH,3.0
b2i8xj,ESH,3.0
b2i8xj,YTA,4.0
b2i8xj,ESH,3.0
b2i8xj,ESH,3.0
b2i8xj,ESH,3.0
b2i8xj,NAH,4.0
b2i8xj,NTA,3.0
b2i8xj,YTA,3.0
b2i8xj,NTA,4.0
b2i8xj,ESH,3.0
b2i8xj,NAH,4.0
b2i8xj,ESH,3.0
b2i8xj,NTA,4.0
b2i8xj,ESH,3.0
b2i8xj,YTA,4.0
b2i8xj,ESH,3.0
b2i8xj,NTA,4.0
b2i8xj,NTA,3.0
b2i8xj,NTA,4.0
b2i8xj,YTA,4.0
b2i8xj,NTA,3.0
b2i8xj,NTA,4.0
b2i8xj,ESH,3.0
b2i8xj,ESH,3.0
b2i8xj,YTA,4.0
b2i8xj,NTA,4.0
b2i8xj,NTA,4.0
b2i8xj,NTA,4.0
b2i8xj,ESH,3.0
b2i8xj,ESH,3.0
b2i8xj,ESH,3.0
b2i8xj,NTA,4.0
b2i8xj,NTA,4.0
b2i8xj,YTA,3.0
b2i8xj,YTA,2.0
b2i8xj,NTA,4.0
b2i8xj,NTA,4.0
b2i8xj,YTA,4.0
b2i8xj,YTA,3.0
b2i8xj,ESH,3.0
b2i8xj,ESH,3.0
b2i8xj,ESH,3.0
b2i8xj,NTA,4.0
b2i8xj,YTA,3.0
b2i8xj,NTA,4.0
b2i8xj,ESH,4.0
b2i8xj,YTA,2.0
b2i8xj,NTA,4.0
b2i8xj,NTA,3.0
b2i8xj,ESH,3.0
b2i8xj,NTA,4.0
b2i8xj,YTA,2.0
b2i8xj,NTA,4.0
b2i8xj,ESH,4.0
b2i8xj,NTA,4.0
b2i8xj,NTA,4.0
b2i8xj,NTA,4.0
b2i8xj,ESH,3.0
b2i8xj,ESH,3.0
b2i8xj,NTA,4.0
b2i8xj,NTA,4.0
b2i8xj,NTA,4.0
b2i8xj,NTA,4.0
b2i8xj,ESH,3.0
b2i8xj,NTA,4.0
b2i8xj,NTA,4.0
b2i8xj,NTA,4.0
b2i8xj,ESH,3.0
b2i8xj,ESH,3.0
b2i8xj,NTA,4.0
b2i8xj,YTA,3.0
b2i8xj,NTA,4.0
b2i8xj,ESH,3.0
b2i8xj,NTA,4.0
b2i8xj,NTA,4.0
b2i8xj,NTA,4.0
b2i8xj,NTA,4.0
b2i8xj,ESH,1.0
b2i8xj,YTA,4.0
b2i8xj,NTA,4.0
b2i8xj,YTA,4.0
b2i8xj,ESH,3.0
b2i8xj,ESH,4.0
b2i8xj,NTA,4.0
b2i8xj,NTA,4.0
b2i8xj,NTA,4.0
b2i8xj,NTA,4.0
b2i8xj,NTA,4.0
b2i8xj,YTA,4.0
b2i8xj,NTA,4.0
b2i8xj,YTA,3.0
b2i8xj,NTA,4.0
b2i8xj,NTA,4.0
b2i8xj,NTA,
b2i8xj,NTA,4.0
b2i8xj,ESH,3.0
b2i8xj,NTA,4.0
b2i8xj,NTA,4.0
b2i8xj,NTA,4.0
b2i8xj,ESH,4.0
b2i8xj,NTA,4.0
b2i8xj,NTA,4.0
b2i8xj,NTA,4.0
b2i8xj,ESH,3.0
b2i8xj,NTA,3.0
b2i8xj,ESH,3.0
b2i8xj,NTA,4.0
b2i8xj,YTA,4.0
b2i8xj,NTA,4.0
b2i8xj,ESH,4.0
b2i8xj,ESH,3.0
b2i8xj,NTA,4.0
b2i8xj,NTA,4.0
b2i8xj,YTA,4.0
b2i8xj,ESH,3.0
b2i8xj,ESH,3.0
b2i8xj,YTA,3.0
b2i8xj,NTA,4.0
b2i8xj,NTA,4.0
b2i8xj,NTA,4.0
b2i8xj,NTA,4.0
b2i8xj,NTA,4.0
b2i8xj,NTA,4.0
b2i8xj,ESH,2.0
b2i8xj,ESH,2.0
b2i8xj,YTA,3.0
b2i8xj,NTA,3.0
b2i8xj,NTA,4.0
b2i8xj,NTA,4.0
b2i8xj,ESH,3.0
b2i8xj,NTA,4.0
b2i8xj,NTA,4.0
b2i8xj,ESH,3.0
b2i8xj,NTA,4.0
b2i8xj,NTA,4.0
b2i8xj,ESH,3.0
b2i8xj,ESH,3.0
b2i8xj,NTA,4.0
b2i8xj,NTA,4.0
b2i8xj,NTA,4.0
b2i8xj,NTA,4.0
b2i8xj,YTA,4.0
b2i8xj,ESH,3.0
b2i8xj,NTA,4.0
b2i8xj,NTA,4.0
b2i8xj,NTA,4.0
b2i8xj,NTA,4.0
b2i8xj,ESH,3.0
b2i8xj,YTA,1.0
b2i8xj,ESH,3.0
b2i8xj,NTA,3.0
b2i8xj,NTA,4.0
b2i8xj,NTA,4.0
b2i8xj,NTA,4.0
b2i8xj,NTA,4.0
b2i8xj,NTA,4.0
b2i8xj,NTA,4.0
b2i8xj,NTA,4.0
b2i8xj,ESH,3.0
b2i8xj,NTA,4.0
b2i8xj,NTA,4.0
b2i8xj,NTA,4.0
b2i8xj,ESH,3.0
b2i8xj,ESH,3.0
b2i8xj,YTA,4.0
b2i8xj,NTA,4.0
b2i8xj,ESH,3.0
b2i8xj,ESH,4.0
b2i8xj,NTA,4.0
b2i8xj,ESH,3.0
b2i8xj,ESH,3.0
b2i8xj,ESH,2.0
b2i8xj,NTA,4.0
b2i8xj,NTA,4.0
b2i8xj,ESH,3.0
b2i8xj,NTA,4.0
b2i8xj,NTA,4.0
b2i8xj,NTA,4.0
b2i8xj,NTA,1.0
b2i8xj,ESH,3.0
b2i8xj,NTA,3.0
b2i8xj,NTA,4.0
b2i8xj,NTA,4.0
b2i8xj,NTA,4.0
b2i8xj,YTA,3.0
b2i8xj,ESH,3.0
b2i8xj,NTA,4.0
b2i8xj,NTA,4.0
b2i8xj,NTA,4.0
b2i8xj,NTA,4.0
b2i8xj,NTA,4.0
b2i8xj,NTA,4.0
b2i8xj,NTA,4.0
b2i8xj,NTA,4.0
b2i8xj,ESH,1.0
b2yjac,NTA,4.0
b2yjac,NTA,4.0
b2yjac,ESH,3.0
b2yjac,NTA,4.0
b2yjac,ESH,2.0
b2yjac,ESH,3.0
b2yjac,YTA,3.0
b2yjac,ESH,3.0
b2yjac,ESH,3.0
b2yjac,ESH,3.0
b2yjac,ESH,3.0
b2yjac,ESH,3.0
b2yjac,NTA,4.0
b2yjac,ESH,3.0
b2yjac,NTA,4.0
b2yjac,NAH,3.0
b2yjac,NTA,4.0
b2yjac,NTA,4.0
b2yjac,NTA,4.0
b2yjac,NTA,4.0
b2yjac,NTA,4.0
b2yjac,YTA,3.0
b2yjac,ESH,3.0
b2yjac,NTA,4.0
b2yjac,NTA,4.0
b2yjac,YTA,3.0
b2yjac,NTA,4.0
b2yjac,ESH,3.0
b2yjac,NTA,4.0
b2yjac,ESH,2.0
b2yjac,NTA,4.0
b2yjac,NTA,4.0
b2yjac,NTA,4.0
b2yjac,NTA,4.0
b2yjac,ESH,3.0
b2yjac,NTA,4.0
b2yjac,ESH,3.0
b2yjac,NTA,4.0
b2yjac,NTA,4.0
b2yjac,ESH,3.0
b2yjac,NTA,4.0
b2yjac,ESH,2.0
b2yjac,NTA,4.0
b2yjac,NTA,4.0
b2yjac,NTA,3.0
b2yjac,ESH,3.0
b2yjac,NTA,4.0
b2yjac,NTA,4.0
b2yjac,NTA,4.0
b2yjac,ESH,3.0
b2yjac,NTA,4.0
b2yjac,ESH,3.0
b2yjac,ESH,3.0
b2yjac,ESH,3.0
b2yjac,NTA,4.0
b2yjac,NTA,4.0
b2yjac,NTA,4.0
b2yjac,NTA,4.0
b2yjac,NTA,4.0
b2yjac,NTA,4.0
b2yjac,ESH,3.0
b2yjac,NTA,4.0
b2yjac,NTA,4.0
b2yjac,NTA,4.0
b2yjac,NTA,4.0
b2yjac,NTA,4.0
b2yjac,NTA,4.0
b2yjac,NTA,4.0
b2yjac,NTA,4.0
b2yjac,NTA,4.0
b2yjac,NTA,4.0
b2yjac,NTA,4.0
b2yjac,NTA,4.0
b2yjac,YTA,4.0
b2yjac,YTA,3.0
b2yjac,NTA,4.0
b2yjac,NTA,4.0
b2yjac,ESH,3.0
b2yjac,NTA,4.0
b2yjac,NTA,4.0
b2yjac,NTA,4.0
b2yjac,NTA,4.0
b2yjac,NTA,4.0
b2yjac,NTA,4.0
b2yjac,YTA,4.0
b2yjac,NTA,4.0
b2yjac,YTA,3.0
b2yjac,YTA,4.0
b2yjac,NTA,4.0
b2yjac,YTA,4.0
b2yjac,NTA,4.0
b2yjac,NTA,4.0
b2yjac,YTA,3.0
b2yjac,ESH,3.0
b2yjac,NTA,4.0
b2yjac,NTA,4.0
b2yjac,NTA,3.0
b2yjac,NTA,4.0
b2yjac,ESH,3.0
b2yjac,ESH,2.0
b2yjac,NTA,4.0
b2yjac,NTA,3.0
b2yjac,ESH,3.0
b2yjac,NTA,
b2yjac,ESH,3.0
b2yjac,ESH,3.0
b2yjac,ESH,3.0
b2yjac,NTA,4.0
b2yjac,NTA,4.0
b2yjac,YTA,3.0
b2yjac,NTA,4.0
b2yjac,NTA,4.0
b2yjac,NTA,4.0
b2yjac,NTA,4.0
b2yjac,YTA,4.0
b2yjac,NTA,3.0
b2yjac,NTA,4.0
b2yjac,NTA,4.0
b2yjac,NTA,4.0
b2yjac,NTA,3.0
b2yjac,NTA,4.0
b2yjac,NTA,4.0
b2yjac,NTA,3.0
b2yjac,NTA,4.0
b2yjac,NTA,4.0
b2yjac,NTA,4.0
b2yjac,ESH,2.0
b2yjac,NTA,4.0
b2yjac,ESH,3.0
b2yjac,NTA,4.0
b2yjac,NTA,4.0
b2yjac,YTA,3.0
b2yjac,NTA,4.0
b2yjac,YTA,4.0
b2yjac,NTA,4.0
b2yjac,NTA,4.0
b2yjac,NTA,4.0
b2yjac,NTA,4.0
b2yjac,ESH,3.0
b2yjac,NTA,4.0
b2yjac,NTA,4.0
b2yjac,NTA,4.0
b2yjac,NTA,4.0
b2yjac,NTA,4.0
b2yjac,NTA,4.0
b2yjac,NTA,4.0
b2yjac,NTA,4.0
b2yjac,ESH,3.0
b2yjac,NTA,4.0
b2yjac,NTA,4.0
b2yjac,ESH,3.0
b2yjac,ESH,3.0
b2yjac,NTA,4.0
b2yjac,ESH,3.0
b2yjac,ESH,3.0
b2yjac,ESH,3.0
b2yjac,NTA,4.0
b2yjac,NTA,4.0
b2yjac,NTA,4.0
b2yjac,ESH,3.0
b2yjac,ESH,3.0
b2yjac,ESH,3.0
b2yjac,NTA,4.0
b2yjac,NTA,4.0
b2yjac,NTA,4.0
b2yjac,NTA,4.0
b2yjac,NTA,4.0
b2yjac,NTA,4.0
b2yjac,ESH,3.0
b2yjac,ESH,3.0
b2yjac,YTA,3.0
b2yjac,NTA,4.0
b2yjac,NTA,4.0
b2yjac,NTA,3.0
b2yjac,ESH,3.0
b2yjac,YTA,3.0
b2yjac,ESH,3.0
b2yjac,NTA,4.0
b2yjac,NTA,4.0
b2yjac,NTA,4.0
b2yjac,ESH,3.0
b2yjac,NTA,4.0
b2yjac,ESH,3.0
b2yjac,ESH,3.0
b2yjac,NTA,4.0
b2yjac,NTA,4.0
b2yjac,NTA,3.0
b2yjac,NTA,4.0
b2yjac,NTA,4.0
b2yjac,NTA,4.0
b2yjac,NTA,4.0
b2yjac,ESH,3.0
b2yjac,NTA,4.0
b2yjac,ESH,3.0
b2yjac,NAH,3.0
b2yjac,NTA,4.0
b2yjac,NTA,4.0
b2yjac,NTA,4.0
b4d8lv,YTA,3.0
b4d8lv,YTA,4.0
b4d8lv,YTA,3.0
b4d8lv,YTA,3.0
b4d8lv,ESH,3.0
b4d8lv,YTA,4.0
b4d8lv,ESH,3.0
b4d8lv,YTA,4.0
b4d8lv,YTA,4.0
b4d8lv,YTA,3.0
b4d8lv,YTA,3.0
b4d8lv,YTA,4.0
b4d8lv,YTA,4.0
b4d8lv,ESH,3.0
b4d8lv,YTA,3.0
b4d8lv,ESH,3.0
b4d8lv,ESH,3.0
b4d8lv,YTA,4.0
b4d8lv,YTA,3.0
b4d8lv,YTA,4.0
b4d8lv,YTA,4.0
b4d8lv,ESH,4.0
b4d8lv,ESH,3.0
b4d8lv,YTA,3.0
b4d8lv,YTA,4.0
b4d8lv,YTA,3.0
b4d8lv,YTA,3.0
b4d8lv,YTA,3.0
b4d8lv,YTA,4.0
b4d8lv,NTA,4.0
b4d8lv,YTA,4.0
b4d8lv,ESH,3.0
b4d8lv,YTA,4.0
b4d8lv,ESH,3.0
b4d8lv,YTA,3.0
b4d8lv,NTA,3.0
b4d8lv,ESH,3.0
b4d8lv,YTA,3.0
b4d8lv,NTA,4.0
b4d8lv,YTA,3.0
b4d8lv,NTA,3.0
b4d8lv,YTA,3.0
b4d8lv,YTA,4.0
b4d8lv,NTA,4.0
b4d8lv,YTA,3.0
b4d8lv,NTA,3.0
b4d8lv,NTA,4.0
b4d8lv,YTA,4.0
b4d8lv,YTA,4.0
b4d8lv,ESH,3.0
b4d8lv,YTA,3.0
b4d8lv,YTA,4.0
b4d8lv,NTA,4.0
b4d8lv,ESH,3.0
b4d8lv,YTA,4.0
b4d8lv,ESH,3.0
b4d8lv,YTA,4.0
b4d8lv,NTA,4.0
b4d8lv,NTA,4.0
b4d8lv,YTA,3.0
b4d8lv,NTA,3.0
b4d8lv,NTA,4.0
b4d8lv,YTA,4.0
b4d8lv,YTA,4.0
b4d8lv,YTA,4.0
b4d8lv,NTA,4.0
b4d8lv,YTA,4.0
b4d8lv,ESH,3.0
b4d8lv,YTA,4.0
b4d8lv,ESH,3.0
b4d8lv,YTA,3.0
b4d8lv,ESH,3.0
b4d8lv,YTA,2.0
b4d8lv,YTA,4.0
b4d8lv,NTA,4.0
b4d8lv,YTA,3.0
b4d8lv,NTA,3.0
b4d8lv,NTA,4.0
b4d8lv,NTA,4.0
b4d8lv,ESH,3.0
b4d8lv,NTA,4.0
b4d8lv,YTA,4.0
b4d8lv,NTA,4.0
b4d8lv,YTA,4.0
b4d8lv,ESH,3.0
b4d8lv,NTA,4.0
b4d8lv,YTA,4.0
b4d8lv,ESH,3.0
b4d8lv,YTA,3.0
b4d8lv,YTA,3.0
b4d8lv,ESH,3.0
b4d8lv,YTA,4.0
b4d8lv,NTA,4.0
b4d8lv,YTA,4.0
b4d8lv,YTA,3.0
b4d8lv,NTA,4.0
b4d8lv,NTA,4.0
b4d8lv,ESH,3.0
b4d8lv,YTA,4.0
b4d8lv,ESH,2.0
b4d8lv,NTA,4.0
b4d8lv,NTA,4.0
b4d8lv,NTA,4.0
b4d8lv,NTA,4.0
b4d8lv,ESH,3.0
b4d8lv,NAH,3.0
b4d8lv,ESH,3.0
b4d8lv,NTA,4.0
b4d8lv,ESH,4.0
b4d8lv,YTA,4.0
b4d8lv,NTA,4.0
b4d8lv,YTA,3.0
b4d8lv,NTA,4.0
b4d8lv,ESH,3.0
b4d8lv,NTA,4.0
b4d8lv,YTA,4.0
b4d8lv,YTA,3.0
b4d8lv,NTA,4.0
b4d8lv,YTA,4.0
b4d8lv,ESH,2.0
b4d8lv,NTA,4.0
b4d8lv,NTA,4.0
b4d8lv,NTA,4.0
b4d8lv,YTA,3.0
b4d8lv,YTA,3.0
b4d8lv,NAH,3.0
b4d8lv,ESH,3.0
b4d8lv,ESH,3.0
b4d8lv,NTA,4.0
b4d8lv,ESH,3.0
b4d8lv,YTA,3.0
b4d8lv,NTA,4.0
b4d8lv,ESH,3.0
b4d8lv,NTA,4.0
b4d8lv,YTA,4.0
b4d8lv,NTA,4.0
b4d8lv,YTA,3.0
b4d8lv,ESH,3.0
b4d8lv,NTA,4.0
b4d8lv,YTA,3.0
b4d8lv,YTA,3.0
b4d8lv,NTA,4.0
b4d8lv,NAH,3.0
b4d8lv,NTA,4.0
b4d8lv,NTA,4.0
b4d8lv,NTA,3.0
b4d8lv,YTA,4.0
b4d8lv,NTA,4.0
b4d8lv,YTA,3.0
b4d8lv,NTA,4.0
b4d8lv,NTA,3.0
b4d8lv,YTA,4.0
b4d8lv,YTA,3.0
b4d8lv,ESH,3.0
b4d8lv,NTA,4.0
b4d8lv,ESH,3.0
b4d8lv,NTA,4.0
b4d8lv,ESH,2.0
b4d8lv,ESH,3.0
b4d8lv,ESH,3.0
b4d8lv,NTA,4.0
b4d8lv,NTA,4.0
b4d8lv,ESH,3.0
b4d8lv,YTA,2.0
b4d8lv,ESH,3.0
b4d8lv,YTA,2.0
b4d8lv,NTA,3.0
b4d8lv,NTA,4.0
b4d8lv,YTA,3.0
b4d8lv,YTA,1.0
b4d8lv,NTA,4.0
b4d8lv,NTA,4.0
b4d8lv,NTA,4.0
b4d8lv,YTA,4.0
b4d8lv,YTA,4.0
b4d8lv,NTA,4.0
b4d8lv,YTA,4.0
b4d8lv,ESH,3.0
b4d8lv,YTA,4.0
b4d8lv,NTA,4.0
b4d8lv,YTA,3.0
b4d8lv,YTA,3.0
b4d8lv,YTA,4.0
b4d8lv,ESH,3.0
b4d8lv,NTA,4.0
b4d8lv,ESH,3.0
b4d8lv,NTA,4.0
b4d8lv,ESH,3.0
b4d8lv,NTA,4.0
b4d8lv,YTA,4.0
b4d8lv,YTA,3.0
b4d8lv,ESH,3.0
b4d8lv,NTA,4.0
b4d8lv,NTA,4.0
b4d8lv,ESH,3.0
b4d8lv,ESH,3.0
b4d8lv,ESH,3.0
b4d8lv,NTA,3.0
b4d8lv,NTA,4.0
b4d8lv,ESH,3.0
b4d8lv,NTA,4.0
b4d8lv,YTA,4.0
b4d8lv,ESH,3.0
b4d8lv,ESH,3.0
b4d8lv,YTA,4.0
b4d8lv,ESH,3.0
b4d8lv,YTA,3.0
b4d8lv,YTA,3.0
b4d8lv,NTA,4.0
b4d8lv,ESH,3.0
b4d8lv,NTA,4.0
b4d8lv,ESH,3.0
b4d8lv,NTA,4.0
b4d8lv,NTA,4.0
b4d8lv,YTA,3.0
b4d8lv,YTA,4.0
b4d8lv,ESH,3.0
b4d8lv,NTA,3.0
b4d8lv,YTA,4.0
b4d8lv,YTA,4.0
b4d8lv,YTA,4.0
b4d8lv,YTA,4.0
b4d8lv,YTA,4.0
b4d8lv,NTA,3.0
b4d8lv,YTA,4.0
b4d8lv,NTA,4.0
b4d8lv,NTA,4.0
b4d8lv,NTA,4.0
b4d8lv,NTA,3.0
b4d8lv,YTA,3.0
b4d8lv,NTA,4.0
b4d8lv,NTA,4.0
b4d8lv,NAH,1.0
b4d8lv,ESH,3.0
b4d8lv,YTA,4.0
b4d8lv,NTA,4.0
b4d8lv,YTA,3.0
b4d8lv,ESH,3.0
b4d8lv,ESH,3.0
b4d8lv,ESH,3.0
b4d8lv,YTA,4.0
b4d8lv,NTA,4.0
b4d8lv,YTA,4.0
b4d8lv,YTA,4.0
b4d8lv,ESH,3.0
b4d8lv,NTA,4.0
b4d8lv,YTA,3.0
b4d8lv,YTA,3.0
b4d8lv,NTA,4.0
b4d8lv,ESH,3.0
b4d8lv,YTA,4.0
b4d8lv,NTA,4.0
b4d8lv,YTA,4.0
b4d8lv,YTA,3.0
b4d8lv,NTA,2.0
b4d8lv,ESH,3.0
b4d8lv,YTA,4.0
b4d8lv,YTA,3.0
b4d8lv,ESH,3.0
b4d8lv,ESH,3.0
b4d8lv,NTA,3.0
b4d8lv,YTA,4.0
b4d8lv,YTA,4.0
b4d8lv,YTA,4.0
b4d8lv,NTA,4.0
b4d8lv,ESH,3.0
b4d8lv,YTA,3.0
b4d8lv,NTA,4.0
b4d8lv,NTA,4.0
b4d8lv,NTA,4.0
b4d8lv,ESH,3.0
b4d8lv,YTA,3.0
b4d8lv,YTA,4.0
b4d8lv,ESH,2.0
b4d8lv,YTA,4.0
b4d8lv,ESH,3.0
b4d8lv,YTA,4.0
b4d8lv,YTA,4.0
b4d8lv,ESH,3.0
b4d8lv,NTA,3.0
b4d8lv,NTA,3.0
b4d8lv,YTA,3.0
b4d8lv,YTA,4.0
b4d8lv,NTA,4.0
b4d8lv,ESH,3.0
b4d8lv,NTA,4.0
b4d8lv,YTA,4.0
b4d8lv,NTA,3.0
b4d8lv,NTA,4.0
b4d8lv,NTA,4.0
b4d8lv,NTA,4.0
b4d8lv,YTA,3.0
b4d8lv,NTA,4.0
b4d8lv,NTA,4.0
b4d8lv,NTA,4.0
b4d8lv,YTA,4.0
b4d8lv,NTA,4.0
b4d8lv,YTA,4.0
b4d8lv,YTA,4.0
b4d8lv,NTA,3.0
b4d8lv,ESH,3.0
b4d8lv,NTA,4.0
b4d8lv,NTA,4.0
b4d8lv,NTA,4.0
b4d8lv,YTA,4.0
b4d8lv,YTA,3.0
b4d8lv,YTA,4.0
b4d8lv,YTA,4.0
b4d8lv,YTA,3.0
b4d8lv,NTA,3.0
b4d8lv,YTA,3.0
b4d8lv,NTA,4.0
b4d8lv,NTA,4.0
b4d8lv,YTA,3.0
b4d8lv,NTA,4.0
b4d8lv,YTA,3.0
b4d8lv,ESH,3.0
b4d8lv,YTA,4.0
b4d8lv,NTA,4.0
b4d8lv,YTA,3.0
b4d8lv,NTA,4.0
b4d8lv,ESH,3.0
b4d8lv,NTA,4.0
b4d8lv,ESH,3.0
b4d8lv,ESH,3.0
b4d8lv,YTA,4.0
b4d8lv,ESH,3.0
b4d8lv,YTA,4.0
b4d8lv,ESH,3.0
b4d8lv,YTA,3.0
b4d8lv,NTA,4.0
b4d8lv,NTA,4.0
b4d8lv,YTA,3.0
b4d8lv,NTA,4.0
b4d8lv,NTA,3.0
b4d8lv,YTA,4.0
b4d8lv,ESH,3.0
b4d8lv,ESH,3.0
b4d8lv,YTA,4.0
b4d8lv,YTA,3.0
b4d8lv,ESH,3.0
b4d8lv,NTA,4.0
b4d8lv,NTA,3.0
b4d8lv,YTA,4.0
b4d8lv,NTA,4.0
b4d8lv,YTA,4.0
b4d8lv,YTA,4.0
b4d8lv,YTA,3.0
b4d8lv,ESH,2.0
b4d8lv,NTA,4.0
b4d8lv,YTA,4.0
b4d8lv,NTA,4.0
b4d8lv,YTA,3.0
b4d8lv,NTA,4.0
b4d8lv,NAH,3.0
b4d8lv,NTA,4.0
b4d8lv,ESH,3.0
b4d8lv,YTA,3.0
b4d8lv,NTA,4.0
b4d8lv,NTA,4.0
b4d8lv,ESH,3.0
b4d8lv,NTA,3.0
b4d8lv,YTA,4.0
b4d8lv,YTA,4.0
b4d8lv,NTA,4.0
b4d8lv,NTA,4.0
b4d8lv,YTA,3.0
b4d8lv,ESH,2.0
b4d8lv,ESH,3.0
b4d8lv,ESH,3.0
b4d8lv,NTA,4.0
b4d8lv,YTA,3.0
b4d8lv,NTA,4.0
b4d8lv,YTA,3.0
b4d8lv,ESH,3.0
b4d8lv,ESH,3.0
b4d8lv,YTA,3.0
b4d8lv,YTA,4.0
b4d8lv,YTA,3.0
b4d8lv,NAH,3.0
b4d8lv,ESH,3.0
b4d8lv,YTA,4.0
b4d8lv,YTA,4.0
b4d8lv,YTA,3.0
b4d8lv,YTA,3.0
b4d8lv,NTA,4.0
b4d8lv,ESH,3.0
b4d8lv,NTA,4.0
b4d8lv,NTA,4.0
b4d8lv,NTA,4.0
b4d8lv,ESH,3.0
b4d8lv,ESH,3.0
b4d8lv,ESH,3.0
b4d8lv,YTA,4.0
b4d8lv,YTA,3.0
b4d8lv,YTA,4.0
b4d8lv,ESH,3.0
b4d8lv,YTA,3.0
b4d8lv,YTA,4.0
b4d8lv,NTA,4.0
b4d8lv,YTA,4.0
b4d8lv,ESH,3.0
b4d8lv,ESH,3.0
b4d8lv,NTA,4.0
b4d8lv,NTA,3.0
b4d8lv,NTA,4.0
b4d8lv,NAH,4.0
b4d8lv,NTA,4.0
b4d8lv,ESH,3.0
b4d8lv,NAH,3.0
b4d8lv,YTA,4.0
b4d8lv,NTA,4.0
b4d8lv,NTA,4.0
b4d8lv,ESH,3.0
b4d8lv,ESH,3.0
b4d8lv,YTA,4.0
b4d8lv,YTA,4.0
b4d8lv,NTA,4.0
b4d8lv,YTA,3.0
b4d8lv,NTA,4.0
b4d8lv,NTA,4.0
b4d8lv,NTA,4.0
b4d8lv,NTA,4.0
b4d8lv,ESH,3.0
b4d8lv,NTA,4.0
b4d8lv,NTA,4.0
b4d8lv,NTA,4.0
b4d8lv,YTA,3.0
b4d8lv,YTA,4.0
b4d8lv,YTA,3.0
b4d8lv,YTA,4.0
b4d8lv,ESH,3.0
b4d8lv,NTA,3.0
b4d8lv,NAH,3.0
b4d8lv,YTA,3.0
b4d8lv,ESH,3.0
b4d8lv,YTA,3.0
b4d8lv,YTA,4.0
b4d8lv,YTA,4.0
b4d8lv,ESH,3.0
b4d8lv,ESH,3.0
b4d8lv,NTA,4.0
b4d8lv,NTA,3.0
b4d8lv,YTA,4.0
b4d8lv,NTA,4.0
b4d8lv,YTA,4.0
b4d8lv,YTA,4.0
b4d8lv,YTA,4.0
b4d8lv,ESH,2.0
b4d8lv,NTA,4.0
b4d8lv,YTA,4.0
b4d8lv,YTA,2.0
b4d8lv,YTA,4.0
b4d8lv,ESH,3.0
b4d8lv,NTA,4.0
b4d8lv,YTA,4.0
b4d8lv,NTA,3.0
b4d8lv,ESH,3.0
b4d8lv,YTA,1.0
b4d8lv,ESH,3.0
b4d8lv,NTA,4.0
b4d8lv,YTA,4.0
b4d8lv,YTA,3.0
b4d8lv,NTA,4.0
b4d8lv,NTA,4.0
b4d8lv,NTA,4.0
b4d8lv,NTA,4.0
b4d8lv,NTA,4.0
b4d8lv,YTA,3.0
b4d8lv,NTA,4.0
b4d8lv,ESH,3.0
b4d8lv,NTA,4.0
b4d8lv,YTA,4.0
b4d8lv,YTA,4.0
b4d8lv,YTA,3.0
b4d8lv,YTA,3.0
b4d8lv,YTA,3.0
b4d8lv,NTA,3.0
b4d8lv,NTA,4.0
b4d8lv,NTA,4.0
b4d8lv,YTA,3.0
b4d8lv,NTA,4.0
b4d8lv,NTA,1.0
b4d8lv,YTA,4.0
b4d8lv,YTA,4.0
b4d8lv,YTA,4.0
b4d8lv,ESH,2.0
b4d8lv,YTA,4.0
b4d8lv,NAH,3.0
b4d8lv,NTA,4.0
b9y08r,NTA,4.0
b9y08r,NTA,4.0
b9y08r,YTA,4.0
b9y08r,YTA,4.0
b9y08r,YTA,3.0
b9y08r,YTA,4.0
b9y08r,YTA,3.0
b9y08r,YTA,4.0
b9y08r,NTA,4.0
b9y08r,YTA,3.0
b9y08r,YTA,4.0
b9y08r,YTA,3.0
b9y08r,YTA,3.0
b9y08r,NTA,4.0
b9y08r,NAH,4.0
b9y08r,NAH,3.0
b9y08r,NTA,4.0
b9y08r,NAH,3.0
b9y08r,NTA,4.0
b9y08r,NTA,4.0
b9y08r,NTA,3.0
b9y08r,YTA,4.0
b9y08r,YTA,3.0
b9y08r,YTA,3.0
b9y08r,YTA,3.0
b9y08r,YTA,4.0
b9y08r,YTA,4.0
b9y08r,NTA,4.0
b9y08r,YTA,3.0
b9y08r,YTA,3.0
b9y08r,YTA,4.0
b9y08r,NTA,4.0
b9y08r,YTA,3.0
b9y08r,NAH,3.0
b9y08r,YTA,3.0
b9y08r,YTA,3.0
b9y08r,NTA,4.0
b9y08r,YTA,4.0
b9y08r,YTA,3.0
b9y08r,NTA,4.0
b9y08r,YTA,4.0
b9y08r,YTA,3.0
b9y08r,NTA,4.0
b9y08r,NTA,4.0
b9y08r,YTA,4.0
b9y08r,NAH,3.0
b9y08r,NAH,3.0
b9y08r,NTA,4.0
b9y08r,YTA,3.0
b9y08r,NAH,3.0
b9y08r,NTA,4.0
b9y08r,YTA,3.0
b9y08r,NTA,4.0
b9y08r,NTA,4.0
b9y08r,NAH,3.0
b9y08r,YTA,3.0
b9y08r,NAH,2.0
b9y08r,YTA,3.0
b9y08r,NTA,4.0
b9y08r,NAH,3.0
b9y08r,YTA,4.0
b9y08r,YTA,3.0
b9y08r,NAH,3.0
b9y08r,NTA,4.0
b9y08r,NAH,3.0
b9y08r,NTA,3.0
b9y08r,YTA,3.0
b9y08r,YTA,4.0
b9y08r,YTA,3.0
b9y08r,YTA,3.0
b9y08r,YTA,4.0
b9y08r,YTA,4.0
b9y08r,NTA,4.0
b9y08r,YTA,3.0
b9y08r,YTA,4.0
b9y08r,YTA,4.0
b9y08r,NAH,3.0
b9y08r,YTA,4.0
b9y08r,NAH,3.0
b9y08r,YTA,3.0
b9y08r,YTA,2.0
b9y08r,YTA,4.0
b9y08r,NAH,3.0
b9y08r,NTA,4.0
b9y08r,YTA,3.0
b9y08r,NAH,3.0
b9y08r,YTA,3.0
b9y08r,YTA,4.0
b9y08r,NAH,3.0
b9y08r,YTA,3.0
b9y08r,NAH,3.0
b9y08r,YTA,3.0
b9y08r,NAH,3.0
b9y08r,YTA,3.0
b9y08r,NTA,4.0
b9y08r,YTA,3.0
b9y08r,NTA,4.0
b9y08r,YTA,3.0
b9y08r,NTA,4.0
b9y08r,YTA,4.0
b9y08r,YTA,3.0
b9y08r,YTA,4.0
b9y08r,NAH,3.0
b9y08r,NAH,3.0
b9y08r,NTA,4.0
b9y08r,YTA,3.0
b9y08r,NTA,4.0
b9y08r,NTA,4.0
b9y08r,NTA,4.0
b9y08r,YTA,1.0
b9y08r,NTA,4.0
b9y08r,YTA,4.0
b9y08r,YTA,3.0
b9y08r,NAH,3.0
b9y08r,YTA,4.0
b9y08r,YTA,4.0
b9y08r,YTA,3.0
b9y08r,YTA,3.0
b9y08r,YTA,4.0
b9y08r,NTA,4.0
b9y08r,NTA,4.0
b9y08r,NTA,4.0
b9y08r,NAH,3.0
b9y08r,NTA,3.0
b9y08r,YTA,3.0
b9y08r,NTA,4.0
b9y08r,NTA,3.0
b9y08r,NAH,3.0
b9y08r,NAH,4.0
b9y08r,NAH,3.0
b9y08r,NAH,3.0
b9y08r,YTA,4.0
b9y08r,YTA,4.0
b9y08r,YTA,3.0
b9y08r,YTA,4.0
b9y08r,YTA,3.0
b9y08r,NTA,4.0
b9y08r,YTA,3.0
b9y08r,YTA,4.0
b9y08r,NAH,3.0
b9y08r,YTA,4.0
b9y08r,YTA,3.0
b9y08r,NTA,4.0
b9y08r,NTA,4.0
b9y08r,NTA,4.0
b9y08r,NAH,3.0
b9y08r,YTA,4.0
b9y08r,YTA,4.0
b9y08r,NTA,4.0
b9y08r,YTA,3.0
b9y08r,NTA,4.0
b9y08r,NAH,3.0
b9y08r,NAH,3.0
b9y08r,NTA,4.0
b9y08r,NTA,3.0
b9y08r,YTA,4.0
b9y08r,NAH,3.0
b9y08r,NAH,4.0
b9y08r,NAH,3.0
b9y08r,YTA,4.0
b9y08r,YTA,3.0
b9y08r,YTA,3.0
b9y08r,YTA,3.0
b9y08r,NTA,3.0
b9y08r,NTA,4.0
b9y08r,NAH,3.0
b9y08r,YTA,3.0
b9y08r,NTA,4.0
b9y08r,YTA,4.0
b9y08r,NAH,3.0
b9y08r,NTA,4.0
b9y08r,YTA,3.0
b9y08r,NTA,4.0
b9y08r,YTA,3.0
b9y08r,YTA,3.0
b9y08r,NTA,4.0
b9y08r,YTA,4.0
b9y08r,NTA,4.0
b9y08r,NTA,4.0
be9esn,YTA,4.0
be9esn,YTA,4.0
be9esn,YTA,3.0
be9esn,NTA,4.0
be9esn,NTA,4.0
be9esn,NTA,4.0
be9esn,NTA,4.0
be9esn,NTA,4.0
be9esn,NTA,4.0
be9esn,YTA,2.0
be9esn,ESH,3.0
be9esn,YTA,3.0
be9esn,NTA,4.0
be9esn,NTA,4.0
be9esn,NTA,4.0
be9esn,NTA,4.0
be9esn,NTA,4.0
be9esn,ESH,3.0
be9esn,YTA,3.0
be9esn,YTA,4.0
be9esn,ESH,3.0
be9esn,NTA,4.0
be9esn,NTA,4.0
be9esn,YTA,4.0
be9esn,NTA,3.0
be9esn,NTA,3.0
be9esn,NTA,4.0
be9esn,NTA,4.0
be9esn,NTA,4.0
be9esn,NTA,4.0
be9esn,YTA,4.0
be9esn,YTA,4.0
be9esn,NTA,4.0
be9esn,NTA,4.0
be9esn,YTA,3.0
be9esn,NTA,4.0
be9esn,NTA,4.0
be9esn,YTA,2.0
be9esn,NTA,4.0
be9esn,NTA,4.0
be9esn,NTA,4.0
be9esn,NTA,4.0
be9esn,NTA,3.0
be9esn,NTA,4.0
be9esn,YTA,4.0
be9esn,NTA,4.0
be9esn,NTA,4.0
be9esn,NTA,4.0
be9esn,NTA,4.0
be9esn,NTA,4.0
be9esn,NTA,4.0
be9esn,NTA,4.0
be9esn,ESH,4.0
be9esn,NTA,3.0
be9esn,NTA,4.0
be9esn,NAH,3.0
be9esn,NTA,4.0
be9esn,NTA,3.0
be9esn,NTA,4.0
be9esn,NTA,4.0
be9esn,NTA,4.0
be9esn,NTA,3.0
be9esn,YTA,4.0
be9esn,NAH,3.0
be9esn,NTA,4.0
be9esn,NTA,4.0
be9esn,YTA,4.0
be9esn,NTA,4.0
be9esn,YTA,4.0
be9esn,NTA,4.0
be9esn,NTA,4.0
be9esn,YTA,4.0
be9esn,NTA,4.0
be9esn,NTA,4.0
be9esn,NTA,4.0
be9esn,NTA,4.0
be9esn,ESH,3.0
be9esn,NTA,4.0
be9esn,NTA,4.0
be9esn,NTA,4.0
be9esn,NTA,4.0
be9esn,NTA,4.0
be9esn,YTA,4.0
be9esn,NTA,3.0
be9esn,YTA,4.0
be9esn,ESH,3.0
be9esn,NTA,4.0
be9esn,YTA,4.0
be9esn,NTA,4.0
be9esn,ESH,3.0
be9esn,NTA,4.0
be9esn,NTA,4.0
be9esn,NTA,4.0
be9esn,ESH,3.0
be9esn,NTA,4.0
be9esn,YTA,4.0
be9esn,NTA,4.0
be9esn,NTA,4.0
be9esn,NTA,3.0
be9esn,YTA,4.0
be9esn,NTA,3.0
be9esn,NTA,4.0
be9esn,YTA,4.0
be9esn,YTA,3.0
be9esn,NTA,4.0
be9esn,YTA,4.0
be9esn,ESH,3.0
be9esn,ESH,3.0
be9esn,NTA,4.0
be9esn,YTA,4.0
be9esn,NTA,4.0
be9esn,NTA,4.0
be9esn,YTA,3.0
be9esn,YTA,4.0
be9esn,NTA,4.0
be9esn,NTA,4.0
be9esn,NTA,4.0
be9esn,YTA,3.0
be9esn,NTA,4.0
be9esn,NTA,4.0
be9esn,YTA,4.0
be9esn,NTA,4.0
be9esn,ESH,3.0
be9esn,NTA,4.0
be9esn,YTA,4.0
be9esn,ESH,3.0
be9esn,YTA,4.0
be9esn,NTA,4.0
be9esn,NTA,4.0
be9esn,YTA,4.0
be9esn,YTA,4.0
be9esn,NTA,4.0
be9esn,NAH,3.0
be9esn,NTA,4.0
be9esn,NTA,4.0
be9esn,NTA,4.0
be9esn,NTA,3.0
be9esn,NTA,4.0
be9esn,YTA,4.0
be9esn,NTA,4.0
be9esn,YTA,4.0
be9esn,NTA,4.0
be9esn,NTA,4.0
be9esn,NTA,3.0
be9esn,YTA,4.0
be9esn,NTA,4.0
be9esn,NTA,4.0
be9esn,NTA,4.0
be9esn,NTA,3.0
be9esn,NTA,4.0
be9esn,YTA,4.0
bicfsz,YTA,4.0
bicfsz,NAH,4.0
bicfsz,YTA,3.0
bicfsz,YTA,4.0
bicfsz,YTA,4.0
bicfsz,YTA,4.0
bicfsz,YTA,3.0
bicfsz,YTA,4.0
bicfsz,YTA,4.0
bicfsz,NAH,3.0
bicfsz,NTA,4.0
bicfsz,NTA,4.0
bicfsz,ESH,3.0
bicfsz,YTA,4.0
bicfsz,YTA,4.0
bicfsz,NTA,4.0
bicfsz,YTA,4.0
bicfsz,NTA,4.0
bicfsz,NTA,3.0
bicfsz,NTA,4.0
bicfsz,ESH,3.0
bicfsz,YTA,4.0
bicfsz,YTA,4.0
bicfsz,YTA,4.0
bicfsz,NTA,4.0
bicfsz,YTA,4.0
bicfsz,NTA,4.0
bicfsz,YTA,4.0
bicfsz,NTA,4.0
bicfsz,NTA,4.0
bicfsz,NTA,4.0
bicfsz,YTA,4.0
bicfsz,YTA,3.0
bicfsz,NAH,3.0
bicfsz,NTA,3.0
bicfsz,YTA,3.0
bicfsz,NTA,3.0
bicfsz,YTA,3.0
bicfsz,NTA,3.0
bicfsz,YTA,4.0
bicfsz,NTA,4.0
bicfsz,NAH,3.0
bicfsz,NAH,3.0
bicfsz,NTA,4.0
bicfsz,NAH,3.0
bicfsz,YTA,3.0
bicfsz,YTA,4.0
bicfsz,NAH,3.0
bicfsz,NTA,4.0
bicfsz,YTA,4.0
bicfsz,NTA,4.0
bicfsz,NTA,4.0
bicfsz,NTA,4.0
bicfsz,NTA,4.0
bicfsz,NTA,4.0
bicfsz,NTA,4.0
bicfsz,YTA,4.0
bicfsz,YTA,4.0
bicfsz,YTA,4.0
bicfsz,NTA,4.0
bicfsz,YTA,3.0
bicfsz,NTA,4.0
bicfsz,NTA,4.0
bjd4xc,NTA,4.0
bjd4xc,NTA,4.0
bjd4xc,NTA,4.0
bjd4xc,NTA,4.0
bjd4xc,NTA,4.0
bjd4xc,ESH,3.0
bjd4xc,ESH,3.0
bjd4xc,NTA,4.0
bjd4xc,YTA,4.0
bjd4xc,NTA,4.0
bjd4xc,NTA,4.0
bjd4xc,NTA,4.0
bjd4xc,NTA,4.0
bjd4xc,NTA,4.0
bjd4xc,ESH,3.0
bjd4xc,NAH,4.0
bjd4xc,NTA,4.0
bjd4xc,NTA,4.0
bjd4xc,ESH,4.0
bjd4xc,NTA,4.0
bjd4xc,NTA,4.0
bjd4xc,NTA,4.0
bjd4xc,YTA,4.0
bjd4xc,NTA,3.0
bjd4xc,ESH,3.0
bjd4xc,NTA,4.0
bjd4xc,NTA,4.0
bjd4xc,ESH,3.0
bjd4xc,ESH,3.0
bjd4xc,YTA,4.0
bjd4xc,NTA,3.0
bjd4xc,NTA,4.0
bjd4xc,NTA,4.0
bjd4xc,ESH,3.0
bjd4xc,ESH,3.0
bjd4xc,ESH,3.0
bjd4xc,ESH,3.0
bjd4xc,NTA,4.0
bjd4xc,NTA,4.0
bjd4xc,NTA,4.0
bjd4xc,NTA,4.0
bjd4xc,ESH,3.0
bjd4xc,NTA,4.0
bjd4xc,NAH,4.0
bjd4xc,NTA,4.0
bjd4xc,NTA,4.0
bjd4xc,NTA,4.0
bjd4xc,NTA,4.0
bjd4xc,NTA,4.0
bjd4xc,YTA,3.0
bjd4xc,YTA,4.0
bjd4xc,ESH,2.0
bjd4xc,NTA,4.0
bjd4xc,NTA,4.0
bjd4xc,ESH,3.0
bjlfj8,NTA,4.0
bjlfj8,YTA,4.0
bjlfj8,YTA,3.0
bjlfj8,NTA,4.0
bjlfj8,ESH,2.0
bjlfj8,YTA,3.0
bjlfj8,NTA,4.0
bjlfj8,NTA,4.0
bjlfj8,YTA,4.0
bjlfj8,YTA,4.0
bjlfj8,NAH,3.0
bjlfj8,YTA,3.0
bjlfj8,NTA,3.0
bjlfj8,NTA,4.0
bjlfj8,ESH,3.0
bjlfj8,NTA,4.0
bjlfj8,YTA,4.0
bjlfj8,NTA,4.0
bjlfj8,NTA,4.0
bjlfj8,YTA,3.0
bjlfj8,ESH,4.0
bjlfj8,YTA,4.0
bjlfj8,NTA,4.0
bjlfj8,NTA,4.0
bjlfj8,NTA,4.0
bjlfj8,NTA,4.0
bjlfj8,YTA,3.0
bjlfj8,ESH,3.0
bjlfj8,YTA,4.0
bjlfj8,YTA,3.0
bjlfj8,NTA,3.0
bjlfj8,NTA,4.0
bjlfj8,NTA,4.0
bjlfj8,NTA,4.0
bjlfj8,NTA,4.0
bjlfj8,YTA,4.0
bjlfj8,YTA,4.0
bjlfj8,YTA,4.0
bjlfj8,YTA,4.0
bjlfj8,NTA,4.0
bjlfj8,NTA,4.0
bjlfj8,NTA,4.0
bjlfj8,NTA,4.0
bjlfj8,NTA,4.0
bjlfj8,NTA,4.0
bjlfj8,NTA,4.0
bjlfj8,NTA,4.0
bjlfj8,YTA,3.0
bjlfj8,NTA,4.0
bjlfj8,YTA,4.0
bjlfj8,ESH,3.0
bjlfj8,NTA,4.0
bjlfj8,NTA,4.0
bjlfj8,NTA,4.0
bjlfj8,ESH,3.0
bjlfj8,NTA,4.0
bjlfj8,NTA,4.0
bjlfj8,ESH,3.0
bjlfj8,YTA,4.0
bjlfj8,NTA,3.0
bjlfj8,YTA,4.0
bjlfj8,NTA,4.0
bjlfj8,NTA,4.0
bjlfj8,YTA,4.0
bjlfj8,NTA,4.0
bjlfj8,NTA,4.0
bjlfj8,ESH,4.0
bjlfj8,NTA,4.0
bjlfj8,NTA,4.0
bjlfj8,YTA,3.0
bjlfj8,YTA,4.0
bjlfj8,YTA,4.0
bjlfj8,ESH,3.0
bjlfj8,NTA,4.0
bjlfj8,NTA,4.0
bjlfj8,NTA,4.0
bjlfj8,NTA,4.0
bjlfj8,ESH,3.0
bjlfj8,YTA,4.0
bjlfj8,ESH,1.0
bjlfj8,YTA,4.0
bjlfj8,YTA,2.0
bjlfj8,YTA,3.0
bjlfj8,YTA,3.0
bjlfj8,NTA,4.0
bjlfj8,NTA,3.0
bjlfj8,NTA,3.0
bjlfj8,ESH,3.0
bjlfj8,YTA,3.0
bjlfj8,NTA,4.0
bjlfj8,NTA,4.0
bjlfj8,NTA,3.0
bjlfj8,YTA,3.0
bjlfj8,NTA,4.0
bjlfj8,NTA,4.0
bjlfj8,NTA,3.0
bjlfj8,YTA,4.0
bjlfj8,NTA,3.0
bjlfj8,YTA,3.0
bjlfj8,NTA,4.0
bjlfj8,NTA,4.0
bjlfj8,NTA,4.0
bjlfj8,ESH,3.0
bjlfj8,YTA,4.0
bjlfj8,YTA,4.0
bjlfj8,NTA,4.0
bjlfj8,NAH,3.0
bjlfj8,NTA,4.0
bjlfj8,YTA,4.0
bjlfj8,NTA,3.0
bjlfj8,NTA,3.0
bjlfj8,NTA,4.0
bjlfj8,YTA,3.0
bjlfj8,ESH,3.0
bjlfj8,YTA,3.0
bjlfj8,ESH,3.0
bjlfj8,YTA,4.0
bjlfj8,YTA,3.0
bjlfj8,YTA,4.0
bjlfj8,NTA,4.0
bjlfj8,NTA,4.0
bjlfj8,YTA,3.0
bjlfj8,NTA,4.0
bjlfj8,YTA,4.0
bjlfj8,ESH,3.0
bjlfj8,NTA,4.0
bjlfj8,YTA,4.0
bjlfj8,YTA,3.0
bjlfj8,NTA,4.0
bjlfj8,YTA,4.0
bjlfj8,YTA,4.0
bjlfj8,NTA,4.0
bjlfj8,NTA,4.0
bjlfj8,ESH,3.0
bjlfj8,NTA,4.0
bjlfj8,YTA,4.0
bjlfj8,ESH,3.0
bjlfj8,NTA,4.0
bjlfj8,NTA,4.0
bjlfj8,ESH,3.0
bjlfj8,YTA,3.0
bjlfj8,NTA,4.0
bjlfj8,NTA,4.0
bjlfj8,ESH,3.0
bjlfj8,NTA,4.0
bjlfj8,NTA,3.0
bjlfj8,NTA,4.0
bjlfj8,YTA,4.0
bjlfj8,NTA,4.0
bjlfj8,NTA,3.0
bjlfj8,YTA,4.0
bjlfj8,NTA,4.0
bjlfj8,NTA,3.0
bjlfj8,YTA,4.0
bjlfj8,YTA,4.0
bjlfj8,ESH,4.0
bjlfj8,NTA,4.0
bjlfj8,YTA,4.0
bjlfj8,YTA,3.0
bjlfj8,NTA,4.0
bjlfj8,NTA,4.0
bjlfj8,NTA,4.0
bjlfj8,NTA,4.0
bjlfj8,YTA,2.0
bjlfj8,NTA,4.0
bjlfj8,NTA,4.0
bjlfj8,YTA,2.0
bjlfj8,NTA,3.0
bjlfj8,YTA,4.0
bjlfj8,ESH,2.0
bjlfj8,ESH,3.0
bjlfj8,YTA,3.0
bjlfj8,ESH,3.0
bjlfj8,NTA,4.0
bjlfj8,NAH,3.0
bjlfj8,NTA,4.0
bjlfj8,ESH,3.0
bjlfj8,YTA,4.0
bjlfj8,NTA,4.0
bjlfj8,YTA,4.0
bjlfj8,NTA,4.0
bjlfj8,NTA,4.0
bjlfj8,YTA,4.0
bjlfj8,YTA,4.0
bjlfj8,NTA,4.0
bjlfj8,NTA,4.0
bjlfj8,NTA,4.0
bjlfj8,YTA,3.0
bjlfj8,YTA,3.0
bjlfj8,YTA,3.0
bjlfj8,YTA,3.0
bjlfj8,NTA,4.0
bjlfj8,NTA,4.0
bjlfj8,YTA,3.0
bjlfj8,YTA,3.0
bjlfj8,NTA,4.0
bjlfj8,ESH,3.0
bjlfj8,YTA,4.0
bjlfj8,NTA,4.0
bjlfj8,NTA,3.0
bjlfj8,YTA,4.0
bjlfj8,NTA,3.0
bjlfj8,NTA,4.0
bpshv4,YTA,3.0
bpshv4,YTA,3.0
bpshv4,NAH,3.0
bpshv4,NAH,4.0
bpshv4,YTA,3.0
bpshv4,YTA,4.0
bpshv4,YTA,4.0
bpshv4,NAH,3.0
bpshv4,YTA,3.0
bpshv4,YTA,4.0
bpshv4,NAH,3.0
bpshv4,NTA,3.0
bpshv4,YTA,3.0
bpshv4,YTA,3.0
bpshv4,NAH,3.0
bpshv4,YTA,4.0
bpshv4,YTA,4.0
bpshv4,YTA,4.0
bpshv4,NTA,3.0
bpshv4,NAH,3.0
bpshv4,YTA,4.0
bpshv4,YTA,3.0
bpshv4,NTA,4.0
bpshv4,YTA,4.0
bpshv4,NAH,3.0
bpshv4,YTA,4.0
bpshv4,YTA,4.0
bpshv4,NTA,4.0
bpshv4,YTA,3.0
bpshv4,YTA,4.0
bpshv4,YTA,4.0
bpshv4,YTA,3.0
bpshv4,NTA,4.0
bpshv4,YTA,4.0
bpshv4,YTA,3.0
bpshv4,YTA,3.0
bpshv4,ESH,3.0
bpshv4,YTA,4.0
bpshv4,ESH,3.0
bpshv4,YTA,4.0
bpshv4,YTA,4.0
bpshv4,YTA,3.0
bpshv4,YTA,4.0
bpshv4,YTA,3.0
bpshv4,YTA,3.0
bpshv4,YTA,4.0
bpshv4,NAH,3.0
bpshv4,YTA,3.0
bpshv4,NTA,4.0
bpshv4,YTA,4.0
bpshv4,YTA,4.0
bpshv4,NAH,4.0
bpshv4,NAH,3.0
bpshv4,NAH,3.0
bpshv4,NTA,4.0
bpshv4,YTA,3.0
bpshv4,NTA,4.0
bpshv4,YTA,4.0
bpshv4,NAH,3.0
bpshv4,NTA,4.0
bpshv4,YTA,4.0
bpshv4,YTA,4.0
bpshv4,NTA,4.0
bpshv4,NAH,3.0
bpshv4,NTA,4.0
bpshv4,YTA,3.0
bpshv4,YTA,3.0
bpshv4,NAH,3.0
bpshv4,YTA,4.0
bpshv4,NAH,4.0
bpshv4,YTA,1.0
bpshv4,NAH,3.0
bpshv4,YTA,4.0
bpshv4,NTA,2.0
bpshv4,YTA,4.0
bpshv4,YTA,3.0
bpshv4,NTA,3.0
bpshv4,NTA,4.0
bpshv4,YTA,3.0
bpshv4,YTA,4.0
bpshv4,NAH,3.0
bpshv4,NAH,3.0
bpshv4,YTA,4.0
bpshv4,NTA,3.0
bpshv4,YTA,4.0
bpshv4,YTA,4.0
bpshv4,NTA,4.0
bpshv4,NAH,3.0
bpshv4,YTA,3.0
bpshv4,NTA,3.0
bpshv4,YTA,4.0
bpshv4,NAH,3.0
bpshv4,NTA,4.0
bpshv4,YTA,4.0
bpshv4,NTA,4.0
bpshv4,YTA,4.0
bpshv4,ESH,3.0
bpshv4,ESH,3.0
bpshv4,NTA,4.0
bpshv4,NTA,4.0
bpshv4,ESH,3.0
bpshv4,NTA,4.0
bpshv4,NTA,4.0
bpshv4,YTA,4.0
bpshv4,NAH,3.0
bpshv4,NTA,4.0
bpshv4,YTA,4.0
bpshv4,NTA,4.0
bpshv4,NTA,3.0
bpshv4,YTA,4.0
bpshv4,YTA,3.0
bpshv4,NAH,3.0
bpshv4,YTA,4.0
bpshv4,YTA,4.0
bpshv4,YTA,3.0
bpshv4,ESH,3.0
bpshv4,ESH,2.0
bpshv4,NTA,4.0
bpshv4,YTA,4.0
bpshv4,YTA,3.0
bpshv4,NTA,3.0
bpshv4,YTA,4.0
bpshv4,YTA,4.0
bpshv4,NAH,4.0
bpshv4,ESH,3.0
bpshv4,YTA,3.0
bpshv4,YTA,4.0
bpshv4,YTA,3.0
bpshv4,YTA,4.0
bpshv4,YTA,4.0
bpshv4,YTA,4.0
bpshv4,YTA,4.0
bpshv4,YTA,4.0
bpshv4,YTA,4.0
bpshv4,YTA,4.0
bpshv4,YTA,4.0
bpshv4,NTA,4.0
bpshv4,NTA,3.0
bpshv4,YTA,4.0
bpshv4,YTA,4.0
bpshv4,YTA,4.0
bpshv4,NAH,3.0
bpshv4,NAH,3.0
bpshv4,NAH,3.0
bpshv4,NAH,4.0
bpshv4,NTA,4.0
bpshv4,NAH,4.0
bpshv4,NAH,3.0
bpshv4,NAH,4.0
bpshv4,NTA,4.0
bpshv4,NTA,4.0
bpshv4,NAH,4.0
bpshv4,YTA,4.0
bpshv4,NTA,4.0
bpshv4,NTA,4.0
bpshv4,NTA,4.0
bpshv4,NAH,3.0
bpshv4,NAH,3.0
bpshv4,NAH,3.0
bpshv4,NTA,4.0
bpshv4,NTA,4.0
bpshv4,YTA,4.0
bpshv4,NTA,4.0
bpshv4,NTA,4.0
bpshv4,NTA,4.0
bpshv4,NTA,4.0
bpshv4,NTA,4.0
bpshv4,NTA,4.0
bpshv4,ESH,3.0
bpshv4,ESH,3.0
bpshv4,ESH,3.0
bpshv4,ESH,3.0
bpshv4,ESH,3.0
bpshv4,ESH,3.0
bpshv4,ESH,3.0
bpshv4,ESH,3.0
bpshv4,ESH,3.0
bpshv4,NAH,3.0
bpshv4,NAH,3.0
bpshv4,NAH,3.0
bpshv4,NAH,3.0
bpshv4,NAH,3.0
bpshv4,NTA,4.0
bpshv4,YTA,3.0
bpshv4,ESH,3.0
bpshv4,NTA,4.0
bpshv4,NAH,4.0
bpshv4,NTA,4.0
bpshv4,YTA,4.0
bpshv4,NAH,3.0
bpshv4,NTA,3.0
bpshv4,YTA,3.0
bpshv4,ESH,3.0
bpshv4,NTA,3.0
bpshv4,NAH,3.0
bpshv4,NTA,4.0
bpshv4,NAH,3.0
bpshv4,YTA,3.0
bpshv4,YTA,4.0
bpshv4,NAH,3.0
bpshv4,NTA,4.0
bpshv4,ESH,3.0
bpshv4,ESH,3.0
bpshv4,YTA,3.0
bpshv4,NTA,4.0
bpshv4,YTA,4.0
bpshv4,NTA,4.0
bpshv4,ESH,3.0
bpshv4,YTA,3.0
bpshv4,NAH,3.0
bpshv4,YTA,3.0
bpshv4,YTA,3.0
c29xp9,NAH,4.0
c29xp9,NTA,4.0
c29xp9,NTA,4.0
c29xp9,NTA,4.0
c29xp9,ESH,3.0
c29xp9,NTA,4.0
c29xp9,NTA,4.0
c29xp9,NTA,4.0
c29xp9,YTA,3.0
c29xp9,NAH,3.0
c29xp9,NTA,4.0
c29xp9,ESH,3.0
c29xp9,YTA,3.0
c29xp9,NTA,4.0
c29xp9,YTA,3.0
c29xp9,NTA,4.0
c29xp9,NTA,2.0
c29xp9,NTA,4.0
c29xp9,YTA,3.0
c29xp9,YTA,3.0
c29xp9,NTA,4.0
c29xp9,NTA,4.0
c29xp9,YTA,4.0
c29xp9,NTA,4.0
c29xp9,YTA,4.0
c29xp9,YTA,3.0
c29xp9,YTA,3.0
c29xp9,NTA,4.0
c29xp9,NTA,4.0
c29xp9,YTA,3.0
c29xp9,NTA,3.0
c29xp9,NTA,3.0
c29xp9,YTA,3.0
c29xp9,YTA,1.0
c29xp9,YTA,1.0
c29xp9,YTA,3.0
c29xp9,YTA,4.0
c29xp9,YTA,3.0
c29xp9,NTA,4.0
c29xp9,NTA,4.0
c29xp9,NAH,3.0
c29xp9,YTA,4.0
c29xp9,NTA,3.0
c29xp9,NAH,3.0
c29xp9,YTA,3.0
c29xp9,YTA,4.0
c29xp9,YTA,3.0
c29xp9,YTA,3.0
c29xp9,NAH,3.0
c29xp9,NTA,3.0
c29xp9,YTA,3.0
c29xp9,NTA,4.0
c29xp9,YTA,4.0
c29xp9,NTA,4.0
c29xp9,NTA,4.0
c29xp9,NAH,4.0
c29xp9,NAH,3.0
c29xp9,NTA,4.0
c29xp9,NTA,4.0
c29xp9,ESH,2.0
c29xp9,YTA,3.0
c29xp9,ESH,3.0
c29xp9,NTA,4.0
c29xp9,YTA,3.0
c29xp9,NAH,3.0
c29xp9,ESH,2.0
c29xp9,NTA,4.0
c29xp9,ESH,3.0
c29xp9,NTA,4.0
c29xp9,YTA,3.0
c29xp9,NTA,4.0
c29xp9,NTA,4.0
c29xp9,YTA,3.0
c29xp9,YTA,3.0
c29xp9,YTA,3.0
c29xp9,YTA,3.0
c29xp9,NTA,4.0
c29xp9,ESH,4.0
c29xp9,YTA,3.0
c29xp9,YTA,4.0
c29xp9,YTA,2.0
c29xp9,NTA,4.0
c29xp9,NTA,4.0
c29xp9,NTA,4.0
c29xp9,YTA,2.0
c29xp9,NTA,4.0
c29xp9,NTA,4.0
c29xp9,YTA,3.0
c29xp9,NTA,4.0
c29xp9,YTA,3.0
c29xp9,YTA,3.0
c29xp9,YTA,3.0
c29xp9,NTA,4.0
c29xp9,YTA,3.0
c29xp9,YTA,3.0
c29xp9,YTA,3.0
c29xp9,YTA,3.0
c29xp9,YTA,3.0
c29xp9,NTA,4.0
c29xp9,NAH,3.0
c29xp9,YTA,3.0
c29xp9,YTA,4.0
c29xp9,YTA,2.0
c29xp9,YTA,3.0
c29xp9,YTA,2.0
c29xp9,NAH,3.0
c29xp9,YTA,3.0
c29xp9,NTA,4.0
c29xp9,ESH,2.0
c29xp9,YTA,3.0
c29xp9,NTA,3.0
c29xp9,NTA,4.0
c29xp9,NTA,4.0
c29xp9,YTA,3.0
c29xp9,NTA,3.0
c29xp9,YTA,3.0
c29xp9,YTA,4.0
c29xp9,NTA,4.0
c29xp9,NTA,4.0
c29xp9,YTA,3.0
c29xp9,YTA,2.0
c29xp9,NAH,3.0
c29xp9,NTA,4.0
c29xp9,YTA,3.0
c29xp9,NTA,4.0
c29xp9,NTA,3.0
c29xp9,YTA,3.0
c29xp9,YTA,3.0
c29xp9,YTA,4.0
c29xp9,YTA,4.0
c29xp9,YTA,3.0
c29xp9,NAH,3.0
c29xp9,NTA,4.0
c29xp9,YTA,4.0
c29xp9,YTA,3.0
c29xp9,ESH,2.0
c29xp9,NAH,3.0
c29xp9,NAH,3.0
c29xp9,ESH,3.0
c29xp9,YTA,3.0
c29xp9,YTA,3.0
c29xp9,NTA,3.0
c29xp9,NTA,1.0
c29xp9,YTA,3.0
c29xp9,NTA,4.0
c29xp9,YTA,3.0
c29xp9,YTA,3.0
c29xp9,ESH,2.0
c29xp9,NTA,4.0
c29xp9,NTA,4.0
c29xp9,YTA,4.0
c29xp9,NTA,4.0
c29xp9,YTA,3.0
c29xp9,YTA,4.0
c29xp9,YTA,3.0
c29xp9,YTA,4.0
c29xp9,ESH,4.0
c29xp9,NTA,4.0
c29xp9,YTA,4.0
c29xp9,YTA,3.0
c29xp9,NTA,4.0
c29xp9,YTA,3.0
c29xp9,YTA,3.0
c29xp9,YTA,2.0
c29xp9,NTA,4.0
c29xp9,NAH,3.0
c29xp9,NTA,4.0
c29xp9,ESH,3.0
c29xp9,YTA,4.0
c29xp9,NAH,3.0
c29xp9,NAH,3.0
c29xp9,NTA,4.0
c29xp9,YTA,4.0
c29xp9,NTA,4.0
c29xp9,YTA,3.0
c29xp9,YTA,4.0
c29xp9,YTA,3.0
c29xp9,YTA,3.0
c29xp9,NAH,3.0
c29xp9,NTA,4.0
c29xp9,ESH,2.0
c29xp9,NTA,3.0
c29xp9,NTA,4.0
c29xp9,NTA,4.0
c29xp9,NTA,4.0
c29xp9,YTA,3.0
c29xp9,YTA,3.0
c29xp9,YTA,3.0
c29xp9,NTA,4.0
c29xp9,YTA,4.0
c29xp9,NAH,4.0
c29xp9,NTA,3.0
c29xp9,YTA,4.0
c29xp9,NTA,4.0
c29xp9,ESH,2.0
c29xp9,NTA,4.0
c29xp9,NTA,4.0
c29xp9,NTA,3.0
c29xp9,YTA,3.0
c29xp9,YTA,3.0
c29xp9,ESH,3.0
c29xp9,YTA,4.0
c29xp9,NTA,4.0
c29xp9,NTA,4.0
c29xp9,NTA,4.0
c29xp9,YTA,4.0
c29xp9,NTA,4.0
c29xp9,YTA,3.0
c29xp9,NTA,4.0
c29xp9,NTA,4.0
c29xp9,NTA,4.0
c29xp9,NTA,4.0
c29xp9,NTA,3.0
c29xp9,NTA,4.0
c29xp9,NTA,4.0
c29xp9,NAH,3.0
c29xp9,YTA,4.0
c29xp9,NTA,4.0
c29xp9,ESH,2.0
c29xp9,YTA,2.0
c29xp9,YTA,2.0
c29xp9,NTA,4.0
c29xp9,YTA,4.0
c29xp9,NTA,4.0
c29xp9,NTA,4.0
c29xp9,YTA,4.0
c29xp9,NTA,4.0
c29xp9,NTA,4.0
c29xp9,YTA,3.0
c29xp9,YTA,3.0
c29xp9,NAH,1.0
c29xp9,NAH,3.0
c29xp9,YTA,2.0
c29xp9,YTA,4.0
c29xp9,NAH,3.0
c29xp9,YTA,3.0
c29xp9,YTA,3.0
c29xp9,NTA,4.0
c29xp9,YTA,4.0
c29xp9,NTA,4.0
c29xp9,ESH,3.0
c29xp9,NTA,4.0
c29xp9,YTA,4.0
c29xp9,NTA,4.0
c29xp9,YTA,4.0
c29xp9,ESH,3.0
c29xp9,YTA,3.0
c29xp9,YTA,4.0
c29xp9,NTA,4.0
c29xp9,NTA,4.0
c29xp9,NAH,3.0
c29xp9,NTA,4.0
c29xp9,NTA,4.0
c29xp9,YTA,2.0
c29xp9,YTA,3.0
c29xp9,NTA,4.0
c29xp9,NTA,4.0
c29xp9,NTA,4.0
c29xp9,YTA,3.0
c29xp9,NTA,3.0
c29xp9,NTA,4.0
c29xp9,YTA,4.0
c29xp9,NTA,4.0
c29xp9,NTA,4.0
c29xp9,NTA,4.0
c29xp9,NTA,4.0
c29xp9,NAH,3.0
c29xp9,NTA,3.0
c29xp9,YTA,3.0
c29xp9,ESH,4.0
c29xp9,NTA,4.0
c29xp9,NTA,4.0
c29xp9,NAH,3.0
c29xp9,YTA,4.0
c29xp9,NTA,1.0
c29xp9,YTA,3.0
c29xp9,YTA,2.0
c29xp9,YTA,3.0
c29xp9,ESH,3.0
c29xp9,NTA,4.0
c29xp9,NAH,4.0
c29xp9,NTA,4.0
c29xp9,NTA,4.0
c29xp9,YTA,3.0
c29xp9,YTA,3.0
c29xp9,ESH,3.0
c29xp9,YTA,4.0
c29xp9,YTA,3.0
c29xp9,YTA,4.0
c29xp9,NTA,4.0
c29xp9,YTA,4.0
c29xp9,NTA,4.0
c29xp9,NTA,4.0
c29xp9,NAH,4.0
c29xp9,NTA,4.0
c29xp9,NTA,4.0
c29xp9,NTA,4.0
c29xp9,NTA,4.0
c29xp9,YTA,3.0
c29xp9,NTA,4.0
c29xp9,NTA,4.0
c29xp9,YTA,4.0
c29xp9,NTA,4.0
c29xp9,NTA,4.0
c29xp9,YTA,3.0
c29xp9,NTA,4.0
c29xp9,YTA,3.0
c29xp9,YTA,4.0
c29xp9,YTA,3.0
c29xp9,NTA,4.0
c29xp9,NAH,3.0
c29xp9,NTA,4.0
c29xp9,YTA,3.0
c29xp9,YTA,3.0
c29xp9,YTA,3.0
c29xp9,NTA,4.0
c29xp9,YTA,2.0
c29xp9,NTA,4.0
c29xp9,NTA,4.0
c29xp9,NAH,3.0
c29xp9,NTA,4.0
c29xp9,YTA,2.0
c6gcpi,NTA,4.0
c6gcpi,NTA,3.0
c6gcpi,YTA,4.0
c6gcpi,YTA,4.0
c6gcpi,YTA,3.0
c6gcpi,NAH,3.0
c6gcpi,NTA,4.0
c6gcpi,NTA,4.0
c6gcpi,NTA,4.0
c6gcpi,YTA,4.0
c6gcpi,NTA,4.0
c6gcpi,YTA,4.0
c6gcpi,YTA,4.0
c6gcpi,YTA,3.0
c6gcpi,NTA,4.0
c6gcpi,YTA,3.0
c6gcpi,YTA,4.0
c6gcpi,NAH,3.0
c6gcpi,YTA,3.0
c6gcpi,YTA,4.0
c6gcpi,NTA,4.0
c6gcpi,YTA,3.0
c6gcpi,YTA,4.0
c6gcpi,NTA,4.0
c6gcpi,NAH,3.0
c6gcpi,YTA,3.0
c6gcpi,YTA,4.0
c6gcpi,YTA,3.0
c6gcpi,NTA,4.0
c6gcpi,NTA,4.0
c6gcpi,YTA,4.0
c6gcpi,YTA,3.0
c6gcpi,YTA,4.0
c6gcpi,YTA,4.0
c6gcpi,NTA,4.0
c6gcpi,YTA,4.0
c6gcpi,YTA,3.0
c6gcpi,NAH,3.0
c6gcpi,YTA,4.0
c6gcpi,NTA,4.0
c6gcpi,NAH,1.0
c6gcpi,YTA,3.0
c6gcpi,YTA,4.0
c6gcpi,YTA,3.0
c6gcpi,YTA,3.0
c6gcpi,YTA,4.0
c6gcpi,NTA,4.0
c6gcpi,NAH,3.0
c6gcpi,YTA,4.0
c6gcpi,YTA,4.0
c6gcpi,YTA,4.0
c6gcpi,NTA,4.0
c6gcpi,YTA,4.0
c6gcpi,YTA,3.0
c6gcpi,YTA,4.0
c6gcpi,YTA,4.0
c6gcpi,NAH,3.0
c6gcpi,YTA,4.0
c6gcpi,YTA,3.0
c6gcpi,NTA,4.0
c6gcpi,YTA,4.0
c6gcpi,YTA,3.0
c6gcpi,YTA,4.0
c6gcpi,NTA,3.0
c6gcpi,YTA,3.0
c6gcpi,ESH,3.0
c6gcpi,YTA,4.0
c6gcpi,NAH,3.0
c6gcpi,YTA,3.0
c6gcpi,YTA,3.0
c6gcpi,NTA,4.0
c6gcpi,NTA,4.0
c6gcpi,YTA,2.0
c6gcpi,YTA,4.0
c6gcpi,YTA,4.0
c6gcpi,YTA,4.0
c6gcpi,YTA,4.0
c6gcpi,NAH,3.0
c6gcpi,YTA,3.0
c6gcpi,YTA,3.0
c6gcpi,YTA,4.0
c6gcpi,NAH,3.0
c6gcpi,YTA,4.0
c6gcpi,NAH,3.0
c6gcpi,NTA,4.0
c6gcpi,YTA,1.0
c6gcpi,YTA,4.0
c6gcpi,YTA,3.0
c6gcpi,NTA,4.0
c6gcpi,YTA,1.0
c6gcpi,YTA,4.0
c6gcpi,YTA,4.0
c6gcpi,NAH,3.0
c6gcpi,YTA,4.0
c6gcpi,NTA,4.0
c6gcpi,YTA,4.0
c6gcpi,YTA,3.0
c6gcpi,YTA,3.0
c6gcpi,NTA,4.0
c6gcpi,NTA,4.0
c6gcpi,NTA,3.0
c6gcpi,NTA,4.0
c6gcpi,NTA,4.0
c6gcpi,YTA,3.0
c6gcpi,YTA,4.0
c6gcpi,YTA,4.0
c6gcpi,YTA,4.0
c6gcpi,YTA,3.0
c6gcpi,NTA,4.0
c6gcpi,NTA,4.0
c6gcpi,NTA,4.0
c6gcpi,ESH,2.0
c6gcpi,YTA,4.0
c6gcpi,YTA,4.0
c6gcpi,NTA,4.0
c6gcpi,NTA,4.0
c6gcpi,YTA,3.0
c6gcpi,YTA,3.0
c6gcpi,YTA,3.0
c6gcpi,YTA,4.0
c6gcpi,YTA,3.0
c6gcpi,YTA,3.0
c6gcpi,YTA,3.0
c6gcpi,YTA,3.0
c6gcpi,YTA,3.0
c6gcpi,NAH,3.0
c6gcpi,NAH,3.0
c6gcpi,YTA,4.0
c6gcpi,YTA,4.0
c6gcpi,NTA,3.0
c6gcpi,YTA,2.0
c6gcpi,NAH,3.0
c6gcpi,YTA,4.0
c6gcpi,NTA,4.0
c6gcpi,NAH,4.0
c6gcpi,YTA,4.0
c6gcpi,YTA,3.0
c6gcpi,NTA,4.0
c6gcpi,YTA,3.0
c6gcpi,YTA,3.0
c6gcpi,NTA,4.0
c6gcpi,YTA,4.0
c6gcpi,YTA,4.0
c6gcpi,YTA,4.0
c6gcpi,YTA,4.0
c6gcpi,YTA,4.0
c6gcpi,YTA,4.0
c6gcpi,NTA,3.0
c6gcpi,YTA,4.0
c6gcpi,NTA,4.0
c6l7oe,YTA,3.0
c6l7oe,NTA,4.0
c6l7oe,ESH,3.0
c6l7oe,YTA,4.0
c6l7oe,ESH,3.0
c6l7oe,NTA,4.0
c6l7oe,NTA,4.0
c6l7oe,YTA,3.0
c6l7oe,NTA,4.0
c6l7oe,YTA,4.0
c6l7oe,ESH,3.0
c6l7oe,YTA,3.0
c6l7oe,ESH,3.0
c6l7oe,YTA,4.0
c6l7oe,ESH,3.0
c6l7oe,YTA,3.0
c6l7oe,NAH,3.0
c6l7oe,NTA,4.0
c6l7oe,ESH,3.0
c6l7oe,NTA,4.0
c6l7oe,YTA,4.0
c6l7oe,YTA,4.0
c6l7oe,YTA,4.0
c6l7oe,NTA,4.0
c6l7oe,YTA,4.0
c6l7oe,ESH,3.0
c6l7oe,YTA,4.0
c6l7oe,YTA,3.0
c6l7oe,YTA,3.0
c6l7oe,NTA,4.0
c6l7oe,YTA,4.0
c6l7oe,NTA,4.0
c6l7oe,NTA,4.0
c6l7oe,YTA,3.0
c6l7oe,NTA,4.0
c6l7oe,YTA,3.0
c6l7oe,YTA,3.0
c6l7oe,YTA,4.0
c6l7oe,NTA,4.0
c6l7oe,ESH,3.0
c6l7oe,YTA,4.0
c6l7oe,NTA,3.0
c6l7oe,NAH,4.0
c6l7oe,ESH,3.0
c6l7oe,NTA,4.0
c6l7oe,NTA,4.0
c6l7oe,ESH,3.0
c6l7oe,YTA,3.0
c6l7oe,YTA,3.0
c6l7oe,NTA,4.0
c6l7oe,NTA,4.0
c6l7oe,YTA,4.0
c6l7oe,ESH,3.0
c6l7oe,NTA,4.0
c6l7oe,YTA,4.0
c6l7oe,ESH,3.0
c6l7oe,NTA,4.0
c6l7oe,YTA,3.0
c6l7oe,ESH,3.0
c6l7oe,YTA,2.0
c6l7oe,ESH,3.0
c6l7oe,ESH,3.0
c6l7oe,NTA,4.0
c6l7oe,YTA,3.0
c6l7oe,ESH,3.0
c6l7oe,YTA,4.0
c6l7oe,NTA,4.0
c6l7oe,NTA,4.0
c6l7oe,NTA,4.0
c6l7oe,NTA,4.0
c6l7oe,NTA,4.0
c6l7oe,NTA,4.0
c6l7oe,YTA,4.0
c6l7oe,NTA,4.0
c6l7oe,NTA,4.0
c6l7oe,YTA,4.0
c6l7oe,YTA,4.0
c6l7oe,YTA,4.0
c6l7oe,ESH,3.0
c6l7oe,NAH,3.0
c6l7oe,YTA,3.0
c6l7oe,YTA,4.0
c6l7oe,ESH,3.0
c6l7oe,YTA,4.0
c6l7oe,YTA,3.0
c6l7oe,YTA,4.0
c6l7oe,ESH,3.0
c6l7oe,NTA,4.0
c6l7oe,YTA,4.0
c6l7oe,NTA,4.0
c6l7oe,ESH,3.0
c6l7oe,NTA,4.0
c6l7oe,YTA,4.0
c6l7oe,NTA,4.0
c6l7oe,NTA,4.0
c6l7oe,NTA,3.0
c6l7oe,NTA,4.0
c6l7oe,YTA,4.0
c6l7oe,NTA,4.0
c6l7oe,ESH,3.0
c6l7oe,ESH,3.0
c6l7oe,NTA,4.0
c6l7oe,YTA,3.0
c6l7oe,ESH,3.0
c6l7oe,NTA,4.0
c6l7oe,NTA,4.0
c6l7oe,NTA,4.0
c6l7oe,YTA,4.0
c6l7oe,ESH,3.0
c6l7oe,NTA,4.0
c6l7oe,NTA,3.0
c6l7oe,YTA,3.0
c6l7oe,NTA,4.0
c6l7oe,NTA,4.0
c6l7oe,YTA,4.0
c6l7oe,YTA,3.0
c6l7oe,YTA,4.0
c6l7oe,NTA,4.0
c6l7oe,NAH,3.0
c6l7oe,NTA,4.0
c6l7oe,NTA,4.0
c6l7oe,NTA,4.0
c6l7oe,NTA,4.0
c6l7oe,NTA,4.0
c6l7oe,YTA,4.0
c6l7oe,ESH,3.0
c6l7oe,ESH,3.0
c6l7oe,ESH,3.0
c6l7oe,ESH,3.0
c6l7oe,YTA,4.0
c6l7oe,ESH,3.0
c6l7oe,ESH,3.0
c6l7oe,ESH,3.0
c6l7oe,ESH,3.0
c6l7oe,NTA,4.0
c6l7oe,YTA,3.0
c6l7oe,ESH,4.0
c6l7oe,YTA,4.0
c6l7oe,NTA,4.0
c6l7oe,YTA,4.0
c6l7oe,NTA,3.0
c6l7oe,ESH,3.0
c6l7oe,NTA,4.0
c6l7oe,NTA,4.0
c6l7oe,NTA,4.0
c6l7oe,NTA,4.0
c6l7oe,ESH,3.0
c6l7oe,ESH,3.0
c6l7oe,NTA,4.0
c6l7oe,YTA,4.0
c6l7oe,ESH,3.0
c6l7oe,NAH,3.0
c6l7oe,ESH,3.0
c6l7oe,NTA,4.0
c6l7oe,NTA,4.0
c6l7oe,NTA,4.0
c6l7oe,NTA,4.0
c6l7oe,NTA,4.0
c6l7oe,NTA,4.0
c6l7oe,NTA,4.0
c6l7oe,ESH,3.0
c6l7oe,YTA,4.0
c6l7oe,YTA,4.0
c6l7oe,ESH,3.0
c6l7oe,YTA,4.0
c6l7oe,NTA,4.0
c6l7oe,ESH,3.0
c6l7oe,ESH,1.0
c6l7oe,NTA,4.0
c6l7oe,NTA,4.0
c6l7oe,YTA,4.0
c6l7oe,NTA,4.0
c6l7oe,NTA,4.0
c6l7oe,NTA,4.0
c6l7oe,NTA,4.0
c6l7oe,ESH,3.0
c6l7oe,YTA,4.0
c6l7oe,ESH,3.0
c6l7oe,NTA,4.0
c6l7oe,ESH,4.0
c6l7oe,NTA,2.0
c6l7oe,YTA,4.0
c6l7oe,YTA,3.0
c6l7oe,YTA,3.0
c6l7oe,YTA,4.0
c6l7oe,NAH,3.0
c6l7oe,ESH,3.0
c6l7oe,NTA,4.0
c6l7oe,NTA,4.0
c6l7oe,NTA,4.0
c6l7oe,YTA,4.0
c6l7oe,NAH,1.0
c6l7oe,ESH,3.0
c6l7oe,ESH,3.0
c6l7oe,YTA,4.0
c6l7oe,YTA,4.0
c6l7oe,ESH,3.0
c6l7oe,NTA,4.0
c6l7oe,ESH,3.0
c6l7oe,NTA,4.0
c6l7oe,NAH,3.0
c6l7oe,NTA,4.0
c6l7oe,ESH,3.0
c6l7oe,YTA,2.0
c6l7oe,NTA,4.0
c6l7oe,NAH,3.0
c6l7oe,YTA,4.0
c6l7oe,YTA,4.0
c6l7oe,YTA,3.0
c6l7oe,YTA,4.0
c6l7oe,NTA,4.0
c6l7oe,YTA,2.0
c6l7oe,ESH,3.0
c6l7oe,YTA,4.0
c6l7oe,YTA,3.0
c6l7oe,NTA,4.0
c6l7oe,YTA,4.0
c6l7oe,NTA,4.0
c6l7oe,ESH,3.0
c6l7oe,NTA,4.0
c6l7oe,NTA,4.0
c6l7oe,NTA,4.0
c6l7oe,NTA,4.0
c6l7oe,YTA,3.0
c99gvl,NTA,4.0
c99gvl,ESH,3.0
c99gvl,NTA,4.0
c99gvl,YTA,4.0
c99gvl,NTA,4.0
c99gvl,ESH,3.0
c99gvl,NTA,4.0
c99gvl,ESH,3.0
c99gvl,NTA,4.0
c99gvl,NTA,4.0
c99gvl,NTA,3.0
c99gvl,YTA,4.0
c99gvl,NTA,4.0
c99gvl,NTA,4.0
c99gvl,ESH,3.0
c99gvl,NTA,4.0
c99gvl,NTA,4.0
c99gvl,NTA,4.0
c99gvl,NTA,4.0
c99gvl,NTA,4.0
c99gvl,NTA,4.0
c99gvl,NTA,1.0
c99gvl,YTA,4.0
c99gvl,YTA,4.0
c99gvl,NTA,4.0
c99gvl,ESH,3.0
c99gvl,ESH,3.0
c99gvl,NTA,4.0
c99gvl,YTA,4.0
c99gvl,ESH,3.0
c99gvl,NTA,4.0
c99gvl,ESH,3.0
c99gvl,ESH,3.0
c99gvl,NTA,4.0
c99gvl,NTA,4.0
c99gvl,NTA,3.0
c99gvl,NTA,4.0
c99gvl,NTA,4.0
c99gvl,NTA,4.0
c99gvl,ESH,3.0
c99gvl,NTA,4.0
c99gvl,ESH,3.0
c99gvl,ESH,3.0
c99gvl,NTA,4.0
c99gvl,YTA,4.0
c99gvl,ESH,3.0
c99gvl,ESH,3.0
c99gvl,YTA,4.0
c99gvl,NTA,4.0
c99gvl,NTA,4.0
c99gvl,NTA,4.0
c99gvl,NTA,4.0
c99gvl,NTA,4.0
c99gvl,NTA,4.0
c99gvl,NTA,4.0
c99gvl,NTA,4.0
c99gvl,NTA,4.0
c99gvl,NTA,4.0
c99gvl,NTA,4.0
c99gvl,NTA,4.0
c99gvl,NTA,4.0
c99gvl,YTA,4.0
c99gvl,ESH,3.0
c99gvl,NTA,4.0
c99gvl,YTA,4.0
c99gvl,NTA,4.0
c99gvl,YTA,4.0
c99gvl,NTA,4.0
c99gvl,NTA,4.0
c99gvl,NTA,4.0
c99gvl,YTA,4.0
c99gvl,NTA,4.0
c99gvl,ESH,3.0
c99gvl,YTA,3.0
c99gvl,NTA,4.0
c99gvl,NTA,4.0
c99gvl,NTA,4.0
c99gvl,YTA,3.0
c99gvl,NTA,3.0
c99gvl,NTA,4.0
c99gvl,NTA,4.0
c99gvl,NAH,3.0
c99gvl,YTA,4.0
c99gvl,ESH,3.0
c99gvl,YTA,4.0
c99gvl,NTA,4.0
c99gvl,NTA,4.0
c99gvl,NTA,4.0
c99gvl,NTA,4.0
c99gvl,NTA,4.0
c99gvl,NTA,4.0
c99gvl,NTA,4.0
c99gvl,YTA,4.0
c99gvl,NTA,4.0
c99gvl,NTA,4.0
c99gvl,ESH,3.0
c99gvl,YTA,4.0
c99gvl,ESH,3.0
c99gvl,ESH,3.0
c99gvl,NTA,4.0
c99gvl,YTA,4.0
c99gvl,YTA,4.0
c99gvl,NTA,4.0
c99gvl,NTA,4.0
c99gvl,NTA,4.0
c99gvl,NTA,4.0
c99gvl,YTA,4.0
c99gvl,NTA,4.0
c99gvl,YTA,4.0
c99gvl,YTA,4.0
c99gvl,NTA,4.0
c99gvl,NTA,4.0
c99gvl,NTA,3.0
c99gvl,NTA,4.0
c99gvl,YTA,4.0
c99gvl,NTA,4.0
c99gvl,NTA,4.0
c99gvl,NTA,4.0
c99gvl,YTA,4.0
c99gvl,NTA,4.0
c99gvl,NTA,4.0
c99gvl,NTA,4.0
c99gvl,NTA,4.0
c99gvl,ESH,3.0
c99gvl,NTA,4.0
c99gvl,NTA,4.0
c99gvl,YTA,4.0
c99gvl,ESH,3.0
c99gvl,NTA,4.0
c99gvl,YTA,4.0
c99gvl,NTA,4.0
c99gvl,ESH,3.0
c99gvl,ESH,3.0
c99gvl,ESH,3.0
c99gvl,ESH,3.0
c99gvl,YTA,4.0
c99gvl,NTA,4.0
c99gvl,NTA,3.0
c99gvl,NTA,4.0
c99gvl,NTA,4.0
c99gvl,NTA,4.0
c99gvl,ESH,3.0
c99gvl,NTA,4.0
c99gvl,ESH,3.0
c99gvl,NTA,4.0
c99gvl,NTA,4.0
c99gvl,NTA,4.0
c99gvl,NTA,4.0
c99gvl,NTA,4.0
c99gvl,NTA,4.0
c99gvl,NTA,4.0
c99gvl,NTA,4.0
c99gvl,NTA,3.0
c99gvl,ESH,2.0
c99gvl,NTA,4.0
c99gvl,YTA,4.0
c99gvl,YTA,2.0
c99gvl,YTA,4.0
c99gvl,NTA,4.0
c99gvl,ESH,4.0
c99gvl,NTA,4.0
c99gvl,ESH,3.0
c99gvl,YTA,4.0
c99gvl,NTA,4.0
c99gvl,ESH,3.0
c99gvl,NTA,4.0
c99gvl,NTA,4.0
c99gvl,YTA,4.0
c99gvl,NTA,4.0
c99gvl,ESH,4.0
c99gvl,NTA,4.0
c99gvl,NTA,4.0
c99gvl,ESH,3.0
c99gvl,NTA,4.0
c99gvl,NTA,4.0
c99gvl,YTA,4.0
c99gvl,NTA,4.0
c99gvl,ESH,3.0
c99gvl,ESH,3.0
c99gvl,ESH,
c99gvl,YTA,4.0
c99gvl,NAH,4.0
c99gvl,NTA,4.0
c99gvl,NTA,4.0
c99gvl,NTA,4.0
c99gvl,YTA,4.0
c99gvl,ESH,3.0
c99gvl,YTA,4.0
c99gvl,ESH,3.0
c99gvl,YTA,4.0
c99gvl,YTA,4.0
c99gvl,YTA,4.0
c99gvl,YTA,4.0
c99gvl,YTA,4.0
c99gvl,NTA,4.0
c99gvl,YTA,4.0
c99gvl,NTA,4.0
c99gvl,ESH,3.0
c99gvl,NTA,3.0
c99gvl,ESH,1.0
c99gvl,NTA,4.0
c99gvl,YTA,4.0
c99gvl,YTA,4.0
c99gvl,NTA,4.0
c99gvl,NTA,3.0
c99gvl,ESH,3.0
c99gvl,ESH,3.0
c99gvl,YTA,4.0
c99gvl,YTA,4.0
c99gvl,NTA,4.0
c99gvl,ESH,3.0
c99gvl,NTA,4.0
c99gvl,ESH,3.0
c99gvl,YTA,4.0
c99gvl,NTA,4.0
c99gvl,NTA,4.0
c99gvl,YTA,4.0
c99gvl,ESH,3.0
c99gvl,NTA,4.0
c99gvl,YTA,4.0
c99gvl,YTA,4.0
c99gvl,NTA,4.0
c99gvl,ESH,3.0
c99gvl,NTA,4.0
c99gvl,YTA,4.0
c99gvl,NTA,4.0
c99gvl,NTA,4.0
c99gvl,NTA,4.0
c99gvl,NAH,3.0
c99gvl,ESH,3.0
c99gvl,NTA,4.0
c99gvl,YTA,4.0
c99gvl,NTA,4.0
c99gvl,ESH,3.0
c99gvl,NTA,4.0
c99gvl,NTA,4.0
c99gvl,YTA,4.0
c99gvl,NTA,4.0
c99gvl,NTA,4.0
c99gvl,YTA,4.0
c99gvl,YTA,4.0
c99gvl,NTA,4.0
c99gvl,ESH,3.0
c99gvl,YTA,4.0
c99gvl,NTA,4.0
c99gvl,NTA,4.0
c99gvl,NTA,4.0
c99gvl,NTA,4.0
c99gvl,NAH,3.0
c99gvl,NTA,4.0
c99gvl,NTA,4.0
c99gvl,NTA,4.0
c99gvl,NTA,2.0
c99gvl,NTA,4.0
c99gvl,ESH,4.0
c99gvl,YTA,4.0
c99gvl,ESH,4.0
c99gvl,ESH,3.0
c99gvl,ESH,3.0
c99gvl,YTA,4.0
c99gvl,ESH,3.0
c99gvl,NTA,4.0
c99gvl,ESH,3.0
c99gvl,YTA,1.0
c99gvl,YTA,4.0
c99gvl,YTA,2.0
c99gvl,NTA,4.0
c99gvl,NTA,4.0
c99gvl,YTA,4.0
c99gvl,NTA,4.0
c99gvl,NTA,4.0
c99gvl,ESH,3.0
c99gvl,YTA,4.0
c99gvl,NTA,4.0
c99gvl,NTA,4.0
ccltik,YTA,3.0
ccltik,NTA,4.0
ccltik,NAH,3.0
ccltik,NTA,3.0
ccltik,NTA,4.0
ccltik,NAH,3.0
ccltik,YTA,3.0
ccltik,YTA,3.0
ccltik,YTA,4.0
ccltik,NAH,3.0
ccltik,NAH,3.0
ccltik,NTA,3.0
ccltik,NTA,4.0
ccltik,YTA,3.0
ccltik,NTA,4.0
ccltik,NAH,3.0
ccltik,YTA,4.0
ccltik,NTA,4.0
ccltik,NAH,2.0
ccltik,NTA,4.0
ccltik,NTA,4.0
ccltik,YTA,4.0
ccltik,NTA,3.0
ccltik,NAH,3.0
ccltik,NTA,4.0
ccltik,NAH,3.0
ccltik,YTA,4.0
ccltik,NAH,3.0
ccltik,NTA,4.0
ccltik,NTA,4.0
ccltik,NAH,3.0
ccltik,NTA,3.0
ccltik,NTA,3.0
ccltik,YTA,4.0
ccltik,NTA,4.0
ccltik,NAH,3.0
ccltik,YTA,4.0
ccltik,NTA,4.0
ccltik,NTA,4.0
ccltik,NAH,3.0
ccltik,NTA,4.0
ccltik,NAH,3.0
ccltik,NAH,3.0
ccltik,NAH,3.0
ccltik,YTA,4.0
ccltik,YTA,3.0
ccltik,NAH,3.0
ccltik,NTA,4.0
ccltik,NTA,2.0
ccltik,YTA,3.0
ccltik,NTA,4.0
ccltik,NTA,4.0
ccltik,NTA,4.0
ccltik,NAH,4.0
ccltik,ESH,3.0
ccltik,NTA,4.0
ccltik,NTA,4.0
ccltik,YTA,3.0
ccltik,YTA,3.0
ccltik,YTA,3.0
ccltik,YTA,4.0
ccltik,NAH,3.0
ccltik,YTA,3.0
ccltik,YTA,4.0
ccltik,NTA,4.0
ccltik,NAH,3.0
ccltik,NAH,3.0
ccltik,YTA,4.0
ccltik,YTA,4.0
ccltik,NTA,4.0
ccltik,YTA,3.0
ccltik,NTA,3.0
ccltik,YTA,4.0
ccltik,NAH,3.0
ccltik,NTA,4.0
ccltik,NTA,4.0
ccltik,NTA,4.0
ccltik,NTA,4.0
ccltik,NTA,4.0
ccltik,NTA,4.0
ccltik,YTA,3.0
ccltik,YTA,4.0
ccltik,NTA,4.0
ccltik,NAH,3.0
ccltik,NAH,3.0
ccltik,YTA,4.0
ccltik,NAH,3.0
ccltik,NTA,4.0
ccltik,NTA,4.0
ccltik,YTA,3.0
ccltik,NTA,4.0
ccltik,NTA,4.0
ccltik,NAH,3.0
ccltik,YTA,3.0
ccltik,YTA,4.0
ccltik,NAH,3.0
ccltik,YTA,4.0
ccltik,NTA,4.0
ccltik,YTA,3.0
ccltik,YTA,3.0
ccltik,NAH,3.0
ccltik,NTA,4.0
ccltik,NAH,3.0
ccltik,NTA,4.0
ccltik,YTA,4.0
ccltik,NTA,4.0
ccltik,NTA,4.0
ccltik,NAH,3.0
ccltik,NAH,3.0
ccltik,NAH,3.0
ccltik,YTA,4.0
ccltik,NTA,4.0
ccltik,YTA,3.0
ccltik,NAH,3.0
ccltik,YTA,4.0
ccltik,NAH,3.0
ccltik,NAH,3.0
ccltik,NTA,4.0
ccltik,YTA,3.0
ccltik,YTA,3.0
ccltik,NTA,4.0
ccltik,YTA,3.0
ccltik,YTA,3.0
ccltik,NTA,4.0
ccltik,YTA,3.0
ccltik,NTA,4.0
ccltik,YTA,3.0
ccltik,NAH,3.0
ccltik,YTA,3.0
ccltik,NTA,4.0
ccltik,YTA,3.0
ccltik,NTA,4.0
ccltik,ESH,3.0
ccltik,NAH,3.0
ccltik,NTA,4.0
ccltik,YTA,3.0
ccltik,NTA,4.0
ccltik,NTA,4.0
ccltik,NAH,3.0
ccltik,NTA,4.0
ccltik,NAH,3.0
ccltik,NAH,3.0
ccltik,NTA,4.0
ccltik,NTA,4.0
ccltik,YTA,3.0
ccltik,NTA,4.0
ccltik,NTA,4.0
ccltik,YTA,4.0
ccltik,NAH,3.0
ccltik,YTA,3.0
ccltik,NTA,4.0
ccltik,NTA,4.0
ccltik,YTA,4.0
ccltik,NAH,4.0
ccltik,NTA,4.0
ccltik,NTA,4.0
ccltik,NAH,4.0
ccltik,ESH,3.0
ccltik,NTA,4.0
ccltik,NTA,3.0
ccltik,YTA,3.0
ccltik,NTA,4.0
ccltik,YTA,3.0
ccltik,YTA,3.0
ccltik,YTA,4.0
ckcgis,NTA,4.0
ckcgis,NTA,4.0
ckcgis,ESH,3.0
ckcgis,YTA,4.0
ckcgis,ESH,3.0
ckcgis,YTA,4.0
ckcgis,ESH,3.0
ckcgis,ESH,3.0
ckcgis,YTA,3.0
ckcgis,YTA,4.0
ckcgis,YTA,4.0
ckcgis,NTA,4.0
ckcgis,ESH,3.0
ckcgis,ESH,3.0
ckcgis,ESH,3.0
ckcgis,YTA,4.0
ckcgis,YTA,4.0
ckcgis,ESH,3.0
ckcgis,YTA,3.0
ckcgis,YTA,4.0
ckcgis,YTA,4.0
ckcgis,ESH,3.0
ckcgis,ESH,3.0
ckcgis,NTA,4.0
ckcgis,YTA,4.0
ckcgis,YTA,3.0
ckcgis,NTA,3.0
ckcgis,NTA,4.0
ckcgis,NTA,3.0
ckcgis,YTA,4.0
ckcgis,ESH,3.0
ckcgis,ESH,3.0
ckcgis,YTA,3.0
ckcgis,ESH,3.0
ckcgis,YTA,4.0
ckcgis,ESH,3.0
ckcgis,NTA,4.0
ckcgis,ESH,3.0
ckcgis,NTA,4.0
ckcgis,ESH,3.0
ckcgis,ESH,2.0
ckcgis,NTA,4.0
ckcgis,ESH,3.0
ckcgis,NTA,3.0
ckcgis,YTA,3.0
ckcgis,NTA,4.0
ckcgis,YTA,4.0
ckcgis,ESH,3.0
ckcgis,ESH,3.0
ckcgis,ESH,3.0
ckcgis,YTA,4.0
ckcgis,YTA,4.0
ckcgis,NTA,4.0
ckcgis,ESH,3.0
ckcgis,ESH,3.0
ckcgis,NTA,3.0
ckcgis,ESH,3.0
ckcgis,ESH,3.0
ckcgis,YTA,4.0
ckcgis,YTA,4.0
ckcgis,YTA,3.0
ckcgis,NTA,4.0
ckcgis,NTA,4.0
ckcgis,ESH,3.0
ckcgis,ESH,3.0
ckcgis,NTA,3.0
ckcgis,YTA,3.0
ckcgis,YTA,4.0
ckcgis,YTA,4.0
ckcgis,ESH,3.0
ckcgis,ESH,2.0
ckcgis,NTA,4.0
ckcgis,NTA,4.0
ckcgis,ESH,3.0
ckcgis,NTA,4.0
ckcgis,YTA,4.0
ckcgis,NTA,4.0
ckcgis,YTA,3.0
ckcgis,NTA,4.0
ckcgis,ESH,3.0
ckcgis,NTA,4.0
ckcgis,YTA,4.0
ckcgis,NTA,4.0
ckcgis,YTA,4.0
ckcgis,NTA,4.0
ckcgis,NTA,4.0
ckcgis,ESH,3.0
ckcgis,YTA,3.0
ckcgis,YTA,3.0
ckcgis,YTA,4.0
ckcgis,YTA,4.0
ckcgis,NTA,4.0
ckcgis,ESH,3.0
ckcgis,YTA,4.0
ckcgis,NTA,4.0
ckcgis,YTA,4.0
ckcgis,YTA,3.0
ckcgis,YTA,3.0
ckcgis,ESH,3.0
ckcgis,NTA,4.0
ckcgis,NTA,3.0
ckcgis,ESH,2.0
ckcgis,ESH,4.0
ckcgis,ESH,3.0
ckcgis,ESH,3.0
ckcgis,YTA,4.0
ckcgis,YTA,4.0
ckcgis,ESH,3.0
ckcgis,YTA,4.0
ckcgis,ESH,3.0
ckcgis,YTA,4.0
ckcgis,NTA,4.0
ckcgis,ESH,3.0
ckcgis,ESH,3.0
ckcgis,YTA,4.0
ckcgis,NTA,4.0
ckcgis,NTA,4.0
ckcgis,ESH,3.0
ckcgis,NTA,4.0
ckcgis,ESH,3.0
ckcgis,NTA,4.0
ckcgis,YTA,3.0
ckcgis,YTA,4.0
ckcgis,NTA,3.0
ckcgis,NTA,3.0
ckcgis,NTA,4.0
ckcgis,YTA,3.0
ckcgis,YTA,3.0
ckcgis,ESH,3.0
ckcgis,ESH,3.0
ckcgis,YTA,4.0
ckcgis,NTA,4.0
ckcgis,ESH,3.0
ckcgis,ESH,2.0
ckcgis,YTA,3.0
ckcgis,ESH,3.0
ckcgis,NTA,3.0
ckcgis,ESH,3.0
ckcgis,ESH,2.0
ckcgis,NTA,4.0
ckcgis,ESH,3.0
ckcgis,YTA,4.0
ckcgis,YTA,4.0
ckcgis,YTA,3.0
ckcgis,NTA,4.0
ckcgis,NTA,4.0
ckcgis,NTA,4.0
ckcgis,YTA,4.0
ckcgis,YTA,3.0
ckcgis,NTA,4.0
ckcgis,ESH,3.0
ckcgis,NTA,4.0
ckcgis,ESH,2.0
ckcgis,ESH,3.0
ckcgis,ESH,2.0
ckcgis,NTA,4.0
ckcgis,NTA,4.0
ckcgis,NTA,4.0
ckcgis,NTA,4.0
ckcgis,YTA,3.0
ckcgis,NTA,3.0
ckcgis,YTA,4.0
ckcgis,YTA,4.0
ckcgis,ESH,3.0
ckcgis,YTA,4.0
ckcgis,NTA,4.0
ckcgis,NTA,4.0
ckcgis,NTA,4.0
ckcgis,YTA,4.0
ckcgis,ESH,3.0
ckcgis,ESH,3.0
ckcgis,NTA,4.0
ckcgis,YTA,4.0
ckcgis,ESH,3.0
ckcgis,ESH,3.0
ckcgis,YTA,3.0
ckcgis,ESH,3.0
ckcgis,ESH,3.0
ckcgis,ESH,3.0
ckcgis,ESH,3.0
ckcgis,ESH,2.0
ckcgis,ESH,2.0
ckcgis,NTA,4.0
ckcgis,NTA,4.0
ckcgis,ESH,4.0
ckcgis,NTA,3.0
ckcgis,YTA,3.0
ckcgis,ESH,4.0
ckcgis,ESH,4.0
ckcgis,NTA,4.0
ckcgis,NTA,4.0
ckcgis,NTA,4.0
ckcgis,NTA,4.0
ckcgis,YTA,4.0
ckcgis,ESH,3.0
ckcgis,YTA,2.0
ckcgis,NTA,4.0
ckcgis,YTA,3.0
ckcgis,NTA,4.0
ckcgis,ESH,3.0
ckcgis,YTA,3.0
ckcgis,YTA,4.0
ckcgis,NTA,4.0
ckcgis,ESH,3.0
ckcgis,NTA,4.0
ckcgis,ESH,3.0
ckcgis,ESH,3.0
ckcgis,NTA,4.0
ckcgis,YTA,3.0
ckcgis,YTA,4.0
ckcgis,ESH,3.0
ckcgis,NTA,4.0
ckcgis,YTA,3.0
ckcgis,NTA,4.0
ckcgis,YTA,4.0
ckcgis,ESH,3.0
ckcgis,YTA,3.0
ckcgis,YTA,4.0
ckcgis,NTA,3.0
ckcgis,NTA,4.0
ckcgis,ESH,3.0
ckcgis,ESH,3.0
ckcgis,ESH,3.0
ckcgis,ESH,3.0
ckcgis,ESH,3.0
ckcgis,YTA,3.0
ckcgis,NTA,4.0
ckcgis,NTA,4.0
ckcgis,ESH,3.0
ckcgis,YTA,4.0
ckcgis,YTA,4.0
ckcgis,NTA,4.0
ckcgis,YTA,4.0
ckcgis,NTA,4.0
ckcgis,YTA,4.0
ckcgis,YTA,4.0
ckcgis,NTA,3.0
ckcgis,NTA,4.0
ckcgis,YTA,2.0
ckcgis,YTA,3.0
ckcgis,NTA,4.0
ckcgis,YTA,4.0
ckcgis,ESH,3.0
ckcgis,NTA,4.0
ckcgis,NTA,4.0
ckcgis,YTA,4.0
ckcgis,YTA,4.0
ckcgis,YTA,4.0
ckcgis,YTA,4.0
ckcgis,YTA,1.0
ckcgis,YTA,4.0
ckcgis,NTA,4.0
ckcgis,NTA,3.0
ckcgis,YTA,4.0
ckcgis,NTA,4.0
ckcgis,ESH,3.0
ckcgis,YTA,4.0
ckcgis,ESH,3.0
ckcgis,YTA,3.0
ckcgis,NTA,3.0
ckcgis,ESH,3.0
ckcgis,NTA,4.0
ckcgis,YTA,3.0
ckcgis,YTA,4.0
ckcgis,NTA,4.0
ckcgis,YTA,4.0
ckcgis,NTA,4.0
ckcgis,ESH,3.0
ckcgis,YTA,4.0
ckcgis,YTA,2.0
ckcgis,ESH,3.0
ckcgis,YTA,4.0
ckcgis,ESH,3.0
ckcgis,NTA,4.0
ckcgis,ESH,3.0
ckcgis,YTA,4.0
ckcgis,YTA,4.0
ckcgis,NTA,3.0
ckcgis,ESH,3.0
ckcgis,NTA,4.0
ckcgis,YTA,4.0
ckcgis,NTA,4.0
ckcgis,NTA,3.0
ckcgis,NTA,3.0
ckcgis,YTA,3.0
ckcgis,ESH,3.0
ckcgis,NTA,4.0
ckcgis,ESH,3.0
ckcgis,YTA,3.0
ckcgis,NTA,4.0
ckcgis,YTA,4.0
ckcgis,ESH,3.0
ckcgis,ESH,3.0
ckcgis,ESH,3.0
ckcgis,YTA,3.0
ckcgis,YTA,3.0
ckcgis,NTA,4.0
ckcgis,NTA,4.0
ckcgis,ESH,3.0
ckcgis,YTA,3.0
ckcgis,NTA,4.0
ckcgis,YTA,4.0
ckcgis,YTA,4.0
ckcgis,ESH,3.0
ckcgis,ESH,3.0
ckcgis,NTA,4.0
ckcgis,ESH,3.0
ckcgis,YTA,4.0
ckcgis,YTA,3.0
ckcgis,YTA,3.0
ckcgis,YTA,3.0
ckcgis,YTA,3.0
ckcgis,YTA,3.0
ckcgis,YTA,3.0
ckcgis,NTA,4.0
ckcgis,ESH,3.0
ckcgis,YTA,4.0
ckcgis,ESH,3.0
ckcgis,YTA,2.0
ckcgis,ESH,2.0
ckcgis,YTA,4.0
ckcgis,NTA,3.0
ckcgis,ESH,3.0
ckcgis,YTA,3.0
ckcgis,NTA,4.0
ckcgis,ESH,3.0
ckcgis,YTA,4.0
ckcgis,ESH,3.0
ckcgis,ESH,4.0
ckcgis,YTA,3.0
ckcgis,YTA,4.0
ckcgis,NTA,3.0
ckcgis,ESH,3.0
ckcgis,ESH,3.0
ckcgis,ESH,3.0
ckcgis,ESH,3.0
ckcgis,NTA,4.0
ckcgis,YTA,4.0
ckcgis,NTA,3.0
ckcgis,NTA,3.0
ckcgis,ESH,3.0
ckcgis,YTA,3.0
ckcgis,YTA,4.0
ckcgis,NTA,4.0
ckcgis,NTA,4.0
ckcgis,YTA,4.0
ckcgis,ESH,3.0
ckcgis,YTA,3.0
ckcgis,ESH,3.0
ckcgis,YTA,4.0
ckcgis,ESH,3.0
ckcgis,NTA,4.0
ckcgis,ESH,4.0
ckcgis,NTA,4.0
cm9rwp,YTA,4.0
cm9rwp,NAH,3.0
cm9rwp,NAH,3.0
cm9rwp,NAH,4.0
cm9rwp,NAH,3.0
cm9rwp,NAH,3.0
cm9rwp,NTA,3.0
cm9rwp,NTA,4.0
cm9rwp,NAH,3.0
cm9rwp,NAH,3.0
cm9rwp,YTA,4.0
cm9rwp,NTA,4.0
cm9rwp,NAH,3.0
cm9rwp,YTA,3.0
cm9rwp,YTA,4.0
cm9rwp,YTA,3.0
cm9rwp,YTA,1.0
cm9rwp,NAH,2.0
cm9rwp,YTA,4.0
cm9rwp,NTA,4.0
cm9rwp,NTA,4.0
cm9rwp,YTA,4.0
cm9rwp,YTA,3.0
cm9rwp,NAH,3.0
cm9rwp,YTA,4.0
cm9rwp,NAH,3.0
cm9rwp,NTA,2.0
cm9rwp,NTA,4.0
cm9rwp,NAH,3.0
cm9rwp,YTA,3.0
cm9rwp,YTA,4.0
cm9rwp,NAH,3.0
cm9rwp,NTA,4.0
cm9rwp,NAH,3.0
cm9rwp,NTA,4.0
cm9rwp,YTA,3.0
cm9rwp,YTA,3.0
cm9rwp,NAH,3.0
cm9rwp,YTA,4.0
cm9rwp,NAH,3.0
cm9rwp,NTA,4.0
cm9rwp,NTA,4.0
cm9rwp,NTA,4.0
cm9rwp,YTA,3.0
cm9rwp,ESH,3.0
cm9rwp,NTA,4.0
cm9rwp,NTA,4.0
cm9rwp,NTA,4.0
cm9rwp,NTA,4.0
cm9rwp,YTA,3.0
cm9rwp,NTA,4.0
cm9rwp,YTA,4.0
cm9rwp,NAH,3.0
cm9rwp,NAH,3.0
cm9rwp,YTA,4.0
cm9rwp,YTA,4.0
cm9rwp,NAH,3.0
cm9rwp,YTA,3.0
cm9rwp,YTA,4.0
cm9rwp,YTA,4.0
cm9rwp,NAH,3.0
cm9rwp,NTA,4.0
cm9rwp,NTA,4.0
cm9rwp,NTA,4.0
cm9rwp,NAH,3.0
cm9rwp,NTA,4.0
cm9rwp,YTA,4.0
cm9rwp,NAH,4.0
cm9rwp,NAH,3.0
cm9rwp,NAH,3.0
cm9rwp,NTA,4.0
cm9rwp,YTA,3.0
cm9rwp,NAH,3.0
cm9rwp,NAH,3.0
cm9rwp,NTA,
cm9rwp,NTA,4.0
cm9rwp,NAH,3.0
cm9rwp,NTA,4.0
cm9rwp,NAH,3.0
cm9rwp,YTA,4.0
cm9rwp,NTA,4.0
cm9rwp,YTA,4.0
cm9rwp,NTA,4.0
cm9rwp,YTA,4.0
cm9rwp,NTA,4.0
cm9rwp,NTA,4.0
cm9rwp,NTA,4.0
cm9rwp,YTA,4.0
cm9rwp,YTA,4.0
cm9rwp,YTA,3.0
cm9rwp,YTA,1.0
cm9rwp,NAH,4.0
cm9rwp,NTA,4.0
cm9rwp,NTA,4.0
cm9rwp,YTA,4.0
cm9rwp,NTA,4.0
cm9rwp,YTA,4.0
cm9rwp,NAH,3.0
cm9rwp,NTA,4.0
cm9rwp,YTA,3.0
cm9rwp,YTA,4.0
cm9rwp,NAH,3.0
cm9rwp,YTA,4.0
cm9rwp,YTA,3.0
cm9rwp,NTA,4.0
cm9rwp,NTA,4.0
cm9rwp,NAH,3.0
cm9rwp,NTA,4.0
cm9rwp,YTA,4.0
cm9rwp,NTA,4.0
cm9rwp,NAH,3.0
cm9rwp,YTA,4.0
cm9rwp,NAH,3.0
cm9rwp,NTA,4.0
cm9rwp,NAH,3.0
cm9rwp,YTA,4.0
cm9rwp,NAH,3.0
cm9rwp,NAH,3.0
cm9rwp,YTA,4.0
cm9rwp,NTA,4.0
cm9rwp,NTA,4.0
cm9rwp,NTA,4.0
cm9rwp,YTA,4.0
cm9rwp,NAH,3.0
cm9rwp,NAH,4.0
cm9rwp,YTA,4.0
cm9rwp,NAH,3.0
cm9rwp,NTA,4.0
cm9rwp,NAH,3.0
cm9rwp,NAH,3.0
cm9rwp,NTA,4.0
cm9rwp,NAH,3.0
cm9rwp,YTA,3.0
cm9rwp,NAH,2.0
cm9rwp,ESH,3.0
cm9rwp,NTA,4.0
cm9rwp,YTA,4.0
cm9rwp,ESH,2.0
cm9rwp,YTA,4.0
cm9rwp,NTA,4.0
cm9rwp,YTA,4.0
cm9rwp,NTA,4.0
cm9rwp,YTA,4.0
cm9rwp,NAH,3.0
cm9rwp,YTA,4.0
cm9rwp,NTA,4.0
cm9rwp,NTA,4.0
cm9rwp,NAH,4.0
cm9rwp,YTA,4.0
cm9rwp,NTA,4.0
cm9rwp,NTA,4.0
cm9rwp,YTA,4.0
cm9rwp,NAH,3.0
cm9rwp,NAH,3.0
cm9rwp,ESH,3.0
cm9rwp,YTA,4.0
cm9rwp,YTA,4.0
cm9rwp,NAH,3.0
cm9rwp,NTA,4.0
cm9rwp,NAH,3.0
cm9rwp,NTA,4.0
cm9rwp,NAH,3.0
cm9rwp,NAH,3.0
cm9rwp,YTA,4.0
cm9rwp,NTA,4.0
cm9rwp,NTA,3.0
cm9rwp,YTA,4.0
cm9rwp,NTA,4.0
cm9rwp,NTA,3.0
cm9rwp,NAH,3.0
cm9rwp,NTA,4.0
cm9rwp,NAH,3.0
cm9rwp,NTA,4.0
cm9rwp,YTA,4.0
cm9rwp,NTA,4.0
cm9rwp,NTA,3.0
cm9rwp,NAH,4.0
cm9rwp,YTA,4.0
cm9rwp,YTA,4.0
cm9rwp,NAH,3.0
cm9rwp,YTA,4.0
cm9rwp,NTA,4.0
cm9rwp,YTA,3.0
cm9rwp,NTA,3.0
cm9rwp,NTA,4.0
cm9rwp,NTA,4.0
cm9rwp,ESH,2.0
cm9rwp,NTA,4.0
cm9rwp,NTA,4.0
cm9rwp,NTA,3.0
cm9rwp,YTA,4.0
cm9rwp,NTA,4.0
cm9rwp,NTA,4.0
cm9rwp,YTA,3.0
cm9rwp,NTA,4.0
cm9rwp,YTA,4.0
cm9rwp,NAH,3.0
cm9rwp,NTA,4.0
cm9rwp,YTA,4.0
cm9rwp,NAH,3.0
cm9rwp,NAH,4.0
cm9rwp,NTA,4.0
cm9rwp,NTA,4.0
cnab5z,NTA,4.0
cnab5z,NTA,4.0
cnab5z,YTA,4.0
cnab5z,NTA,4.0
cnab5z,NTA,4.0
cnab5z,NTA,3.0
cnab5z,ESH,3.0
cnab5z,YTA,3.0
cnab5z,YTA,3.0
cnab5z,ESH,3.0
cnab5z,YTA,4.0
cnab5z,NTA,4.0
cnab5z,NTA,4.0
cnab5z,NTA,4.0
cnab5z,YTA,4.0
cnab5z,NTA,3.0
cnab5z,NTA,4.0
cnab5z,NAH,3.0
cnab5z,NTA,4.0
cnab5z,NTA,4.0
cnab5z,YTA,3.0
cnab5z,NTA,4.0
cnab5z,YTA,2.0
cnab5z,ESH,3.0
cnab5z,ESH,3.0
cnab5z,ESH,3.0
cnab5z,NTA,4.0
cnab5z,ESH,2.0
cnab5z,NTA,4.0
cnab5z,YTA,4.0
cnab5z,ESH,3.0
cnab5z,ESH,3.0
cnab5z,ESH,3.0
cnab5z,NTA,4.0
cnab5z,NTA,4.0
cnab5z,YTA,3.0
cnab5z,NTA,4.0
cnab5z,ESH,1.0
cnab5z,NTA,4.0
cnab5z,YTA,4.0
cnab5z,NTA,4.0
cnab5z,ESH,4.0
cnab5z,YTA,3.0
cnab5z,NTA,4.0
cnab5z,NTA,4.0
cnab5z,ESH,3.0
cnab5z,NTA,4.0
cnab5z,ESH,4.0
cnab5z,NAH,3.0
cnab5z,NTA,4.0
cnab5z,NTA,4.0
cnab5z,NTA,4.0
cnab5z,NTA,4.0
cnab5z,NTA,3.0
cnab5z,ESH,3.0
cnab5z,ESH,3.0
cnab5z,NTA,4.0
cnab5z,NTA,4.0
cnab5z,NTA,4.0
cnab5z,YTA,2.0
cnab5z,ESH,3.0
cnab5z,YTA,4.0
cnab5z,ESH,3.0
cnab5z,NTA,4.0
cnab5z,YTA,4.0
cnab5z,ESH,3.0
cnab5z,NTA,4.0
cnab5z,ESH,2.0
cnab5z,ESH,3.0
cnab5z,NTA,4.0
cnab5z,NTA,4.0
cnab5z,NTA,4.0
cnab5z,NTA,4.0
cnab5z,YTA,3.0
cnab5z,YTA,4.0
cnab5z,NTA,4.0
cnab5z,NTA,4.0
cnab5z,YTA,3.0
cnab5z,NTA,4.0
cnab5z,YTA,3.0
cnab5z,NTA,4.0
cnab5z,NTA,4.0
cnab5z,ESH,3.0
cnab5z,ESH,2.0
cnab5z,YTA,3.0
cnab5z,NTA,4.0
cnab5z,NTA,4.0
cnab5z,NTA,4.0
cnab5z,YTA,3.0
cnab5z,NTA,4.0
cnab5z,YTA,3.0
cnab5z,NTA,4.0
cnab5z,NTA,4.0
cnab5z,YTA,3.0
cnab5z,ESH,3.0
cnab5z,NTA,4.0
cnab5z,ESH,3.0
cnab5z,NTA,4.0
cnab5z,NAH,3.0
cnab5z,NTA,4.0
cnab5z,YTA,3.0
cnab5z,ESH,3.0
cnab5z,YTA,4.0
cnab5z,YTA,4.0
cnab5z,YTA,3.0
cnab5z,NTA,4.0
cnab5z,NTA,4.0
cnab5z,NAH,3.0
cnab5z,YTA,4.0
cnab5z,NTA,4.0
cnab5z,NTA,3.0
cnab5z,ESH,3.0
cnab5z,NTA,4.0
cnab5z,NTA,4.0
cnab5z,ESH,3.0
cnab5z,NTA,4.0
cnab5z,ESH,3.0
cnab5z,ESH,3.0
cnab5z,NTA,3.0
cnab5z,NTA,4.0
cnab5z,NTA,4.0
cnab5z,NTA,4.0
cnab5z,NTA,4.0
cnab5z,NAH,3.0
cnab5z,NTA,4.0
cnab5z,NTA,4.0
cnab5z,NTA,4.0
cnab5z,YTA,4.0
cnab5z,NAH,3.0
cnab5z,NTA,4.0
cnab5z,ESH,3.0
cnab5z,NTA,4.0
cs9swp,YTA,4.0
cs9swp,NTA,4.0
cs9swp,NTA,4.0
cs9swp,NTA,4.0
cs9swp,NAH,3.0
cs9swp,YTA,4.0
cs9swp,NTA,4.0
cs9swp,NAH,3.0
cs9swp,YTA,3.0
cs9swp,NAH,4.0
cs9swp,YTA,3.0
cs9swp,YTA,3.0
cs9swp,NAH,3.0
cs9swp,NTA,3.0
cs9swp,YTA,3.0
cs9swp,YTA,4.0
cs9swp,NTA,4.0
cs9swp,NTA,4.0
cs9swp,NTA,4.0
cs9swp,NTA,4.0
cs9swp,YTA,4.0
cs9swp,NTA,4.0
cs9swp,YTA,4.0
cs9swp,YTA,4.0
cs9swp,NTA,4.0
cs9swp,YTA,4.0
cs9swp,NTA,4.0
cs9swp,NAH,3.0
cs9swp,YTA,3.0
cs9swp,NAH,3.0
cs9swp,YTA,4.0
cs9swp,YTA,4.0
cs9swp,YTA,3.0
cs9swp,NAH,3.0
cs9swp,NTA,4.0
cs9swp,NTA,4.0
cs9swp,YTA,3.0
cs9swp,NAH,3.0
cs9swp,YTA,4.0
cs9swp,NTA,4.0
cs9swp,NTA,3.0
cs9swp,YTA,3.0
cs9swp,YTA,4.0
cs9swp,NAH,2.0
cs9swp,YTA,4.0
cs9swp,NTA,4.0
cs9swp,YTA,3.0
cs9swp,NTA,4.0
cs9swp,YTA,2.0
cs9swp,NTA,4.0
cs9swp,YTA,3.0
cs9swp,YTA,3.0
cs9swp,YTA,4.0
cs9swp,YTA,4.0
cs9swp,YTA,3.0
cs9swp,YTA,4.0
cs9swp,NTA,4.0
cs9swp,NTA,3.0
cs9swp,YTA,4.0
cs9swp,YTA,4.0
cs9swp,NTA,4.0
cs9swp,YTA,3.0
cs9swp,YTA,3.0
cs9swp,NTA,3.0
cs9swp,YTA,4.0
cs9swp,YTA,4.0
cs9swp,YTA,3.0
cs9swp,NAH,3.0
cs9swp,YTA,4.0
cs9swp,YTA,3.0
cs9swp,NTA,4.0
cs9swp,NTA,4.0
cs9swp,NTA,4.0
cs9swp,YTA,4.0
cs9swp,NTA,4.0
cs9swp,YTA,4.0
cs9swp,YTA,4.0
cs9swp,NTA,4.0
cs9swp,YTA,3.0
cs9swp,NTA,4.0
cs9swp,YTA,4.0
cs9swp,NTA,4.0
cs9swp,YTA,4.0
cs9swp,NTA,4.0
cs9swp,YTA,1.0
cs9swp,NAH,3.0
cs9swp,NTA,4.0
cs9swp,NAH,3.0
cs9swp,NTA,3.0
cs9swp,YTA,4.0
cs9swp,YTA,4.0
cs9swp,YTA,4.0
cs9swp,YTA,4.0
cs9swp,YTA,4.0
cs9swp,YTA,4.0
cs9swp,NTA,4.0
cs9swp,YTA,4.0
cs9swp,YTA,3.0
cs9swp,NTA,4.0
cs9swp,NTA,4.0
cs9swp,YTA,4.0
cs9swp,NTA,4.0
cs9swp,NTA,4.0
cs9swp,NTA,4.0
cs9swp,NTA,4.0
cs9swp,NTA,4.0
cs9swp,YTA,4.0
cs9swp,NAH,2.0
cs9swp,YTA,3.0
cs9swp,NAH,3.0
cs9swp,YTA,4.0
cs9swp,NAH,3.0
cs9swp,YTA,4.0
cs9swp,YTA,3.0
cs9swp,YTA,3.0
cs9swp,NTA,4.0
cs9swp,NAH,3.0
cs9swp,NTA,4.0
cs9swp,YTA,4.0
cs9swp,YTA,4.0
cs9swp,NTA,4.0
cs9swp,NTA,4.0
cs9swp,YTA,4.0
cs9swp,NTA,4.0
cs9swp,NTA,4.0
cs9swp,YTA,4.0
cs9swp,NTA,4.0
cs9swp,NTA,4.0
cs9swp,YTA,4.0
cs9swp,NTA,4.0
cs9swp,NTA,4.0
cs9swp,NTA,4.0
cs9swp,ESH,4.0
cwcnix,YTA,3.0
cwcnix,NTA,4.0
cwcnix,NTA,4.0
cwcnix,YTA,4.0
cwcnix,NTA,4.0
cwcnix,NTA,4.0
cwcnix,YTA,2.0
cwcnix,NTA,4.0
cwcnix,NTA,4.0
cwcnix,YTA,3.0
cwcnix,NTA,4.0
cwcnix,YTA,3.0
cwcnix,NTA,4.0
cwcnix,YTA,4.0
cwcnix,NTA,4.0
cwcnix,NTA,4.0
cwcnix,NTA,4.0
cwcnix,YTA,4.0
cwcnix,NTA,4.0
cwcnix,NTA,4.0
cwcnix,NAH,3.0
cwcnix,NTA,4.0
cwcnix,NTA,3.0
cwcnix,NTA,4.0
cwcnix,NTA,3.0
cwcnix,NTA,4.0
cwcnix,NTA,4.0
cwcnix,NTA,4.0
cwcnix,NTA,4.0
cwcnix,NTA,4.0
cwcnix,NTA,3.0
cwcnix,NTA,3.0
cwcnix,YTA,3.0
cwcnix,NTA,4.0
cwcnix,NTA,4.0
cwcnix,YTA,4.0
cwcnix,NTA,4.0
cwcnix,YTA,3.0
cwcnix,NTA,4.0
cwcnix,YTA,4.0
cwcnix,NTA,4.0
cwcnix,YTA,1.0
cwcnix,ESH,2.0
cwcnix,NTA,4.0
cwcnix,NAH,4.0
cwcnix,YTA,4.0
cwcnix,YTA,3.0
cwcnix,NTA,4.0
cwcnix,NTA,4.0
cwcnix,YTA,3.0
cwcnix,NTA,4.0
cwcnix,NTA,4.0
cwcnix,NTA,4.0
cwcnix,YTA,4.0
cwcnix,YTA,3.0
cwcnix,NTA,4.0
cwcnix,NTA,4.0
cwcnix,YTA,4.0
cwcnix,YTA,4.0
cwcnix,YTA,3.0
cwcnix,YTA,4.0
cwcnix,YTA,4.0
cwcnix,NTA,4.0
cwcnix,NTA,4.0
cwcnix,NTA,4.0
cwcnix,NTA,4.0
cwcnix,NTA,4.0
cwcnix,NTA,4.0
cwcnix,YTA,4.0
cwcnix,NTA,4.0
cwcnix,YTA,3.0
cwcnix,YTA,3.0
cwcnix,YTA,3.0
cwcnix,NTA,4.0
cwcnix,NTA,4.0
cwcnix,YTA,4.0
cwcnix,NTA,4.0
cwcnix,YTA,4.0
cwcnix,YTA,4.0
cwcnix,YTA,4.0
cwcnix,NTA,4.0
cwcnix,YTA,4.0
cwcnix,NTA,4.0
cwcnix,NTA,4.0
cwcnix,YTA,4.0
cwcnix,YTA,4.0
cwcnix,YTA,3.0
cwcnix,YTA,4.0
cwcnix,NTA,4.0
cwcnix,NTA,4.0
cwcnix,YTA,4.0
cwcnix,YTA,3.0
cwcnix,NTA,4.0
cwcnix,YTA,4.0
cwcnix,ESH,3.0
cwcnix,NTA,4.0
cwcnix,NTA,4.0
cwcnix,NTA,4.0
cwcnix,YTA,2.0
cwcnix,NTA,4.0
cwcnix,YTA,3.0
cwcnix,NTA,4.0
cwcnix,YTA,2.0
cwcnix,NTA,4.0
cwcnix,YTA,3.0
cwcnix,YTA,4.0
cwcnix,YTA,4.0
cwcnix,NTA,4.0
cwcnix,YTA,3.0
cwcnix,YTA,4.0
cwcnix,YTA,2.0
cwcnix,YTA,4.0
cwcnix,YTA,3.0
cwcnix,YTA,4.0
cwcnix,NTA,4.0
cwcnix,NTA,4.0
cwcnix,YTA,3.0
cwcnix,ESH,3.0
cwcnix,YTA,3.0
cwcnix,NTA,4.0
cwcnix,YTA,3.0
cwcnix,NTA,4.0
cwcnix,NTA,4.0
cwcnix,YTA,2.0
cwcnix,YTA,4.0
cwcnix,YTA,3.0
cwcnix,NAH,3.0
cwcnix,NTA,4.0
cwcnix,NTA,4.0
cwcnix,NTA,4.0
cwcnix,NTA,4.0
cwcnix,NTA,4.0
cwcnix,YTA,4.0
cwcnix,YTA,3.0
cwcnix,NTA,4.0
cwcnix,NTA,4.0
cwcnix,NTA,4.0
cwcnix,NTA,4.0
cwcnix,YTA,4.0
cwcnix,YTA,4.0
cwcnix,NTA,4.0
cwcnix,YTA,4.0
cwcnix,NTA,4.0
cwcnix,NTA,4.0
cwcnix,NTA,4.0
cwcnix,NTA,4.0
cwcnix,YTA,4.0
cwcnix,NTA,3.0
cwcnix,NTA,4.0
cwcnix,NTA,4.0
cwcnix,YTA,4.0
cwcnix,NTA,4.0
cwcnix,YTA,3.0
cwcnix,YTA,4.0
cwcnix,YTA,3.0
cwcnix,NTA,4.0
cwcnix,YTA,4.0
cwcnix,YTA,2.0
cwcnix,NTA,4.0
cwcnix,ESH,2.0
cwcnix,NTA,4.0
cwcnix,NTA,4.0
cwcnix,NTA,4.0
cwcnix,YTA,4.0
cwcnix,NAH,4.0
cwcnix,YTA,4.0
cwcnix,NTA,4.0
cwcnix,NTA,4.0
cwcnix,YTA,4.0
cwcnix,NTA,4.0
cwcnix,NTA,3.0
cwcnix,NAH,4.0
cwcnix,NTA,4.0
cwcnix,NTA,4.0
cwcnix,YTA,4.0
cwcnix,YTA,4.0
cwcnix,NTA,4.0
cwcnix,NTA,4.0
cwcnix,NTA,4.0
cwcnix,NTA,4.0
cwcnix,YTA,4.0
cwcnix,YTA,4.0
cwcnix,NTA,3.0
cwcnix,ESH,3.0
cwcnix,YTA,3.0
cwcnix,YTA,3.0
cwcnix,YTA,3.0
cwcnix,NTA,4.0
cwcnix,YTA,3.0
cwcnix,NTA,4.0
cwcnix,YTA,4.0
cwcnix,NAH,3.0
cwcnix,NTA,4.0
cwcnix,NTA,3.0
cwcnix,YTA,3.0
cwcnix,NTA,4.0
cwcnix,YTA,4.0
cwcnix,YTA,3.0
cwcnix,NTA,4.0
cwcnix,NTA,4.0
cwcnix,YTA,2.0
cwcnix,YTA,4.0
cwcnix,YTA,4.0
cwcnix,YTA,4.0
cwcnix,YTA,3.0
cwcnix,YTA,4.0
cwcnix,YTA,4.0
cwcnix,YTA,3.0
cwcnix,NTA,4.0
cwcnix,YTA,3.0
cwcnix,NTA,4.0
cwcnix,YTA,4.0
cwcnix,NTA,4.0
cwcnix,NTA,4.0
cwcnix,NTA,4.0
cwcnix,NTA,4.0
cwcnix,NTA,4.0
cwcnix,ESH,3.0
cwcnix,NTA,2.0
cwcnix,YTA,2.0
cwcnix,NTA,4.0
cwcnix,NTA,4.0
cwcnix,NTA,4.0
cwcnix,YTA,3.0
cwcnix,ESH,3.0
cwcnix,NTA,4.0
cwcnix,YTA,4.0
cwcnix,NTA,4.0
cwcnix,NTA,4.0
cwcnix,NTA,4.0
cwcnix,NTA,4.0
cwcnix,ESH,3.0
cwcnix,NTA,4.0
cwcnix,YTA,3.0
cwcnix,ESH,2.0
cwcnix,NTA,4.0
cwcnix,YTA,4.0
cwcnix,YTA,4.0
cwcnix,ESH,3.0
cwcnix,NTA,4.0
cwcnix,NTA,4.0
cwcnix,NTA,4.0
cwcnix,YTA,3.0
cwcnix,YTA,4.0
cwcnix,ESH,2.0
cwcnix,YTA,4.0
cwcnix,YTA,3.0
cwcnix,NTA,4.0
cwcnix,YTA,4.0
cwcnix,YTA,4.0
cwcnix,NTA,4.0
cwcnix,YTA,4.0
cwcnix,YTA,3.0
cxr97c,YTA,4.0
cxr97c,YTA,4.0
cxr97c,YTA,4.0
cxr97c,YTA,3.0
cxr97c,YTA,3.0
cxr97c,YTA,3.0
cxr97c,YTA,4.0
cxr97c,NTA,4.0
cxr97c,YTA,4.0
cxr97c,YTA,4.0
cxr97c,NTA,4.0
cxr97c,NAH,3.0
cxr97c,YTA,4.0
cxr97c,YTA,4.0
cxr97c,YTA,4.0
cxr97c,YTA,3.0
cxr97c,NTA,4.0
cxr97c,NAH,4.0
cxr97c,YTA,3.0
cxr97c,YTA,3.0
cxr97c,YTA,4.0
cxr97c,NTA,3.0
cxr97c,YTA,3.0
cxr97c,YTA,4.0
cxr97c,YTA,4.0
cxr97c,YTA,4.0
cxr97c,YTA,4.0
cxr97c,NTA,4.0
cxr97c,NTA,4.0
cxr97c,YTA,3.0
cxr97c,NTA,4.0
cxr97c,NTA,3.0
cxr97c,YTA,4.0
cxr97c,YTA,3.0
cxr97c,YTA,3.0
cxr97c,NTA,4.0
cxr97c,YTA,4.0
cxr97c,YTA,4.0
cxr97c,YTA,4.0
cxr97c,NTA,4.0
cxr97c,YTA,4.0
cxr97c,YTA,4.0
cxr97c,YTA,4.0
cxr97c,YTA,4.0
cxr97c,YTA,4.0
cxr97c,NTA,4.0
cxr97c,ESH,2.0
cxr97c,NTA,4.0
cxr97c,NTA,4.0
cxr97c,NTA,4.0
cxr97c,NAH,4.0
cxr97c,YTA,4.0
cxr97c,YTA,3.0
cxr97c,NTA,4.0
cxr97c,YTA,4.0
cxr97c,NTA,4.0
cxr97c,ESH,3.0
cxr97c,YTA,4.0
cxr97c,YTA,4.0
cxr97c,NTA,4.0
cxr97c,NTA,4.0
cxr97c,NTA,3.0
cxr97c,YTA,4.0
cxr97c,NAH,3.0
cxr97c,YTA,4.0
cxr97c,YTA,2.0
cxr97c,YTA,4.0
cxr97c,NTA,4.0
cxr97c,NTA,4.0
cxr97c,YTA,4.0
cxr97c,NTA,4.0
cxr97c,NTA,3.0
cxr97c,YTA,4.0
cxr97c,NTA,4.0
cxr97c,ESH,3.0
cxr97c,NAH,3.0
cxr97c,YTA,1.0
cxr97c,YTA,4.0
cxr97c,NTA,4.0
cxr97c,YTA,4.0
cxr97c,YTA,4.0
cxr97c,NTA,4.0
cxr97c,ESH,2.0
cxr97c,ESH,2.0
cxr97c,YTA,4.0
cxr97c,NTA,4.0
cxr97c,YTA,4.0
cxr97c,NTA,4.0
cxr97c,YTA,4.0
cxr97c,NTA,4.0
cxr97c,YTA,4.0
cxr97c,YTA,4.0
cxr97c,NTA,4.0
cxr97c,YTA,4.0
cxr97c,YTA,4.0
cxr97c,NTA,4.0
cxr97c,YTA,4.0
cxr97c,NTA,4.0
cxr97c,NTA,4.0
cxr97c,YTA,4.0
cxr97c,NTA,4.0
cxr97c,YTA,4.0
cxr97c,NTA,4.0
cxr97c,YTA,4.0
cxr97c,YTA,3.0
cxr97c,YTA,4.0
cxr97c,NTA,4.0
cxr97c,NTA,4.0
cxr97c,NTA,4.0
cxr97c,ESH,2.0
cxr97c,NTA,4.0
cxr97c,YTA,4.0
cxr97c,YTA,3.0
cxr97c,YTA,3.0
cxr97c,YTA,4.0
cxr97c,YTA,4.0
cxr97c,NTA,4.0
cxr97c,NTA,4.0
cxr97c,NTA,4.0
cxr97c,NTA,4.0
cxr97c,NTA,4.0
cxr97c,YTA,4.0
cxr97c,NTA,2.0
cxr97c,NTA,4.0
cxr97c,NTA,4.0
cxr97c,NTA,4.0
cxr97c,YTA,4.0
cxr97c,NTA,4.0
cxr97c,NTA,3.0
cxr97c,NTA,4.0
cxr97c,NTA,4.0
cxr97c,YTA,4.0
cxr97c,NTA,4.0
cxr97c,YTA,4.0
cxr97c,NTA,4.0
cxr97c,NTA,4.0
cxr97c,YTA,4.0
cxr97c,YTA,4.0
cxr97c,YTA,4.0
cxr97c,YTA,2.0
cxr97c,NTA,4.0
cxr97c,YTA,4.0
cxr97c,YTA,4.0
cxr97c,YTA,4.0
cxr97c,YTA,4.0
cxr97c,NTA,4.0
cxr97c,YTA,4.0
cxr97c,NTA,4.0
cxr97c,NTA,3.0
cxr97c,NTA,4.0
cxr97c,YTA,3.0
cxr97c,NTA,4.0
cxr97c,YTA,4.0
cxr97c,NTA,4.0
cxr97c,YTA,4.0
cxr97c,NTA,3.0
cxr97c,YTA,4.0
cxr97c,NTA,4.0
cxr97c,NTA,4.0
cxr97c,NTA,4.0
cxr97c,NTA,4.0
cxr97c,NAH,3.0
cxr97c,YTA,4.0
cxr97c,NAH,3.0
cxr97c,YTA,3.0
cxr97c,YTA,4.0
cxr97c,YTA,4.0
cxr97c,YTA,4.0
cxr97c,NTA,4.0
cxr97c,YTA,4.0
cxr97c,NTA,4.0
cxr97c,YTA,4.0
cxr97c,NTA,4.0
cxr97c,YTA,4.0
cxr97c,YTA,4.0
cxr97c,NTA,4.0
cxr97c,NTA,4.0
cxr97c,NTA,4.0
cxr97c,YTA,4.0
cxr97c,YTA,4.0
cxr97c,YTA,4.0
cxr97c,NTA,4.0
cxr97c,NTA,4.0
cxr97c,ESH,3.0
cxr97c,YTA,4.0
cxr97c,NTA,4.0
cxr97c,NTA,4.0
cxr97c,NTA,4.0
cxr97c,NTA,4.0
cxr97c,YTA,4.0
cxr97c,YTA,4.0
cxr97c,NTA,4.0
cxr97c,YTA,4.0
cxr97c,NTA,4.0
cxr97c,NTA,4.0
cxr97c,YTA,4.0
cxr97c,NTA,4.0
cxr97c,YTA,4.0
cxr97c,NTA,4.0
cxr97c,YTA,3.0
cxr97c,YTA,4.0
cxr97c,NTA,4.0
cxr97c,YTA,4.0
cxr97c,NTA,4.0
cxr97c,YTA,4.0
cxr97c,ESH,3.0
cxr97c,NTA,4.0
cxr97c,YTA,4.0
cxr97c,YTA,4.0
cxr97c,ESH,3.0
cxr97c,YTA,4.0
cxr97c,YTA,4.0
cxr97c,YTA,4.0
cxr97c,NTA,4.0
cxr97c,YTA,4.0
cxr97c,YTA,3.0
cxr97c,YTA,4.0
cxr97c,NTA,4.0
cxr97c,YTA,4.0
cxr97c,YTA,4.0
cxr97c,NTA,4.0
cxr97c,YTA,4.0
cxr97c,ESH,3.0
cxr97c,NTA,4.0
cxr97c,YTA,4.0
cxr97c,YTA,4.0
cxr97c,NTA,4.0
cxr97c,YTA,3.0
cxr97c,YTA,4.0
cxr97c,YTA,2.0
cxr97c,NTA,4.0
cxr97c,NTA,4.0
cxr97c,YTA,4.0
cxr97c,YTA,4.0
cxr97c,NTA,4.0
cxr97c,NTA,4.0
cxr97c,NTA,3.0
cxr97c,NTA,4.0
cxr97c,NTA,4.0
cxr97c,YTA,4.0
cxr97c,NTA,4.0
cxr97c,ESH,3.0
cxr97c,NTA,4.0
cxr97c,YTA,4.0
cxr97c,NTA,4.0
cxr97c,YTA,3.0
cxr97c,YTA,4.0
cxr97c,YTA,4.0
cxr97c,YTA,4.0
cxr97c,YTA,4.0
cxr97c,YTA,4.0
cxr97c,YTA,4.0
cxr97c,YTA,3.0
cxr97c,NTA,4.0
cxr97c,YTA,4.0
cxr97c,YTA,4.0
cxr97c,NTA,4.0
cxr97c,NTA,4.0
cxr97c,NTA,4.0
cxr97c,NTA,4.0
cxr97c,NTA,4.0
cxr97c,YTA,4.0
cxr97c,YTA,4.0
cxr97c,YTA,4.0
cxr97c,NTA,4.0
cxr97c,YTA,3.0
cxr97c,NTA,4.0
cxr97c,NTA,4.0
cxr97c,NTA,4.0
cxr97c,NTA,4.0
cxr97c,NTA,4.0
cxr97c,YTA,3.0
cxr97c,YTA,4.0
cxr97c,YTA,3.0
cxr97c,YTA,4.0
cxr97c,NTA,4.0
cxr97c,NTA,3.0
cxr97c,YTA,4.0
cxr97c,YTA,4.0
cxr97c,NTA,4.0
cxr97c,NTA,4.0
cxr97c,YTA,4.0
cxr97c,NTA,4.0
cxr97c,YTA,4.0
cxr97c,YTA,4.0
cxr97c,YTA,4.0
cxr97c,NTA,4.0
cxr97c,YTA,4.0
cxr97c,NTA,4.0
cxr97c,YTA,3.0
cxr97c,YTA,3.0
cxr97c,NTA,4.0
cxr97c,NTA,4.0
cxr97c,NTA,4.0
cxr97c,NTA,4.0
cxr97c,YTA,4.0
cxr97c,YTA,4.0
cxr97c,YTA,4.0
cxr97c,YTA,4.0
cxr97c,NTA,3.0
cxr97c,NTA,4.0
cxr97c,NTA,4.0
cxr97c,NTA,4.0
cxr97c,YTA,4.0
cxr97c,NTA,4.0
cxr97c,NTA,4.0
cxr97c,YTA,4.0
cxr97c,YTA,4.0
cxr97c,NTA,4.0
cxr97c,YTA,4.0
cxr97c,NTA,4.0
cxr97c,YTA,3.0
cxr97c,NTA,4.0
cxr97c,ESH,3.0
cxr97c,NTA,4.0
cxr97c,YTA,4.0
cxr97c,NTA,4.0
cxr97c,NTA,4.0
cxr97c,YTA,4.0
cxr97c,YTA,4.0
cxr97c,NTA,4.0
cxr97c,NTA,4.0
cxr97c,YTA,4.0
cxr97c,NTA,3.0
cxr97c,YTA,4.0
cxr97c,YTA,4.0
cxr97c,YTA,4.0
cxr97c,YTA,4.0
cxr97c,YTA,4.0
cxr97c,YTA,4.0
cxr97c,YTA,4.0
cxr97c,NTA,4.0
cxr97c,NTA,4.0
cxr97c,ESH,3.0
cxr97c,YTA,3.0
cxr97c,YTA,3.0
cxr97c,YTA,3.0
cxr97c,YTA,3.0
cxr97c,YTA,3.0
cxr97c,YTA,4.0
cxr97c,NTA,4.0
cxr97c,NTA,4.0
cxr97c,NTA,4.0
cxr97c,YTA,4.0
cxr97c,YTA,4.0
cxr97c,NTA,4.0
cxr97c,YTA,3.0
cxr97c,NTA,4.0
cxr97c,YTA,4.0
cxr97c,ESH,4.0
cxr97c,YTA,3.0
cxr97c,NTA,4.0
cxr97c,NTA,4.0
cxr97c,NTA,4.0
cxr97c,YTA,4.0
cxr97c,NTA,4.0
cxr97c,NTA,4.0
cxr97c,NTA,4.0
cxr97c,YTA,4.0
cxr97c,NTA,4.0
cxr97c,NTA,4.0
cxr97c,NTA,4.0
cxr97c,NTA,4.0
cxr97c,NTA,3.0
cxr97c,YTA,4.0
cxr97c,YTA,4.0
cxr97c,NTA,4.0
cxr97c,YTA,4.0
cxr97c,ESH,3.0
cxr97c,YTA,3.0
cxr97c,YTA,4.0
cxr97c,NTA,4.0
cxr97c,YTA,4.0
cxr97c,YTA,4.0
cxr97c,ESH,3.0
cxr97c,YTA,3.0
cxr97c,YTA,4.0
cxr97c,YTA,4.0
cxr97c,NTA,4.0
cxr97c,NTA,2.0
cxr97c,NTA,4.0
cxr97c,NTA,4.0
cxr97c,YTA,3.0
cxr97c,YTA,4.0
cxr97c,YTA,4.0
cxr97c,YTA,4.0
cxr97c,NTA,1.0
cxr97c,NTA,4.0
cxr97c,NTA,4.0
cxr97c,NTA,4.0
cxr97c,YTA,4.0
cxr97c,YTA,4.0
cxr97c,YTA,3.0
cxr97c,NTA,4.0
cxr97c,YTA,4.0
cxr97c,YTA,3.0
cxr97c,YTA,4.0
cxr97c,NTA,3.0
cxr97c,YTA,3.0
cxr97c,NTA,4.0
cxr97c,YTA,4.0
cxr97c,NTA,4.0
cxr97c,YTA,4.0
cxr97c,YTA,4.0
cxr97c,NTA,4.0
cxr97c,YTA,4.0
cxr97c,NTA,4.0
cxr97c,NTA,4.0
cxr97c,YTA,3.0
cxr97c,NTA,4.0
cxr97c,YTA,4.0
cxr97c,NTA,4.0
cxr97c,YTA,4.0
cxr97c,NTA,4.0
cxr97c,YTA,3.0
cxr97c,YTA,4.0
cxr97c,YTA,4.0
cxr97c,YTA,4.0
cxr97c,YTA,4.0
cxr97c,NTA,4.0
cxr97c,ESH,3.0
cxr97c,YTA,4.0
cxr97c,YTA,4.0
cxr97c,NTA,4.0
cxr97c,YTA,3.0
cxr97c,YTA,3.0
cxr97c,YTA,4.0
cxr97c,YTA,3.0
cxr97c,NTA,4.0
cxr97c,YTA,4.0
cxr97c,YTA,4.0
cxr97c,YTA,4.0
cxr97c,NTA,4.0
cxr97c,NTA,4.0
cxr97c,YTA,4.0
cxr97c,YTA,4.0
cxr97c,YTA,3.0
cxr97c,NTA,4.0
cxr97c,NTA,4.0
cxr97c,NTA,4.0
cxr97c,NTA,4.0
cxr97c,YTA,4.0
cxr97c,NTA,4.0
cxr97c,YTA,4.0
cxr97c,NTA,4.0
cxr97c,YTA,4.0
cxr97c,NTA,4.0
cxr97c,YTA,3.0
cxr97c,NTA,4.0
cxr97c,YTA,4.0
cxr97c,YTA,4.0
cxr97c,NTA,4.0
cxr97c,NTA,4.0
cxr97c,NTA,4.0
cxr97c,NTA,4.0
cxr97c,YTA,4.0
cxr97c,YTA,4.0
cxr97c,YTA,4.0
cxr97c,YTA,2.0
cxr97c,NTA,4.0
cxr97c,NTA,4.0
cxr97c,YTA,3.0
cxr97c,YTA,4.0
cxr97c,YTA,4.0
cxr97c,YTA,4.0
cxr97c,ESH,3.0
cxr97c,YTA,4.0
cxr97c,YTA,3.0
cxr97c,YTA,4.0
cxr97c,YTA,1.0
cxr97c,YTA,3.0
cxr97c,NTA,4.0
cxr97c,NTA,4.0
cxr97c,YTA,4.0
cxr97c,NTA,4.0
cxr97c,YTA,4.0
cxr97c,NTA,4.0
cxr97c,YTA,4.0
cxr97c,YTA,4.0
cxr97c,YTA,4.0
cxr97c,NTA,4.0
cxr97c,YTA,4.0
cxr97c,YTA,4.0
cxr97c,NTA,4.0
cxr97c,NTA,4.0
cxr97c,YTA,4.0
cxr97c,YTA,3.0
cxr97c,YTA,4.0
cxr97c,NAH,3.0
cxr97c,NTA,4.0
cxr97c,YTA,4.0
cxr97c,NTA,4.0
cxr97c,NTA,4.0
cxr97c,NTA,4.0
cxr97c,YTA,4.0
cxr97c,NAH,3.0
cxr97c,YTA,4.0
cxr97c,NTA,4.0
cxr97c,YTA,4.0
cxr97c,YTA,3.0
cxr97c,YTA,4.0
cxr97c,YTA,3.0
cxr97c,NTA,4.0
cxr97c,NTA,4.0
cxr97c,NTA,4.0
cxr97c,NTA,4.0
cxr97c,NTA,4.0
cxr97c,NTA,4.0
cxr97c,YTA,4.0
cxr97c,NTA,4.0
cxr97c,YTA,4.0
cxr97c,NTA,3.0
cxr97c,NTA,4.0
cxr97c,YTA,3.0
cxr97c,NTA,4.0
cxr97c,NTA,4.0
cxr97c,YTA,4.0
cxr97c,YTA,1.0
cxr97c,NTA,4.0
cxr97c,NTA,3.0
cxr97c,NTA,4.0
cxr97c,NTA,4.0
cxr97c,NTA,4.0
cxr97c,YTA,4.0
cxr97c,YTA,4.0
cxr97c,YTA,4.0
cxr97c,YTA,4.0
cxr97c,NTA,4.0
cxr97c,NTA,4.0
cxr97c,YTA,4.0
cxr97c,NTA,4.0
cxr97c,NTA,4.0
cxr97c,YTA,4.0
cxr97c,YTA,4.0
cxr97c,YTA,4.0
cxr97c,YTA,4.0
cxr97c,ESH,3.0
cxr97c,YTA,4.0
cxr97c,NTA,4.0
cxr97c,YTA,3.0
cxr97c,YTA,4.0
cxr97c,NTA,4.0
cxr97c,NTA,4.0
cxr97c,NTA,4.0
cxr97c,NTA,3.0
cxr97c,NTA,3.0
cxr97c,ESH,3.0
cxr97c,YTA,4.0
cxr97c,NTA,4.0
cxr97c,YTA,4.0
cxr97c,YTA,4.0
cxr97c,YTA,4.0
cxr97c,NTA,4.0
cxr97c,YTA,4.0
cxr97c,NTA,4.0
cxr97c,YTA,4.0
cxr97c,NTA,4.0
cxr97c,YTA,3.0
cxr97c,NTA,4.0
cxr97c,NTA,4.0
cxr97c,YTA,4.0
cxr97c,YTA,4.0
cxr97c,NTA,4.0
cxr97c,NTA,4.0
cxr97c,YTA,4.0
cxr97c,YTA,4.0
cxr97c,YTA,4.0
cxr97c,ESH,4.0
cxr97c,YTA,4.0
cxr97c,YTA,4.0
cxr97c,NTA,4.0
cxr97c,YTA,4.0
cxr97c,NTA,4.0
cxr97c,YTA,4.0
cxr97c,YTA,4.0
cxr97c,NTA,4.0
cxr97c,NTA,4.0
cxr97c,NTA,4.0
cxr97c,YTA,2.0
cxr97c,NTA,4.0
cxr97c,NTA,4.0
cxr97c,NTA,4.0
cxr97c,YTA,4.0
cxr97c,NTA,4.0
cxr97c,NTA,4.0
cxr97c,NTA,3.0
cxr97c,YTA,4.0
cxr97c,YTA,4.0
cxr97c,YTA,3.0
cxr97c,YTA,4.0
cxr97c,YTA,4.0
cxr97c,NTA,3.0
cxr97c,YTA,3.0
cxr97c,NTA,4.0
cxr97c,NTA,3.0
cxr97c,YTA,4.0
cxr97c,YTA,4.0
cxr97c,YTA,4.0
cxr97c,YTA,3.0
cxr97c,YTA,3.0
cxr97c,YTA,3.0
cxr97c,YTA,4.0
cxr97c,NTA,4.0
cxr97c,YTA,4.0
cxr97c,YTA,4.0
cxr97c,NTA,4.0
cxr97c,YTA,4.0
cxr97c,ESH,2.0
cxr97c,YTA,4.0
cxr97c,NAH,3.0
cxr97c,YTA,3.0
cxr97c,NTA,4.0
cxr97c,NTA,4.0
cxr97c,YTA,2.0
cxr97c,NTA,3.0
cxr97c,YTA,4.0
cxr97c,YTA,4.0
cxr97c,NTA,4.0
cxr97c,YTA,4.0
cxr97c,YTA,3.0
cxr97c,NTA,4.0
cxr97c,NTA,4.0
cxr97c,NTA,4.0
cxr97c,YTA,4.0
cxr97c,YTA,4.0
cxr97c,NAH,4.0
cxr97c,YTA,4.0
cxr97c,NTA,4.0
cxr97c,NTA,4.0
cxr97c,NTA,4.0
cxr97c,NTA,4.0
cxr97c,NTA,4.0
cxr97c,NTA,4.0
cxr97c,NTA,4.0
cxr97c,NTA,4.0
cxr97c,NTA,4.0
cxr97c,NAH,3.0
cxr97c,YTA,3.0
cxr97c,YTA,4.0
cxr97c,YTA,3.0
cxr97c,NTA,4.0
cxr97c,YTA,4.0
cxr97c,NTA,4.0
cxr97c,NTA,4.0
cxr97c,NTA,4.0
cxr97c,YTA,4.0
cxr97c,NTA,4.0
cxr97c,NTA,4.0
cxr97c,NTA,4.0
cxr97c,NTA,4.0
cxr97c,YTA,4.0
cxr97c,YTA,4.0
cxr97c,NTA,4.0
cxr97c,NTA,4.0
cxr97c,NTA,4.0
cxr97c,NTA,4.0
cxr97c,YTA,4.0
cxr97c,YTA,4.0
cxr97c,NTA,4.0
cxr97c,YTA,3.0
cxr97c,YTA,4.0
cxr97c,NTA,4.0
cxr97c,YTA,4.0
cxr97c,NTA,4.0
cxr97c,NTA,4.0
cxr97c,YTA,4.0
cxr97c,NTA,4.0
cxr97c,NTA,3.0
d0v5vy,NAH,3.0
d0v5vy,NAH,3.0
d0v5vy,NAH,3.0
d0v5vy,YTA,4.0
d0v5vy,NAH,3.0
d0v5vy,NAH,3.0
d0v5vy,YTA,4.0
d0v5vy,YTA,4.0
d0v5vy,YTA,3.0
d0v5vy,NAH,3.0
d0v5vy,NAH,3.0
d0v5vy,NAH,3.0
d0v5vy,YTA,3.0
d0v5vy,YTA,3.0
d0v5vy,YTA,3.0
d0v5vy,YTA,4.0
d0v5vy,ESH,3.0
d0v5vy,YTA,3.0
d0v5vy,YTA,3.0
d0v5vy,NTA,3.0
d0v5vy,YTA,4.0
d0v5vy,YTA,3.0
d0v5vy,NAH,4.0
d0v5vy,YTA,3.0
d0v5vy,YTA,4.0
d0v5vy,YTA,1.0
d0v5vy,NAH,3.0
d0v5vy,NTA,3.0
d0v5vy,YTA,3.0
d0v5vy,YTA,3.0
d0v5vy,YTA,3.0
d0v5vy,NTA,3.0
d0v5vy,NAH,3.0
d0v5vy,NTA,4.0
d0v5vy,YTA,4.0
d0v5vy,NAH,4.0
d0v5vy,NAH,4.0
d0v5vy,NTA,3.0
d0v5vy,NTA,3.0
d0v5vy,YTA,4.0
d0v5vy,YTA,4.0
d0v5vy,NAH,3.0
d0v5vy,YTA,4.0
d0v5vy,YTA,3.0
d0v5vy,YTA,4.0
d0v5vy,YTA,3.0
d0v5vy,YTA,3.0
d0v5vy,NAH,3.0
d0v5vy,NTA,4.0
d0v5vy,ESH,3.0
d0v5vy,YTA,4.0
d0v5vy,YTA,3.0
d0v5vy,NAH,4.0
d0v5vy,YTA,4.0
d0v5vy,YTA,4.0
d0v5vy,YTA,4.0
d0v5vy,NTA,4.0
d0v5vy,NTA,4.0
d0v5vy,NAH,3.0
d0v5vy,NAH,3.0
d0v5vy,ESH,3.0
d0v5vy,YTA,4.0
d0v5vy,YTA,4.0
d0v5vy,YTA,4.0
d0v5vy,NTA,4.0
d0v5vy,YTA,4.0
d0v5vy,YTA,4.0
d0v5vy,YTA,4.0
d0v5vy,YTA,4.0
d0v5vy,YTA,3.0
d0v5vy,YTA,4.0
d0v5vy,NAH,3.0
d0v5vy,YTA,4.0
d0v5vy,YTA,3.0
d0v5vy,YTA,4.0
d0v5vy,YTA,3.0
d0v5vy,YTA,3.0
d0v5vy,YTA,4.0
d0v5vy,YTA,3.0
d0v5vy,YTA,3.0
d0v5vy,YTA,4.0
d0v5vy,NAH,3.0
d0v5vy,YTA,3.0
d0v5vy,YTA,3.0
d0v5vy,ESH,3.0
d0v5vy,NTA,4.0
d0v5vy,ESH,3.0
d0v5vy,ESH,3.0
d0v5vy,YTA,3.0
d0v5vy,YTA,4.0
d0v5vy,NTA,4.0
d0v5vy,YTA,4.0
d0v5vy,YTA,3.0
d0v5vy,YTA,3.0
d0v5vy,NTA,4.0
d0v5vy,YTA,3.0
d0v5vy,YTA,4.0
d0v5vy,NTA,4.0
d0v5vy,YTA,3.0
d0v5vy,NAH,4.0
d0v5vy,YTA,4.0
d0v5vy,NAH,4.0
d0v5vy,NTA,4.0
d0v5vy,NTA,3.0
d0v5vy,NAH,3.0
d0v5vy,NTA,3.0
d0v5vy,NTA,4.0
d0v5vy,NAH,3.0
d0v5vy,YTA,4.0
d0v5vy,YTA,3.0
d0v5vy,YTA,4.0
d0v5vy,NAH,4.0
d0v5vy,NTA,4.0
d0v5vy,ESH,3.0
d0v5vy,YTA,4.0
d0v5vy,YTA,4.0
d0v5vy,ESH,3.0
d0v5vy,ESH,3.0
d0v5vy,NAH,3.0
d0v5vy,YTA,4.0
d0v5vy,YTA,3.0
d0v5vy,YTA,3.0
d0v5vy,NTA,4.0
d0v5vy,YTA,4.0
d0v5vy,YTA,3.0
d0v5vy,YTA,3.0
d0v5vy,YTA,3.0
d0v5vy,YTA,4.0
d0v5vy,NTA,3.0
d0v5vy,YTA,3.0
d0v5vy,YTA,4.0
d0v5vy,NTA,4.0
d0v5vy,NTA,4.0
d0v5vy,NAH,4.0
d0v5vy,NTA,4.0
d0v5vy,YTA,3.0
d0v5vy,NTA,4.0
d0v5vy,YTA,3.0
d0v5vy,YTA,4.0
d0v5vy,NTA,4.0
d0v5vy,YTA,4.0
d0v5vy,YTA,2.0
d0v5vy,YTA,4.0
d0v5vy,NAH,3.0
d0v5vy,YTA,4.0
d0v5vy,YTA,4.0
d0v5vy,NAH,4.0
d0v5vy,NTA,4.0
d0v5vy,YTA,4.0
d0v5vy,NAH,3.0
d0v5vy,YTA,4.0
d0v5vy,NTA,4.0
d0v5vy,YTA,4.0
d0v5vy,YTA,4.0
d0v5vy,YTA,4.0
d0v5vy,YTA,4.0
d0v5vy,YTA,3.0
d0v5vy,ESH,3.0
d0v5vy,NTA,3.0
d0v5vy,NTA,4.0
d0v5vy,YTA,3.0
d0v5vy,NAH,3.0
d0v5vy,YTA,4.0
d0v5vy,YTA,4.0
d0v5vy,YTA,4.0
d0v5vy,YTA,4.0
d0v5vy,YTA,4.0
d0v5vy,NAH,3.0
d0v5vy,YTA,3.0
d0v5vy,YTA,3.0
d0v5vy,YTA,3.0
d0v5vy,NAH,4.0
d0v5vy,YTA,4.0
d0v5vy,YTA,3.0
d0v5vy,YTA,4.0
d0v5vy,YTA,4.0
d0v5vy,YTA,4.0
d0v5vy,NTA,4.0
d0v5vy,YTA,3.0
d0v5vy,YTA,4.0
d0v5vy,YTA,4.0
d0v5vy,YTA,4.0
d0v5vy,YTA,4.0
d0v5vy,NTA,4.0
d0v5vy,NAH,3.0
d0v5vy,NTA,4.0
d0v5vy,YTA,4.0
d0v5vy,YTA,4.0
d0v5vy,YTA,3.0
d0v5vy,YTA,4.0
d0v5vy,YTA,4.0
d0v5vy,YTA,4.0
d0v5vy,YTA,4.0
d0v5vy,NTA,3.0
d0v5vy,NAH,3.0
d0v5vy,YTA,4.0
d0v5vy,ESH,3.0
d0v5vy,YTA,3.0
d0v5vy,YTA,3.0
d0v5vy,YTA,3.0
d0v5vy,NTA,3.0
d0v5vy,YTA,4.0
d0v5vy,NAH,3.0
d0v5vy,YTA,4.0
d0v5vy,NTA,4.0
d0v5vy,NTA,4.0
d0v5vy,YTA,4.0
d0v5vy,NTA,4.0
d0v5vy,NTA,4.0
d0v5vy,NTA,4.0
d0v5vy,NTA,3.0
d0v5vy,NAH,4.0
d0v5vy,YTA,3.0
d0v5vy,YTA,3.0
d0v5vy,NTA,4.0
d0v5vy,NAH,3.0
d0v5vy,YTA,4.0
d0v5vy,YTA,3.0
d0v5vy,NTA,4.0
d0v5vy,NTA,4.0
d0v5vy,NTA,4.0
d0v5vy,YTA,3.0
d0v5vy,YTA,3.0
d0v5vy,YTA,3.0
d0v5vy,YTA,4.0
d0v5vy,YTA,3.0
d0v5vy,YTA,4.0
d0v5vy,NTA,4.0
d0v5vy,NTA,4.0
d0v5vy,NTA,4.0
d0xxdz,NTA,3.0
d0xxdz,NTA,4.0
d0xxdz,NTA,4.0
d0xxdz,ESH,3.0
d0xxdz,YTA,4.0
d0xxdz,NTA,3.0
d0xxdz,NTA,4.0
d0xxdz,ESH,3.0
d0xxdz,YTA,4.0
d0xxdz,NTA,4.0
d0xxdz,NTA,4.0
d0xxdz,ESH,3.0
d0xxdz,NTA,4.0
d0xxdz,NTA,4.0
d0xxdz,NTA,4.0
d0xxdz,NTA,4.0
d0xxdz,NTA,4.0
d0xxdz,ESH,3.0
d0xxdz,NTA,4.0
d0xxdz,NTA,4.0
d0xxdz,YTA,3.0
d0xxdz,ESH,3.0
d0xxdz,NTA,4.0
d0xxdz,NTA,3.0
d0xxdz,NTA,4.0
d0xxdz,ESH,3.0
d0xxdz,NTA,2.0
d0xxdz,NTA,4.0
d0xxdz,NTA,4.0
d0xxdz,NTA,4.0
d0xxdz,ESH,3.0
d0xxdz,NTA,4.0
d0xxdz,ESH,3.0
d0xxdz,YTA,4.0
d0xxdz,YTA,4.0
d0xxdz,NAH,3.0
d0xxdz,ESH,3.0
d0xxdz,NTA,4.0
d0xxdz,NTA,4.0
d0xxdz,ESH,3.0
d0xxdz,NAH,3.0
d0xxdz,NTA,4.0
d0xxdz,YTA,4.0
d0xxdz,NTA,4.0
d0xxdz,NAH,1.0
d0xxdz,ESH,2.0
d0xxdz,ESH,3.0
d0xxdz,ESH,3.0
d0xxdz,ESH,3.0
d0xxdz,NTA,4.0
d0xxdz,NTA,4.0
d0xxdz,ESH,3.0
d0xxdz,NTA,4.0
d0xxdz,NTA,4.0
d0xxdz,NTA,3.0
d0xxdz,NTA,3.0
d0xxdz,NTA,4.0
d0xxdz,NTA,4.0
d0xxdz,ESH,3.0
d0xxdz,NTA,3.0
d0xxdz,ESH,3.0
d0xxdz,NTA,4.0
d0xxdz,YTA,4.0
d0xxdz,ESH,3.0
d0xxdz,ESH,3.0
d0xxdz,NTA,4.0
d0xxdz,YTA,4.0
d0xxdz,NTA,4.0
d0xxdz,NTA,3.0
d0xxdz,NTA,4.0
d0xxdz,ESH,4.0
d0xxdz,NTA,4.0
d0xxdz,NTA,4.0
d0xxdz,ESH,3.0
d0xxdz,ESH,3.0
d0xxdz,YTA,4.0
d0xxdz,YTA,4.0
d0xxdz,YTA,4.0
d0xxdz,NTA,4.0
d0xxdz,NTA,3.0
d0xxdz,NTA,4.0
d0xxdz,NTA,4.0
d0xxdz,ESH,3.0
d0xxdz,NTA,4.0
d0xxdz,ESH,3.0
d0xxdz,NTA,4.0
d0xxdz,ESH,3.0
d0xxdz,YTA,4.0
d0xxdz,NTA,4.0
d0xxdz,ESH,3.0
d0xxdz,NTA,4.0
d0xxdz,YTA,4.0
d0xxdz,ESH,3.0
d0xxdz,ESH,3.0
d0xxdz,NTA,4.0
d0xxdz,NAH,3.0
d0xxdz,ESH,3.0
d0xxdz,YTA,4.0
d0xxdz,ESH,4.0
d0xxdz,NTA,3.0
d0xxdz,ESH,3.0
d0xxdz,NTA,3.0
d0xxdz,YTA,4.0
d0xxdz,NTA,4.0
d0xxdz,NTA,4.0
d0xxdz,NTA,4.0
d0xxdz,NTA,3.0
d0xxdz,NTA,4.0
d0xxdz,YTA,4.0
d0xxdz,NTA,4.0
d0xxdz,NTA,4.0
d0xxdz,YTA,4.0
d0xxdz,ESH,4.0
d0xxdz,ESH,3.0
d0xxdz,ESH,3.0
d0xxdz,ESH,2.0
d0xxdz,NTA,4.0
d0xxdz,NTA,4.0
d0xxdz,ESH,3.0
d0xxdz,NTA,4.0
d0xxdz,ESH,3.0
d0xxdz,YTA,4.0
d0xxdz,YTA,3.0
d0xxdz,NTA,4.0
d0xxdz,NTA,3.0
d0xxdz,ESH,3.0
d0xxdz,NTA,4.0
d0xxdz,NAH,3.0
d0xxdz,ESH,2.0
d0xxdz,NTA,3.0
d0xxdz,YTA,3.0
d0xxdz,ESH,3.0
d0xxdz,NTA,4.0
d0xxdz,ESH,3.0
d0xxdz,NTA,3.0
d0xxdz,NAH,3.0
d0xxdz,ESH,2.0
d0xxdz,NTA,4.0
d0xxdz,NTA,4.0
d0xxdz,ESH,3.0
d0xxdz,ESH,3.0
d0xxdz,NTA,4.0
d0xxdz,ESH,3.0
d0xxdz,ESH,2.0
d0xxdz,NTA,3.0
d0xxdz,NTA,4.0
d0xxdz,NTA,3.0
d0xxdz,NTA,4.0
d0xxdz,YTA,4.0
d0xxdz,ESH,4.0
d0xxdz,ESH,3.0
d0xxdz,NTA,4.0
d0xxdz,NAH,3.0
d0xxdz,YTA,3.0
d0xxdz,ESH,3.0
d0xxdz,YTA,3.0
d0xxdz,NTA,3.0
d0xxdz,NTA,4.0
d0xxdz,NTA,3.0
d0xxdz,YTA,3.0
d0xxdz,ESH,3.0
d0xxdz,NTA,4.0
d0xxdz,YTA,4.0
d0xxdz,NTA,4.0
d0xxdz,NTA,4.0
d0xxdz,ESH,3.0
d0xxdz,ESH,2.0
d0xxdz,NAH,3.0
d0xxdz,NTA,4.0
d0xxdz,NAH,3.0
d0xxdz,ESH,3.0
d0xxdz,NTA,4.0
d0xxdz,YTA,4.0
d0xxdz,NTA,4.0
d0xxdz,ESH,3.0
d0xxdz,ESH,3.0
d0xxdz,ESH,3.0
d0xxdz,ESH,3.0
d0xxdz,ESH,4.0
d0xxdz,ESH,3.0
d0xxdz,ESH,3.0
d0xxdz,ESH,3.0
d0xxdz,ESH,3.0
d0xxdz,ESH,2.0
d0xxdz,NTA,4.0
d0xxdz,YTA,4.0
d0xxdz,YTA,3.0
d0xxdz,NTA,4.0
d0xxdz,ESH,4.0
d0xxdz,ESH,3.0
d0xxdz,YTA,4.0
d0xxdz,YTA,4.0
d0xxdz,NTA,4.0
d0xxdz,ESH,3.0
d0xxdz,NTA,4.0
d0xxdz,NTA,4.0
d0xxdz,YTA,4.0
d0xxdz,NTA,4.0
d0xxdz,ESH,3.0
d0xxdz,ESH,3.0
d0xxdz,ESH,3.0
d0xxdz,NTA,4.0
d0xxdz,NTA,3.0
d0xxdz,NTA,4.0
d0xxdz,ESH,3.0
d0xxdz,YTA,4.0
d0xxdz,NTA,3.0
d0xxdz,ESH,3.0
d0xxdz,ESH,3.0
d0xxdz,NTA,4.0
d0xxdz,ESH,4.0
d0xxdz,ESH,3.0
d0xxdz,ESH,3.0
d0xxdz,NTA,4.0
d0xxdz,YTA,3.0
d0xxdz,ESH,3.0
d0xxdz,YTA,4.0
d0xxdz,ESH,3.0
d0xxdz,NTA,3.0
d0xxdz,NTA,3.0
d0xxdz,NAH,3.0
d0xxdz,NTA,3.0
d0xxdz,ESH,3.0
d0xxdz,ESH,3.0
d0xxdz,ESH,3.0
d0xxdz,ESH,3.0
d0xxdz,YTA,4.0
d0xxdz,NTA,4.0
d0xxdz,YTA,3.0
d0xxdz,NTA,4.0
d0xxdz,NTA,4.0
d0xxdz,ESH,3.0
d0xxdz,ESH,3.0
d0xxdz,YTA,4.0
d0xxdz,NTA,4.0
d0xxdz,NTA,1.0
d0xxdz,NTA,4.0
d0xxdz,YTA,3.0
d0xxdz,NTA,4.0
d0xxdz,ESH,4.0
d0xxdz,ESH,2.0
d0xxdz,ESH,2.0
d0xxdz,NTA,4.0
d0xxdz,YTA,4.0
d0xxdz,NTA,4.0
d0xxdz,YTA,4.0
d0xxdz,YTA,4.0
d0xxdz,ESH,3.0
d0xxdz,ESH,3.0
d0xxdz,YTA,4.0
d0xxdz,NTA,4.0
d0xxdz,ESH,3.0
d0xxdz,YTA,4.0
d0xxdz,ESH,3.0
d0xxdz,ESH,2.0
d0xxdz,ESH,3.0
d0xxdz,NTA,3.0
d0xxdz,ESH,2.0
d0xxdz,YTA,4.0
d0xxdz,ESH,3.0
d0xxdz,NTA,4.0
d0xxdz,NTA,4.0
d0xxdz,YTA,4.0
d0xxdz,YTA,4.0
d0xxdz,NTA,3.0
d0xxdz,ESH,1.0
d0xxdz,ESH,3.0
d0xxdz,NTA,4.0
d0xxdz,NTA,4.0
d0xxdz,ESH,3.0
d0xxdz,ESH,3.0
d0xxdz,YTA,3.0
d0xxdz,NTA,4.0
d0xxdz,NTA,4.0
d0xxdz,ESH,2.0
d0xxdz,ESH,3.0
d0xxdz,ESH,3.0
d0xxdz,YTA,4.0
d0xxdz,ESH,3.0
d0xxdz,NTA,4.0
d0xxdz,ESH,3.0
d0xxdz,NTA,4.0
d0xxdz,ESH,3.0
d0xxdz,ESH,3.0
d0xxdz,ESH,3.0
d0xxdz,ESH,3.0
d0xxdz,NAH,3.0
d0xxdz,YTA,4.0
d0xxdz,YTA,4.0
d0xxdz,NTA,4.0
d0xxdz,ESH,2.0
d0xxdz,NTA,4.0
d0xxdz,YTA,4.0
d0xxdz,NTA,4.0
d0xxdz,YTA,4.0
d0xxdz,ESH,3.0
d0xxdz,ESH,4.0
d0xxdz,NTA,4.0
d0xxdz,ESH,3.0
d0xxdz,ESH,3.0
d0xxdz,YTA,2.0
d0xxdz,NTA,4.0
d0xxdz,ESH,3.0
d0xxdz,NTA,4.0
d0xxdz,ESH,3.0
d0xxdz,ESH,3.0
d0xxdz,ESH,3.0
d0xxdz,NTA,4.0
d0xxdz,YTA,4.0
d0xxdz,YTA,4.0
d0xxdz,NTA,3.0
d0xxdz,YTA,4.0
d0xxdz,NTA,3.0
d0xxdz,NTA,4.0
d0xxdz,NTA,4.0
d0xxdz,NTA,4.0
d0xxdz,ESH,1.0
d0xxdz,ESH,3.0
d0xxdz,ESH,3.0
d0xxdz,YTA,4.0
d0xxdz,NTA,4.0
d0xxdz,ESH,3.0
d0xxdz,ESH,3.0
d0xxdz,ESH,3.0
d0xxdz,ESH,3.0
d0xxdz,NTA,4.0
d0xxdz,NTA,4.0
d0xxdz,NTA,4.0
d0xxdz,NTA,4.0
d0xxdz,YTA,4.0
d0xxdz,NTA,4.0
d0xxdz,NTA,4.0
d0xxdz,ESH,3.0
d0xxdz,NTA,4.0
d0xxdz,NTA,3.0
d0xxdz,ESH,3.0
d0xxdz,ESH,4.0
d0xxdz,YTA,3.0
d0xxdz,ESH,3.0
d0xxdz,YTA,4.0
d0xxdz,ESH,3.0
d0xxdz,NTA,4.0
d0xxdz,YTA,4.0
d0xxdz,NTA,4.0
d0xxdz,NTA,4.0
d0xxdz,YTA,4.0
d0xxdz,NAH,3.0
d0xxdz,NAH,3.0
d0xxdz,YTA,4.0
d0xxdz,NTA,4.0
d0xxdz,NTA,4.0
d0xxdz,ESH,3.0
d0xxdz,ESH,4.0
d0xxdz,ESH,3.0
d0xxdz,ESH,3.0
d0xxdz,NTA,4.0
d0xxdz,YTA,4.0
d0xxdz,ESH,4.0
d0xxdz,NTA,3.0
d0xxdz,ESH,4.0
d0xxdz,YTA,4.0
d0xxdz,NTA,4.0
d0xxdz,ESH,2.0
d0xxdz,YTA,4.0
d0xxdz,YTA,4.0
d0xxdz,NTA,4.0
d0xxdz,ESH,3.0
d0xxdz,ESH,3.0
d0xxdz,ESH,3.0
d0xxdz,ESH,3.0
d0xxdz,ESH,2.0
d0xxdz,ESH,3.0
d0xxdz,ESH,3.0
d0xxdz,YTA,4.0
d0xxdz,ESH,3.0
d0xxdz,NTA,4.0
d0xxdz,ESH,3.0
d0xxdz,NAH,3.0
d0xxdz,NTA,2.0
d0xxdz,NTA,3.0
d0xxdz,ESH,3.0
d0xxdz,NTA,4.0
d0xxdz,NTA,4.0
d0xxdz,NTA,4.0
d0xxdz,ESH,3.0
d0xxdz,NTA,4.0
d0xxdz,NTA,4.0
d0xxdz,ESH,3.0
d0xxdz,NTA,4.0
d0xxdz,NTA,4.0
d0xxdz,NTA,4.0
d0xxdz,NTA,4.0
d0xxdz,ESH,3.0
d0xxdz,NTA,3.0
d0xxdz,NTA,4.0
d0xxdz,NTA,4.0
d0xxdz,ESH,3.0
d0xxdz,NTA,4.0
d0xxdz,NTA,3.0
d0xxdz,ESH,3.0
d0xxdz,ESH,3.0
d0xxdz,ESH,3.0
d0xxdz,NTA,4.0
d0xxdz,NAH,3.0
d0xxdz,ESH,3.0
d0xxdz,ESH,2.0
d0xxdz,YTA,4.0
d0xxdz,ESH,2.0
d0xxdz,ESH,3.0
d0xxdz,NAH,3.0
d0xxdz,NTA,4.0
d0xxdz,ESH,3.0
d0xxdz,NTA,4.0
d0xxdz,YTA,4.0
d0xxdz,YTA,4.0
d0xxdz,ESH,3.0
d0xxdz,NTA,3.0
d0xxdz,ESH,4.0
d0xxdz,ESH,3.0
d0xxdz,ESH,4.0
d0xxdz,ESH,2.0
d0xxdz,YTA,3.0
d0xxdz,ESH,4.0
d0xxdz,YTA,4.0
d0xxdz,ESH,3.0
d0xxdz,NTA,4.0
d0xxdz,NTA,4.0
d0xxdz,NTA,3.0
d0xxdz,NTA,4.0
d0xxdz,ESH,3.0
d0xxdz,NTA,3.0
d0xxdz,NTA,4.0
d0xxdz,YTA,4.0
d0xxdz,YTA,4.0
d0xxdz,NAH,1.0
d0xxdz,NTA,4.0
d0xxdz,NTA,4.0
d0xxdz,ESH,4.0
d0xxdz,ESH,4.0
d0xxdz,YTA,3.0
d0xxdz,ESH,3.0
d0xxdz,YTA,4.0
d0xxdz,YTA,4.0
d0xxdz,ESH,3.0
d0xxdz,NTA,4.0
d0xxdz,YTA,4.0
d0xxdz,NTA,4.0
d0xxdz,NTA,4.0
d0xxdz,NTA,4.0
d0xxdz,NTA,4.0
d0xxdz,NTA,3.0
d0xxdz,YTA,3.0
d0xxdz,NAH,3.0
d0xxdz,NTA,4.0
d0xxdz,ESH,3.0
d0xxdz,NTA,4.0
d0xxdz,ESH,3.0
d0xxdz,NTA,3.0
d0xxdz,NTA,4.0
d0xxdz,NTA,4.0
d0xxdz,NTA,4.0
d0xxdz,ESH,4.0
d0xxdz,NTA,4.0
d0xxdz,NTA,4.0
d0xxdz,YTA,4.0
d0xxdz,YTA,4.0
d0xxdz,ESH,4.0
d0xxdz,NTA,4.0
d0xxdz,ESH,4.0
d0xxdz,ESH,3.0
d0xxdz,NTA,4.0
d0xxdz,ESH,3.0
d0xxdz,NTA,4.0
d0xxdz,NTA,4.0
d0xxdz,ESH,3.0
d0xxdz,NTA,4.0
d0xxdz,YTA,3.0
d0xxdz,NTA,3.0
d0xxdz,ESH,3.0
d0xxdz,NTA,4.0
d0xxdz,NTA,4.0
d0xxdz,NTA,4.0
d0xxdz,NTA,4.0
d0xxdz,NTA,4.0
d0xxdz,YTA,4.0
d0xxdz,ESH,3.0
d0xxdz,ESH,3.0
d0xxdz,NTA,4.0
d0xxdz,ESH,3.0
d0xxdz,NTA,4.0
d0xxdz,NTA,4.0
d0xxdz,NTA,4.0
d0xxdz,ESH,3.0
d0xxdz,YTA,4.0
d0xxdz,NTA,4.0
d0xxdz,YTA,4.0
d0xxdz,NTA,4.0
d0xxdz,NTA,4.0
d0xxdz,YTA,3.0
d0xxdz,NTA,4.0
d10xcp,ESH,3.0
d10xcp,NTA,4.0
d10xcp,ESH,3.0
d10xcp,ESH,3.0
d10xcp,ESH,3.0
d10xcp,ESH,2.0
d10xcp,NTA,4.0
d10xcp,ESH,2.0
d10xcp,ESH,3.0
d10xcp,NTA,4.0
d10xcp,ESH,3.0
d10xcp,NTA,4.0
d10xcp,ESH,3.0
d10xcp,ESH,3.0
d10xcp,ESH,2.0
d10xcp,NTA,3.0
d10xcp,YTA,1.0
d10xcp,NTA,4.0
d10xcp,NTA,4.0
d10xcp,YTA,4.0
d10xcp,NTA,4.0
d10xcp,NTA,4.0
d10xcp,NTA,4.0
d10xcp,NTA,4.0
d10xcp,NTA,3.0
d10xcp,NTA,4.0
d10xcp,YTA,4.0
d10xcp,NTA,4.0
d10xcp,NTA,4.0
d10xcp,NTA,4.0
d10xcp,ESH,3.0
d10xcp,NTA,4.0
d10xcp,NTA,3.0
d10xcp,ESH,4.0
d10xcp,NTA,4.0
d10xcp,NTA,4.0
d10xcp,ESH,3.0
d10xcp,NTA,4.0
d10xcp,NTA,4.0
d10xcp,NTA,4.0
d10xcp,ESH,3.0
d10xcp,NTA,4.0
d10xcp,NTA,4.0
d10xcp,NTA,3.0
d10xcp,ESH,2.0
d10xcp,ESH,3.0
d10xcp,NTA,4.0
d10xcp,NTA,4.0
d10xcp,YTA,4.0
d10xcp,NTA,4.0
d10xcp,NTA,4.0
d10xcp,NTA,4.0
d10xcp,NTA,4.0
d10xcp,NTA,4.0
d10xcp,NTA,4.0
d10xcp,NTA,4.0
d10xcp,NTA,4.0
d10xcp,ESH,3.0
d10xcp,ESH,2.0
d10xcp,NTA,4.0
d10xcp,NTA,4.0
d10xcp,NTA,4.0
d10xcp,NTA,4.0
d10xcp,ESH,3.0
d38i34,ESH,3.0
d38i34,NTA,4.0
d38i34,NTA,4.0
d38i34,NTA,4.0
d38i34,ESH,3.0
d38i34,ESH,3.0
d38i34,ESH,3.0
d38i34,ESH,3.0
d38i34,ESH,3.0
d38i34,NTA,3.0
d38i34,ESH,3.0
d38i34,ESH,2.0
d38i34,ESH,3.0
d38i34,ESH,3.0
d38i34,NTA,4.0
d38i34,NTA,4.0
d38i34,ESH,3.0
d38i34,ESH,3.0
d38i34,NTA,4.0
d38i34,NTA,4.0
d38i34,NTA,4.0
d38i34,ESH,2.0
d38i34,ESH,3.0
d38i34,ESH,3.0
d38i34,NTA,4.0
d38i34,NTA,4.0
d38i34,NTA,4.0
d38i34,ESH,3.0
d38i34,ESH,3.0
d38i34,NTA,4.0
d38i34,NTA,4.0
d38i34,ESH,3.0
d38i34,NTA,4.0
d38i34,ESH,3.0
d38i34,ESH,3.0
d38i34,NTA,4.0
d38i34,NTA,4.0
d38i34,NTA,3.0
d38i34,ESH,3.0
d38i34,ESH,3.0
d38i34,ESH,3.0
d38i34,NTA,4.0
d38i34,NTA,4.0
d38i34,ESH,3.0
d38i34,NTA,4.0
d38i34,ESH,3.0
d38i34,NTA,4.0
d38i34,ESH,3.0
d38i34,ESH,3.0
d38i34,ESH,3.0
d38i34,NTA,4.0
d38i34,NTA,4.0
d38i34,ESH,3.0
d38i34,ESH,3.0
d38i34,ESH,3.0
d38i34,NTA,4.0
d38i34,NTA,4.0
d38i34,ESH,3.0
d38i34,NTA,4.0
d38i34,NTA,4.0
d38i34,YTA,4.0
d38i34,YTA,3.0
d38i34,ESH,3.0
d38i34,NTA,4.0
d38i34,NTA,4.0
d38i34,NTA,4.0
d38i34,ESH,3.0
d38i34,ESH,3.0
d38i34,NTA,4.0
d38i34,ESH,3.0
d38i34,ESH,2.0
d38i34,NTA,3.0
d38i34,NTA,4.0
d38i34,ESH,3.0
d38i34,YTA,4.0
d38i34,NTA,4.0
d38i34,NTA,4.0
d38i34,NTA,4.0
d38i34,YTA,4.0
d38i34,NTA,4.0
d38i34,NTA,4.0
d38i34,NTA,4.0
d38i34,ESH,3.0
d38i34,NTA,4.0
d38i34,NTA,4.0
d38i34,NTA,4.0
d38i34,NTA,4.0
d38i34,NTA,4.0
d38i34,ESH,3.0
d38i34,ESH,3.0
d38i34,ESH,3.0
d38i34,ESH,3.0
d38i34,NTA,4.0
d38i34,NTA,4.0
d38i34,NTA,4.0
d38i34,NTA,4.0
d38i34,YTA,4.0
d38i34,ESH,3.0
d38i34,NTA,4.0
d38i34,ESH,3.0
d38i34,NTA,3.0
d38i34,NTA,4.0
d38i34,NAH,3.0
d38i34,NTA,4.0
d38i34,NTA,4.0
d38i34,NTA,3.0
d38i34,NTA,3.0
d38i34,NTA,4.0
d38i34,ESH,3.0
d38i34,ESH,3.0
d38i34,NTA,4.0
d38i34,NTA,3.0
d38i34,NTA,4.0
d38i34,NTA,4.0
d38i34,ESH,3.0
d38i34,ESH,3.0
d38i34,NTA,4.0
d38i34,NTA,4.0
d38i34,NTA,4.0
d38i34,NTA,4.0
d38i34,ESH,4.0
d38i34,ESH,3.0
d38i34,NTA,4.0
d38i34,YTA,3.0
d38i34,NTA,4.0
d38i34,NTA,4.0
d38i34,NTA,4.0
d38i34,NTA,3.0
d38i34,ESH,3.0
d38i34,ESH,3.0
d38i34,NTA,4.0
d38i34,NTA,4.0
d38i34,NTA,4.0
d38i34,ESH,4.0
d38i34,NTA,4.0
d38i34,NTA,4.0
d38i34,NTA,4.0
d38i34,ESH,3.0
d38i34,ESH,4.0
d38i34,ESH,3.0
d38i34,NTA,3.0
d38i34,ESH,3.0
d38i34,NTA,4.0
d38i34,ESH,3.0
d38i34,NTA,3.0
d38i34,NTA,4.0
d38i34,ESH,3.0
d38i34,NTA,3.0
d38i34,NTA,4.0
d38i34,NTA,4.0
d38i34,ESH,3.0
d38i34,ESH,3.0
d38i34,ESH,3.0
d38i34,YTA,4.0
d38i34,NTA,4.0
d38i34,NTA,4.0
d38i34,ESH,3.0
d38i34,YTA,4.0
d38i34,NTA,4.0
d38i34,ESH,4.0
d38i34,NTA,4.0
d38i34,NAH,4.0
d38i34,NTA,4.0
d38i34,ESH,3.0
d38i34,NTA,4.0
d38i34,NTA,4.0
d38i34,ESH,3.0
d38i34,NTA,4.0
d38i34,NTA,4.0
d38i34,YTA,3.0
d38i34,ESH,3.0
d38i34,NTA,4.0
d38i34,ESH,3.0
d38i34,ESH,3.0
d38i34,NAH,3.0
d38i34,NTA,4.0
d38i34,ESH,3.0
d38i34,NTA,4.0
d38i34,NTA,3.0
d38i34,NTA,4.0
d38i34,ESH,3.0
d38i34,YTA,3.0
d38i34,ESH,3.0
d38i34,NTA,4.0
d38i34,YTA,4.0
d38i34,NTA,4.0
d38i34,NTA,4.0
d38i34,NTA,4.0
d38i34,NTA,4.0
d38i34,NTA,4.0
d38i34,NTA,4.0
d38i34,ESH,3.0
d38i34,ESH,3.0
d38i34,YTA,4.0
d38i34,NTA,4.0
d38i34,ESH,3.0
d38i34,NTA,4.0
d38i34,NTA,4.0
d38i34,ESH,3.0
d38i34,NTA,4.0
d38i34,ESH,3.0
d38i34,YTA,4.0
d38i34,ESH,3.0
d38i34,NTA,4.0
d38i34,ESH,3.0
d38i34,NTA,4.0
d38i34,YTA,3.0
d38i34,ESH,3.0
d38i34,ESH,4.0
d38i34,YTA,3.0
d38i34,NTA,4.0
d38i34,NTA,4.0
d38i34,ESH,3.0
d38i34,NTA,4.0
d38i34,NTA,4.0
d38i34,NTA,4.0
d38i34,NTA,4.0
d38i34,ESH,3.0
d38i34,ESH,2.0
d38i34,NTA,4.0
d38i34,NTA,3.0
d38i34,NTA,3.0
d38i34,ESH,4.0
d38i34,NTA,4.0
d38i34,NTA,4.0
d38i34,NTA,4.0
d38i34,ESH,3.0
d38i34,ESH,3.0
d38i34,ESH,3.0
d38i34,ESH,3.0
d38i34,NTA,4.0
d38i34,NTA,4.0
d38i34,NTA,3.0
d38i34,NTA,4.0
d38i34,ESH,3.0
d38i34,NTA,4.0
d38i34,NTA,4.0
d38i34,NTA,4.0
d38i34,ESH,3.0
d38i34,ESH,3.0
d38i34,ESH,3.0
d38i34,ESH,3.0
d38i34,YTA,4.0
d38i34,YTA,4.0
d38i34,NTA,4.0
d38i34,ESH,3.0
d38i34,ESH,2.0
d38i34,NTA,4.0
d38i34,NTA,4.0
d38i34,ESH,3.0
d38i34,YTA,4.0
d38i34,NTA,4.0
d38i34,NTA,4.0
d38i34,ESH,3.0
d38i34,NTA,4.0
d38i34,NTA,4.0
d38i34,NTA,4.0
d38i34,NTA,4.0
d38i34,NTA,4.0
d38i34,ESH,3.0
d38i34,YTA,3.0
d38i34,YTA,4.0
d38i34,ESH,3.0
d38i34,YTA,3.0
d38i34,ESH,2.0
d38i34,NTA,4.0
d38i34,NTA,4.0
d38i34,ESH,3.0
d38i34,NTA,4.0
d38i34,NTA,4.0
d38i34,NTA,4.0
d38i34,NTA,4.0
d38i34,NTA,4.0
d38i34,NTA,4.0
d38i34,NTA,4.0
d38i34,NTA,4.0
d38i34,ESH,4.0
d38i34,YTA,4.0
d38i34,NTA,4.0
d38i34,NTA,4.0
d38i34,NTA,4.0
d38i34,NTA,4.0
d38i34,NTA,4.0
d38i34,ESH,3.0
d38i34,NTA,4.0
d38i34,ESH,4.0
d38i34,NTA,4.0
d38i34,NTA,4.0
d38i34,NTA,4.0
d38i34,ESH,3.0
d38i34,ESH,3.0
d38i34,NTA,4.0
d38i34,NTA,4.0
d38i34,NTA,4.0
d38i34,NTA,4.0
d38i34,NTA,4.0
d38i34,NTA,4.0
d38i34,NTA,4.0
d38i34,NTA,3.0
d38i34,ESH,4.0
d38i34,NTA,4.0
d38i34,ESH,3.0
d38i34,NTA,3.0
d38i34,NTA,4.0
d38i34,NTA,4.0
d38i34,NTA,4.0
d38i34,ESH,3.0
d38i34,ESH,3.0
d38i34,ESH,3.0
d38i34,NTA,4.0
d38i34,NTA,4.0
d38i34,NTA,4.0
d38i34,NTA,4.0
d38i34,YTA,4.0
d38i34,ESH,3.0
d38i34,NTA,4.0
d38i34,NTA,4.0
d38i34,ESH,3.0
d38i34,NTA,3.0
d38i34,NTA,4.0
d38i34,ESH,3.0
d38i34,NTA,4.0
d38i34,ESH,4.0
d38i34,NTA,4.0
d38i34,NTA,4.0
d38i34,NTA,4.0
d38i34,ESH,3.0
d38i34,NTA,4.0
d38i34,NTA,4.0
d38i34,NTA,4.0
d38i34,ESH,3.0
d38i34,NTA,4.0
d38i34,NTA,4.0
d38i34,YTA,4.0
d38i34,ESH,3.0
d38i34,NTA,4.0
d38i34,NTA,4.0
d38i34,NTA,4.0
d38i34,NTA,4.0
d38i34,NTA,4.0
d38i34,ESH,3.0
d38i34,NTA,4.0
d38i34,NTA,4.0
d38i34,ESH,3.0
d38i34,NTA,3.0
d38i34,ESH,3.0
d38i34,NTA,4.0
d38i34,NTA,4.0
d38i34,NTA,3.0
d38i34,NTA,4.0
d38i34,NTA,4.0
d38i34,ESH,3.0
d38i34,NTA,4.0
d38i34,NTA,4.0
d38i34,YTA,3.0
d38i34,NTA,4.0
d38i34,NTA,4.0
d38i34,NTA,4.0
d38i34,NTA,4.0
d38i34,ESH,3.0
d38i34,NTA,4.0
d38i34,NTA,4.0
d38i34,NTA,4.0
d38i34,NTA,4.0
d38i34,ESH,3.0
d38i34,NTA,3.0
d38i34,NTA,4.0
d38i34,YTA,2.0
d38i34,NTA,4.0
d38i34,NTA,4.0
d38i34,NTA,4.0
d38i34,YTA,4.0
d38i34,YTA,3.0
d38i34,NTA,4.0
d38i34,YTA,3.0
d38i34,NTA,4.0
d38i34,NTA,4.0
d38i34,NTA,4.0
d38i34,NTA,4.0
d38i34,YTA,4.0
d38i34,ESH,3.0
d38i34,NTA,4.0
d38i34,NTA,4.0
d38i34,ESH,3.0
d38i34,NTA,4.0
d38i34,ESH,3.0
d38i34,NTA,4.0
d38i34,NTA,4.0
d38i34,NTA,4.0
d38i34,NTA,4.0
d38i34,ESH,3.0
d38i34,NTA,4.0
d38i34,NTA,4.0
d38i34,ESH,3.0
d38i34,YTA,4.0
d38i34,NTA,4.0
d38i34,NTA,3.0
d38i34,NTA,3.0
d38i34,ESH,3.0
d38i34,ESH,3.0
d38i34,NTA,4.0
d38i34,NTA,4.0
d38i34,ESH,3.0
d38i34,NTA,4.0
d38i34,NTA,4.0
d38i34,ESH,3.0
d38i34,NTA,4.0
d38i34,NTA,4.0
d38i34,NTA,4.0
d38i34,ESH,3.0
d38i34,ESH,3.0
d38i34,YTA,3.0
d38i34,NTA,4.0
d38i34,ESH,3.0
d38i34,ESH,3.0
d38i34,NTA,3.0
d38i34,NTA,4.0
d38i34,ESH,4.0
d38i34,NTA,4.0
d38i34,NTA,4.0
d38i34,ESH,3.0
d38i34,ESH,3.0
d38i34,NTA,4.0
d38i34,ESH,3.0
d38i34,NTA,4.0
d38i34,NTA,4.0
d38i34,ESH,4.0
d38i34,NTA,4.0
d38i34,ESH,3.0
d38i34,NTA,4.0
d38i34,NTA,3.0
d38i34,NTA,4.0
d38i34,NTA,4.0
d38i34,NTA,4.0
d38i34,ESH,3.0
d38i34,NTA,4.0
d38i34,NTA,4.0
d38i34,NTA,3.0
d38i34,ESH,3.0
d38i34,NTA,4.0
d38i34,NTA,4.0
d38i34,NTA,4.0
d38i34,ESH,3.0
d38i34,ESH,3.0
d38i34,NTA,4.0
d38i34,NTA,4.0
d38i34,ESH,4.0
d38i34,NTA,4.0
d38i34,ESH,4.0
d38i34,ESH,3.0
d38i34,ESH,3.0
d38i34,ESH,3.0
d38i34,ESH,3.0
d38i34,YTA,3.0
d38i34,NTA,4.0
d38i34,YTA,4.0
d38i34,NTA,4.0
d38i34,YTA,4.0
d38i34,ESH,3.0
d38i34,YTA,4.0
d38i34,NTA,4.0
d38i34,ESH,3.0
d38i34,NTA,4.0
d38i34,ESH,3.0
d38i34,YTA,4.0
d38i34,NTA,4.0
d38i34,NTA,4.0
d38i34,NTA,4.0
d38i34,ESH,3.0
d38i34,NTA,4.0
d38i34,ESH,3.0
d38i34,ESH,3.0
d38i34,NTA,4.0
d38i34,NTA,4.0
d38i34,NTA,4.0
d38i34,NAH,4.0
d38i34,ESH,3.0
d38i34,ESH,3.0
d38i34,YTA,4.0
d38i34,NTA,4.0
d38i34,NTA,4.0
d38i34,YTA,3.0
d38i34,NTA,4.0
d38i34,NTA,4.0
d38i34,NTA,4.0
d38i34,NTA,4.0
d38i34,NTA,4.0
d38i34,NTA,4.0
d38i34,ESH,3.0
d38i34,ESH,3.0
d38i34,YTA,4.0
d38i34,ESH,3.0
d38i34,NTA,4.0
d38i34,NTA,4.0
d38i34,NTA,4.0
d38i34,NTA,4.0
d38i34,ESH,3.0
d38i34,ESH,4.0
d38i34,YTA,3.0
d38i34,NTA,4.0
d38i34,YTA,4.0
d38i34,NTA,4.0
d38i34,NTA,4.0
d38i34,NTA,4.0
d38i34,ESH,3.0
d38i34,NTA,4.0
d38i34,NTA,4.0
d38i34,NTA,4.0
d38i34,ESH,4.0
d38i34,NTA,3.0
d38i34,NTA,4.0
d38i34,NTA,4.0
d38i34,ESH,3.0
d38i34,NTA,4.0
d38i34,NTA,4.0
d38i34,ESH,3.0
d38i34,NTA,4.0
d38i34,NTA,4.0
d38i34,NTA,4.0
d38i34,ESH,3.0
d38i34,NTA,4.0
d38i34,NTA,4.0
d38i34,NTA,3.0
d38i34,NTA,4.0
d38i34,NTA,4.0
d38i34,NTA,4.0
d38i34,ESH,4.0
d38i34,NTA,4.0
d38i34,NTA,4.0
d38i34,NTA,4.0
d38i34,NTA,4.0
d38i34,YTA,4.0
d38i34,YTA,3.0
d38i34,ESH,3.0
d38i34,ESH,3.0
d38i34,ESH,3.0
d38i34,NTA,4.0
d38i34,NTA,4.0
d38i34,YTA,3.0
d38i34,NTA,4.0
d38i34,NTA,4.0
d38i34,NTA,4.0
d38i34,NTA,4.0
d38i34,NTA,4.0
d38i34,YTA,4.0
d38i34,NTA,4.0
d38i34,NTA,4.0
d38i34,NTA,4.0
d38i34,YTA,4.0
d38i34,NTA,4.0
d38i34,ESH,4.0
d38i34,NTA,4.0
d38i34,NTA,4.0
d38i34,NTA,4.0
d38i34,NTA,4.0
d38i34,ESH,3.0
d38i34,NTA,4.0
d38i34,ESH,3.0
d38i34,ESH,3.0
d38i34,ESH,3.0
d38i34,ESH,3.0
d38i34,ESH,3.0
d38i34,ESH,3.0
d38i34,NTA,3.0
d38i34,NTA,4.0
d38i34,ESH,3.0
d38i34,NTA,4.0
d38i34,NTA,4.0
d38i34,YTA,4.0
d38i34,ESH,3.0
d38i34,NTA,4.0
d38i34,NTA,4.0
d38i34,NTA,4.0
d38i34,ESH,3.0
d38i34,ESH,3.0
d38i34,ESH,3.0
d38i34,YTA,4.0
d38i34,YTA,4.0
d38i34,NTA,4.0
d38i34,ESH,3.0
d38i34,NTA,4.0
d38i34,NTA,4.0
d38i34,NTA,4.0
d38i34,NTA,3.0
d38i34,NTA,4.0
d38i34,ESH,3.0
d38i34,YTA,3.0
d38i34,NTA,4.0
d38i34,NTA,3.0
d38i34,NTA,4.0
d38i34,YTA,2.0
d38i34,NTA,4.0
d38i34,NAH,3.0
d38i34,YTA,3.0
d38i34,ESH,3.0
d38i34,YTA,4.0
d38i34,ESH,3.0
d38i34,NTA,1.0
d38i34,NTA,2.0
d38i34,NTA,4.0
d38i34,NTA,4.0
d38i34,ESH,3.0
d38i34,NTA,4.0
d38i34,NTA,4.0
d38i34,NTA,4.0
d38i34,YTA,3.0
d38i34,ESH,4.0
d38i34,NTA,4.0
d38i34,YTA,3.0
d38i34,NTA,4.0
d38i34,NAH,4.0
d38i34,ESH,4.0
d38i34,ESH,3.0
d38i34,YTA,4.0
d38i34,ESH,3.0
d38i34,ESH,3.0
d38i34,NTA,4.0
d38i34,NAH,4.0
d38i34,NTA,4.0
d38i34,NTA,4.0
d38i34,NTA,4.0
d38i34,YTA,4.0
d38i34,NTA,4.0
d38i34,ESH,4.0
d38i34,ESH,3.0
d38i34,YTA,4.0
d38i34,ESH,3.0
d38i34,YTA,4.0
d38i34,NTA,4.0
d38i34,NTA,4.0
d38i34,YTA,3.0
d38i34,NTA,4.0
d38i34,ESH,3.0
d38i34,NTA,2.0
d38i34,NTA,4.0
d38i34,NTA,4.0
d38i34,NTA,4.0
d38i34,YTA,4.0
d38i34,NTA,4.0
d38i34,NTA,4.0
d38i34,ESH,3.0
d38i34,ESH,3.0
d38i34,YTA,4.0
d38i34,NTA,4.0
d38i34,NTA,3.0
d38i34,ESH,3.0
d38i34,NTA,4.0
d38i34,NTA,3.0
d38i34,ESH,3.0
d38i34,ESH,3.0
d38i34,NTA,4.0
d38i34,NTA,4.0
d38i34,NTA,4.0
d38i34,NTA,3.0
d38i34,NTA,4.0
d38i34,NTA,4.0
d38i34,NTA,4.0
d38i34,ESH,3.0
d38i34,NTA,4.0
d38i34,NTA,3.0
d38i34,ESH,3.0
d38i34,NTA,3.0
d38i34,NTA,4.0
d38i34,NTA,4.0
d38i34,ESH,3.0
d38i34,YTA,4.0
d38i34,NTA,2.0
d38i34,NTA,4.0
d38i34,NTA,4.0
d38i34,ESH,1.0
d38i34,NTA,4.0
d38i34,NTA,4.0
d38i34,NTA,4.0
d38i34,NTA,4.0
d38i34,ESH,3.0
d38i34,ESH,3.0
d38i34,ESH,3.0
d38i34,NTA,4.0
d38i34,NTA,4.0
d38i34,ESH,4.0
d38i34,NTA,4.0
d38i34,YTA,4.0
d38i34,ESH,3.0
d38i34,ESH,3.0
d38i34,NTA,4.0
d38i34,NTA,4.0
d38i34,ESH,3.0
d38i34,NTA,4.0
d38i34,ESH,3.0
d38i34,NTA,4.0
d38i34,YTA,3.0
d38i34,YTA,4.0
d38i34,ESH,3.0
d38i34,YTA,2.0
d38i34,NTA,4.0
d38i34,NTA,4.0
d38i34,NTA,4.0
d38i34,NTA,4.0
d38i34,NTA,4.0
d38i34,NTA,4.0
d38i34,NTA,4.0
d38i34,YTA,3.0
d38i34,ESH,3.0
d38i34,YTA,4.0
d38i34,ESH,4.0
d38i34,NTA,4.0
d38i34,NTA,4.0
d38i34,ESH,3.0
d38i34,ESH,3.0
d38i34,NTA,3.0
d38i34,NTA,4.0
d38i34,ESH,4.0
d38i34,NTA,4.0
d38i34,ESH,3.0
d38i34,NTA,4.0
d38i34,YTA,4.0
d38i34,NTA,4.0
d38i34,NTA,3.0
d38i34,NTA,4.0
d38i34,YTA,3.0
d38i34,NTA,4.0
d38i34,NTA,4.0
d38i34,ESH,2.0
d38i34,NTA,4.0
d38i34,NTA,4.0
d38i34,NTA,3.0
d38i34,NTA,4.0
d38i34,NTA,4.0
d38i34,NTA,4.0
d38i34,NTA,4.0
d38i34,NTA,4.0
d38i34,NTA,4.0
d38i34,ESH,3.0
d38i34,NTA,3.0
d38i34,ESH,3.0
d38i34,NTA,4.0
d38i34,NTA,4.0
d38i34,NTA,3.0
d38i34,YTA,3.0
d38i34,ESH,3.0
d38i34,ESH,3.0
d38i34,YTA,3.0
d38i34,NTA,3.0
d38i34,NTA,4.0
d38i34,ESH,3.0
d38i34,ESH,3.0
d38i34,NTA,4.0
d38i34,NTA,4.0
d38i34,YTA,4.0
d38i34,NTA,4.0
d38i34,ESH,3.0
d38i34,ESH,2.0
d38i34,NTA,3.0
d38i34,YTA,3.0
d38i34,NTA,4.0
d38i34,NTA,3.0
d38i34,NTA,3.0
d38i34,NTA,4.0
d38i34,YTA,4.0
d38i34,NTA,4.0
d38i34,NTA,4.0
d38i34,NTA,4.0
d38i34,NTA,4.0
d38i34,NTA,4.0
d38i34,NTA,4.0
d38i34,ESH,3.0
d38i34,NTA,3.0
d38i34,NTA,4.0
d38i34,NTA,4.0
d38i34,YTA,4.0
d38i34,NTA,4.0
d38i34,NTA,4.0
d38i34,NTA,4.0
d38i34,NTA,4.0
d38i34,NTA,4.0
d38i34,YTA,3.0
d38i34,NTA,4.0
d38i34,NTA,4.0
d38i34,YTA,3.0
d38i34,NTA,4.0
d38i34,NTA,4.0
d38i34,ESH,2.0
d38i34,NTA,3.0
d38i34,NTA,4.0
d38i34,NTA,4.0
d38i34,ESH,3.0
d38i34,NTA,4.0
d38i34,NTA,4.0
d38i34,NTA,4.0
d38i34,ESH,3.0
d38i34,YTA,3.0
d38i34,NTA,4.0
d38i34,NTA,4.0
d38i34,NTA,4.0
d38i34,NTA,4.0
d38i34,NTA,3.0
d38i34,ESH,3.0
d38i34,YTA,4.0
d38i34,NTA,4.0
d38i34,YTA,4.0
d38i34,YTA,4.0
d38i34,NTA,4.0
d38i34,YTA,4.0
d38i34,YTA,3.0
d38i34,NTA,3.0
d38i34,NTA,3.0
d38i34,NTA,3.0
d38i34,YTA,4.0
d38i34,NTA,3.0
d38i34,ESH,3.0
d38i34,NTA,4.0
d38i34,YTA,4.0
d38i34,NTA,4.0
d38i34,ESH,3.0
d38i34,NTA,4.0
d38i34,ESH,3.0
d38i34,ESH,3.0
d38i34,NTA,4.0
d38i34,NTA,4.0
d38i34,NTA,4.0
d38i34,ESH,3.0
d38i34,NTA,4.0
d38i34,ESH,3.0
d38i34,NTA,4.0
d38i34,ESH,3.0
d38i34,ESH,3.0
d38i34,ESH,3.0
d38i34,NTA,4.0
d38i34,NTA,4.0
d38i34,ESH,3.0
d38i34,ESH,3.0
d38i34,NTA,4.0
d38i34,NTA,4.0
d38i34,NTA,4.0
d38i34,ESH,3.0
d38i34,ESH,3.0
d38i34,ESH,3.0
d38i34,ESH,3.0
d38i34,NTA,3.0
d38i34,NTA,4.0
d38i34,ESH,3.0
d38i34,NTA,4.0
d38i34,ESH,3.0
d38i34,NTA,4.0
d38i34,YTA,4.0
d38i34,YTA,3.0
d38i34,NTA,4.0
d38i34,NTA,4.0
d38i34,NTA,4.0
d38i34,NTA,4.0
d38i34,ESH,3.0
d38i34,NTA,4.0
d38i34,NTA,4.0
d38i34,NTA,3.0
d38i34,NTA,4.0
d38i34,NTA,4.0
d38i34,NTA,4.0
d38i34,ESH,3.0
d38i34,ESH,4.0
d38i34,ESH,3.0
d38i34,NTA,4.0
d38i34,ESH,3.0
d38i34,NTA,3.0
d38i34,ESH,3.0
d38i34,NTA,4.0
d38i34,ESH,3.0
d38i34,ESH,3.0
d38i34,NTA,4.0
d38i34,NTA,4.0
d38i34,NTA,4.0
d38i34,ESH,4.0
d38i34,NTA,4.0
d38i34,NTA,4.0
d38i34,NTA,4.0
d38i34,NTA,4.0
d38i34,NTA,4.0
d38i34,NTA,3.0
d38i34,NTA,4.0
d38i34,NTA,4.0
d38i34,NTA,4.0
d38i34,YTA,3.0
d38i34,NTA,4.0
d38i34,ESH,3.0
d38i34,ESH,3.0
d38i34,NTA,4.0
d38i34,ESH,4.0
d38i34,NTA,4.0
d38i34,ESH,3.0
d38i34,NTA,4.0
d38i34,NTA,4.0
d38i34,NTA,4.0
d38i34,ESH,4.0
d38i34,NTA,4.0
d38i34,ESH,3.0
d38i34,ESH,3.0
d38i34,NTA,4.0
d38i34,NTA,4.0
d38i34,ESH,3.0
d38i34,NTA,4.0
d38i34,NTA,3.0
d38i34,NTA,4.0
d38i34,ESH,3.0
d38i34,NTA,4.0
d38i34,NTA,4.0
d38i34,YTA,3.0
d38i34,ESH,3.0
d38i34,NTA,4.0
d38i34,NTA,4.0
d38i34,YTA,3.0
d38i34,NTA,4.0
d38i34,NTA,4.0
d38i34,YTA,4.0
d38i34,NTA,4.0
d38i34,ESH,3.0
d38i34,NTA,4.0
d38i34,YTA,3.0
d38i34,NTA,4.0
d38i34,NTA,4.0
d38i34,NAH,3.0
d38i34,ESH,3.0
d38i34,NTA,4.0
d38i34,ESH,3.0
d38i34,NTA,3.0
d38i34,ESH,3.0
d38i34,NTA,4.0
d38i34,YTA,3.0
d38i34,NTA,4.0
d38i34,ESH,3.0
d38i34,NTA,4.0
d38i34,ESH,3.0
d38i34,NTA,3.0
d38i34,YTA,4.0
d38i34,NTA,4.0
d38i34,ESH,3.0
d38i34,YTA,4.0
d38i34,YTA,3.0
d38i34,NTA,4.0
d38i34,YTA,4.0
d38i34,ESH,3.0
d38i34,NTA,4.0
d38i34,ESH,3.0
d38i34,ESH,3.0
d38i34,ESH,3.0
d38i34,NTA,4.0
d38i34,NTA,4.0
d38i34,ESH,3.0
d38i34,ESH,3.0
d38i34,YTA,4.0
d38i34,NTA,4.0
d38i34,YTA,2.0
d38i34,NTA,4.0
d38i34,ESH,3.0
d38i34,ESH,3.0
d38i34,NTA,4.0
d38i34,YTA,3.0
d38i34,NTA,4.0
d38i34,YTA,3.0
d38i34,NTA,4.0
d38i34,ESH,3.0
d38i34,ESH,3.0
d38i34,ESH,4.0
d38i34,YTA,4.0
d38i34,NTA,4.0
d38i34,NTA,4.0
d38i34,ESH,3.0
d38i34,ESH,3.0
d38i34,YTA,3.0
d38i34,ESH,3.0
d38i34,NTA,4.0
d38i34,ESH,3.0
d38i34,ESH,3.0
d38i34,ESH,4.0
d38i34,ESH,3.0
d38i34,NTA,4.0
d38i34,ESH,3.0
d38i34,NTA,4.0
d38i34,NTA,4.0
d38i34,NTA,4.0
d38i34,ESH,3.0
d38i34,ESH,3.0
d38i34,NTA,4.0
d38i34,YTA,4.0
d38i34,NTA,4.0
d38i34,NTA,4.0
d38i34,NTA,3.0
d38i34,NTA,4.0
d38i34,NTA,4.0
d38i34,NTA,4.0
d38i34,ESH,3.0
d38i34,YTA,4.0
d38i34,ESH,3.0
d38i34,NTA,4.0
d38i34,NTA,4.0
d38i34,ESH,3.0
d38i34,NTA,4.0
d38i34,YTA,3.0
d38i34,ESH,3.0
d38i34,NTA,4.0
d38i34,NTA,4.0
d38i34,YTA,4.0
d38i34,YTA,3.0
d38i34,NTA,4.0
d38i34,NTA,4.0
d38i34,NTA,4.0
d38i34,NTA,3.0
d38i34,ESH,3.0
d38i34,NTA,4.0
d38i34,NTA,4.0
d38i34,NTA,3.0
d38i34,NTA,4.0
d38i34,NTA,4.0
d38i34,NTA,4.0
d38i34,NTA,4.0
d38i34,NTA,4.0
d38i34,NTA,4.0
d38i34,ESH,2.0
d38i34,ESH,4.0
d38i34,ESH,3.0
d38i34,NTA,4.0
d38i34,NTA,4.0
d38i34,YTA,4.0
d38i34,NTA,4.0
d38i34,YTA,4.0
d38i34,ESH,3.0
d38i34,NTA,3.0
d38i34,NTA,4.0
d38i34,ESH,3.0
d38i34,ESH,3.0
d38i34,ESH,4.0
d38i34,NTA,4.0
d38i34,NTA,2.0
d38i34,NTA,3.0
d38i34,ESH,3.0
d38i34,ESH,4.0
d38i34,YTA,3.0
d38i34,NTA,3.0
d38i34,ESH,3.0
d38i34,NTA,4.0
d38i34,NTA,3.0
d38i34,NTA,4.0
d38i34,NTA,4.0
d38i34,NTA,4.0
d38i34,NTA,4.0
d38i34,NTA,4.0
d38i34,NTA,4.0
d38i34,NTA,4.0
d38i34,ESH,3.0
d38i34,YTA,4.0
d38i34,YTA,4.0
d38i34,NTA,
d38i34,NTA,4.0
d38i34,ESH,3.0
d38i34,ESH,3.0
d38i34,NTA,4.0
d38i34,ESH,3.0
d38i34,ESH,3.0
d38i34,NTA,4.0
d38i34,ESH,3.0
d38i34,NTA,3.0
d38i34,ESH,3.0
d38i34,NTA,4.0
d38i34,NTA,4.0
d38i34,ESH,3.0
d38i34,NTA,4.0
d38i34,NTA,3.0
d38i34,ESH,3.0
d38i34,NTA,4.0
d38i34,ESH,3.0
d38i34,NTA,4.0
d38i34,NTA,4.0
d38i34,NTA,4.0
d38i34,YTA,4.0
d38i34,NTA,4.0
d38i34,NTA,3.0
d38i34,YTA,4.0
d38i34,NTA,4.0
d38i34,NTA,4.0
d38i34,YTA,4.0
d38i34,ESH,3.0
d38i34,ESH,3.0
d38i34,ESH,3.0
d38i34,ESH,3.0
d38i34,NTA,4.0
d38i34,NTA,4.0
d38i34,NTA,4.0
d38i34,NTA,4.0
d38i34,NTA,4.0
d38i34,ESH,3.0
d38i34,YTA,3.0
d38i34,NTA,4.0
d38i34,ESH,3.0
d38i34,YTA,4.0
d38i34,NTA,4.0
d38i34,NTA,4.0
d38i34,NTA,4.0
d38i34,NTA,4.0
d38i34,NTA,4.0
d38i34,ESH,3.0
d38i34,NTA,4.0
d38i34,ESH,3.0
d38i34,NTA,4.0
d38i34,NTA,4.0
d38i34,NTA,4.0
d38i34,YTA,4.0
d843gd,NTA,3.0
d843gd,NTA,4.0
d843gd,NTA,4.0
d843gd,NTA,4.0
d843gd,NTA,4.0
d843gd,ESH,3.0
d843gd,NAH,3.0
d843gd,ESH,3.0
d843gd,ESH,3.0
d843gd,YTA,3.0
d843gd,NTA,4.0
d843gd,NTA,4.0
d843gd,YTA,4.0
d843gd,YTA,4.0
d843gd,YTA,4.0
d843gd,ESH,4.0
d843gd,YTA,3.0
d843gd,NTA,4.0
d843gd,NTA,4.0
d843gd,NTA,4.0
d843gd,YTA,3.0
d843gd,YTA,3.0
d843gd,NTA,4.0
d843gd,YTA,4.0
d843gd,ESH,3.0
d843gd,ESH,3.0
d843gd,ESH,3.0
d843gd,NTA,4.0
d843gd,ESH,3.0
d843gd,YTA,3.0
d843gd,YTA,3.0
d843gd,YTA,4.0
d843gd,YTA,4.0
d843gd,YTA,4.0
d843gd,YTA,4.0
d843gd,NTA,3.0
d843gd,ESH,3.0
d843gd,YTA,4.0
d843gd,YTA,3.0
d843gd,NTA,4.0
d843gd,YTA,4.0
d843gd,YTA,3.0
d843gd,ESH,3.0
d843gd,YTA,4.0
d843gd,YTA,3.0
d843gd,ESH,3.0
d843gd,YTA,3.0
d843gd,YTA,3.0
d843gd,YTA,4.0
d843gd,NAH,3.0
d843gd,YTA,3.0
d843gd,YTA,4.0
d843gd,YTA,4.0
d843gd,NTA,4.0
d843gd,YTA,4.0
d843gd,YTA,4.0
d843gd,NTA,4.0
d843gd,YTA,4.0
d843gd,YTA,4.0
d843gd,NTA,4.0
d843gd,ESH,3.0
d843gd,ESH,3.0
d843gd,NTA,4.0
d843gd,YTA,4.0
d843gd,YTA,3.0
d843gd,YTA,4.0
d843gd,YTA,4.0
d843gd,ESH,3.0
d843gd,YTA,4.0
d843gd,ESH,3.0
d843gd,YTA,3.0
d843gd,ESH,3.0
d843gd,ESH,3.0
d843gd,NTA,4.0
d843gd,NTA,4.0
d843gd,NTA,4.0
d843gd,YTA,4.0
d843gd,YTA,4.0
d843gd,YTA,4.0
d843gd,YTA,3.0
d843gd,YTA,4.0
d843gd,YTA,4.0
d843gd,NTA,4.0
d843gd,YTA,4.0
d843gd,YTA,3.0
d843gd,YTA,4.0
d843gd,YTA,4.0
d843gd,NTA,4.0
d843gd,ESH,2.0
d843gd,NTA,4.0
d843gd,ESH,3.0
d843gd,YTA,4.0
d843gd,YTA,3.0
d843gd,YTA,3.0
d843gd,NTA,4.0
d843gd,ESH,3.0
d843gd,YTA,4.0
d843gd,YTA,4.0
d843gd,YTA,4.0
d843gd,ESH,3.0
d843gd,YTA,4.0
d843gd,YTA,4.0
d843gd,YTA,4.0
d843gd,YTA,4.0
d843gd,YTA,3.0
d843gd,ESH,3.0
d843gd,ESH,2.0
d843gd,NTA,3.0
d843gd,NTA,4.0
d843gd,NTA,4.0
d843gd,ESH,3.0
d843gd,NTA,4.0
d843gd,YTA,3.0
d843gd,YTA,4.0
d843gd,NTA,4.0
d843gd,NTA,4.0
d843gd,NTA,4.0
d843gd,YTA,3.0
d843gd,ESH,3.0
d843gd,ESH,1.0
d843gd,YTA,3.0
d843gd,YTA,4.0
d843gd,YTA,4.0
d843gd,YTA,4.0
d843gd,YTA,3.0
d843gd,YTA,4.0
d843gd,ESH,3.0
d843gd,NTA,4.0
d843gd,NTA,4.0
d843gd,YTA,3.0
d843gd,YTA,4.0
d843gd,NTA,4.0
d843gd,YTA,4.0
d843gd,YTA,4.0
d843gd,NTA,4.0
d843gd,NTA,4.0
d843gd,YTA,4.0
d843gd,YTA,4.0
d843gd,YTA,3.0
d843gd,YTA,4.0
d843gd,ESH,3.0
d843gd,YTA,4.0
d843gd,NTA,4.0
d843gd,NTA,4.0
d843gd,YTA,4.0
d843gd,YTA,4.0
d843gd,ESH,3.0
d843gd,YTA,4.0
d843gd,ESH,3.0
d843gd,NTA,3.0
d843gd,YTA,3.0
d843gd,ESH,3.0
d843gd,YTA,3.0
d843gd,NAH,3.0
d843gd,YTA,4.0
d843gd,NTA,4.0
d843gd,YTA,3.0
d843gd,NTA,4.0
d843gd,YTA,4.0
d843gd,NTA,3.0
d843gd,ESH,3.0
d843gd,NTA,4.0
d843gd,YTA,3.0
d843gd,NTA,3.0
d843gd,NTA,4.0
d843gd,NTA,4.0
d843gd,ESH,4.0
d843gd,NTA,4.0
d843gd,YTA,4.0
d843gd,YTA,3.0
d843gd,YTA,4.0
d843gd,ESH,3.0
d843gd,NTA,4.0
d843gd,YTA,4.0
d843gd,YTA,4.0
d843gd,NTA,4.0
d843gd,ESH,3.0
d843gd,YTA,3.0
d843gd,YTA,4.0
d843gd,YTA,4.0
d843gd,ESH,2.0
d843gd,YTA,4.0
d843gd,NTA,4.0
d843gd,NTA,4.0
d843gd,YTA,2.0
d843gd,NTA,4.0
d843gd,NTA,4.0
d843gd,YTA,4.0
d843gd,YTA,3.0
d843gd,YTA,4.0
d843gd,YTA,4.0
dd92i7,NTA,4.0
dd92i7,NTA,4.0
dd92i7,NTA,4.0
dd92i7,NTA,4.0
dd92i7,NTA,4.0
dd92i7,NTA,4.0
dd92i7,NTA,4.0
dd92i7,NTA,4.0
dd92i7,YTA,3.0
dd92i7,NTA,4.0
dd92i7,YTA,3.0
dd92i7,NTA,3.0
dd92i7,YTA,3.0
dd92i7,YTA,4.0
dd92i7,YTA,4.0
dd92i7,NTA,4.0
dd92i7,NTA,4.0
dd92i7,NTA,4.0
dd92i7,YTA,3.0
dd92i7,YTA,3.0
dd92i7,NTA,4.0
dd92i7,NTA,3.0
dd92i7,NTA,4.0
dd92i7,NTA,4.0
dd92i7,NTA,3.0
dd92i7,NTA,4.0
dd92i7,NAH,4.0
dd92i7,YTA,3.0
dd92i7,NTA,4.0
dd92i7,NTA,4.0
dd92i7,NTA,4.0
dd92i7,NTA,4.0
dd92i7,NTA,4.0
dd92i7,NTA,4.0
dd92i7,NTA,4.0
dd92i7,ESH,3.0
dd92i7,NTA,4.0
dd92i7,NTA,4.0
dd92i7,YTA,3.0
dd92i7,NTA,3.0
dd92i7,NTA,4.0
dd92i7,NTA,4.0
dd92i7,NTA,4.0
dd92i7,NTA,4.0
dd92i7,ESH,3.0
dd92i7,YTA,3.0
dd92i7,YTA,3.0
dd92i7,ESH,3.0
dd92i7,NTA,4.0
dd92i7,YTA,3.0
dd92i7,YTA,1.0
dd92i7,NTA,4.0
dd92i7,NTA,4.0
dd92i7,NTA,4.0
dfp1yq,NTA,4.0
dfp1yq,NTA,3.0
dfp1yq,YTA,4.0
dfp1yq,NTA,4.0
dfp1yq,NTA,4.0
dfp1yq,YTA,3.0
dfp1yq,NTA,4.0
dfp1yq,NTA,4.0
dfp1yq,YTA,4.0
dfp1yq,YTA,3.0
dfp1yq,ESH,3.0
dfp1yq,YTA,3.0
dfp1yq,NTA,4.0
dfp1yq,NAH,4.0
dfp1yq,YTA,4.0
dfp1yq,NTA,4.0
dfp1yq,YTA,4.0
dfp1yq,NTA,4.0
dfp1yq,NTA,4.0
dfp1yq,NAH,3.0
dfp1yq,ESH,3.0
dfp1yq,NTA,4.0
dfp1yq,YTA,4.0
dfp1yq,YTA,3.0
dfp1yq,ESH,3.0
dfp1yq,NTA,3.0
dfp1yq,ESH,3.0
dfp1yq,NTA,4.0
dfp1yq,NTA,4.0
dfp1yq,NTA,4.0
dfp1yq,YTA,4.0
dfp1yq,NAH,4.0
dfp1yq,NAH,4.0
dfp1yq,NTA,4.0
dfp1yq,NAH,3.0
dfp1yq,NTA,4.0
dfp1yq,NTA,4.0
dfp1yq,NTA,4.0
dfp1yq,NAH,3.0
dfp1yq,NAH,4.0
dfp1yq,NTA,4.0
dfp1yq,YTA,4.0
dfp1yq,NAH,3.0
dfp1yq,NTA,4.0
dfp1yq,NTA,4.0
dfp1yq,NAH,3.0
dfp1yq,NTA,4.0
dfp1yq,NTA,4.0
dfp1yq,NTA,4.0
dfp1yq,NTA,4.0
dfp1yq,NAH,4.0
dfp1yq,NTA,4.0
dfp1yq,NTA,4.0
dfp1yq,NAH,3.0
dfp1yq,YTA,4.0
dfp1yq,ESH,3.0
dfp1yq,YTA,3.0
dfp1yq,NAH,3.0
dfp1yq,NAH,3.0
dfp1yq,NTA,3.0
dfp1yq,NAH,4.0
dfp1yq,NTA,4.0
dfp1yq,NTA,3.0
dfp1yq,NTA,4.0
dfp1yq,NAH,3.0
dfp1yq,NTA,4.0
dfp1yq,NTA,4.0
dfp1yq,NTA,4.0
dfp1yq,YTA,4.0
dfp1yq,NTA,4.0
dfp1yq,NTA,4.0
dfp1yq,NTA,4.0
dfp1yq,YTA,3.0
dfp1yq,NTA,4.0
dfp1yq,NAH,4.0
dfp1yq,NTA,4.0
dfp1yq,YTA,4.0
dfp1yq,NAH,3.0
dfp1yq,NTA,4.0
dfp1yq,YTA,3.0
dfp1yq,YTA,4.0
dfp1yq,YTA,3.0
dfp1yq,NTA,4.0
dfp1yq,NTA,4.0
dfp1yq,NAH,3.0
dfp1yq,NTA,4.0
dfp1yq,YTA,4.0
dfp1yq,YTA,4.0
dfp1yq,NTA,4.0
dfp1yq,NTA,4.0
dfp1yq,NAH,4.0
dfp1yq,YTA,3.0
dfp1yq,YTA,4.0
dfp1yq,YTA,4.0
dfp1yq,YTA,4.0
dfp1yq,YTA,4.0
dfp1yq,NTA,4.0
dfp1yq,YTA,3.0
dfp1yq,NTA,4.0
dfp1yq,YTA,4.0
dfp1yq,NTA,3.0
dfp1yq,NAH,3.0
dfp1yq,YTA,4.0
dfp1yq,ESH,4.0
dfp1yq,NTA,4.0
dfp1yq,YTA,4.0
dfp1yq,YTA,4.0
dfp1yq,NTA,4.0
dfp1yq,NAH,4.0
dfp1yq,YTA,4.0
dfp1yq,NTA,4.0
dfp1yq,NTA,4.0
dfp1yq,YTA,4.0
dfp1yq,YTA,3.0
dfp1yq,YTA,4.0
dfp1yq,NTA,4.0
dfp1yq,NTA,4.0
dfp1yq,YTA,3.0
dfp1yq,NAH,4.0
dfp1yq,NTA,4.0
dfp1yq,YTA,3.0
dfp1yq,NAH,3.0
dfp1yq,NTA,4.0
dfp1yq,YTA,4.0
dfp1yq,NAH,3.0
dfp1yq,NTA,4.0
dfp1yq,NTA,4.0
dfp1yq,NTA,4.0
dfp1yq,NTA,4.0
dfp1yq,YTA,4.0
dfp1yq,NTA,4.0
dfp1yq,NTA,4.0
dfp1yq,NTA,4.0
dfp1yq,NTA,4.0
dfp1yq,YTA,3.0
dfp1yq,YTA,4.0
dfp1yq,NTA,4.0
dfp1yq,NTA,4.0
dfp1yq,YTA,3.0
dfp1yq,ESH,3.0
dfp1yq,YTA,4.0
dfp1yq,NTA,4.0
dfp1yq,YTA,4.0
dfp1yq,YTA,4.0
dfp1yq,YTA,4.0
dfp1yq,YTA,4.0
dfp1yq,ESH,3.0
dfp1yq,YTA,4.0
dfp1yq,NTA,4.0
dfp1yq,NTA,4.0
dfp1yq,YTA,4.0
dfp1yq,NTA,4.0
dfp1yq,NAH,3.0
dfp1yq,NTA,4.0
dfp1yq,YTA,4.0
dfp1yq,NTA,4.0
dfp1yq,NTA,4.0
dfp1yq,NTA,4.0
dfp1yq,NAH,4.0
dfp1yq,YTA,4.0
dfp1yq,YTA,3.0
dfp1yq,NTA,4.0
dfp1yq,NTA,4.0
dfp1yq,YTA,4.0
dfp1yq,YTA,4.0
dfp1yq,NTA,3.0
dfp1yq,NTA,4.0
dfp1yq,NTA,4.0
dfp1yq,YTA,4.0
dfp1yq,YTA,4.0
dfp1yq,YTA,4.0
dfp1yq,NAH,3.0
dfp1yq,NTA,4.0
dfp1yq,NTA,4.0
dfp1yq,YTA,4.0
dfp1yq,YTA,3.0
dfp1yq,YTA,4.0
dfp1yq,YTA,4.0
dfp1yq,YTA,4.0
dfp1yq,YTA,4.0
dfp1yq,NAH,3.0
dfp1yq,NAH,4.0
dfp1yq,YTA,4.0
dfp1yq,NTA,3.0
dfp1yq,NAH,4.0
dfp1yq,YTA,4.0
dfp1yq,NTA,4.0
dfp1yq,YTA,4.0
dfp1yq,YTA,4.0
dfp1yq,NTA,4.0
dfp1yq,NTA,4.0
dfp1yq,YTA,4.0
dfp1yq,YTA,3.0
dfp1yq,ESH,1.0
dfp1yq,ESH,3.0
dfp1yq,NTA,4.0
dfp1yq,NTA,4.0
dfp1yq,YTA,4.0
dfp1yq,YTA,3.0
dfp1yq,YTA,4.0
dfp1yq,NTA,4.0
dfp1yq,YTA,4.0
dfp1yq,YTA,4.0
dfp1yq,YTA,4.0
dfp1yq,YTA,3.0
dfp1yq,NTA,4.0
dfp1yq,NTA,4.0
dfp1yq,YTA,4.0
dfp1yq,NAH,3.0
dfp1yq,NAH,4.0
dfp1yq,NTA,4.0
dfp1yq,NAH,3.0
dfp1yq,YTA,4.0
dfp1yq,YTA,4.0
dfp1yq,NTA,4.0
dfp1yq,YTA,3.0
dfp1yq,NTA,4.0
dfp1yq,YTA,2.0
dfp1yq,YTA,4.0
dfp1yq,NTA,4.0
dfp1yq,NTA,4.0
dfp1yq,NTA,4.0
dfp1yq,YTA,4.0
dfp1yq,YTA,4.0
dfp1yq,NTA,4.0
dfp1yq,YTA,4.0
dfp1yq,YTA,4.0
dfp1yq,YTA,4.0
dfp1yq,ESH,3.0
dfp1yq,YTA,4.0
dfp1yq,ESH,4.0
dfp1yq,NTA,4.0
dfp1yq,NTA,4.0
dfp1yq,NTA,4.0
dfp1yq,ESH,3.0
dfp1yq,NTA,4.0
dfp1yq,YTA,4.0
dfp1yq,NAH,3.0
dfp1yq,NTA,3.0
dfp1yq,NTA,4.0
dfp1yq,YTA,4.0
dfp1yq,NAH,3.0
dfp1yq,YTA,4.0
dfp1yq,YTA,4.0
dfp1yq,NAH,3.0
dfp1yq,NAH,4.0
dfp1yq,YTA,4.0
dfp1yq,ESH,1.0
dfp1yq,NTA,4.0
dfp1yq,YTA,4.0
dfp1yq,YTA,4.0
dfp1yq,NTA,4.0
dfp1yq,ESH,1.0
dfp1yq,NTA,4.0
dfp1yq,YTA,3.0
dfp1yq,NTA,4.0
dfp1yq,YTA,4.0
dfp1yq,YTA,4.0
dfp1yq,YTA,4.0
dfp1yq,NTA,4.0
dfp1yq,NAH,3.0
dfp1yq,YTA,4.0
dfp1yq,NTA,4.0
dfp1yq,NTA,4.0
dfp1yq,YTA,4.0
dfp1yq,NTA,4.0
dfp1yq,NTA,4.0
dfp1yq,YTA,4.0
dfp1yq,NTA,4.0
dfp1yq,NTA,4.0
dfp1yq,NTA,1.0
dfp1yq,NTA,4.0
dfp1yq,YTA,4.0
dfp1yq,YTA,4.0
dfp1yq,NTA,4.0
dfp1yq,NAH,4.0
dfp1yq,NTA,4.0
dfp1yq,NTA,4.0
dfp1yq,ESH,3.0
dfp1yq,NAH,3.0
dfp1yq,YTA,3.0
dfp1yq,YTA,3.0
dfp1yq,NAH,3.0
dfp1yq,NTA,4.0
dfp1yq,ESH,3.0
dfp1yq,NTA,4.0
dfp1yq,YTA,4.0
dfp1yq,NTA,4.0
dfp1yq,YTA,4.0
dfp1yq,YTA,4.0
dfp1yq,ESH,3.0
dfp1yq,YTA,4.0
dfp1yq,NTA,4.0
dfp1yq,YTA,4.0
dfp1yq,NTA,4.0
dfp1yq,YTA,4.0
dfp1yq,NTA,4.0
dfp1yq,YTA,4.0
dfp1yq,NAH,3.0
dfp1yq,NTA,4.0
dfp1yq,YTA,4.0
dfp1yq,YTA,3.0
dfp1yq,ESH,4.0
dfp1yq,NAH,3.0
dfp1yq,NTA,4.0
dfp1yq,NTA,4.0
dfp1yq,ESH,3.0
dfp1yq,NAH,3.0
dfp1yq,YTA,4.0
dfp1yq,NAH,3.0
dfp1yq,YTA,3.0
dfp1yq,NAH,4.0
dfp1yq,YTA,4.0
dfp1yq,ESH,3.0
dfp1yq,NAH,3.0
dfp1yq,NTA,4.0
dfp1yq,NTA,4.0
dfp1yq,YTA,4.0
dfp1yq,YTA,4.0
dfp1yq,NTA,4.0
dfp1yq,NTA,4.0
dfp1yq,YTA,4.0
dfp1yq,NTA,4.0
dfp1yq,NTA,4.0
dfp1yq,NTA,4.0
dfp1yq,NTA,3.0
dfp1yq,NTA,4.0
dfp1yq,NAH,3.0
dfp1yq,YTA,4.0
dfp1yq,YTA,4.0
dfp1yq,YTA,3.0
dfp1yq,YTA,4.0
dfp1yq,YTA,1.0
dfp1yq,YTA,4.0
dfp1yq,NAH,3.0
dfp1yq,YTA,3.0
dfp1yq,NTA,4.0
dfp1yq,NTA,4.0
dfp1yq,YTA,4.0
dfp1yq,YTA,4.0
dfp1yq,YTA,4.0
dfp1yq,YTA,4.0
dfp1yq,YTA,4.0
dfp1yq,NTA,4.0
dfp1yq,NTA,4.0
dfp1yq,YTA,4.0
dfp1yq,NTA,4.0
dfp1yq,NTA,4.0
dfp1yq,NTA,3.0
dfp1yq,NTA,4.0
dfp1yq,ESH,3.0
dfp1yq,NAH,4.0
dfp1yq,NTA,3.0
dfp1yq,YTA,4.0
dfp1yq,YTA,4.0
dfp1yq,YTA,4.0
dfp1yq,YTA,3.0
dfp1yq,YTA,3.0
dfp1yq,ESH,3.0
dfp1yq,YTA,4.0
dfp1yq,YTA,4.0
dfp1yq,NTA,4.0
dfp1yq,YTA,4.0
dfp1yq,NTA,4.0
dfp1yq,NTA,4.0
dfp1yq,ESH,3.0
dfp1yq,YTA,3.0
dfp1yq,YTA,1.0
dfp1yq,YTA,4.0
dfp1yq,YTA,4.0
dfp1yq,NAH,3.0
dfp1yq,NTA,4.0
dfp1yq,YTA,4.0
dfp1yq,NAH,3.0
dfp1yq,YTA,4.0
dfp1yq,ESH,3.0
dfp1yq,YTA,4.0
dfp1yq,YTA,4.0
dfp1yq,ESH,3.0
dfp1yq,NTA,4.0
dfp1yq,YTA,4.0
dfp1yq,ESH,3.0
dfp1yq,YTA,4.0
dfp1yq,NAH,1.0
dfp1yq,NAH,3.0
dfp1yq,NTA,4.0
dfp1yq,YTA,4.0
dfp1yq,NTA,4.0
dfp1yq,NAH,3.0
dfp1yq,ESH,3.0
dfp1yq,YTA,4.0
dfp1yq,YTA,4.0
dfp1yq,NAH,4.0
dfp1yq,ESH,3.0
dfp1yq,YTA,4.0
dfp1yq,NTA,4.0
dfp1yq,YTA,4.0
dfp1yq,ESH,3.0
dfp1yq,NTA,4.0
dfp1yq,NAH,4.0
dfp1yq,NTA,4.0
dfp1yq,YTA,4.0
dfp1yq,YTA,4.0
dfp1yq,ESH,1.0
dfp1yq,NTA,4.0
dfp1yq,NTA,4.0
dfp1yq,NAH,3.0
dfp1yq,NTA,4.0
dfp1yq,NTA,4.0
dfp1yq,NAH,4.0
dfp1yq,YTA,4.0
dfp1yq,NAH,3.0
dfp1yq,YTA,4.0
dfp1yq,NTA,4.0
dfp1yq,YTA,3.0
dfp1yq,NTA,4.0
dfp1yq,YTA,3.0
dfp1yq,NAH,4.0
dfp1yq,YTA,4.0
dfp1yq,NAH,4.0
dfp1yq,NTA,4.0
dfp1yq,ESH,4.0
dfp1yq,NTA,4.0
dfp1yq,NAH,3.0
dfp1yq,YTA,3.0
dfp1yq,NTA,4.0
dfp1yq,NTA,4.0
dfp1yq,YTA,4.0
dfp1yq,NAH,3.0
dfp1yq,YTA,3.0
dfp1yq,YTA,4.0
dfp1yq,NAH,4.0
dfp1yq,NTA,4.0
dfp1yq,YTA,4.0
dfp1yq,NTA,4.0
dfp1yq,NTA,4.0
dfp1yq,ESH,3.0
dfp1yq,YTA,4.0
dfp1yq,NTA,4.0
dfp1yq,ESH,4.0
dfp1yq,YTA,3.0
dfp1yq,NTA,4.0
dfp1yq,NTA,4.0
dfp1yq,YTA,4.0
dfp1yq,NTA,4.0
dfp1yq,YTA,4.0
dfp1yq,NTA,4.0
dfp1yq,NTA,4.0
dfp1yq,NAH,3.0
dfp1yq,YTA,3.0
dfp1yq,YTA,4.0
dfp1yq,NTA,4.0
dfp1yq,NTA,4.0
dfp1yq,NTA,4.0
dfp1yq,YTA,4.0
dfp1yq,NTA,4.0
dfp1yq,YTA,4.0
dfp1yq,NTA,4.0
dfp1yq,NAH,4.0
dfp1yq,NAH,4.0
dfp1yq,NAH,3.0
dfp1yq,NTA,4.0
dfp1yq,NTA,3.0
dfp1yq,YTA,4.0
dfp1yq,NAH,4.0
dfp1yq,YTA,4.0
dfp1yq,NAH,4.0
dfp1yq,ESH,3.0
dfp1yq,YTA,4.0
dfp1yq,YTA,4.0
dfp1yq,NTA,4.0
dfp1yq,YTA,4.0
dfp1yq,YTA,4.0
dfp1yq,YTA,4.0
dfp1yq,NTA,4.0
dfp1yq,NTA,3.0
dfp1yq,NTA,4.0
dfp1yq,NAH,4.0
dfp1yq,YTA,4.0
dfp1yq,NTA,4.0
dfp1yq,NAH,3.0
dfp1yq,YTA,4.0
dfp1yq,YTA,4.0
dfp1yq,NTA,3.0
dfp1yq,NTA,4.0
dfp1yq,NAH,3.0
dfp1yq,YTA,4.0
dfp1yq,NTA,3.0
dfp1yq,YTA,4.0
dfp1yq,YTA,4.0
dfp1yq,YTA,4.0
dfp1yq,YTA,4.0
dfp1yq,NTA,4.0
dfp1yq,YTA,3.0
dfp1yq,NTA,4.0
dfp1yq,YTA,4.0
dfp1yq,NTA,4.0
dfp1yq,NAH,3.0
dfp1yq,NAH,3.0
dfp1yq,ESH,3.0
dfp1yq,NTA,4.0
dfp1yq,YTA,4.0
dfp1yq,YTA,4.0
dfp1yq,YTA,4.0
dfp1yq,YTA,4.0
dfp1yq,YTA,4.0
dfp1yq,YTA,4.0
dfp1yq,ESH,4.0
dfp1yq,YTA,4.0
dfp1yq,YTA,4.0
dfp1yq,ESH,4.0
dfp1yq,NTA,4.0
dfp1yq,NTA,4.0
dfp1yq,YTA,4.0
dfp1yq,YTA,4.0
dfp1yq,NAH,4.0
dfp1yq,YTA,4.0
dfp1yq,NAH,3.0
dfp1yq,YTA,4.0
dfp1yq,NTA,4.0
dfp1yq,NTA,4.0
dfp1yq,NTA,4.0
dfp1yq,YTA,4.0
dfp1yq,YTA,4.0
dfp1yq,ESH,4.0
dfp1yq,YTA,4.0
dfp1yq,YTA,4.0
dfp1yq,NTA,4.0
dfp1yq,YTA,4.0
dfp1yq,YTA,4.0
dfp1yq,NTA,4.0
dfp1yq,NTA,4.0
dfp1yq,YTA,4.0
dfp1yq,YTA,4.0
dfp1yq,YTA,4.0
dfp1yq,NTA,3.0
dfp1yq,NTA,4.0
dfp1yq,YTA,4.0
dfp1yq,ESH,3.0
dfp1yq,YTA,4.0
dfp1yq,YTA,3.0
dfp1yq,NAH,3.0
dfp1yq,NTA,3.0
dfp1yq,NTA,4.0
dfp1yq,NTA,4.0
dfp1yq,NAH,3.0
dfp1yq,NAH,3.0
dfp1yq,NAH,4.0
dfp1yq,YTA,4.0
dfp1yq,NTA,4.0
dfp1yq,NTA,4.0
dfp1yq,YTA,4.0
dfp1yq,YTA,4.0
dfp1yq,NTA,4.0
dfp1yq,YTA,4.0
dfp1yq,YTA,4.0
dfp1yq,NTA,4.0
dfp1yq,YTA,4.0
dfp1yq,NTA,3.0
dfp1yq,NTA,4.0
dfp1yq,NTA,4.0
dfp1yq,YTA,4.0
dfp1yq,ESH,4.0
dfp1yq,YTA,3.0
dfp1yq,NTA,4.0
dfp1yq,NTA,4.0
dfp1yq,NTA,4.0
dfp1yq,YTA,4.0
dfp1yq,NAH,3.0
dfp1yq,NAH,4.0
dfp1yq,NTA,4.0
dfp1yq,NTA,4.0
dfp1yq,NAH,4.0
dfp1yq,NTA,3.0
dfp1yq,YTA,3.0
dfp1yq,ESH,4.0
dfp1yq,YTA,4.0
dfp1yq,NTA,4.0
dfp1yq,NTA,4.0
dfp1yq,YTA,4.0
dfp1yq,YTA,4.0
dfp1yq,YTA,4.0
dfp1yq,NTA,4.0
dfp1yq,NTA,4.0
dfp1yq,YTA,2.0
dfp1yq,YTA,4.0
dfp1yq,YTA,4.0
dfp1yq,NAH,4.0
dfp1yq,ESH,4.0
dfp1yq,ESH,3.0
dfp1yq,YTA,4.0
dfp1yq,NAH,3.0
dfp1yq,YTA,4.0
dfp1yq,NAH,3.0
dfp1yq,YTA,4.0
dfp1yq,NTA,4.0
dfp1yq,YTA,4.0
dfp1yq,NTA,4.0
dfp1yq,NTA,4.0
dfp1yq,NTA,4.0
dfp1yq,YTA,4.0
dfp1yq,YTA,4.0
dfp1yq,YTA,4.0
dfp1yq,YTA,4.0
dfp1yq,YTA,4.0
dfp1yq,YTA,4.0
dfp1yq,YTA,4.0
dfp1yq,YTA,4.0
dfp1yq,NTA,4.0
dfp1yq,ESH,2.0
dfp1yq,YTA,4.0
dfp1yq,NAH,4.0
dfp1yq,NTA,1.0
dfp1yq,NTA,4.0
dfp1yq,YTA,4.0
dfp1yq,YTA,3.0
dfp1yq,YTA,4.0
dfp1yq,YTA,4.0
dfp1yq,YTA,4.0
dfp1yq,YTA,4.0
dfp1yq,ESH,3.0
dfp1yq,YTA,4.0
dfp1yq,NTA,4.0
dfp1yq,NTA,4.0
dfp1yq,NTA,4.0
dfp1yq,YTA,3.0
dfp1yq,YTA,4.0
dfp1yq,YTA,4.0
dfp1yq,YTA,4.0
dfp1yq,YTA,4.0
dfp1yq,YTA,3.0
dfp1yq,ESH,3.0
dfp1yq,NAH,3.0
dfp1yq,YTA,4.0
dfp1yq,YTA,4.0
dfp1yq,YTA,4.0
dfp1yq,ESH,2.0
dfp1yq,NTA,4.0
dfp1yq,YTA,4.0
dfp1yq,YTA,4.0
dfp1yq,YTA,4.0
dfp1yq,YTA,4.0
dfp1yq,YTA,3.0
dfp1yq,YTA,4.0
dfp1yq,NAH,4.0
dfp1yq,NTA,4.0
dfp1yq,NTA,4.0
dfp1yq,NTA,4.0
dfp1yq,NAH,4.0
dfp1yq,NAH,4.0
dfp1yq,YTA,4.0
dfp1yq,NTA,4.0
dfp1yq,YTA,4.0
dfp1yq,NAH,3.0
dfp1yq,YTA,4.0
dfp1yq,ESH,3.0
dfp1yq,YTA,4.0
dfp1yq,YTA,4.0
dfp1yq,NTA,3.0
dfp1yq,ESH,3.0
dfp1yq,YTA,1.0
dfp1yq,NTA,4.0
dfp1yq,NTA,4.0
dfp1yq,NTA,4.0
dfp1yq,YTA,4.0
dfp1yq,YTA,4.0
dfp1yq,NTA,4.0
dfp1yq,YTA,4.0
dfp1yq,YTA,3.0
dfp1yq,YTA,4.0
dfp1yq,NTA,4.0
dfp1yq,YTA,4.0
dfp1yq,YTA,4.0
dfp1yq,NAH,3.0
dfp1yq,NAH,3.0
dfp1yq,NTA,4.0
dfp1yq,YTA,4.0
dfp1yq,NTA,4.0
dfp1yq,YTA,4.0
dfp1yq,YTA,4.0
dfp1yq,YTA,4.0
dfp1yq,NTA,4.0
dfp1yq,YTA,4.0
dfp1yq,YTA,4.0
dfp1yq,YTA,4.0
dfp1yq,ESH,2.0
dfp1yq,YTA,4.0
dfp1yq,ESH,3.0
dfp1yq,NAH,4.0
dfp1yq,YTA,4.0
dfp1yq,NAH,4.0
dfp1yq,NTA,4.0
dfp1yq,NTA,4.0
dfp1yq,YTA,4.0
dfp1yq,NTA,4.0
dfp1yq,YTA,4.0
dfp1yq,NAH,4.0
dfp1yq,NTA,4.0
dfp1yq,YTA,4.0
dfp1yq,YTA,4.0
dfp1yq,YTA,4.0
dfp1yq,NTA,4.0
dfp1yq,YTA,4.0
dfp1yq,YTA,4.0
dfp1yq,YTA,3.0
dfp1yq,YTA,4.0
dfp1yq,YTA,4.0
dfp1yq,NTA,4.0
dfp1yq,NTA,4.0
dfp1yq,YTA,3.0
dfp1yq,ESH,3.0
dfp1yq,YTA,4.0
dfp1yq,YTA,4.0
dfp1yq,NTA,4.0
dfp1yq,YTA,4.0
dfp1yq,NTA,4.0
dfp1yq,NTA,4.0
dfp1yq,ESH,3.0
dfp1yq,NTA,4.0
dfp1yq,YTA,4.0
dfp1yq,YTA,4.0
dfp1yq,NTA,4.0
dfp1yq,YTA,4.0
dfp1yq,YTA,4.0
dfp1yq,YTA,3.0
dfp1yq,NTA,4.0
dfp1yq,YTA,4.0
dfp1yq,YTA,4.0
dfp1yq,YTA,4.0
dfp1yq,NTA,4.0
dfp1yq,NTA,4.0
dfp1yq,NTA,4.0
dfp1yq,NTA,4.0
dfp1yq,NTA,4.0
dfp1yq,NTA,4.0
dfp1yq,NTA,4.0
dfp1yq,NAH,3.0
dfp1yq,NTA,4.0
dfp1yq,NAH,3.0
dfp1yq,YTA,4.0
dfp1yq,YTA,4.0
dfp1yq,NTA,4.0
dfp1yq,YTA,
dfp1yq,NTA,4.0
dfp1yq,NTA,4.0
dfp1yq,YTA,4.0
dfp1yq,YTA,4.0
dfp1yq,YTA,4.0
dfp1yq,YTA,4.0
dfp1yq,YTA,4.0
dfp1yq,YTA,4.0
dfp1yq,NAH,4.0
dfp1yq,YTA,4.0
dfp1yq,NTA,4.0
dfp1yq,YTA,4.0
dfp1yq,NTA,4.0
dfp1yq,NTA,4.0
dfp1yq,YTA,4.0
dfp1yq,YTA,4.0
dfp1yq,ESH,3.0
dfp1yq,YTA,4.0
dfp1yq,ESH,4.0
dfp1yq,YTA,4.0
dfp1yq,YTA,3.0
dfp1yq,YTA,4.0
dfp1yq,NTA,4.0
dfp1yq,ESH,3.0
dfp1yq,YTA,4.0
dfp1yq,YTA,3.0
dfp1yq,YTA,4.0
dfp1yq,NTA,4.0
dfp1yq,NAH,3.0
dfp1yq,NTA,4.0
dfp1yq,NTA,4.0
dfp1yq,NAH,4.0
dfp1yq,ESH,4.0
dfp1yq,ESH,3.0
dfp1yq,YTA,4.0
dfp1yq,YTA,4.0
dfp1yq,NTA,4.0
dfp1yq,NTA,4.0
dfp1yq,YTA,4.0
dfp1yq,NTA,4.0
dfp1yq,NTA,4.0
dfp1yq,NAH,3.0
dfp1yq,NTA,4.0
dfp1yq,YTA,4.0
dfp1yq,NTA,4.0
dfp1yq,NAH,4.0
dfp1yq,YTA,4.0
dfp1yq,YTA,4.0
dfp1yq,YTA,4.0
dfp1yq,NTA,4.0
dfp1yq,NTA,4.0
dfp1yq,NTA,4.0
dfp1yq,NTA,4.0
dfp1yq,YTA,4.0
dfp1yq,YTA,4.0
dfp1yq,YTA,4.0
dfp1yq,NAH,3.0
dfp1yq,ESH,3.0
dfp1yq,NAH,4.0
dfp1yq,YTA,4.0
dfp1yq,NTA,3.0
dfp1yq,YTA,4.0
dfp1yq,NTA,4.0
dfp1yq,YTA,3.0
dfp1yq,YTA,4.0
dfp1yq,NTA,4.0
dfp1yq,NAH,3.0
dfp1yq,YTA,4.0
dfp1yq,YTA,1.0
dfp1yq,YTA,4.0
dfp1yq,NAH,3.0
dfp1yq,YTA,4.0
dfp1yq,YTA,4.0
dfp1yq,NAH,4.0
dfp1yq,YTA,4.0
dfp1yq,NTA,4.0
dfp1yq,YTA,4.0
dfp1yq,YTA,4.0
dfp1yq,NTA,4.0
dfp1yq,YTA,4.0
dfp1yq,NTA,4.0
dfp1yq,YTA,4.0
dfp1yq,NTA,4.0
dfp1yq,NAH,3.0
dfp1yq,YTA,4.0
dfp1yq,YTA,4.0
dfp1yq,YTA,4.0
dfp1yq,ESH,3.0
dfp1yq,NTA,4.0
dfp1yq,NTA,4.0
dfp1yq,NAH,3.0
dfp1yq,YTA,3.0
dfp1yq,NTA,4.0
dfp1yq,YTA,3.0
dfp1yq,YTA,3.0
dfp1yq,NTA,4.0
dfp1yq,ESH,3.0
dfp1yq,NTA,3.0
dfp1yq,NTA,3.0
dfp1yq,YTA,4.0
dfp1yq,NTA,4.0
dfp1yq,YTA,3.0
dfp1yq,NTA,3.0
dfp1yq,NTA,4.0
dfp1yq,YTA,4.0
dfp1yq,YTA,4.0
dfp1yq,YTA,4.0
dfp1yq,YTA,3.0
dfp1yq,ESH,3.0
dfp1yq,NAH,4.0
dfp1yq,NTA,4.0
dfp1yq,YTA,1.0
dfp1yq,YTA,4.0
dfp1yq,NAH,3.0
dfp1yq,NAH,4.0
dfp1yq,NTA,4.0
dfp1yq,NTA,4.0
dfp1yq,NAH,3.0
dfp1yq,NAH,3.0
dfp1yq,NTA,1.0
dfp1yq,YTA,4.0
dfp1yq,NTA,4.0
dfp1yq,NTA,4.0
dfp1yq,YTA,4.0
dfp1yq,NAH,3.0
dfp1yq,YTA,4.0
dfp1yq,YTA,4.0
dfp1yq,YTA,3.0
dfp1yq,NAH,3.0
dfp1yq,YTA,3.0
dfp1yq,YTA,4.0
dfp1yq,YTA,4.0
dfp1yq,YTA,3.0
dfp1yq,YTA,4.0
dfp1yq,ESH,3.0
dfp1yq,NTA,4.0
dfp1yq,YTA,4.0
dfp1yq,NTA,4.0
dfp1yq,NTA,4.0
dfp1yq,NTA,4.0
dfp1yq,YTA,4.0
dfp1yq,NTA,4.0
dfp1yq,NTA,4.0
dfp1yq,YTA,4.0
dfp1yq,YTA,4.0
dfp1yq,NTA,4.0
dfp1yq,NTA,4.0
dfp1yq,NAH,3.0
dfp1yq,NTA,4.0
dfp1yq,YTA,4.0
dfp1yq,YTA,4.0
dhb7wl,NTA,4.0
dhb7wl,YTA,4.0
dhb7wl,YTA,4.0
dhb7wl,NTA,4.0
dhb7wl,YTA,4.0
dhb7wl,YTA,4.0
dhb7wl,YTA,4.0
dhb7wl,YTA,4.0
dhb7wl,YTA,4.0
dhb7wl,YTA,4.0
dhb7wl,NTA,3.0
dhb7wl,YTA,4.0
dhb7wl,ESH,2.0
dhb7wl,YTA,3.0
dhb7wl,YTA,4.0
dhb7wl,ESH,2.0
dhb7wl,NTA,4.0
dhb7wl,NTA,4.0
dhb7wl,NTA,4.0
dhb7wl,YTA,4.0
dhb7wl,YTA,4.0
dhb7wl,YTA,3.0
dhb7wl,YTA,4.0
dhb7wl,YTA,4.0
dhb7wl,NTA,3.0
dhb7wl,ESH,3.0
dhb7wl,YTA,4.0
dhb7wl,YTA,4.0
dhb7wl,YTA,4.0
dhb7wl,NTA,4.0
dhb7wl,NTA,4.0
dhb7wl,YTA,4.0
dhb7wl,YTA,4.0
dhb7wl,ESH,3.0
dhb7wl,NTA,4.0
dhb7wl,NTA,4.0
dhb7wl,ESH,3.0
dhb7wl,YTA,4.0
dhb7wl,YTA,4.0
dhb7wl,YTA,2.0
dhb7wl,YTA,4.0
dhb7wl,YTA,4.0
dhb7wl,YTA,4.0
dhb7wl,ESH,2.0
dhb7wl,NTA,4.0
dhb7wl,ESH,2.0
dhb7wl,ESH,3.0
dhb7wl,YTA,4.0
dhb7wl,NTA,4.0
dhb7wl,YTA,4.0
dhb7wl,NTA,4.0
dhb7wl,NTA,4.0
dhb7wl,NTA,4.0
dhb7wl,NTA,4.0
dhb7wl,NTA,4.0
dhb7wl,YTA,4.0
dhb7wl,YTA,3.0
dhb7wl,YTA,4.0
dhb7wl,NTA,4.0
dhb7wl,YTA,4.0
dhb7wl,NTA,4.0
dhb7wl,ESH,3.0
dhb7wl,NTA,4.0
dhb7wl,NTA,4.0
dhb7wl,ESH,3.0
dhb7wl,YTA,4.0
dl3r9r,ESH,3.0
dl3r9r,NTA,4.0
dl3r9r,NTA,4.0
dl3r9r,ESH,3.0
dl3r9r,NTA,4.0
dl3r9r,ESH,2.0
dl3r9r,ESH,3.0
dl3r9r,ESH,3.0
dl3r9r,ESH,3.0
dl3r9r,ESH,3.0
dl3r9r,NTA,4.0
dl3r9r,ESH,3.0
dl3r9r,ESH,3.0
dl3r9r,NTA,4.0
dl3r9r,NTA,4.0
dl3r9r,YTA,3.0
dl3r9r,YTA,3.0
dl3r9r,ESH,3.0
dl3r9r,NTA,4.0
dl3r9r,ESH,3.0
dl3r9r,YTA,3.0
dl3r9r,ESH,3.0
dl3r9r,ESH,3.0
dl3r9r,ESH,3.0
dl3r9r,ESH,3.0
dl3r9r,NTA,4.0
dl3r9r,ESH,3.0
dl3r9r,NTA,4.0
dl3r9r,NTA,4.0
dl3r9r,ESH,3.0
dl3r9r,ESH,3.0
dl3r9r,ESH,3.0
dl3r9r,ESH,2.0
dl3r9r,NTA,4.0
dl3r9r,ESH,3.0
dl3r9r,YTA,4.0
dl3r9r,NTA,4.0
dl3r9r,NTA,4.0
dl3r9r,ESH,3.0
dl3r9r,ESH,3.0
dl3r9r,ESH,3.0
dl3r9r,ESH,2.0
dl3r9r,NTA,4.0
dl3r9r,NTA,4.0
dl3r9r,NTA,4.0
dl3r9r,NTA,4.0
dl3r9r,ESH,2.0
dl3r9r,NTA,3.0
dl3r9r,ESH,1.0
dl3r9r,YTA,4.0
dl3r9r,NTA,4.0
dl3r9r,YTA,2.0
dl3r9r,NTA,4.0
dl3r9r,ESH,3.0
dl3r9r,ESH,3.0
dl3r9r,ESH,3.0
dl3r9r,YTA,4.0
dl3r9r,ESH,3.0
dl3r9r,NTA,4.0
dl3r9r,ESH,3.0
dl3r9r,NTA,4.0
dl3r9r,ESH,3.0
dl3r9r,NTA,4.0
dl3r9r,ESH,3.0
dl3r9r,YTA,3.0
dl3r9r,NTA,4.0
dl3r9r,YTA,3.0
dl3r9r,ESH,2.0
dl3r9r,NTA,4.0
dl3r9r,ESH,1.0
dl3r9r,ESH,3.0
dl3r9r,YTA,3.0
dl3r9r,YTA,3.0
dl3r9r,ESH,3.0
dl3r9r,ESH,3.0
dl3r9r,ESH,2.0
dl3r9r,ESH,4.0
dl3r9r,ESH,2.0
dl3r9r,NTA,4.0
dl3r9r,ESH,3.0
dl3r9r,YTA,3.0
dq8ekt,NTA,4.0
dq8ekt,ESH,2.0
dq8ekt,YTA,3.0
dq8ekt,NAH,3.0
dq8ekt,YTA,4.0
dq8ekt,NAH,3.0
dq8ekt,YTA,4.0
dq8ekt,NAH,3.0
dq8ekt,NAH,3.0
dq8ekt,ESH,3.0
dq8ekt,NTA,4.0
dq8ekt,NAH,3.0
dq8ekt,NTA,4.0
dq8ekt,NTA,4.0
dq8ekt,NTA,4.0
dq8ekt,NAH,3.0
dq8ekt,NAH,3.0
dq8ekt,NAH,3.0
dq8ekt,YTA,4.0
dq8ekt,YTA,3.0
dq8ekt,YTA,4.0
dq8ekt,NTA,4.0
dq8ekt,NTA,4.0
dq8ekt,NTA,4.0
dq8ekt,NTA,4.0
dq8ekt,YTA,4.0
dq8ekt,NAH,3.0
dq8ekt,NTA,4.0
dq8ekt,NTA,4.0
dq8ekt,NTA,4.0
dq8ekt,NTA,4.0
dq8ekt,YTA,4.0
dq8ekt,YTA,2.0
dq8ekt,NAH,3.0
dq8ekt,YTA,4.0
dq8ekt,NAH,3.0
dq8ekt,NTA,4.0
dq8ekt,NAH,4.0
dq8ekt,ESH,3.0
dq8ekt,NAH,4.0
dq8ekt,NTA,4.0
dq8ekt,NAH,3.0
dq8ekt,YTA,4.0
dq8ekt,NAH,3.0
dq8ekt,NAH,3.0
dq8ekt,NTA,4.0
dq8ekt,NAH,3.0
dq8ekt,NTA,4.0
dq8ekt,YTA,3.0
dq8ekt,YTA,3.0
dq8ekt,YTA,3.0
dq8ekt,ESH,3.0
dq8ekt,NAH,3.0
dq8ekt,NTA,4.0
dq8ekt,YTA,3.0
dq8ekt,NTA,4.0
dq8ekt,NAH,3.0
dq8ekt,YTA,3.0
dq8ekt,YTA,3.0
dq8ekt,NTA,4.0
dq8ekt,NAH,4.0
dq8ekt,NTA,4.0
dq8ekt,NAH,3.0
dq8ekt,NTA,4.0
dq8ekt,NTA,4.0
dq8ekt,NTA,4.0
dq8ekt,YTA,4.0
dq8ekt,NTA,4.0
dq8ekt,NTA,4.0
dq8ekt,NTA,3.0
dq8ekt,NTA,4.0
dq8ekt,NAH,3.0
dq8ekt,YTA,3.0
dq8ekt,NTA,4.0
dq8ekt,NTA,4.0
dq8ekt,NTA,4.0
dq8ekt,NAH,3.0
dq8ekt,YTA,4.0
dq8ekt,NAH,4.0
dq8ekt,NAH,3.0
dq8ekt,YTA,4.0
dq8ekt,NTA,4.0
dq8ekt,ESH,3.0
dq8ekt,NAH,3.0
dq8ekt,NAH,3.0
dq8ekt,NTA,4.0
dq8ekt,NTA,4.0
dq8ekt,NTA,4.0
dq8ekt,NAH,3.0
dq8ekt,NTA,4.0
dq8ekt,NAH,3.0
dq8ekt,YTA,4.0
dq8ekt,NAH,3.0
dq8ekt,YTA,4.0
dq8ekt,YTA,4.0
dq8ekt,NTA,3.0
dq8ekt,YTA,4.0
dq8ekt,YTA,4.0
dq8ekt,NTA,4.0
dq8ekt,YTA,4.0
dq8ekt,NTA,4.0
dq8ekt,NAH,3.0
dq8ekt,ESH,3.0
dq8ekt,NAH,3.0
dq8ekt,NTA,3.0
dq8ekt,YTA,4.0
dq8ekt,ESH,3.0
dq8ekt,NTA,4.0
dq8ekt,YTA,3.0
dq8ekt,YTA,3.0
dq8ekt,NTA,4.0
dq8ekt,YTA,4.0
dq8ekt,ESH,3.0
dq8ekt,NTA,4.0
dq8ekt,YTA,4.0
dq8ekt,NTA,4.0
dq8ekt,NTA,4.0
dq8ekt,NAH,3.0
dq8ekt,NTA,4.0
dq8ekt,NTA,4.0
dq8ekt,NTA,4.0
dq8ekt,NAH,3.0
dq8ekt,NTA,4.0
dq8ekt,NTA,4.0
dq8ekt,NTA,4.0
dq8ekt,ESH,3.0
dq8ekt,NAH,3.0
dq8ekt,NTA,4.0
dq8ekt,NTA,4.0
dq8ekt,YTA,4.0
dq8ekt,NAH,3.0
dq8ekt,YTA,4.0
dq8ekt,YTA,3.0
dq8ekt,ESH,3.0
dq8ekt,YTA,4.0
dq8ekt,YTA,3.0
dq8ekt,YTA,4.0
dq8ekt,ESH,3.0
dq8ekt,NAH,3.0
dq8ekt,NTA,4.0
dq8ekt,NAH,4.0
dq8ekt,NTA,3.0
dq8ekt,NAH,3.0
dq8ekt,YTA,4.0
dq8ekt,NAH,3.0
dq8ekt,YTA,4.0
dq8ekt,NAH,3.0
dq8ekt,NAH,3.0
dq8ekt,YTA,3.0
dq8ekt,NTA,3.0
dq8ekt,NTA,4.0
dq8ekt,NAH,3.0
dq8ekt,YTA,2.0
dq8ekt,NTA,4.0
dq8ekt,NTA,4.0
dq8ekt,NTA,4.0
dq8ekt,YTA,4.0
dq8ekt,NTA,4.0
dq8ekt,NAH,3.0
dq8ekt,ESH,3.0
dq8ekt,NAH,2.0
dq8ekt,NAH,3.0
dq8ekt,YTA,3.0
dq8ekt,NTA,4.0
dq8ekt,NTA,4.0
dq8ekt,NAH,3.0
drmin3,NTA,4.0
drmin3,NTA,4.0
drmin3,NTA,4.0
drmin3,NAH,3.0
drmin3,YTA,4.0
drmin3,NTA,4.0
drmin3,YTA,4.0
drmin3,YTA,4.0
drmin3,NTA,4.0
drmin3,YTA,3.0
drmin3,NTA,4.0
drmin3,NTA,4.0
drmin3,YTA,4.0
drmin3,YTA,4.0
drmin3,YTA,3.0
drmin3,NTA,4.0
drmin3,YTA,4.0
drmin3,YTA,4.0
drmin3,YTA,4.0
drmin3,NTA,4.0
drmin3,NTA,3.0
drmin3,NTA,4.0
drmin3,NTA,4.0
drmin3,NTA,3.0
drmin3,YTA,4.0
drmin3,ESH,2.0
drmin3,NTA,4.0
drmin3,NTA,4.0
drmin3,YTA,4.0
drmin3,NTA,4.0
drmin3,ESH,3.0
drmin3,YTA,4.0
drmin3,NTA,4.0
drmin3,NTA,4.0
drmin3,NTA,4.0
drmin3,YTA,4.0
drmin3,NAH,3.0
drmin3,YTA,4.0
drmin3,YTA,4.0
drmin3,NTA,4.0
drmin3,YTA,4.0
drmin3,YTA,4.0
drmin3,NTA,4.0
drmin3,YTA,3.0
drmin3,YTA,4.0
drmin3,NTA,4.0
drmin3,YTA,4.0
drmin3,ESH,3.0
drmin3,YTA,4.0
drmin3,YTA,4.0
drmin3,YTA,4.0
drmin3,NAH,3.0
drmin3,YTA,4.0
drmin3,YTA,3.0
drmin3,YTA,4.0
drmin3,NTA,4.0
drmin3,NTA,4.0
drmin3,ESH,3.0
drmin3,YTA,4.0
drmin3,YTA,4.0
drmin3,NTA,2.0
drmin3,NTA,4.0
drmin3,NTA,4.0
drmin3,YTA,4.0
drmin3,NTA,4.0
drmin3,ESH,3.0
drmin3,NTA,4.0
drmin3,NTA,4.0
drmin3,NAH,3.0
drmin3,YTA,4.0
drmin3,NTA,4.0
drmin3,YTA,4.0
drmin3,YTA,2.0
drmin3,YTA,4.0
drmin3,NTA,4.0
drmin3,NTA,4.0
drmin3,YTA,4.0
drmin3,NTA,4.0
drmin3,NAH,3.0
drmin3,YTA,4.0
drmin3,YTA,4.0
drmin3,NTA,4.0
drmin3,YTA,4.0
drmin3,YTA,4.0
drmin3,NTA,4.0
drmin3,NAH,3.0
drmin3,NTA,4.0
drmin3,NTA,4.0
drmin3,NTA,4.0
drmin3,NTA,4.0
drmin3,NTA,4.0
drmin3,NTA,4.0
drmin3,YTA,3.0
drmin3,NTA,4.0
drmin3,NAH,3.0
drmin3,NTA,4.0
drmin3,ESH,3.0
drmin3,NTA,4.0
drmin3,YTA,3.0
drmin3,NTA,4.0
drmin3,YTA,3.0
drmin3,ESH,3.0
drmin3,NTA,4.0
drmin3,YTA,4.0
drmin3,NTA,1.0
drmin3,YTA,4.0
drmin3,NTA,4.0
drmin3,YTA,4.0
drmin3,NTA,4.0
drmin3,NTA,4.0
drmin3,NTA,4.0
drmin3,NAH,3.0
drmin3,NTA,4.0
drmin3,ESH,3.0
drmin3,NTA,4.0
drmin3,YTA,4.0
drmin3,NTA,4.0
drmin3,ESH,3.0
drmin3,NTA,4.0
drmin3,NTA,4.0
drmin3,YTA,4.0
drmin3,NTA,4.0
drmin3,NTA,4.0
drmin3,NAH,3.0
drmin3,NTA,4.0
drmin3,YTA,4.0
drmin3,NTA,4.0
drmin3,YTA,4.0
drmin3,YTA,4.0
drmin3,NTA,4.0
drmin3,NAH,3.0
drmin3,YTA,4.0
drmin3,NAH,3.0
drmin3,NTA,3.0
drmin3,NTA,4.0
drmin3,YTA,4.0
drmin3,NTA,4.0
drmin3,NTA,4.0
drmin3,NTA,4.0
drmin3,YTA,4.0
drmin3,YTA,3.0
drmin3,NTA,4.0
drmin3,YTA,4.0
drmin3,NTA,4.0
drmin3,NTA,4.0
drmin3,YTA,4.0
drmin3,NTA,1.0
drmin3,YTA,4.0
drmin3,NTA,4.0
drmin3,NTA,4.0
drmin3,NTA,4.0
drmin3,NTA,4.0
dsmo2g,ESH,3.0
dsmo2g,ESH,3.0
dsmo2g,YTA,4.0
dsmo2g,NTA,4.0
dsmo2g,ESH,3.0
dsmo2g,ESH,3.0
dsmo2g,YTA,3.0
dsmo2g,ESH,2.0
dsmo2g,ESH,3.0
dsmo2g,NAH,3.0
dsmo2g,ESH,3.0
dsmo2g,ESH,3.0
dsmo2g,ESH,3.0
dsmo2g,ESH,3.0
dsmo2g,YTA,4.0
dsmo2g,ESH,3.0
dsmo2g,ESH,3.0
dsmo2g,YTA,3.0
dsmo2g,YTA,4.0
dsmo2g,ESH,3.0
dsmo2g,ESH,3.0
dsmo2g,ESH,3.0
dsmo2g,ESH,3.0
dsmo2g,NTA,4.0
dsmo2g,ESH,3.0
dsmo2g,ESH,3.0
dsmo2g,YTA,3.0
dsmo2g,YTA,3.0
dsmo2g,ESH,3.0
dsmo2g,YTA,4.0
dsmo2g,NTA,4.0
dsmo2g,YTA,4.0
dsmo2g,YTA,4.0
dsmo2g,NTA,4.0
dsmo2g,NTA,4.0
dsmo2g,ESH,3.0
dsmo2g,YTA,4.0
dsmo2g,NTA,4.0
dsmo2g,ESH,3.0
dsmo2g,NTA,4.0
dsmo2g,ESH,3.0
dsmo2g,NTA,4.0
dsmo2g,YTA,3.0
dsmo2g,NTA,4.0
dsmo2g,YTA,3.0
dsmo2g,YTA,4.0
dsmo2g,ESH,3.0
dsmo2g,NTA,4.0
dsmo2g,ESH,3.0
dsmo2g,ESH,3.0
dsmo2g,NTA,4.0
dsmo2g,NTA,4.0
dsmo2g,YTA,4.0
dsmo2g,ESH,3.0
dsmo2g,YTA,4.0
dsmo2g,YTA,4.0
dsmo2g,ESH,3.0
dsmo2g,ESH,3.0
dsmo2g,ESH,3.0
dsmo2g,YTA,4.0
dsmo2g,ESH,2.0
dsmo2g,YTA,4.0
dsmo2g,NTA,4.0
dsmo2g,NTA,4.0
dsmo2g,YTA,4.0
dsmo2g,NTA,4.0
dsmo2g,ESH,3.0
dsmo2g,NTA,4.0
dsmo2g,ESH,3.0
dsmo2g,NTA,4.0
dsmo2g,NTA,4.0
dsmo2g,ESH,3.0
dsmo2g,NTA,4.0
dsmo2g,NTA,4.0
dsmo2g,NTA,4.0
dsmo2g,ESH,3.0
dsmo2g,ESH,3.0
dsmo2g,YTA,4.0
dsmo2g,ESH,3.0
dsmo2g,ESH,3.0
dsmo2g,ESH,2.0
dsmo2g,YTA,4.0
dsmo2g,ESH,4.0
dsmo2g,ESH,3.0
dsmo2g,NTA,4.0
dsmo2g,NTA,4.0
dsmo2g,NTA,4.0
dsmo2g,NTA,4.0
dsmo2g,ESH,2.0
dsmo2g,ESH,4.0
dsmo2g,NTA,4.0
dsmo2g,NTA,4.0
dsmo2g,NTA,4.0
dsmo2g,ESH,3.0
dsmo2g,ESH,3.0
dsmo2g,NTA,4.0
dsmo2g,ESH,2.0
dsmo2g,NTA,4.0
dsmo2g,ESH,3.0
dsmo2g,NTA,4.0
dsmo2g,ESH,3.0
dsmo2g,NTA,4.0
dsmo2g,NTA,4.0
dsmo2g,ESH,3.0
dsmo2g,ESH,3.0
dsmo2g,YTA,3.0
dsmo2g,NTA,4.0
dsmo2g,NTA,4.0
dsmo2g,YTA,3.0
dsmo2g,ESH,3.0
dsmo2g,NTA,4.0
dsmo2g,ESH,3.0
dsmo2g,ESH,3.0
dsmo2g,NTA,4.0
e1yep5,NTA,4.0
e1yep5,YTA,3.0
e1yep5,YTA,3.0
e1yep5,NTA,4.0
e1yep5,NAH,3.0
e1yep5,ESH,3.0
e1yep5,NAH,3.0
e1yep5,NTA,4.0
e1yep5,NTA,4.0
e1yep5,NAH,3.0
e1yep5,NTA,4.0
e1yep5,YTA,3.0
e1yep5,NTA,4.0
e1yep5,NAH,3.0
e1yep5,NAH,3.0
e1yep5,NTA,4.0
e1yep5,NAH,3.0
e1yep5,NTA,4.0
e1yep5,NTA,4.0
e1yep5,NAH,3.0
e1yep5,YTA,3.0
e1yep5,YTA,3.0
e1yep5,NAH,3.0
e1yep5,YTA,4.0
e1yep5,YTA,4.0
e1yep5,YTA,3.0
e1yep5,NAH,3.0
e1yep5,NTA,4.0
e1yep5,NAH,3.0
e1yep5,NTA,4.0
e1yep5,NAH,3.0
e1yep5,NAH,3.0
e1yep5,YTA,3.0
e1yep5,YTA,3.0
e1yep5,YTA,4.0
e1yep5,NAH,3.0
e1yep5,YTA,4.0
e1yep5,YTA,4.0
e1yep5,NAH,3.0
e1yep5,YTA,4.0
e1yep5,NTA,4.0
e1yep5,YTA,3.0
e1yep5,YTA,4.0
e1yep5,NTA,4.0
e1yep5,YTA,4.0
e1yep5,YTA,3.0
e1yep5,NAH,3.0
e1yep5,YTA,4.0
e1yep5,NAH,3.0
e1yep5,YTA,4.0
e1yep5,NTA,3.0
e1yep5,YTA,3.0
e1yep5,YTA,3.0
e1yep5,NTA,4.0
e1yep5,NAH,3.0
e1yep5,ESH,3.0
e1yep5,NAH,3.0
e1yep5,NTA,4.0
e1yep5,YTA,3.0
e1yep5,NTA,3.0
e1yep5,YTA,3.0
e1yep5,NAH,3.0
e1yep5,NAH,3.0
e1yep5,NTA,4.0
e1yep5,NAH,3.0
e1yep5,YTA,4.0
e1yep5,ESH,3.0
e1yep5,NTA,4.0
e1yep5,ESH,3.0
e1yep5,NTA,4.0
e1yep5,YTA,4.0
e1yep5,NAH,3.0
e1yep5,YTA,3.0
e1yep5,NAH,3.0
e1yep5,YTA,3.0
e1yep5,NAH,3.0
e1yep5,NTA,4.0
e1yep5,ESH,3.0
e1yep5,NTA,4.0
e1yep5,NTA,4.0
e1yep5,YTA,4.0
e1yep5,NAH,3.0
e1yep5,NTA,4.0
e1yep5,YTA,3.0
e1yep5,NAH,3.0
e1yep5,NTA,3.0
e1yep5,NTA,3.0
e1yep5,NAH,4.0
e1yep5,YTA,3.0
e1yep5,NTA,3.0
e1yep5,NAH,3.0
e1yep5,NAH,3.0
e1yep5,NAH,3.0
e1yep5,YTA,4.0
e1yep5,NAH,4.0
e1yep5,YTA,4.0
e1yep5,YTA,4.0
e1yep5,YTA,4.0
e1yep5,NTA,4.0
e1yep5,YTA,4.0
e1yep5,NTA,4.0
e1yep5,NAH,4.0
e1yep5,YTA,4.0
e1yep5,YTA,4.0
e1yep5,NAH,4.0
e1yep5,YTA,3.0
e1yep5,NTA,4.0
e1yep5,YTA,4.0
e1yep5,YTA,4.0
e1yep5,ESH,3.0
e1yep5,NAH,3.0
e1yep5,YTA,4.0
e1yep5,NTA,4.0
e1yep5,NAH,4.0
e1yep5,NTA,3.0
e1yep5,ESH,3.0
e1yep5,NTA,4.0
e1yep5,YTA,4.0
e1yep5,YTA,4.0
e1yep5,YTA,1.0
e1yep5,NTA,4.0
e1yep5,NAH,3.0
e1yep5,ESH,3.0
e1yep5,NAH,1.0
e1yep5,YTA,4.0
e1yep5,NAH,3.0
e1yep5,YTA,4.0
e1yep5,NAH,3.0
e1yep5,NTA,4.0
e1yep5,NTA,4.0
e1yep5,ESH,3.0
e1yep5,NAH,3.0
e1yep5,NAH,3.0
e1yep5,NTA,4.0
e1yep5,NTA,4.0
e1yep5,NTA,4.0
e1yep5,ESH,3.0
e1yep5,NAH,4.0
e1yep5,YTA,4.0
e1yep5,NAH,3.0
e1yep5,NTA,4.0
e1yep5,NTA,4.0
e1yep5,NAH,3.0
e1yep5,YTA,4.0
e1yep5,YTA,4.0
e1yep5,NAH,3.0
e1yep5,NAH,3.0
e1yep5,NAH,3.0
e1yep5,YTA,4.0
e1yep5,NAH,4.0
e1yep5,YTA,4.0
e1yep5,NAH,3.0
e1yep5,YTA,4.0
e1yep5,NAH,3.0
e1yep5,YTA,4.0
e1yep5,YTA,3.0
e1yep5,NTA,4.0
e1yep5,YTA,4.0
e1yep5,YTA,4.0
e1yep5,NTA,4.0
e1yep5,YTA,4.0
e1yep5,NTA,4.0
e1yep5,NAH,3.0
e1yep5,NTA,3.0
e1yep5,NAH,3.0
e1yep5,NTA,4.0
e1yep5,YTA,3.0
e1yep5,YTA,4.0
e1yep5,NTA,4.0
e1yep5,YTA,4.0
e1yep5,NTA,4.0
e1yep5,NTA,4.0
e1yep5,NAH,3.0
e3mghq,YTA,4.0
e3mghq,YTA,3.0
e3mghq,NAH,4.0
e3mghq,ESH,3.0
e3mghq,YTA,3.0
e3mghq,NTA,4.0
e3mghq,YTA,4.0
e3mghq,NAH,3.0
e3mghq,NTA,4.0
e3mghq,NAH,3.0
e3mghq,NTA,4.0
e3mghq,NTA,4.0
e3mghq,NTA,4.0
e3mghq,YTA,4.0
e3mghq,YTA,4.0
e3mghq,YTA,4.0
e3mghq,NAH,4.0
e3mghq,YTA,3.0
e3mghq,NAH,3.0
e3mghq,NAH,3.0
e3mghq,ESH,2.0
e3mghq,YTA,4.0
e3mghq,NTA,3.0
e3mghq,NTA,3.0
e3mghq,NAH,4.0
e3mghq,NAH,3.0
e3mghq,ESH,3.0
e3mghq,YTA,4.0
e3mghq,NTA,4.0
e3mghq,YTA,4.0
e3mghq,YTA,3.0
e3mghq,YTA,4.0
e3mghq,YTA,4.0
e3mghq,NAH,3.0
e3mghq,YTA,3.0
e3mghq,NAH,3.0
e3mghq,YTA,4.0
e3mghq,YTA,4.0
e3mghq,YTA,3.0
e3mghq,YTA,4.0
e3mghq,NTA,4.0
e3mghq,NAH,3.0
e3mghq,YTA,4.0
e3mghq,NAH,3.0
e3mghq,NAH,3.0
e3mghq,NTA,4.0
e3mghq,YTA,4.0
e3mghq,NTA,4.0
e3mghq,YTA,3.0
e3mghq,NTA,4.0
e3mghq,YTA,4.0
e3mghq,NAH,3.0
e3mghq,NAH,3.0
e3mghq,NAH,3.0
e3mghq,NAH,3.0
e3mghq,NAH,3.0
e3mghq,NAH,3.0
e3mghq,YTA,4.0
e3mghq,NTA,4.0
e3mghq,ESH,3.0
e3mghq,NAH,3.0
e3mghq,ESH,3.0
e3mghq,NAH,3.0
e3mghq,NAH,3.0
e3mghq,YTA,4.0
e3mghq,YTA,4.0
e3mghq,YTA,4.0
e3mghq,NAH,1.0
e3mghq,YTA,4.0
e3mghq,YTA,4.0
e3mghq,ESH,3.0
e3mghq,YTA,4.0
e3mghq,NAH,3.0
e3mghq,YTA,4.0
e3mghq,YTA,4.0
e3mghq,NTA,4.0
e3mghq,NTA,4.0
e3mghq,YTA,3.0
e3mghq,NTA,4.0
e3mghq,NAH,3.0
e3mghq,NAH,3.0
e3mghq,YTA,3.0
e3mghq,NAH,1.0
e3mghq,NAH,3.0
e3mghq,YTA,4.0
e3mghq,NAH,3.0
e3mghq,NTA,4.0
e3mghq,YTA,4.0
e3mghq,YTA,4.0
e3mghq,YTA,4.0
e3mghq,YTA,4.0
e3mghq,ESH,3.0
e3mghq,YTA,4.0
e3mghq,NAH,3.0
e3mghq,NAH,3.0
e3mghq,YTA,3.0
e3mghq,YTA,4.0
e3mghq,YTA,4.0
e3mghq,NTA,4.0
e3mghq,YTA,4.0
e3mghq,YTA,4.0
e3mghq,YTA,4.0
e3mghq,YTA,3.0
e3mghq,NAH,3.0
e3mghq,YTA,4.0
e3mghq,NAH,3.0
e3mghq,YTA,4.0
e3mghq,NAH,3.0
e3mghq,NAH,3.0
e3mghq,YTA,3.0
e3mghq,YTA,3.0
e3mghq,YTA,4.0
e3mghq,YTA,4.0
e3mghq,NTA,3.0
e3mghq,YTA,4.0
e3mghq,YTA,3.0
e3mghq,NAH,4.0
e3mghq,YTA,4.0
e3mghq,NAH,1.0
e3mghq,YTA,4.0
e3mghq,NAH,4.0
e3mghq,YTA,4.0
e3mghq,ESH,3.0
e3mghq,ESH,3.0
e3mghq,YTA,4.0
e3mghq,YTA,4.0
e3mghq,YTA,4.0
e3mghq,NTA,4.0
e3mghq,YTA,4.0
e3mghq,YTA,4.0
e3mghq,NAH,3.0
e3mghq,NAH,3.0
e3mghq,YTA,4.0
e3mghq,YTA,3.0
e3mghq,YTA,4.0
e3mghq,YTA,4.0
e3mghq,NTA,4.0
e3mghq,YTA,2.0
e3mghq,NAH,3.0
e3mghq,NAH,3.0
e3mghq,NTA,4.0
e3mghq,NAH,3.0
e3mghq,YTA,4.0
e3mghq,NTA,4.0
e3mghq,NTA,3.0
e3mghq,NAH,3.0
e3mghq,YTA,4.0
e3mghq,ESH,3.0
e3mghq,YTA,4.0
e3mghq,NAH,3.0
e3mghq,NAH,3.0
e3mghq,YTA,4.0
e3mghq,YTA,4.0
e3mghq,ESH,3.0
e3mghq,NAH,3.0
e3mghq,NAH,3.0
e3mghq,NAH,3.0
e3mghq,NAH,3.0
e3mghq,NAH,3.0
e3mghq,NAH,3.0
e3mghq,NTA,4.0
e3mghq,YTA,4.0
e3mghq,YTA,4.0
e3mghq,YTA,4.0
e3mghq,NAH,3.0
e3mghq,YTA,4.0
e3mghq,NAH,3.0
e3mghq,YTA,4.0
e3mghq,YTA,3.0
e3mghq,YTA,4.0
e3mghq,NAH,3.0
e3mghq,NTA,4.0
e3mghq,NAH,4.0
e3mghq,NAH,3.0
e3mghq,NTA,4.0
e3mghq,YTA,4.0
e3mghq,YTA,4.0
e3mghq,NAH,3.0
e3mghq,NTA,4.0
e3mghq,YTA,4.0
e3mghq,NTA,4.0
e3mghq,YTA,4.0
e3mghq,NAH,3.0
e3mghq,YTA,4.0
e3mghq,ESH,3.0
e3mghq,NTA,3.0
e3mghq,YTA,4.0
e3mghq,YTA,3.0
e3mghq,NAH,3.0
e3mghq,YTA,4.0
e3mghq,NTA,4.0
e3mghq,NTA,4.0
e3mghq,YTA,4.0
e3mghq,YTA,4.0
e3mghq,YTA,4.0
e3mghq,NAH,4.0
e3mghq,NAH,4.0
e3mghq,YTA,4.0
e3mghq,ESH,3.0
e3mghq,YTA,4.0
e3mghq,NAH,3.0
e3mghq,YTA,1.0
e3mghq,NAH,4.0
e3mghq,NAH,3.0
e3mghq,NAH,3.0
e3mghq,NAH,3.0
e3mghq,NAH,3.0
e3mghq,YTA,3.0
e3mghq,YTA,4.0
e3mghq,YTA,4.0
e3mghq,NTA,4.0
e3mghq,YTA,4.0
e3mghq,YTA,4.0
e3mghq,NAH,3.0
e3mghq,YTA,3.0
e3mghq,NAH,3.0
e3mghq,NTA,4.0
e3mghq,NAH,3.0
e3mghq,NTA,3.0
e3mghq,YTA,4.0
e3mghq,NTA,4.0
e3mghq,NTA,4.0
e3mghq,NTA,3.0
e3mghq,YTA,4.0
e3mghq,NAH,3.0
e3mghq,NTA,3.0
e3mghq,NTA,3.0
e3mghq,NTA,4.0
e3mghq,NTA,3.0
e3mghq,NAH,3.0
e3mghq,ESH,3.0
e3mghq,YTA,4.0
e3mghq,YTA,4.0
e3mghq,NTA,4.0
e3mghq,NTA,4.0
e3mghq,YTA,4.0
e3mghq,YTA,4.0
e3mghq,NAH,3.0
e3mghq,NTA,4.0
e3mghq,NTA,4.0
e5dc9j,YTA,3.0
e5dc9j,ESH,3.0
e5dc9j,YTA,4.0
e5dc9j,ESH,3.0
e5dc9j,ESH,3.0
e5dc9j,YTA,3.0
e5dc9j,ESH,3.0
e5dc9j,NTA,4.0
e5dc9j,NTA,4.0
e5dc9j,NTA,4.0
e5dc9j,ESH,3.0
e5dc9j,NTA,4.0
e5dc9j,YTA,3.0
e5dc9j,ESH,1.0
e5dc9j,ESH,3.0
e5dc9j,NTA,4.0
e5dc9j,NTA,4.0
e5dc9j,ESH,4.0
e5dc9j,ESH,2.0
e5dc9j,ESH,3.0
e5dc9j,ESH,3.0
e5dc9j,NTA,4.0
e5dc9j,NTA,4.0
e5dc9j,ESH,3.0
e5dc9j,NTA,4.0
e5dc9j,NTA,4.0
e5dc9j,NTA,4.0
e5dc9j,ESH,3.0
e5dc9j,NTA,4.0
e5dc9j,ESH,3.0
e5dc9j,NTA,4.0
e5dc9j,NTA,4.0
e5dc9j,ESH,3.0
e5dc9j,NTA,4.0
e5dc9j,NTA,4.0
e5dc9j,ESH,3.0
e5dc9j,YTA,1.0
e5dc9j,ESH,3.0
e5dc9j,NTA,4.0
e5dc9j,ESH,3.0
e5dc9j,YTA,4.0
e5dc9j,NTA,4.0
e5dc9j,NTA,4.0
e5dc9j,ESH,3.0
e5dc9j,NTA,4.0
e5dc9j,NTA,4.0
e5dc9j,ESH,3.0
e5dc9j,NTA,4.0
e5dc9j,NTA,4.0
e5dc9j,ESH,3.0
e5dc9j,ESH,3.0
e5dc9j,YTA,4.0
e5dc9j,ESH,3.0
e5dc9j,NTA,4.0
e5dc9j,NTA,4.0
e5dc9j,ESH,3.0
e5dc9j,ESH,2.0
e5dc9j,ESH,3.0
e5dc9j,NTA,4.0
e5dc9j,NTA,4.0
e5dc9j,ESH,3.0
e5dc9j,NTA,4.0
e5dc9j,YTA,4.0
e5dc9j,NTA,4.0
e5dc9j,NTA,4.0
e5dc9j,ESH,3.0
e5dc9j,NTA,4.0
e5dc9j,ESH,2.0
e5dc9j,ESH,3.0
e5dc9j,NTA,4.0
e5dc9j,NTA,4.0
e5dc9j,YTA,2.0
e5dc9j,NTA,4.0
e5dc9j,NTA,4.0
e5dc9j,ESH,2.0
e5dc9j,NTA,4.0
e5dc9j,NTA,4.0
e5dc9j,NTA,3.0
e5dc9j,YTA,3.0
e5dc9j,NTA,4.0
e5dc9j,NTA,4.0
e5dc9j,YTA,3.0
e5dc9j,NTA,4.0
e5dc9j,ESH,3.0
e5dc9j,NTA,4.0
e5dc9j,ESH,3.0
e5dc9j,NTA,4.0
e5dc9j,ESH,3.0
e5dc9j,NTA,4.0
e5dc9j,NTA,4.0
e5dc9j,YTA,3.0
e5dc9j,YTA,3.0
e5dc9j,NTA,4.0
e5dc9j,NTA,4.0
e5dc9j,NTA,4.0
e5dc9j,YTA,4.0
e5dc9j,NTA,4.0
e5dc9j,NTA,4.0
e5dc9j,YTA,3.0
e5dc9j,ESH,3.0
e5dc9j,ESH,3.0
e5dc9j,ESH,3.0
e5dc9j,NTA,4.0
e5dc9j,ESH,3.0
e5dc9j,NTA,4.0
e5dc9j,NTA,4.0
e5dc9j,NTA,4.0
e5dc9j,ESH,3.0
e5dc9j,NTA,4.0
e5dc9j,ESH,3.0
e5dc9j,YTA,4.0
e5dc9j,NTA,3.0
e5dc9j,NTA,4.0
e5dc9j,YTA,3.0
e5dc9j,NAH,3.0
e5dc9j,ESH,3.0
e5dc9j,ESH,3.0
e5dc9j,NTA,4.0
e5dc9j,ESH,3.0
e5dc9j,NTA,4.0
e5dc9j,ESH,3.0
e5dc9j,YTA,4.0
e5dc9j,ESH,3.0
e5dc9j,NTA,4.0
e5dc9j,NTA,4.0
e5dc9j,ESH,3.0
e5dc9j,NTA,4.0
e5dc9j,ESH,3.0
e5dc9j,NTA,4.0
e5dc9j,YTA,4.0
e5dc9j,NTA,4.0
e5dc9j,NTA,4.0
e5dc9j,ESH,3.0
e5dc9j,ESH,3.0
e5dc9j,NTA,4.0
e5dc9j,ESH,3.0
e5dc9j,ESH,3.0
e5dc9j,YTA,3.0
e5dc9j,ESH,3.0
e5dc9j,NTA,4.0
e5dc9j,NTA,4.0
e5dc9j,ESH,3.0
e5dc9j,YTA,2.0
e5dc9j,NTA,4.0
e5dc9j,NTA,3.0
e5dc9j,ESH,2.0
e5dc9j,NTA,4.0
e5dc9j,NTA,4.0
e5dc9j,YTA,4.0
e5dc9j,YTA,3.0
e5dc9j,NTA,4.0
e5dc9j,YTA,3.0
e5dc9j,YTA,4.0
e5dc9j,NTA,4.0
e5dc9j,ESH,3.0
e5dc9j,YTA,4.0
e5dc9j,ESH,3.0
e5dc9j,YTA,3.0
e5dc9j,YTA,3.0
e5dc9j,YTA,3.0
e5dc9j,ESH,3.0
e5dc9j,NTA,3.0
e5dc9j,ESH,3.0
e5dc9j,ESH,3.0
e5dc9j,NTA,3.0
e5dc9j,ESH,3.0
e5dc9j,ESH,3.0
e5dc9j,YTA,4.0
e5dc9j,YTA,3.0
e5dc9j,NTA,4.0
e5dc9j,NTA,4.0
e5dc9j,ESH,2.0
e5dc9j,NTA,4.0
e5dc9j,ESH,4.0
e5dc9j,ESH,3.0
e5dc9j,ESH,3.0
e5dc9j,NTA,3.0
e5dc9j,YTA,4.0
e5dc9j,NTA,4.0
e5dc9j,YTA,3.0
e5dc9j,ESH,3.0
e5dc9j,YTA,4.0
e5dc9j,ESH,3.0
e5dc9j,NTA,4.0
e5dc9j,YTA,4.0
e5dc9j,NTA,4.0
e5dc9j,ESH,3.0
e5dc9j,NTA,4.0
e5dc9j,YTA,3.0
e5dc9j,NTA,4.0
e5dc9j,ESH,3.0
e5dc9j,NTA,4.0
e5dc9j,YTA,4.0
e5dc9j,ESH,3.0
e5dc9j,NTA,4.0
e5dc9j,ESH,3.0
e5dc9j,NTA,4.0
e5dc9j,ESH,3.0
e5dc9j,YTA,4.0
e5dc9j,NTA,4.0
e5dc9j,NTA,4.0
e5dc9j,NTA,4.0
e5dc9j,ESH,3.0
e5dc9j,YTA,4.0
e5dc9j,YTA,4.0
e5dc9j,ESH,2.0
e5dc9j,NTA,4.0
e5dc9j,NTA,4.0
e5dc9j,ESH,3.0
e5dc9j,YTA,3.0
e5dc9j,NTA,4.0
e5dc9j,YTA,4.0
e5dc9j,NAH,3.0
e5dc9j,ESH,3.0
e5dc9j,NTA,4.0
e5dc9j,NTA,4.0
e5dc9j,YTA,3.0
e5dc9j,ESH,2.0
e5dc9j,NTA,4.0
e5dc9j,NTA,4.0
e5dc9j,NTA,4.0
e5dc9j,NTA,4.0
e5dc9j,ESH,3.0
e5dc9j,YTA,4.0
e5dc9j,NTA,4.0
e5dc9j,NTA,4.0
e5dc9j,NTA,4.0
e5dc9j,ESH,2.0
e5dc9j,YTA,4.0
e5dc9j,ESH,3.0
e5dc9j,ESH,3.0
e5dc9j,ESH,4.0
e5dc9j,NTA,4.0
e5dc9j,NTA,4.0
e5dc9j,YTA,3.0
e5dc9j,NTA,4.0
e5dc9j,YTA,3.0
e5dc9j,ESH,3.0
e5dc9j,YTA,3.0
e5dc9j,ESH,3.0
e5dc9j,ESH,3.0
e5dc9j,ESH,4.0
e5dc9j,NTA,2.0
e5dc9j,ESH,3.0
e5dc9j,ESH,3.0
e5dc9j,NTA,4.0
e5dc9j,NTA,4.0
e5dc9j,YTA,3.0
e5dc9j,ESH,3.0
e5dc9j,ESH,3.0
e5dc9j,YTA,3.0
e5dc9j,ESH,3.0
e5dc9j,YTA,3.0
e5dc9j,YTA,4.0
e5dc9j,ESH,3.0
e5dc9j,NTA,4.0
e5dc9j,ESH,3.0
e5dc9j,ESH,3.0
e5dc9j,NTA,4.0
e5dc9j,NTA,4.0
e5dc9j,NTA,4.0
e5dc9j,NTA,4.0
e5dc9j,NTA,4.0
e5dc9j,ESH,3.0
e5dc9j,NTA,4.0
e5dc9j,NTA,3.0
e5dc9j,ESH,3.0
e5dc9j,ESH,3.0
e5dc9j,NTA,4.0
e5dc9j,NTA,3.0
e5dc9j,YTA,4.0
e5dc9j,ESH,3.0
e5dc9j,NTA,4.0
e5dc9j,ESH,3.0
e5dc9j,NTA,4.0
e5dc9j,NTA,4.0
e5dc9j,ESH,3.0
e5dc9j,NTA,4.0
e5dc9j,ESH,3.0
e5dc9j,NTA,4.0
e5dc9j,ESH,3.0
e5dc9j,NTA,4.0
e5dc9j,NTA,4.0
e5dc9j,NTA,4.0
e5dc9j,NTA,4.0
e5dc9j,YTA,4.0
e5dc9j,NTA,4.0
e5dc9j,YTA,3.0
e5dc9j,NTA,4.0
e5dc9j,YTA,3.0
e5dc9j,ESH,3.0
e5dc9j,YTA,4.0
e5dc9j,ESH,3.0
e5dc9j,ESH,3.0
e5dc9j,NTA,4.0
e5dc9j,NTA,4.0
e5dc9j,ESH,4.0
e5dc9j,YTA,3.0
e5dc9j,ESH,1.0
e5dc9j,ESH,3.0
e5dc9j,ESH,3.0
e5dc9j,YTA,4.0
e5dc9j,YTA,4.0
e5dc9j,NTA,4.0
e5dc9j,ESH,3.0
e5dc9j,ESH,3.0
e5dc9j,ESH,3.0
e5dc9j,YTA,4.0
e5dc9j,NTA,4.0
e5dc9j,NAH,3.0
e5dc9j,NTA,4.0
e5dc9j,NTA,4.0
e5dc9j,NTA,4.0
e5dc9j,NTA,4.0
e5dc9j,NTA,4.0
e5dc9j,ESH,3.0
e5dc9j,NTA,3.0
e5dc9j,NTA,4.0
e5dc9j,ESH,3.0
e5dc9j,ESH,3.0
e5dc9j,NTA,4.0
e5dc9j,NTA,4.0
e5dc9j,NTA,4.0
e5dc9j,NTA,4.0
e5dc9j,NTA,4.0
e5dc9j,ESH,3.0
e5dc9j,NAH,3.0
e5dc9j,NTA,4.0
e5dc9j,NTA,4.0
e5dc9j,ESH,3.0
e5dc9j,YTA,3.0
e5dc9j,YTA,4.0
e5dc9j,YTA,4.0
e5dc9j,ESH,3.0
e5dc9j,NTA,3.0
e5dc9j,ESH,3.0
e5dc9j,ESH,3.0
e5dc9j,NTA,4.0
e5dc9j,ESH,3.0
e5dc9j,ESH,3.0
e5dc9j,NTA,4.0
e5dc9j,NTA,4.0
e5dc9j,YTA,4.0
e5dc9j,YTA,4.0
e5dc9j,NTA,4.0
e5dc9j,ESH,4.0
e5dc9j,NTA,4.0
e5dc9j,ESH,2.0
e5dc9j,NTA,4.0
e5dc9j,ESH,3.0
e5dc9j,YTA,3.0
e5dc9j,YTA,3.0
e5dc9j,NTA,4.0
e5dc9j,NTA,4.0
e5dc9j,ESH,3.0
e5dc9j,ESH,3.0
e5dc9j,NTA,4.0
e5dc9j,NTA,4.0
e5dc9j,NTA,4.0
e5dc9j,NTA,4.0
e5dc9j,NTA,4.0
e5dc9j,NTA,4.0
e5dc9j,ESH,3.0
e5dc9j,ESH,3.0
e5dc9j,NTA,4.0
e5dc9j,NTA,4.0
e5dc9j,ESH,3.0
e5dc9j,NTA,4.0
e5dc9j,NTA,4.0
e5dc9j,NTA,4.0
e5dc9j,ESH,3.0
e5dc9j,YTA,3.0
e5dc9j,NTA,4.0
e5dc9j,NTA,4.0
e5dc9j,ESH,2.0
e5dc9j,ESH,3.0
e5dc9j,ESH,2.0
e5dc9j,ESH,2.0
e5dc9j,YTA,3.0
e5dc9j,NTA,4.0
e5dc9j,YTA,3.0
e5dc9j,NTA,4.0
e5dc9j,NTA,4.0
e5dc9j,YTA,4.0
e5dc9j,ESH,3.0
e5dc9j,YTA,3.0
e5dc9j,ESH,3.0
e5dc9j,YTA,3.0
e5dc9j,ESH,3.0
e5dc9j,YTA,4.0
e5dc9j,YTA,3.0
e5dc9j,NTA,4.0
e5dc9j,NTA,4.0
e5dc9j,ESH,3.0
e5dc9j,YTA,3.0
e5dc9j,ESH,3.0
e5dc9j,NTA,4.0
e5dc9j,YTA,3.0
e5dc9j,ESH,3.0
e5dc9j,ESH,3.0
e5dc9j,YTA,4.0
e5dc9j,NTA,4.0
e5dc9j,NAH,3.0
e5dc9j,YTA,3.0
e5dc9j,ESH,3.0
e5dc9j,NTA,4.0
e5dc9j,YTA,4.0
e5dc9j,NTA,4.0
e5dc9j,YTA,3.0
e5dc9j,NTA,4.0
e5dc9j,YTA,4.0
e5dc9j,NTA,4.0
e5dc9j,NTA,4.0
e5dc9j,NTA,4.0
e5dc9j,NAH,4.0
e5dc9j,YTA,4.0
e5dc9j,YTA,4.0
e5dc9j,ESH,3.0
e5dc9j,ESH,3.0
e5dc9j,ESH,3.0
e5dc9j,NTA,4.0
e5dc9j,ESH,3.0
e5dc9j,NTA,4.0
e5dc9j,NTA,4.0
e5dc9j,NTA,4.0
e5dc9j,NTA,4.0
e5dc9j,ESH,3.0
e5dc9j,YTA,3.0
e5dc9j,ESH,3.0
e5dc9j,YTA,3.0
e5dc9j,YTA,4.0
e5dc9j,ESH,3.0
e5dc9j,ESH,3.0
e5dc9j,NTA,4.0
e5dc9j,ESH,3.0
e5dc9j,ESH,3.0
e5dc9j,NTA,4.0
e5dc9j,ESH,3.0
e5dc9j,ESH,3.0
e5dc9j,YTA,4.0
e5dc9j,ESH,2.0
e5dc9j,NTA,4.0
e5dc9j,YTA,3.0
e5dc9j,YTA,4.0
e5dc9j,ESH,3.0
e5dc9j,YTA,4.0
e5dc9j,NTA,3.0
e5dc9j,NTA,4.0
e5dc9j,ESH,3.0
e5dc9j,NTA,4.0
e5dc9j,ESH,3.0
e5dc9j,NTA,4.0
e5dc9j,NTA,1.0
e5dc9j,ESH,3.0
e5dc9j,ESH,3.0
e5dc9j,ESH,3.0
e5dc9j,NTA,4.0
e5dc9j,YTA,4.0
e5dc9j,NTA,4.0
e5dc9j,ESH,3.0
e5dc9j,YTA,4.0
e5dc9j,YTA,3.0
e5dc9j,ESH,3.0
e5dc9j,ESH,3.0
e5dc9j,YTA,2.0
e5dc9j,NTA,4.0
e5dc9j,NTA,3.0
e5dc9j,NTA,3.0
e5dc9j,ESH,3.0
e5dc9j,NTA,4.0
e5dc9j,ESH,3.0
e5dc9j,NTA,4.0
e5dc9j,ESH,3.0
e5dc9j,NTA,4.0
e5dc9j,ESH,3.0
e5dc9j,NTA,4.0
e5dc9j,NTA,4.0
e5dc9j,ESH,3.0
e5dc9j,NTA,4.0
e5dc9j,ESH,3.0
e5dc9j,NTA,4.0
e5dc9j,NTA,3.0
e5dc9j,YTA,3.0
e5dc9j,NTA,4.0
e5dc9j,NTA,4.0
e5dc9j,NTA,4.0
e5dc9j,NTA,4.0
e5dc9j,ESH,3.0
e5dc9j,YTA,4.0
e5dc9j,NTA,4.0
e5dc9j,ESH,4.0
e5dc9j,ESH,3.0
e5dc9j,YTA,3.0
e5dc9j,NTA,4.0
e5dc9j,YTA,4.0
e5dc9j,YTA,3.0
e5dc9j,YTA,3.0
e5dc9j,YTA,4.0
e5dc9j,NTA,4.0
e5dc9j,ESH,3.0
e5dc9j,NTA,4.0
e5dc9j,ESH,3.0
e5dc9j,NTA,4.0
e5dc9j,NTA,4.0
e5dc9j,ESH,3.0
e5dc9j,NTA,4.0
e5dc9j,NTA,4.0
e5dc9j,NTA,4.0
e5dc9j,ESH,3.0
e5dc9j,YTA,3.0
e5dc9j,ESH,3.0
e5dc9j,NTA,3.0
e5dc9j,NTA,4.0
e5dc9j,ESH,3.0
e5dc9j,YTA,4.0
e5dc9j,NTA,4.0
e5dc9j,NTA,4.0
e5dc9j,YTA,4.0
e5dc9j,ESH,2.0
e5dc9j,ESH,3.0
e5dc9j,ESH,3.0
e5dc9j,NTA,4.0
e5dc9j,ESH,2.0
e5dc9j,ESH,2.0
e5dc9j,ESH,2.0
e5dc9j,YTA,3.0
e5dc9j,ESH,3.0
e5dc9j,ESH,3.0
e5dc9j,YTA,3.0
e5dc9j,NTA,4.0
e5dc9j,YTA,3.0
e5dc9j,ESH,3.0
e5dc9j,NTA,4.0
e5dc9j,NTA,4.0
e5dc9j,ESH,3.0
e5dc9j,NTA,4.0
e5dc9j,NTA,4.0
e5dc9j,ESH,2.0
e5dc9j,YTA,4.0
e5dc9j,ESH,3.0
e5dc9j,ESH,3.0
e5dc9j,YTA,3.0
e5dc9j,NTA,3.0
e5dc9j,NTA,4.0
e5dc9j,ESH,3.0
e5dc9j,NTA,4.0
e5dc9j,NTA,4.0
e5dc9j,ESH,3.0
e5dc9j,NTA,4.0
e5dc9j,YTA,3.0
e5dc9j,NTA,4.0
e5dc9j,NTA,4.0
e5dc9j,NTA,4.0
e5dc9j,YTA,3.0
e5dc9j,NTA,4.0
e5dc9j,NTA,4.0
e5dc9j,NTA,4.0
e5dc9j,NTA,4.0
e5dc9j,ESH,2.0
e5dc9j,NTA,4.0
e5dc9j,YTA,4.0
e5dc9j,ESH,3.0
e5dc9j,NTA,4.0
e5dc9j,NTA,4.0
e5dc9j,ESH,4.0
e5dc9j,NTA,4.0
e5dc9j,YTA,1.0
e5dc9j,ESH,2.0
e5dc9j,ESH,3.0
e5dc9j,ESH,3.0
e5dc9j,ESH,3.0
e5dc9j,ESH,3.0
e5dc9j,ESH,3.0
e5dc9j,ESH,3.0
e5dc9j,ESH,3.0
e5dc9j,ESH,3.0
e5dc9j,NTA,4.0
e5dc9j,NTA,4.0
e5dc9j,YTA,3.0
e5dc9j,YTA,3.0
e5dc9j,ESH,3.0
e5dc9j,NTA,4.0
e5dc9j,ESH,3.0
e5dc9j,ESH,2.0
e5dc9j,NTA,4.0
e5dc9j,NTA,4.0
e5dc9j,NTA,4.0
e5dc9j,NTA,4.0
e5dc9j,NTA,4.0
e5dc9j,ESH,3.0
e5dc9j,ESH,4.0
e5dc9j,ESH,2.0
e5dc9j,ESH,3.0
e5dc9j,NTA,4.0
e5dc9j,ESH,3.0
e5dc9j,NTA,4.0
e5dc9j,ESH,3.0
e5dc9j,ESH,4.0
e5dc9j,ESH,3.0
e5dc9j,ESH,3.0
e5dc9j,NTA,4.0
e5dc9j,NTA,4.0
e5dc9j,ESH,3.0
e5dc9j,YTA,3.0
e5dc9j,NAH,1.0
e5dc9j,ESH,2.0
e5dc9j,YTA,4.0
e5dc9j,NTA,4.0
e5dc9j,NTA,3.0
e5dc9j,NTA,3.0
e5dc9j,YTA,2.0
e5dc9j,ESH,4.0
e5dc9j,NTA,4.0
e5dc9j,NTA,4.0
e5dc9j,ESH,3.0
e5dc9j,NTA,3.0
e5dc9j,YTA,4.0
e5dc9j,ESH,3.0
e5dc9j,NTA,4.0
e5dc9j,NTA,3.0
e5dc9j,ESH,3.0
e5dc9j,NTA,4.0
e5dc9j,NTA,4.0
e5dc9j,NTA,3.0
e5dc9j,YTA,4.0
e5dc9j,NTA,4.0
e5dc9j,NTA,4.0
e5dc9j,ESH,3.0
e5dc9j,YTA,4.0
e5dc9j,NTA,4.0
e5dc9j,NTA,4.0
e5dc9j,ESH,3.0
e5dc9j,NTA,4.0
e5dc9j,ESH,3.0
e5dc9j,ESH,3.0
e5dc9j,ESH,3.0
e5dc9j,NTA,4.0
e5dc9j,NAH,3.0
e5dc9j,NTA,4.0
e5dc9j,YTA,3.0
e5dc9j,NTA,4.0
e5dc9j,NTA,4.0
e5dc9j,ESH,3.0
e5dc9j,NTA,4.0
e5dc9j,NTA,4.0
e5dc9j,ESH,3.0
e5dc9j,YTA,4.0
e5dc9j,ESH,2.0
e5dc9j,ESH,3.0
e5dc9j,NTA,4.0
e5dc9j,NTA,4.0
e5dc9j,NTA,4.0
e5dc9j,NTA,4.0
e5dc9j,NTA,4.0
e5dc9j,YTA,2.0
e5dc9j,NTA,4.0
e5dc9j,NTA,4.0
e5dc9j,ESH,3.0
e5dc9j,NTA,4.0
e5dc9j,YTA,4.0
e5dc9j,ESH,3.0
e5dc9j,NAH,3.0
e5dc9j,ESH,3.0
e5dc9j,ESH,2.0
e5dc9j,NTA,4.0
e5dc9j,YTA,4.0
e5dc9j,ESH,3.0
e5dc9j,YTA,3.0
e5dc9j,YTA,4.0
e5dc9j,YTA,3.0
e5dc9j,NTA,4.0
e5dc9j,NTA,4.0
e5dc9j,YTA,4.0
e5dc9j,NTA,4.0
e5dc9j,ESH,1.0
e5dc9j,NTA,4.0
e5dc9j,NTA,4.0
e5dc9j,NTA,4.0
e5dc9j,ESH,2.0
e5dc9j,YTA,4.0
e5dc9j,NTA,4.0
e5dc9j,ESH,3.0
e5dc9j,ESH,3.0
e5dc9j,NTA,4.0
e5dc9j,YTA,3.0
e5dc9j,ESH,3.0
e5dc9j,NTA,4.0
e5dc9j,NTA,4.0
e5dc9j,YTA,3.0
e5dc9j,YTA,4.0
e5dc9j,YTA,3.0
e5dc9j,NTA,4.0
e5dc9j,YTA,3.0
e5dc9j,ESH,3.0
e5dc9j,ESH,3.0
e5dc9j,ESH,3.0
e5dc9j,ESH,3.0
e5dc9j,NTA,3.0
e5dc9j,NTA,4.0
e5dc9j,ESH,3.0
e5dc9j,NTA,4.0
e5dc9j,YTA,3.0
e5dc9j,ESH,2.0
e5dc9j,NAH,3.0
e5dc9j,ESH,3.0
e5dc9j,NAH,3.0
e5dc9j,YTA,3.0
e5dc9j,ESH,3.0
e5dc9j,NTA,4.0
e5dc9j,NTA,4.0
e5dc9j,NTA,4.0
e5dc9j,YTA,4.0
e5dc9j,YTA,3.0
e5dc9j,YTA,3.0
e5dc9j,NTA,4.0
e5dc9j,NTA,4.0
e5dc9j,ESH,3.0
e5dc9j,NTA,4.0
e5dc9j,YTA,4.0
e5dc9j,YTA,4.0
e5dc9j,NTA,4.0
e5dc9j,ESH,3.0
e5dc9j,ESH,3.0
e5dc9j,NTA,4.0
e5dc9j,ESH,3.0
e5dc9j,YTA,4.0
e5dc9j,YTA,4.0
e5dc9j,YTA,3.0
e5dc9j,NTA,4.0
e5dc9j,NTA,4.0
e5dc9j,YTA,3.0
e5dc9j,NTA,4.0
e5dc9j,NTA,4.0
e5dc9j,NTA,3.0
e5dc9j,ESH,2.0
e5dc9j,NTA,4.0
e5dc9j,ESH,3.0
e5dc9j,YTA,3.0
e5dc9j,ESH,1.0
e5dc9j,YTA,4.0
e5dc9j,NAH,3.0
e5dc9j,YTA,4.0
e5dc9j,NTA,4.0
e5dc9j,YTA,4.0
e5dc9j,ESH,3.0
e5dc9j,ESH,2.0
e5dc9j,NTA,4.0
e5dc9j,NTA,4.0
e5dc9j,ESH,4.0
e5dc9j,YTA,3.0
e5dc9j,YTA,4.0
e5dc9j,NTA,4.0
e5dc9j,NTA,4.0
e5dc9j,ESH,3.0
e5dc9j,YTA,4.0
e5dc9j,NTA,4.0
e5dc9j,ESH,4.0
e5dc9j,NTA,4.0
e5dc9j,NTA,4.0
e5dc9j,NTA,4.0
e5dc9j,YTA,3.0
e5dc9j,ESH,3.0
e5dc9j,NTA,4.0
e5dc9j,ESH,3.0
e5dc9j,NTA,4.0
e5dc9j,YTA,3.0
e5dc9j,YTA,3.0
e5dc9j,NTA,3.0
e5dc9j,ESH,4.0
e5dc9j,ESH,3.0
e5dc9j,YTA,4.0
e5dc9j,NTA,4.0
e5dc9j,NTA,3.0
e5dc9j,YTA,4.0
e5dc9j,YTA,4.0
e5dc9j,NTA,4.0
e5dc9j,YTA,3.0
e5dc9j,NTA,4.0
e5dc9j,ESH,3.0
e5dc9j,NTA,4.0
e5dc9j,YTA,2.0
e5dc9j,NTA,3.0
e5dc9j,NTA,4.0
e5dc9j,NTA,4.0
e5dc9j,ESH,3.0
e5dc9j,NTA,4.0
e5dc9j,ESH,3.0
e5dc9j,NTA,3.0
e5dc9j,NTA,4.0
e5dc9j,ESH,2.0
e5dc9j,YTA,4.0
e5dc9j,ESH,3.0
e5dc9j,ESH,3.0
e5dc9j,YTA,3.0
e5dc9j,NTA,4.0
e5dc9j,ESH,3.0
e5dc9j,YTA,2.0
e5dc9j,ESH,3.0
e5dc9j,NTA,4.0
e5dc9j,NTA,4.0
e5dc9j,ESH,3.0
e5dc9j,NTA,4.0
e5dc9j,ESH,3.0
e5dc9j,ESH,3.0
e5dc9j,NTA,4.0
e5dc9j,ESH,3.0
e5dc9j,NTA,4.0
e5dc9j,ESH,3.0
e5dc9j,YTA,4.0
e5dc9j,ESH,3.0
e5dc9j,YTA,4.0
e5dc9j,ESH,1.0
e5dc9j,NTA,4.0
e5dc9j,YTA,3.0
e5dc9j,YTA,3.0
e5dc9j,NTA,4.0
e5dc9j,NTA,4.0
e5dc9j,NTA,4.0
e5dc9j,YTA,3.0
e5dc9j,NTA,4.0
e5dc9j,NTA,4.0
e5dc9j,ESH,3.0
e5dc9j,ESH,3.0
e5dc9j,ESH,3.0
e5dc9j,ESH,3.0
e5dc9j,ESH,3.0
e5dc9j,NTA,4.0
e5dc9j,ESH,3.0
e5dc9j,YTA,4.0
e5dc9j,NTA,4.0
e5dc9j,ESH,4.0
e5dc9j,NTA,4.0
e5dc9j,YTA,3.0
e5dc9j,ESH,3.0
e5dc9j,YTA,3.0
e5dc9j,YTA,3.0
e5dc9j,YTA,4.0
e5dc9j,YTA,3.0
e5dc9j,ESH,3.0
e5dc9j,NTA,4.0
e5dc9j,ESH,3.0
e5dc9j,NAH,1.0
e5dc9j,YTA,3.0
e5dc9j,YTA,4.0
e5dc9j,NTA,3.0
e5dc9j,YTA,4.0
e5dc9j,ESH,3.0
e5dc9j,YTA,3.0
e5dc9j,NTA,3.0
e5dc9j,NTA,4.0
e5dc9j,ESH,3.0
e5dc9j,ESH,3.0
e5dc9j,NTA,4.0
e5dc9j,NTA,4.0
e5dc9j,ESH,3.0
e5dc9j,YTA,4.0
e5dc9j,YTA,4.0
e5dc9j,NTA,4.0
e5dc9j,YTA,3.0
e5dc9j,YTA,3.0
e5dc9j,ESH,3.0
e5dc9j,ESH,3.0
e5dc9j,ESH,3.0
e5dc9j,ESH,3.0
e5dc9j,NTA,4.0
e5dc9j,ESH,2.0
e5dc9j,ESH,3.0
e5dc9j,NTA,4.0
e5dc9j,NTA,4.0
e5dc9j,ESH,3.0
e5dc9j,NTA,4.0
e5dc9j,NTA,4.0
e5dc9j,ESH,3.0
e5dc9j,NTA,4.0
e5dc9j,YTA,4.0
e5dc9j,YTA,3.0
e5dc9j,YTA,3.0
e5dc9j,YTA,4.0
e5dc9j,NTA,4.0
e5dc9j,NTA,3.0
e5dc9j,ESH,2.0
e5dc9j,YTA,3.0
e5dc9j,NTA,4.0
e5dc9j,ESH,3.0
e5dc9j,ESH,3.0
e5dc9j,NTA,3.0
e5dc9j,YTA,3.0
e5dc9j,ESH,3.0
e5dc9j,NTA,4.0
e5dc9j,NTA,4.0
e5dc9j,YTA,3.0
e5dc9j,NTA,4.0
e5dc9j,YTA,4.0
e5dc9j,NTA,4.0
e5dc9j,NTA,4.0
e5dc9j,ESH,3.0
e5dc9j,NTA,4.0
e5dc9j,YTA,4.0
e5dc9j,YTA,4.0
e5dc9j,NTA,4.0
e5dc9j,ESH,3.0
e5dc9j,ESH,3.0
e5dc9j,YTA,3.0
e5dc9j,ESH,3.0
e5dc9j,NTA,4.0
e5dc9j,NTA,4.0
e5dc9j,NTA,4.0
e5dc9j,ESH,3.0
e5dc9j,NTA,4.0
e5dc9j,NTA,4.0
e5dc9j,NTA,4.0
e5dc9j,NAH,3.0
e5dc9j,NTA,4.0
e5dc9j,NTA,4.0
e5dc9j,NTA,4.0
e5dc9j,ESH,3.0
e5dc9j,ESH,3.0
e5dc9j,NTA,3.0
e5dc9j,ESH,3.0
e5dc9j,NTA,4.0
e5dc9j,YTA,4.0
e5dc9j,YTA,2.0
e5dc9j,NTA,4.0
e5dc9j,NTA,4.0
ealt06,NTA,4.0
ealt06,NAH,3.0
ealt06,YTA,3.0
ealt06,YTA,3.0
ealt06,NTA,4.0
ealt06,YTA,3.0
ealt06,NTA,4.0
ealt06,YTA,3.0
ealt06,NAH,3.0
ealt06,YTA,3.0
ealt06,YTA,3.0
ealt06,NTA,3.0
ealt06,NTA,3.0
ealt06,YTA,3.0
ealt06,NTA,3.0
ealt06,YTA,4.0
ealt06,YTA,3.0
ealt06,NAH,3.0
ealt06,YTA,3.0
ealt06,NAH,3.0
ealt06,NAH,3.0
ealt06,YTA,4.0
ealt06,YTA,3.0
ealt06,YTA,3.0
ealt06,YTA,3.0
ealt06,YTA,3.0
ealt06,YTA,4.0
ealt06,YTA,4.0
ealt06,NTA,4.0
ealt06,NTA,3.0
ealt06,YTA,3.0
ealt06,YTA,3.0
ealt06,NTA,4.0
ealt06,YTA,4.0
ealt06,YTA,4.0
ealt06,YTA,3.0
ealt06,YTA,4.0
ealt06,YTA,3.0
ealt06,YTA,4.0
ealt06,YTA,4.0
ealt06,YTA,3.0
ealt06,YTA,3.0
ealt06,YTA,4.0
ealt06,YTA,4.0
ealt06,NAH,3.0
ealt06,YTA,3.0
ealt06,YTA,3.0
ealt06,YTA,4.0
ealt06,NTA,4.0
ealt06,YTA,3.0
ealt06,YTA,3.0
ealt06,NAH,3.0
ealt06,ESH,3.0
ealt06,NTA,4.0
ealt06,YTA,3.0
ealt06,YTA,3.0
ealt06,ESH,3.0
ealt06,YTA,4.0
ealt06,NTA,4.0
ealt06,YTA,3.0
ealt06,YTA,4.0
ealt06,YTA,3.0
ealt06,NAH,3.0
ealt06,NTA,4.0
ealt06,ESH,3.0
ealt06,YTA,4.0
ealt06,NAH,3.0
ealt06,YTA,3.0
ealt06,YTA,4.0
ealt06,YTA,3.0
ealt06,YTA,4.0
ealt06,ESH,3.0
ealt06,YTA,4.0
ealt06,NTA,4.0
ealt06,NAH,3.0
ealt06,YTA,3.0
ealt06,NTA,4.0
ealt06,NAH,3.0
ealt06,NTA,3.0
ealt06,NTA,4.0
ealt06,YTA,4.0
ealt06,NTA,4.0
ealt06,NAH,3.0
ealt06,YTA,3.0
ealt06,NAH,3.0
ealt06,NTA,3.0
ealt06,YTA,3.0
ealt06,YTA,4.0
ealt06,YTA,4.0
ealt06,YTA,4.0
ealt06,ESH,3.0
ealt06,YTA,3.0
ealt06,NAH,3.0
ealt06,YTA,4.0
ealt06,YTA,4.0
ealt06,YTA,4.0
ealt06,NAH,3.0
ealt06,YTA,3.0
ealt06,NAH,3.0
ealt06,YTA,3.0
ealt06,NAH,3.0
ealt06,YTA,3.0
ealt06,YTA,4.0
ealt06,NAH,3.0
ealt06,YTA,3.0
ealt06,YTA,4.0
ealt06,YTA,3.0
ealt06,YTA,4.0
ealt06,YTA,1.0
ealt06,YTA,3.0
ealt06,NAH,3.0
ealt06,ESH,3.0
ealt06,YTA,3.0
ealt06,YTA,3.0
ealt06,NAH,3.0
ealt06,NTA,4.0
ealt06,YTA,4.0
ealt06,YTA,4.0
ealt06,YTA,4.0
ealt06,YTA,4.0
ealt06,YTA,4.0
ealt06,NAH,3.0
ealt06,YTA,3.0
eb5szx,ESH,3.0
eb5szx,NTA,4.0
eb5szx,NTA,4.0
eb5szx,NTA,4.0
eb5szx,NTA,4.0
eb5szx,NTA,4.0
eb5szx,ESH,3.0
eb5szx,NTA,4.0
eb5szx,YTA,4.0
eb5szx,NTA,4.0
eb5szx,ESH,3.0
eb5szx,ESH,3.0
eb5szx,NTA,4.0
eb5szx,NTA,4.0
eb5szx,NTA,4.0
eb5szx,NTA,4.0
eb5szx,NTA,4.0
eb5szx,NTA,4.0
eb5szx,NTA,4.0
eb5szx,NTA,4.0
eb5szx,NTA,4.0
eb5szx,ESH,3.0
eb5szx,NTA,4.0
eb5szx,YTA,3.0
eb5szx,ESH,3.0
eb5szx,NTA,3.0
eb5szx,NTA,4.0
eb5szx,NTA,4.0
eb5szx,ESH,3.0
eb5szx,NAH,3.0
eb5szx,NTA,4.0
eb5szx,ESH,3.0
eb5szx,NTA,4.0
eb5szx,ESH,3.0
eb5szx,YTA,3.0
eb5szx,ESH,2.0
eb5szx,NTA,4.0
eb5szx,NTA,4.0
eb5szx,ESH,3.0
eb5szx,NTA,4.0
eb5szx,YTA,4.0
eb5szx,YTA,4.0
eb5szx,NTA,4.0
eb5szx,YTA,4.0
eb5szx,NTA,4.0
eb5szx,YTA,4.0
eb5szx,NTA,3.0
eb5szx,YTA,3.0
eb5szx,YTA,3.0
eb5szx,NTA,4.0
eb5szx,NTA,4.0
eb5szx,NTA,4.0
eb5szx,YTA,4.0
eb5szx,NTA,4.0
eb5szx,NTA,4.0
eb5szx,NTA,4.0
eb5szx,NTA,4.0
eb5szx,NTA,4.0
eb5szx,NTA,3.0
eb5szx,NTA,4.0
eb5szx,NTA,4.0
eb5szx,ESH,3.0
eb5szx,YTA,4.0
eb5szx,NTA,4.0
eb5szx,ESH,3.0
eezxbl,NTA,4.0
eezxbl,ESH,2.0
eezxbl,YTA,4.0
eezxbl,ESH,3.0
eezxbl,NTA,4.0
eezxbl,NTA,4.0
eezxbl,NAH,3.0
eezxbl,NTA,3.0
eezxbl,YTA,4.0
eezxbl,YTA,2.0
eezxbl,NTA,4.0
eezxbl,YTA,3.0
eezxbl,ESH,3.0
eezxbl,YTA,4.0
eezxbl,NAH,3.0
eezxbl,YTA,3.0
eezxbl,YTA,4.0
eezxbl,YTA,3.0
eezxbl,NTA,4.0
eezxbl,NTA,4.0
eezxbl,YTA,4.0
eezxbl,NTA,4.0
eezxbl,NAH,3.0
eezxbl,NTA,4.0
eezxbl,NTA,4.0
eezxbl,YTA,4.0
eezxbl,NTA,4.0
eezxbl,ESH,3.0
eezxbl,YTA,4.0
eezxbl,YTA,4.0
eezxbl,YTA,3.0
eezxbl,NAH,3.0
eezxbl,YTA,4.0
eezxbl,NTA,4.0
eezxbl,NAH,3.0
eezxbl,YTA,2.0
eezxbl,NTA,4.0
eezxbl,NTA,4.0
eezxbl,YTA,3.0
eezxbl,YTA,4.0
eezxbl,YTA,4.0
eezxbl,YTA,4.0
eezxbl,YTA,4.0
eezxbl,YTA,3.0
eezxbl,NTA,4.0
eezxbl,YTA,4.0
eezxbl,YTA,4.0
eezxbl,NTA,4.0
eezxbl,YTA,4.0
eezxbl,NTA,4.0
eezxbl,NAH,3.0
eezxbl,NAH,3.0
eezxbl,NTA,4.0
eezxbl,NTA,4.0
eezxbl,NTA,4.0
eezxbl,YTA,2.0
eezxbl,YTA,4.0
eezxbl,YTA,4.0
eezxbl,YTA,3.0
eezxbl,YTA,4.0
eezxbl,YTA,4.0
eezxbl,YTA,3.0
eezxbl,YTA,4.0
eezxbl,NTA,4.0
eezxbl,YTA,4.0
eezxbl,YTA,4.0
eezxbl,ESH,3.0
eezxbl,NTA,4.0
eezxbl,YTA,3.0
eezxbl,YTA,2.0
eezxbl,YTA,4.0
eezxbl,NTA,4.0
eezxbl,YTA,4.0
eezxbl,NTA,3.0
eezxbl,ESH,3.0
eezxbl,ESH,3.0
eezxbl,NTA,4.0
eezxbl,NTA,4.0
eezxbl,YTA,4.0
eezxbl,NTA,4.0
eezxbl,YTA,4.0
eezxbl,NTA,4.0
eezxbl,YTA,4.0
eezxbl,YTA,4.0
eezxbl,YTA,4.0
eezxbl,YTA,4.0
eezxbl,NTA,4.0
eezxbl,YTA,4.0
eezxbl,YTA,4.0
eezxbl,NAH,3.0
eezxbl,NTA,4.0
eezxbl,NAH,3.0
eezxbl,YTA,3.0
eezxbl,NTA,4.0
eezxbl,NTA,4.0
eezxbl,NTA,4.0
eezxbl,YTA,4.0
eezxbl,NTA,4.0
eezxbl,YTA,4.0
eezxbl,YTA,3.0
eezxbl,YTA,4.0
eezxbl,YTA,3.0
eezxbl,YTA,4.0
eezxbl,NTA,4.0
eezxbl,YTA,4.0
eezxbl,YTA,1.0
eezxbl,YTA,4.0
eezxbl,NTA,4.0
eezxbl,YTA,3.0
eezxbl,NTA,3.0
eezxbl,NTA,4.0
eezxbl,YTA,4.0
eezxbl,NTA,4.0
eezxbl,YTA,4.0
eezxbl,YTA,4.0
eezxbl,YTA,4.0
eezxbl,ESH,3.0
eezxbl,NTA,4.0
eezxbl,YTA,4.0
eezxbl,NTA,4.0
eezxbl,NTA,4.0
eezxbl,NTA,4.0
eezxbl,NTA,4.0
eezxbl,YTA,4.0
eezxbl,YTA,4.0
eezxbl,YTA,4.0
eezxbl,NTA,4.0
eezxbl,NTA,4.0
eezxbl,NTA,4.0
eezxbl,YTA,4.0
eezxbl,YTA,2.0
eezxbl,YTA,4.0
eezxbl,YTA,4.0
eezxbl,ESH,3.0
eezxbl,NTA,4.0
eezxbl,YTA,4.0
eezxbl,NTA,4.0
eezxbl,YTA,4.0
eezxbl,NTA,4.0
eezxbl,YTA,3.0
eezxbl,YTA,3.0
eezxbl,NTA,4.0
eezxbl,YTA,4.0
eezxbl,YTA,4.0
eezxbl,NTA,4.0
eezxbl,NTA,4.0
9uzg28,NTA,4.0
9uzg28,YTA,4.0
9uzg28,YTA,4.0
9uzg28,YTA,4.0
9uzg28,NTA,4.0
9uzg28,YTA,4.0
9uzg28,YTA,4.0
9uzg28,YTA,4.0
9uzg28,YTA,4.0
9uzg28,YTA,4.0
9uzg28,NTA,4.0
9uzg28,NTA,4.0
9uzg28,YTA,4.0
9uzg28,NTA,4.0
9uzg28,YTA,4.0
9uzg28,YTA,4.0
9uzg28,NTA,4.0
9uzg28,NTA,4.0
9uzg28,NAH,4.0
9uzg28,YTA,3.0
9uzg28,NTA,4.0
9uzg28,YTA,4.0
9uzg28,NTA,4.0
9uzg28,NTA,4.0
9uzg28,YTA,4.0
9uzg28,NTA,4.0
9uzg28,YTA,2.0
9uzg28,YTA,4.0
9uzg28,NTA,4.0
9uzg28,NAH,4.0
9uzg28,NTA,4.0
9uzg28,YTA,4.0
9uzg28,YTA,4.0
9uzg28,NTA,4.0
9uzg28,YTA,4.0
9uzg28,YTA,4.0
9uzg28,YTA,4.0
9uzg28,NTA,4.0
9uzg28,YTA,4.0
9uzg28,YTA,4.0
9uzg28,YTA,4.0
9uzg28,YTA,4.0
9uzg28,YTA,4.0
9uzg28,YTA,4.0
9uzg28,NTA,2.0
9uzg28,NTA,4.0
9uzg28,NTA,4.0
9uzg28,NTA,4.0
9uzg28,NTA,4.0
9uzg28,NTA,4.0
9uzg28,NAH,4.0
9uzg28,YTA,4.0
9uzg28,NTA,4.0
9uzg28,YTA,4.0
9uzg28,NTA,4.0
9uzg28,NTA,4.0
9uzg28,NTA,4.0
9uzg28,NTA,2.0
9uzg28,YTA,4.0
9uzg28,NTA,4.0
9uzg28,YTA,4.0
9uzg28,NTA,3.0
9uzg28,NTA,4.0
9uzg28,YTA,4.0
9uzg28,YTA,4.0
9uzg28,YTA,2.0
9uzg28,NTA,4.0
9uzg28,YTA,4.0
9uzg28,YTA,4.0
9uzg28,YTA,4.0
9uzg28,YTA,4.0
9uzg28,NTA,2.0
9uzg28,NTA,4.0
9uzg28,NAH,4.0
9uzg28,YTA,4.0
9uzg28,YTA,2.0
9uzg28,NTA,4.0
9uzg28,YTA,4.0
9uzg28,NTA,4.0
9uzg28,YTA,3.0
9uzg28,NTA,4.0
9uzg28,NTA,4.0
9uzg28,YTA,2.0
9uzg28,NTA,3.0
9uzg28,YTA,3.0
9uzg28,NTA,2.0
9uzg28,NTA,4.0
9uzg28,YTA,4.0
9uzg28,NTA,4.0
9uzg28,NTA,4.0
9uzg28,YTA,4.0
9uzg28,NTA,3.0
9uzg28,YTA,4.0
9uzg28,YTA,4.0
9uzg28,YTA,4.0
9uzg28,YTA,4.0
9uzg28,YTA,4.0
9uzg28,YTA,3.0
9uzg28,YTA,4.0
9uzg28,NTA,1.0
9uzg28,YTA,4.0
9uzg28,YTA,4.0
9uzg28,YTA,4.0
9uzg28,NTA,4.0
9uzg28,YTA,4.0
9uzg28,NTA,2.0
9uzg28,YTA,4.0
9uzg28,NTA,4.0
9uzg28,YTA,4.0
9uzg28,NTA,4.0
9uzg28,NTA,4.0
9uzg28,NTA,2.0
9uzg28,NTA,4.0
9uzg28,YTA,4.0
9uzg28,YTA,4.0
9uzg28,NTA,4.0
9uzg28,NTA,4.0
9uzg28,YTA,4.0
9uzg28,NTA,4.0
9uzg28,YTA,4.0
9uzg28,YTA,3.0
9uzg28,NTA,4.0
9uzg28,YTA,4.0
9uzg28,NTA,4.0
9uzg28,YTA,4.0
9uzg28,YTA,4.0
9uzg28,NTA,4.0
9uzg28,NTA,4.0
9uzg28,YTA,4.0
9uzg28,NTA,4.0
9uzg28,NTA,4.0
9uzg28,NTA,4.0
9uzg28,NTA,4.0
9uzg28,YTA,4.0
9uzg28,NTA,4.0
9uzg28,NTA,4.0
9uzg28,NTA,4.0
9uzg28,NTA,4.0
9uzg28,YTA,4.0
9uzg28,YTA,4.0
9uzg28,NTA,4.0
9uzg28,YTA,4.0
9uzg28,YTA,3.0
9uzg28,YTA,4.0
9uzg28,YTA,4.0
9uzg28,NTA,4.0
9uzg28,NTA,4.0
9uzg28,NTA,4.0
9uzg28,YTA,4.0
9uzg28,YTA,4.0
9uzg28,YTA,3.0
9uzg28,YTA,4.0
9uzg28,NTA,4.0
9uzg28,NTA,4.0
9uzg28,YTA,4.0
9uzg28,NTA,4.0
9uzg28,YTA,4.0
9uzg28,NTA,4.0
9uzg28,NTA,4.0
9uzg28,YTA,4.0
9uzg28,YTA,4.0
9uzg28,NTA,4.0
9uzg28,YTA,4.0
9uzg28,NTA,4.0
9uzg28,YTA,3.0
9uzg28,YTA,4.0
9uzg28,YTA,4.0
9uzg28,NTA,4.0
9uzg28,YTA,4.0
9uzg28,NTA,4.0
9uzg28,NTA,4.0
9uzg28,NTA,4.0
9uzg28,YTA,4.0
9uzg28,YTA,2.0
9uzg28,YTA,4.0
9uzg28,NTA,4.0
9uzg28,YTA,4.0
9uzg28,NTA,4.0
9uzg28,NTA,4.0
9uzg28,NTA,4.0
9uzg28,NTA,4.0
9uzg28,NTA,4.0
9uzg28,NTA,4.0
9uzg28,YTA,4.0
9uzg28,NTA,4.0
9uzg28,NTA,4.0
9uzg28,YTA,4.0
9uzg28,YTA,4.0
9uzg28,NTA,4.0
9uzg28,YTA,4.0
9uzg28,NTA,3.0
9uzg28,YTA,4.0
9uzg28,NTA,4.0
9uzg28,NTA,4.0
9uzg28,YTA,4.0
9uzg28,NTA,4.0
9uzg28,NTA,4.0
9uzg28,YTA,4.0
9uzg28,NTA,4.0
9uzg28,YTA,4.0
9uzg28,NTA,4.0
9uzg28,YTA,4.0
9uzg28,NTA,4.0
9uzg28,NTA,4.0
9uzg28,NTA,4.0
9uzg28,NTA,4.0
9uzg28,NTA,4.0
9uzg28,YTA,3.0
9uzg28,NTA,4.0
9uzg28,NTA,4.0
9uzg28,NTA,4.0
9uzg28,YTA,4.0
9uzg28,NTA,4.0
9uzg28,NTA,4.0
9uzg28,YTA,4.0
9uzg28,YTA,4.0
9uzg28,NTA,4.0
9uzg28,NTA,4.0
9uzg28,YTA,3.0
9uzg28,NAH,4.0
9uzg28,YTA,4.0
9uzg28,YTA,3.0
9uzg28,YTA,4.0
9uzg28,YTA,3.0
9uzg28,YTA,4.0
9uzg28,NTA,4.0
9uzg28,YTA,4.0
9uzg28,NTA,4.0
9uzg28,NAH,4.0
9uzg28,YTA,4.0
9uzg28,NTA,4.0
9uzg28,NTA,4.0
9uzg28,YTA,2.0
9uzg28,NTA,4.0
9uzg28,NTA,4.0
9uzg28,NTA,4.0
9uzg28,NTA,4.0
9uzg28,NTA,4.0
9uzg28,NTA,4.0
9uzg28,NTA,4.0
9uzg28,NTA,4.0
9uzg28,NTA,4.0
9uzg28,YTA,4.0
9uzg28,NTA,4.0
9uzg28,YTA,4.0
9uzg28,YTA,4.0
9uzg28,NAH,4.0
9uzg28,YTA,4.0
9uzg28,YTA,4.0
9uzg28,NTA,4.0
9uzg28,YTA,4.0
9uzg28,NAH,4.0
9uzg28,YTA,4.0
9uzg28,YTA,4.0
9uzg28,NTA,4.0
9uzg28,NTA,4.0
9uzg28,NAH,4.0
9uzg28,NTA,4.0
9uzg28,NTA,4.0
9uzg28,NTA,4.0
9uzg28,NTA,4.0
9uzg28,NTA,4.0
9uzg28,NTA,4.0
9uzg28,NTA,3.0
9uzg28,YTA,4.0
9uzg28,NTA,4.0
9uzg28,NTA,4.0
9uzg28,YTA,4.0
9uzg28,YTA,2.0
9uzg28,NAH,4.0
9uzg28,NTA,3.0
9uzg28,NTA,4.0
9uzg28,NTA,4.0
9uzg28,NTA,3.0
9uzg28,YTA,4.0
9uzg28,NTA,4.0
9uzg28,NTA,4.0
9uzg28,YTA,4.0
9uzg28,NAH,4.0
9uzg28,YTA,4.0
9uzg28,YTA,4.0
9uzg28,NTA,4.0
9uzg28,YTA,4.0
9uzg28,NTA,4.0
9uzg28,YTA,4.0
9uzg28,NTA,4.0
9uzg28,YTA,4.0
9uzg28,YTA,4.0
9uzg28,NTA,4.0
9uzg28,NTA,4.0
9uzg28,YTA,4.0
9uzg28,YTA,4.0
9uzg28,YTA,4.0
9uzg28,NTA,4.0
9uzg28,NTA,4.0
9uzg28,YTA,4.0
9uzg28,YTA,4.0
9uzg28,NTA,4.0
9uzg28,YTA,3.0
9uzg28,NTA,4.0
9uzg28,YTA,2.0
9uzg28,NTA,4.0
9uzg28,NTA,4.0
9uzg28,NTA,2.0
9uzg28,YTA,2.0
9uzg28,NTA,4.0
9uzg28,NAH,4.0
9uzg28,NTA,4.0
9uzg28,NTA,3.0
9uzg28,NTA,4.0
9uzg28,NTA,4.0
9uzg28,NTA,4.0
9uzg28,NTA,4.0
9uzg28,YTA,4.0
9uzg28,YTA,4.0
9uzg28,NTA,4.0
9uzg28,YTA,4.0
9uzg28,NTA,4.0
9uzg28,NTA,4.0
9uzg28,NTA,4.0
9uzg28,YTA,4.0
9uzg28,NTA,4.0
9uzg28,NTA,4.0
9uzg28,YTA,4.0
9uzg28,NAH,4.0
9uzg28,YTA,4.0
9uzg28,YTA,4.0
9uzg28,NTA,4.0
9uzg28,NTA,4.0
9uzg28,NTA,4.0
9uzg28,NTA,4.0
9uzg28,NTA,4.0
9uzg28,NTA,4.0
9uzg28,NTA,4.0
9uzg28,NTA,2.0
9uzg28,NTA,4.0
9uzg28,YTA,4.0
9uzg28,NTA,4.0
9uzg28,YTA,4.0
9uzg28,YTA,4.0
9uzg28,NTA,4.0
9uzg28,YTA,4.0
9uzg28,NTA,4.0
9uzg28,NTA,4.0
9uzg28,NTA,4.0
9uzg28,NTA,4.0
9uzg28,NTA,4.0
9uzg28,NTA,4.0
9uzg28,NTA,4.0
9uzg28,NTA,4.0
9uzg28,NTA,4.0
9uzg28,NTA,4.0
9uzg28,NTA,4.0
9uzg28,YTA,4.0
9uzg28,NTA,4.0
9uzg28,YTA,4.0
9uzg28,YTA,4.0
9uzg28,YTA,4.0
9uzg28,YTA,4.0
9uzg28,NTA,4.0
9uzg28,NTA,3.0
9uzg28,YTA,4.0
9uzg28,NTA,3.0
9uzg28,NTA,4.0
9uzg28,YTA,4.0
9uzg28,NTA,4.0
9uzg28,YTA,3.0
9uzg28,NTA,4.0
9uzg28,NTA,4.0
9uzg28,NTA,4.0
9uzg28,NTA,4.0
9uzg28,NTA,4.0
9uzg28,NTA,4.0
9uzg28,YTA,4.0
9uzg28,NTA,4.0
9uzg28,NTA,4.0
9uzg28,NTA,4.0
9uzg28,YTA,4.0
9uzg28,NTA,4.0
9uzg28,YTA,4.0
9uzg28,NTA,4.0
9uzg28,NTA,4.0
9uzg28,NTA,4.0
9uzg28,NTA,3.0
9uzg28,YTA,4.0
9uzg28,NTA,4.0
9uzg28,NTA,4.0
9uzg28,NTA,4.0
9uzg28,NTA,4.0
9uzg28,YTA,4.0
9uzg28,NTA,4.0
9uzg28,YTA,4.0
9uzg28,YTA,4.0
9uzg28,NTA,4.0
9uzg28,NTA,3.0
9uzg28,NTA,4.0
9uzg28,YTA,4.0
9uzg28,YTA,4.0
9uzg28,NTA,4.0
9uzg28,NTA,4.0
9uzg28,NTA,4.0
9uzg28,NTA,3.0
9uzg28,NTA,4.0
9uzg28,YTA,4.0
9uzg28,NTA,4.0
9uzg28,YTA,4.0
9uzg28,YTA,4.0
9uzg28,NTA,4.0
9uzg28,YTA,4.0
9uzg28,NAH,4.0
9uzg28,YTA,4.0
9uzg28,NTA,4.0
9uzg28,NTA,4.0
9uzg28,NTA,4.0
9uzg28,YTA,4.0
9uzg28,NTA,4.0
9uzg28,YTA,4.0
9uzg28,YTA,4.0
9uzg28,NAH,4.0
9uzg28,YTA,4.0
9uzg28,NTA,4.0
9uzg28,NTA,4.0
9uzg28,NTA,4.0
9uzg28,NTA,4.0
9uzg28,NTA,4.0
9uzg28,NTA,4.0
9uzg28,NTA,3.0
9uzg28,NTA,4.0
9uzg28,NTA,4.0
9uzg28,NTA,4.0
9uzg28,NTA,4.0
9uzg28,NTA,4.0
9uzg28,NTA,4.0
9uzg28,NTA,4.0
9uzg28,NTA,4.0
9uzg28,NTA,4.0
9uzg28,YTA,4.0
9uzg28,NTA,4.0
9uzg28,YTA,2.0
9uzg28,NTA,4.0
9uzg28,NTA,4.0
9uzg28,NTA,4.0
9uzg28,NTA,4.0
9uzg28,NTA,4.0
9uzg28,NTA,4.0
9uzg28,NTA,4.0
9uzg28,NTA,4.0
9uzg28,YTA,4.0
9uzg28,YTA,4.0
9uzg28,NAH,4.0
9uzg28,YTA,4.0
9uzg28,NTA,4.0
9uzg28,NTA,4.0
9uzg28,NTA,4.0
9uzg28,NTA,4.0
9uzg28,NTA,4.0
9uzg28,YTA,4.0
9uzg28,YTA,4.0
9uzg28,YTA,4.0
9uzg28,NTA,4.0
9uzg28,NTA,4.0
9uzg28,NTA,4.0
9uzg28,NTA,4.0
9uzg28,ESH,4.0
9uzg28,YTA,4.0
9uzg28,NTA,4.0
9uzg28,NTA,4.0
9uzg28,NTA,4.0
9uzg28,NTA,4.0
9uzg28,YTA,4.0
9uzg28,ESH,2.0
9uzg28,YTA,4.0
9uzg28,ESH,2.0
9uzg28,ESH,3.0
atcfwx,YTA,4.0
atcfwx,YTA,4.0
atcfwx,YTA,4.0
atcfwx,YTA,4.0
atcfwx,YTA,4.0
atcfwx,YTA,4.0
atcfwx,YTA,3.0
atcfwx,YTA,4.0
atcfwx,NAH,3.0
atcfwx,YTA,4.0
atcfwx,YTA,4.0
atcfwx,YTA,4.0
atcfwx,NAH,3.0
atcfwx,NAH,3.0
atcfwx,NTA,4.0
atcfwx,YTA,4.0
atcfwx,NAH,3.0
atcfwx,YTA,4.0
atcfwx,NAH,3.0
atcfwx,YTA,3.0
atcfwx,NAH,3.0
atcfwx,YTA,4.0
atcfwx,NAH,3.0
atcfwx,NTA,4.0
atcfwx,NAH,3.0
atcfwx,NAH,3.0
atcfwx,YTA,4.0
atcfwx,YTA,3.0
atcfwx,NAH,4.0
atcfwx,YTA,4.0
atcfwx,NAH,3.0
atcfwx,NAH,3.0
atcfwx,YTA,4.0
atcfwx,YTA,4.0
atcfwx,NAH,3.0
atcfwx,YTA,4.0
atcfwx,NTA,3.0
atcfwx,NTA,4.0
atcfwx,YTA,4.0
atcfwx,YTA,4.0
atcfwx,YTA,4.0
atcfwx,NTA,3.0
atcfwx,NAH,3.0
atcfwx,YTA,4.0
atcfwx,NTA,4.0
atcfwx,NAH,1.0
atcfwx,NTA,4.0
atcfwx,YTA,4.0
atcfwx,ESH,2.0
atcfwx,YTA,4.0
atcfwx,YTA,4.0
atcfwx,NTA,3.0
atcfwx,YTA,4.0
atcfwx,YTA,3.0
atcfwx,NTA,3.0
atcfwx,NAH,3.0
atcfwx,YTA,4.0
atcfwx,YTA,4.0
atcfwx,NAH,3.0
atcfwx,YTA,4.0
atcfwx,YTA,4.0
atcfwx,YTA,4.0
atcfwx,YTA,4.0
atcfwx,ESH,3.0
atcfwx,NAH,3.0
atcfwx,YTA,4.0
atcfwx,NTA,3.0
atcfwx,YTA,4.0
atcfwx,NAH,4.0
atcfwx,NAH,3.0
atcfwx,NAH,3.0
atcfwx,NAH,4.0
atcfwx,NTA,4.0
atcfwx,YTA,4.0
atcfwx,NTA,3.0
b5k02p,YTA,4.0
b5k02p,NTA,4.0
b5k02p,YTA,4.0
b5k02p,NTA,4.0
b5k02p,ESH,2.0
b5k02p,NTA,4.0
b5k02p,YTA,4.0
b5k02p,YTA,4.0
b5k02p,ESH,2.0
b5k02p,YTA,4.0
b5k02p,NTA,4.0
b5k02p,NAH,1.0
b5k02p,NTA,3.0
b5k02p,YTA,4.0
b5k02p,YTA,4.0
b5k02p,ESH,3.0
b5k02p,YTA,4.0
b5k02p,YTA,4.0
b5k02p,NTA,4.0
b5k02p,NTA,4.0
b5k02p,YTA,4.0
b5k02p,YTA,2.0
b5k02p,NTA,4.0
b5k02p,YTA,4.0
b5k02p,NTA,4.0
b5k02p,YTA,4.0
b5k02p,ESH,2.0
b5k02p,YTA,4.0
b5k02p,NTA,4.0
b5k02p,NTA,4.0
b5k02p,YTA,4.0
b5k02p,NTA,4.0
b5k02p,YTA,4.0
b5k02p,YTA,4.0
b5k02p,NTA,4.0
b5k02p,NAH,3.0
b5k02p,YTA,4.0
b5k02p,YTA,4.0
b5k02p,NTA,4.0
b5k02p,NTA,4.0
b5k02p,YTA,4.0
b5k02p,YTA,3.0
b5k02p,NTA,4.0
b5k02p,YTA,4.0
b5k02p,YTA,4.0
b5k02p,NTA,3.0
b5k02p,NTA,2.0
b5k02p,NTA,4.0
b5k02p,YTA,4.0
b5k02p,NTA,4.0
b5k02p,YTA,4.0
b5k02p,NTA,4.0
b5k02p,YTA,4.0
b5k02p,NTA,4.0
b5k02p,YTA,4.0
b5k02p,NTA,4.0
b5k02p,NTA,4.0
b5k02p,NTA,3.0
b5k02p,NTA,4.0
b5k02p,NTA,4.0
b5k02p,NTA,4.0
b5k02p,NTA,3.0
b5k02p,NTA,4.0
b5k02p,ESH,2.0
b5k02p,NTA,4.0
b5k02p,NTA,4.0
b5k02p,ESH,4.0
b5k02p,NTA,4.0
b5k02p,ESH,3.0
b5k02p,YTA,4.0
b5k02p,YTA,4.0
b5k02p,YTA,4.0
b5k02p,NTA,3.0
b5k02p,NTA,4.0
b5k02p,NTA,3.0
b5k02p,NTA,4.0
b5k02p,NTA,4.0
b5k02p,YTA,3.0
b5k02p,NTA,4.0
b5k02p,YTA,4.0
b5k02p,NTA,3.0
b5k02p,YTA,4.0
b5k02p,NTA,4.0
b5k02p,YTA,4.0
b5k02p,NTA,4.0
b5k02p,NTA,4.0
b5k02p,NTA,4.0
b5k02p,NTA,2.0
b5k02p,YTA,3.0
b5k02p,NTA,4.0
b5k02p,NTA,3.0
b5k02p,ESH,2.0
b5k02p,YTA,3.0
b5k02p,NTA,4.0
b5k02p,YTA,4.0
b5k02p,NTA,4.0
b5k02p,NTA,4.0
b5k02p,YTA,4.0
b5k02p,NTA,4.0
b5k02p,YTA,4.0
b5k02p,NTA,3.0
b5k02p,NTA,4.0
b5k02p,NTA,4.0
b5k02p,NTA,4.0
b5k02p,ESH,4.0
b5k02p,NTA,4.0
b5k02p,NTA,4.0
b5k02p,NTA,4.0
b5k02p,YTA,4.0
b5k02p,NTA,3.0
b5k02p,NTA,4.0
b5k02p,NTA,4.0
b5k02p,NAH,3.0
b5k02p,NTA,4.0
b5k02p,YTA,4.0
b5k02p,NTA,4.0
b5k02p,NTA,3.0
b5k02p,YTA,4.0
b5k02p,NTA,4.0
b5k02p,YTA,4.0
b5k02p,NTA,4.0
b5k02p,YTA,4.0
b5k02p,NTA,4.0
b5k02p,NTA,4.0
b5k02p,YTA,4.0
b5k02p,YTA,4.0
b5k02p,NTA,4.0
b5k02p,NTA,4.0
b5k02p,NTA,3.0
b5k02p,NTA,3.0
b5k02p,NTA,3.0
b5k02p,ESH,3.0
b5k02p,NTA,4.0
b5k02p,NTA,4.0
b5k02p,ESH,3.0
b5k02p,NTA,4.0
b5k02p,YTA,4.0
b5k02p,NTA,4.0
b5k02p,NTA,4.0
b5k02p,NTA,4.0
b5k02p,NTA,4.0
b5k02p,NTA,4.0
b5k02p,YTA,4.0
b5k02p,YTA,4.0
b5k02p,YTA,4.0
b5k02p,NTA,4.0
b5k02p,NTA,3.0
b5k02p,NTA,4.0
b5k02p,NTA,4.0
b5k02p,NTA,3.0
b5k02p,NTA,4.0
b5k02p,NTA,3.0
b5k02p,NTA,4.0
b5k02p,NTA,4.0
b5k02p,NTA,4.0
b5k02p,ESH,3.0
b5k02p,NTA,3.0
b5k02p,NTA,4.0
b5k02p,ESH,2.0
b5k02p,NTA,4.0
b5k02p,NTA,4.0
b5k02p,YTA,4.0
b5k02p,NTA,4.0
b5k02p,NTA,4.0
b5k02p,NTA,3.0
b5k02p,NTA,4.0
b5k02p,NTA,4.0
b5k02p,NTA,4.0
b5k02p,NTA,4.0
b5k02p,NTA,4.0
b5k02p,YTA,4.0
b5k02p,YTA,4.0
b5k02p,NTA,4.0
b5k02p,NTA,4.0
b5k02p,YTA,4.0
b5k02p,ESH,3.0
b5k02p,NTA,3.0
b5k02p,NTA,4.0
b5k02p,NAH,3.0
b5k02p,NTA,3.0
b5k02p,NTA,4.0
b5k02p,NTA,4.0
b5k02p,NTA,4.0
b5k02p,NTA,4.0
b5k02p,NTA,4.0
b5k02p,NTA,4.0
b5k02p,NTA,3.0
b5k02p,NTA,2.0
b5k02p,NTA,3.0
b5k02p,NTA,3.0
b5k02p,NTA,3.0
b5k02p,NTA,4.0
b5k02p,NTA,3.0
b5k02p,YTA,4.0
b5k02p,NTA,4.0
b5k02p,NTA,4.0
b5k02p,YTA,4.0
b5k02p,NTA,4.0
b5k02p,YTA,4.0
b5k02p,NTA,4.0
b5k02p,YTA,4.0
b5k02p,NTA,4.0
b5k02p,NTA,4.0
b5k02p,NTA,4.0
b5k02p,YTA,4.0
b5k02p,NTA,4.0
b5k02p,YTA,3.0
b5k02p,NTA,4.0
b5k02p,NTA,4.0
b5k02p,NTA,4.0
b5k02p,YTA,4.0
b5k02p,NTA,3.0
b5k02p,NTA,4.0
b5k02p,NTA,4.0
b5k02p,NTA,3.0
b5k02p,NTA,4.0
b5k02p,YTA,3.0
b5k02p,NTA,4.0
b5k02p,ESH,3.0
b5k02p,NTA,4.0
b5k02p,NTA,4.0
b5k02p,NTA,4.0
b5k02p,NAH,3.0
b5k02p,NTA,4.0
b5k02p,YTA,4.0
b5k02p,YTA,4.0
b5k02p,NTA,4.0
b5k02p,NTA,3.0
b5k02p,NTA,4.0
b5k02p,NTA,4.0
b5k02p,YTA,4.0
b5k02p,NTA,4.0
b5k02p,NTA,4.0
b5k02p,NTA,4.0
b5k02p,NTA,1.0
b5k02p,NTA,4.0
b5k02p,NTA,4.0
b5k02p,YTA,4.0
b5k02p,YTA,4.0
b5k02p,NTA,4.0
b5k02p,NTA,3.0
b5k02p,NTA,4.0
b5k02p,NTA,3.0
b5k02p,YTA,4.0
b5k02p,NTA,3.0
b5k02p,YTA,4.0
b5k02p,NTA,4.0
b5k02p,NTA,4.0
b5k02p,NTA,3.0
b5k02p,NTA,4.0
b5k02p,YTA,4.0
b5k02p,YTA,4.0
b5k02p,NTA,4.0
b5k02p,NTA,4.0
b5k02p,YTA,4.0
b5k02p,NTA,4.0
b5k02p,NTA,4.0
b5k02p,NTA,4.0
b5k02p,YTA,4.0
b5k02p,NTA,3.0
b5k02p,ESH,2.0
b5k02p,NTA,4.0
b5k02p,NTA,4.0
b5k02p,NTA,4.0
b5k02p,NTA,3.0
b5k02p,NTA,4.0
b5k02p,YTA,4.0
b5k02p,ESH,2.0
b5k02p,NTA,3.0
b5k02p,NTA,4.0
b5k02p,NTA,4.0
b5k02p,NTA,4.0
b5k02p,YTA,4.0
b5k02p,NTA,4.0
b5k02p,ESH,2.0
b5k02p,YTA,3.0
b5k02p,NTA,4.0
b5k02p,NTA,4.0
b5k02p,ESH,3.0
b5k02p,NTA,4.0
b5k02p,NTA,4.0
b5k02p,YTA,4.0
b5k02p,ESH,3.0
b5k02p,NTA,4.0
b5k02p,NTA,4.0
b5k02p,YTA,3.0
b5k02p,NTA,4.0
b5k02p,NTA,3.0
b5k02p,YTA,4.0
b5k02p,NTA,4.0
b5k02p,NTA,4.0
b5k02p,NTA,4.0
b5k02p,NTA,4.0
b5k02p,ESH,2.0
b5k02p,NTA,4.0
b5k02p,NTA,4.0
b5k02p,NTA,4.0
b5k02p,NTA,3.0
b5k02p,NTA,4.0
b5k02p,NTA,4.0
b5k02p,NTA,3.0
b5k02p,NAH,3.0
b5k02p,NTA,4.0
b5k02p,ESH,3.0
b5k02p,NTA,3.0
b5k02p,NTA,4.0
b5k02p,NTA,4.0
b5k02p,ESH,2.0
b5k02p,NTA,4.0
b5k02p,NTA,4.0
b5k02p,NTA,4.0
b5k02p,ESH,2.0
b5k02p,YTA,4.0
b5k02p,YTA,4.0
b5k02p,NTA,4.0
b5k02p,ESH,3.0
b5k02p,NTA,4.0
b5k02p,NTA,4.0
b5k02p,NTA,4.0
b5k02p,NTA,2.0
b5k02p,NTA,3.0
b5k02p,YTA,4.0
b5k02p,NTA,4.0
b5k02p,NTA,4.0
b5k02p,NTA,4.0
b5k02p,NTA,3.0
b5k02p,NTA,3.0
b5k02p,NTA,4.0
b5k02p,YTA,4.0
b5k02p,ESH,4.0
b5k02p,NTA,4.0
b5k02p,YTA,4.0
b5k02p,YTA,4.0
b5k02p,ESH,3.0
b5k02p,NTA,4.0
b5k02p,NTA,4.0
b5k02p,ESH,3.0
b5k02p,NTA,4.0
b5k02p,NTA,4.0
b5k02p,YTA,4.0
b5k02p,NTA,4.0
b5k02p,NTA,4.0
b5k02p,NTA,4.0
b5k02p,YTA,4.0
b5k02p,NTA,4.0
b5k02p,NTA,4.0
b5k02p,YTA,3.0
b5k02p,ESH,2.0
b5k02p,YTA,4.0
b5k02p,NTA,3.0
b5k02p,NTA,4.0
b5k02p,NTA,4.0
b5k02p,NTA,3.0
b5k02p,NTA,4.0
b5k02p,NTA,4.0
b5k02p,NTA,4.0
b5k02p,NTA,4.0
b5k02p,NTA,4.0
b5k02p,NTA,4.0
b5k02p,NTA,4.0
b5k02p,NTA,4.0
b5k02p,YTA,4.0
b5k02p,NTA,4.0
b5k02p,NTA,4.0
b5k02p,NTA,4.0
b5k02p,NTA,4.0
b5k02p,NTA,4.0
b5k02p,NTA,4.0
b5k02p,NTA,3.0
b5k02p,NTA,4.0
b5k02p,ESH,2.0
b5k02p,NTA,4.0
b5k02p,YTA,4.0
b5k02p,NTA,4.0
b5k02p,NTA,4.0
b5k02p,YTA,3.0
b5k02p,NTA,4.0
b5k02p,ESH,2.0
b5k02p,NTA,4.0
b5k02p,NTA,4.0
b5k02p,NTA,4.0
b5k02p,NTA,2.0
b5k02p,NTA,4.0
b5k02p,NTA,4.0
b5k02p,YTA,4.0
b5k02p,YTA,4.0
b5k02p,ESH,2.0
b5k02p,YTA,4.0
b5k02p,NTA,4.0
b5k02p,NTA,3.0
b5k02p,NTA,3.0
b5k02p,ESH,4.0
b5k02p,YTA,3.0
b5k02p,NTA,3.0
b5k02p,YTA,4.0
b5k02p,NTA,4.0
b5k02p,NTA,3.0
b5k02p,NTA,4.0
b5k02p,NTA,4.0
b5k02p,NTA,4.0
b5k02p,NTA,4.0
befzm2,NTA,4.0
befzm2,ESH,2.0
befzm2,ESH,2.0
befzm2,NTA,4.0
befzm2,YTA,3.0
befzm2,ESH,3.0
befzm2,NTA,3.0
befzm2,NTA,3.0
befzm2,ESH,2.0
befzm2,YTA,3.0
befzm2,NTA,4.0
befzm2,ESH,2.0
befzm2,YTA,3.0
befzm2,NAH,3.0
befzm2,ESH,3.0
befzm2,ESH,2.0
befzm2,YTA,3.0
befzm2,ESH,3.0
befzm2,NAH,4.0
befzm2,ESH,3.0
befzm2,NTA,4.0
befzm2,NTA,4.0
befzm2,NTA,4.0
befzm2,NTA,4.0
befzm2,NTA,4.0
befzm2,NTA,4.0
befzm2,NTA,4.0
befzm2,NTA,4.0
befzm2,NTA,4.0
befzm2,NTA,4.0
befzm2,NTA,4.0
befzm2,YTA,4.0
befzm2,NAH,3.0
befzm2,NTA,4.0
befzm2,NTA,4.0
befzm2,NTA,3.0
befzm2,ESH,2.0
befzm2,NTA,4.0
befzm2,NTA,4.0
befzm2,NTA,3.0
befzm2,NTA,4.0
befzm2,NTA,4.0
befzm2,NTA,4.0
befzm2,NTA,4.0
befzm2,NTA,4.0
befzm2,NTA,4.0
befzm2,NTA,4.0
befzm2,NTA,4.0
befzm2,YTA,4.0
befzm2,YTA,2.0
befzm2,ESH,3.0
befzm2,NTA,3.0
befzm2,NTA,4.0
befzm2,ESH,2.0
befzm2,YTA,4.0
befzm2,ESH,2.0
befzm2,NTA,4.0
befzm2,ESH,2.0
befzm2,YTA,3.0
befzm2,ESH,3.0
befzm2,NTA,4.0
befzm2,ESH,3.0
befzm2,NTA,4.0
befzm2,NTA,4.0
befzm2,YTA,4.0
befzm2,NAH,3.0
befzm2,NTA,4.0
befzm2,NTA,4.0
befzm2,NAH,3.0
befzm2,NTA,4.0
befzm2,ESH,2.0
bjtueb,NTA,4.0
bjtueb,NTA,4.0
bjtueb,YTA,3.0
bjtueb,NAH,4.0
bjtueb,YTA,4.0
bjtueb,YTA,4.0
bjtueb,YTA,4.0
bjtueb,YTA,4.0
bjtueb,YTA,4.0
bjtueb,YTA,4.0
bjtueb,YTA,4.0
bjtueb,YTA,4.0
bjtueb,YTA,4.0
bjtueb,NAH,3.0
bjtueb,YTA,4.0
bjtueb,NAH,3.0
bjtueb,YTA,3.0
bjtueb,YTA,4.0
bjtueb,YTA,4.0
bjtueb,YTA,4.0
bjtueb,YTA,3.0
bjtueb,YTA,4.0
bjtueb,NTA,4.0
bjtueb,YTA,3.0
bjtueb,YTA,4.0
bjtueb,YTA,3.0
bjtueb,YTA,4.0
bjtueb,YTA,4.0
bjtueb,NTA,4.0
bjtueb,NTA,4.0
bjtueb,YTA,4.0
bjtueb,YTA,3.0
bjtueb,YTA,4.0
bjtueb,YTA,3.0
bjtueb,NAH,3.0
bjtueb,YTA,4.0
bjtueb,YTA,4.0
bjtueb,YTA,4.0
bjtueb,YTA,3.0
bjtueb,YTA,4.0
bjtueb,YTA,4.0
bjtueb,NTA,4.0
bjtueb,YTA,4.0
bjtueb,YTA,4.0
bjtueb,YTA,2.0
bjtueb,YTA,4.0
bjtueb,YTA,4.0
bjtueb,NAH,3.0
bjtueb,YTA,2.0
bjtueb,YTA,4.0
bjtueb,NTA,4.0
bjtueb,NTA,4.0
bjtueb,NAH,2.0
bjtueb,YTA,3.0
bjtueb,YTA,4.0
bjtueb,NTA,4.0
bjtueb,YTA,4.0
bjtueb,YTA,3.0
bjtueb,NTA,4.0
bjtueb,NAH,
bjtueb,YTA,4.0
bjtueb,NTA,4.0
bjtueb,YTA,4.0
bjtueb,NTA,3.0
bjtueb,NTA,4.0
bjtueb,NTA,3.0
bjtueb,YTA,4.0
bjtueb,YTA,4.0
bjtueb,YTA,3.0
bjtueb,NTA,4.0
bjtueb,NAH,3.0
bjtueb,NTA,4.0
bjtueb,YTA,4.0
bjtueb,YTA,3.0
bjtueb,YTA,4.0
bjtueb,NTA,4.0
bjtueb,YTA,4.0
bjtueb,YTA,3.0
bjtueb,YTA,4.0
bjtueb,NTA,4.0
bjtueb,NTA,4.0
bjtueb,YTA,3.0
bjtueb,NAH,4.0
bjtueb,YTA,4.0
bjtueb,YTA,3.0
bjtueb,YTA,4.0
bjtueb,YTA,4.0
bjtueb,YTA,4.0
bjtueb,YTA,4.0
bjtueb,YTA,3.0
bjtueb,YTA,3.0
bjtueb,NAH,3.0
bjtueb,YTA,3.0
bjtueb,NTA,4.0
bjtueb,YTA,4.0
bjtueb,NAH,3.0
bjtueb,YTA,4.0
bjtueb,NTA,3.0
bjtueb,NTA,4.0
bjtueb,YTA,3.0
bjtueb,YTA,3.0
bjtueb,YTA,4.0
bjtueb,YTA,4.0
bjtueb,YTA,4.0
bjtueb,NTA,4.0
bjtueb,NAH,3.0
bjtueb,NAH,3.0
bjtueb,YTA,4.0
bjtueb,YTA,4.0
bjtueb,NTA,3.0
bjtueb,NAH,3.0
bjtueb,YTA,4.0
bjtueb,YTA,4.0
bjtueb,YTA,4.0
bjtueb,NAH,3.0
bjtueb,NAH,4.0
bjtueb,YTA,4.0
bjtueb,NAH,3.0
bjtueb,NTA,4.0
bjtueb,NAH,3.0
bjtueb,YTA,4.0
bjtueb,YTA,4.0
bjtueb,NTA,4.0
bjtueb,NAH,3.0
bjtueb,NTA,4.0
bjtueb,NAH,3.0
bjtueb,YTA,4.0
bjtueb,NTA,4.0
bjtueb,NAH,2.0
bjtueb,YTA,4.0
bjtueb,YTA,4.0
bjtueb,YTA,3.0
bjtueb,YTA,4.0
bjtueb,YTA,4.0
bjtueb,NAH,4.0
bjtueb,NAH,4.0
bjtueb,YTA,4.0
bjtueb,YTA,4.0
bjtueb,YTA,4.0
bjtueb,YTA,4.0
bjtueb,YTA,4.0
bjtueb,YTA,4.0
bjtueb,YTA,4.0
bjtueb,NTA,4.0
bjtueb,YTA,4.0
bjtueb,NAH,3.0
bjtueb,NTA,4.0
bjtueb,YTA,4.0
bjtueb,YTA,4.0
bjtueb,YTA,2.0
bjtueb,YTA,4.0
bjtueb,YTA,4.0
bjtueb,NTA,4.0
bjtueb,YTA,4.0
bjtueb,YTA,4.0
bjtueb,YTA,4.0
bjtueb,NAH,3.0
bjtueb,YTA,4.0
bjtueb,YTA,3.0
bjtueb,NTA,4.0
bjtueb,YTA,4.0
bjtueb,NTA,3.0
bjtueb,NAH,1.0
bjtueb,YTA,4.0
bjtueb,YTA,4.0
bjtueb,NTA,4.0
bjtueb,YTA,4.0
bjtueb,YTA,4.0
bjtueb,NTA,3.0
bjtueb,YTA,2.0
bjtueb,YTA,4.0
bjtueb,YTA,3.0
bjtueb,YTA,3.0
bjtueb,YTA,4.0
bjtueb,YTA,4.0
bjtueb,YTA,4.0
bjtueb,NAH,4.0
bjtueb,YTA,4.0
bjtueb,YTA,4.0
bjtueb,NAH,3.0
bjtueb,YTA,4.0
bjtueb,YTA,3.0
bjtueb,YTA,4.0
bjtueb,YTA,4.0
bjtueb,NTA,4.0
bjtueb,YTA,4.0
bjtueb,YTA,3.0
bjtueb,YTA,4.0
bjtueb,YTA,4.0
bjtueb,YTA,4.0
bjtueb,NTA,4.0
bjtueb,YTA,4.0
bjtueb,NTA,4.0
bjtueb,YTA,4.0
bjtueb,YTA,4.0
bjtueb,NTA,4.0
bjtueb,NTA,3.0
bjtueb,NTA,4.0
bjtueb,YTA,4.0
bjtueb,ESH,3.0
bjtueb,YTA,4.0
bkclpr,ESH,1.0
bkclpr,ESH,3.0
bkclpr,ESH,3.0
bkclpr,YTA,4.0
bkclpr,ESH,4.0
bkclpr,YTA,4.0
bkclpr,YTA,4.0
bkclpr,NAH,4.0
bkclpr,NTA,4.0
bkclpr,NTA,4.0
bkclpr,NTA,4.0
bkclpr,NAH,3.0
bkclpr,YTA,4.0
bkclpr,NTA,4.0
bkclpr,ESH,2.0
bkclpr,ESH,2.0
bkclpr,ESH,3.0
bkclpr,NTA,4.0
bkclpr,ESH,2.0
bkclpr,ESH,3.0
bkclpr,ESH,3.0
bkclpr,NTA,3.0
bkclpr,YTA,4.0
bkclpr,NTA,4.0
bkclpr,YTA,4.0
bkclpr,ESH,3.0
bkclpr,ESH,2.0
bkclpr,ESH,4.0
bkclpr,NTA,3.0
bkclpr,ESH,3.0
bkclpr,ESH,2.0
bkclpr,NTA,4.0
bkclpr,NTA,4.0
bkclpr,NAH,3.0
bkclpr,NTA,4.0
bkclpr,NTA,4.0
bkclpr,ESH,3.0
bkclpr,ESH,3.0
bkclpr,NTA,4.0
bkclpr,NTA,4.0
bkclpr,NTA,2.0
bkclpr,NTA,4.0
bkclpr,NTA,4.0
bkclpr,ESH,3.0
bkclpr,NTA,2.0
bkclpr,NTA,4.0
bkclpr,NTA,4.0
bkclpr,ESH,4.0
bkclpr,ESH,4.0
bkclpr,NTA,4.0
bkclpr,NTA,4.0
bkclpr,NTA,4.0
bkclpr,NTA,4.0
bkclpr,ESH,2.0
bkclpr,ESH,2.0
bkclpr,ESH,4.0
bkclpr,ESH,3.0
bkclpr,NTA,4.0
bkclpr,YTA,4.0
bkclpr,YTA,4.0
bkclpr,NTA,4.0
bkclpr,YTA,4.0
bkclpr,ESH,3.0
bkclpr,ESH,4.0
bkclpr,ESH,4.0
bkclpr,NTA,4.0
bkclpr,NTA,4.0
bkclpr,NTA,4.0
bkclpr,NTA,3.0
bkclpr,YTA,4.0
bkclpr,YTA,3.0
bkclpr,YTA,4.0
bkclpr,YTA,4.0
bkclpr,YTA,4.0
bkclpr,NTA,4.0
bkclpr,ESH,4.0
bkclpr,NTA,3.0
bkclpr,YTA,2.0
bkclpr,ESH,3.0
bkclpr,ESH,4.0
bkclpr,ESH,2.0
bkclpr,NAH,3.0
bkclpr,NTA,4.0
bkclpr,ESH,2.0
bkclpr,YTA,4.0
bkclpr,YTA,4.0
bkclpr,NTA,4.0
bkclpr,NTA,3.0
bkclpr,NTA,4.0
blb1ta,YTA,4.0
blb1ta,ESH,2.0
blb1ta,NTA,4.0
blb1ta,NTA,4.0
blb1ta,NTA,4.0
blb1ta,NAH,4.0
blb1ta,NTA,4.0
blb1ta,NTA,4.0
blb1ta,NAH,3.0
blb1ta,NTA,4.0
blb1ta,YTA,4.0
blb1ta,NTA,4.0
blb1ta,YTA,4.0
blb1ta,NAH,4.0
blb1ta,ESH,3.0
blb1ta,NTA,4.0
blb1ta,NAH,3.0
blb1ta,NTA,4.0
blb1ta,NAH,4.0
blb1ta,YTA,4.0
blb1ta,ESH,2.0
blb1ta,YTA,4.0
blb1ta,ESH,3.0
blb1ta,YTA,4.0
blb1ta,NTA,4.0
blb1ta,NTA,4.0
blb1ta,NTA,4.0
blb1ta,NAH,3.0
blb1ta,NTA,1.0
blb1ta,NTA,4.0
blb1ta,YTA,4.0
blb1ta,YTA,4.0
blb1ta,YTA,3.0
blb1ta,NAH,3.0
blb1ta,YTA,4.0
blb1ta,NTA,4.0
blb1ta,NTA,4.0
blb1ta,YTA,4.0
blb1ta,YTA,2.0
blb1ta,NAH,3.0
blb1ta,YTA,4.0
blb1ta,YTA,4.0
blb1ta,NTA,4.0
blb1ta,YTA,4.0
blb1ta,NTA,4.0
blb1ta,ESH,2.0
blb1ta,NAH,3.0
blb1ta,YTA,4.0
blb1ta,YTA,4.0
blb1ta,ESH,3.0
blb1ta,YTA,3.0
blb1ta,NTA,4.0
blb1ta,NTA,4.0
blb1ta,NTA,4.0
blb1ta,NTA,4.0
blb1ta,NAH,3.0
blb1ta,YTA,4.0
blb1ta,NTA,4.0
blb1ta,NTA,4.0
blb1ta,NTA,4.0
blb1ta,NAH,3.0
blb1ta,NTA,4.0
blb1ta,NTA,4.0
blb1ta,YTA,3.0
blb1ta,NTA,4.0
blb1ta,YTA,4.0
blb1ta,NTA,4.0
blb1ta,YTA,4.0
blb1ta,NAH,4.0
blb1ta,YTA,4.0
blb1ta,NAH,4.0
blb1ta,YTA,4.0
blb1ta,YTA,2.0
blb1ta,YTA,3.0
blb1ta,YTA,4.0
blb1ta,NAH,3.0
blb1ta,NAH,3.0
blb1ta,NTA,4.0
blb1ta,NTA,4.0
blb1ta,YTA,4.0
blb1ta,YTA,3.0
blb1ta,NAH,3.0
blb1ta,YTA,4.0
blb1ta,NAH,3.0
blb1ta,ESH,2.0
blb1ta,YTA,4.0
blb1ta,NTA,3.0
blb1ta,NAH,3.0
blb1ta,NTA,3.0
blb1ta,NTA,3.0
blb1ta,YTA,4.0
blb1ta,YTA,4.0
blb1ta,NTA,3.0
blb1ta,YTA,4.0
blb1ta,NTA,4.0
blb1ta,NAH,3.0
blb1ta,NTA,4.0
blb1ta,NTA,4.0
blb1ta,YTA,4.0
blb1ta,NTA,4.0
blb1ta,NTA,4.0
blb1ta,YTA,4.0
blb1ta,NTA,4.0
blb1ta,NTA,4.0
blb1ta,YTA,2.0
blb1ta,YTA,4.0
blb1ta,NTA,4.0
blb1ta,YTA,3.0
blb1ta,YTA,4.0
blb1ta,NAH,4.0
blb1ta,YTA,4.0
blb1ta,NTA,4.0
blb1ta,NTA,4.0
blb1ta,NAH,4.0
blb1ta,YTA,4.0
blb1ta,YTA,4.0
blb1ta,YTA,4.0
blb1ta,NAH,4.0
blb1ta,NAH,4.0
blb1ta,NAH,4.0
blb1ta,NTA,4.0
blb1ta,NTA,4.0
blb1ta,YTA,2.0
blb1ta,YTA,4.0
blb1ta,NTA,4.0
blb1ta,YTA,4.0
blb1ta,YTA,4.0
blb1ta,YTA,4.0
blb1ta,NAH,3.0
blb1ta,YTA,2.0
blb1ta,NAH,4.0
blb1ta,NAH,3.0
blb1ta,YTA,4.0
blb1ta,YTA,4.0
blb1ta,YTA,4.0
blb1ta,YTA,4.0
blb1ta,NTA,4.0
blb1ta,YTA,4.0
blb1ta,NAH,4.0
blb1ta,NAH,4.0
blb1ta,YTA,4.0
blb1ta,NTA,4.0
blb1ta,YTA,4.0
blb1ta,NTA,4.0
blb1ta,YTA,4.0
blb1ta,YTA,4.0
blb1ta,NTA,4.0
blb1ta,YTA,4.0
blb1ta,NTA,4.0
blb1ta,YTA,4.0
blb1ta,YTA,3.0
blb1ta,NTA,4.0
blb1ta,YTA,4.0
blb1ta,NAH,3.0
blb1ta,NTA,4.0
blb1ta,YTA,4.0
blb1ta,NAH,4.0
blb1ta,YTA,4.0
blb1ta,YTA,4.0
blb1ta,NTA,4.0
blb1ta,YTA,4.0
blb1ta,YTA,4.0
blb1ta,YTA,4.0
blb1ta,NTA,4.0
blb1ta,YTA,4.0
blb1ta,YTA,3.0
blb1ta,YTA,3.0
blb1ta,YTA,4.0
blb1ta,NTA,4.0
blb1ta,YTA,4.0
blb1ta,NTA,4.0
blb1ta,YTA,4.0
blb1ta,YTA,4.0
blb1ta,YTA,4.0
blb1ta,NTA,4.0
blb1ta,NAH,3.0
blb1ta,NTA,4.0
blb1ta,YTA,4.0
blb1ta,NAH,2.0
blb1ta,YTA,4.0
blb1ta,YTA,4.0
blb1ta,NTA,4.0
blb1ta,YTA,3.0
blb1ta,NAH,4.0
blb1ta,NAH,3.0
blb1ta,NTA,4.0
blb1ta,YTA,2.0
blb1ta,NTA,4.0
blb1ta,NTA,3.0
blb1ta,NTA,4.0
blb1ta,YTA,4.0
blb1ta,NAH,4.0
blb1ta,YTA,4.0
blb1ta,YTA,4.0
blb1ta,YTA,4.0
blb1ta,NTA,4.0
blb1ta,NAH,3.0
blb1ta,NAH,4.0
blb1ta,YTA,4.0
blb1ta,YTA,4.0
blb1ta,ESH,3.0
blb1ta,NAH,4.0
blb1ta,YTA,2.0
blb1ta,NTA,4.0
blb1ta,NAH,4.0
blb1ta,YTA,4.0
blb1ta,NTA,4.0
blb1ta,NAH,3.0
blb1ta,YTA,4.0
blb1ta,NTA,3.0
blb1ta,NTA,4.0
blb1ta,NAH,3.0
blb1ta,NTA,3.0
blb1ta,YTA,4.0
blb1ta,YTA,4.0
blb1ta,NTA,4.0
blb1ta,NTA,4.0
blb1ta,NTA,4.0
blb1ta,YTA,4.0
blb1ta,NTA,4.0
blb1ta,YTA,4.0
blb1ta,NTA,4.0
blb1ta,NTA,4.0
blb1ta,NAH,3.0
blb1ta,NAH,3.0
blb1ta,NTA,4.0
blb1ta,YTA,4.0
blb1ta,NAH,4.0
blb1ta,YTA,4.0
blb1ta,NAH,4.0
blb1ta,YTA,4.0
blb1ta,NTA,4.0
blb1ta,NTA,4.0
blb1ta,NTA,4.0
blb1ta,YTA,4.0
blb1ta,YTA,4.0
blb1ta,YTA,3.0
blb1ta,YTA,4.0
blb1ta,NAH,4.0
blb1ta,YTA,4.0
blb1ta,NTA,4.0
blb1ta,NTA,4.0
blb1ta,YTA,4.0
blb1ta,YTA,4.0
blb1ta,YTA,4.0
blb1ta,NTA,4.0
blb1ta,YTA,3.0
blb1ta,NAH,4.0
blb1ta,NAH,3.0
blb1ta,NTA,3.0
blb1ta,NTA,4.0
blb1ta,NAH,4.0
blb1ta,YTA,4.0
blb1ta,NTA,4.0
blb1ta,YTA,4.0
blb1ta,NTA,4.0
blb1ta,NAH,4.0
blb1ta,NAH,3.0
blb1ta,NTA,4.0
blb1ta,YTA,4.0
blb1ta,YTA,3.0
blb1ta,YTA,4.0
blb1ta,NTA,4.0
blb1ta,YTA,4.0
blb1ta,ESH,2.0
blb1ta,NTA,4.0
blb1ta,YTA,4.0
blb1ta,NTA,4.0
blb1ta,YTA,4.0
blb1ta,NTA,4.0
blb1ta,NAH,4.0
blb1ta,NTA,4.0
blb1ta,ESH,2.0
blb1ta,YTA,4.0
blb1ta,YTA,4.0
blb1ta,NTA,4.0
blb1ta,NTA,4.0
blb1ta,YTA,4.0
blb1ta,NTA,4.0
blb1ta,YTA,4.0
blb1ta,YTA,3.0
blb1ta,YTA,3.0
blb1ta,NAH,3.0
blb1ta,YTA,4.0
blb1ta,YTA,2.0
blb1ta,NTA,4.0
blb1ta,NTA,4.0
blb1ta,NAH,3.0
blb1ta,NTA,4.0
blb1ta,NTA,3.0
blb1ta,YTA,4.0
blb1ta,NAH,4.0
blb1ta,YTA,4.0
blb1ta,NTA,4.0
blb1ta,ESH,2.0
blb1ta,ESH,2.0
blb1ta,NAH,3.0
blb1ta,YTA,4.0
blb1ta,ESH,2.0
blb1ta,YTA,4.0
blb1ta,NAH,2.0
blb1ta,YTA,4.0
blb1ta,NTA,4.0
blb1ta,NTA,3.0
blb1ta,NTA,3.0
blb1ta,YTA,4.0
blb1ta,NTA,4.0
blb1ta,YTA,4.0
blb1ta,YTA,4.0
blb1ta,YTA,4.0
blb1ta,YTA,4.0
blb1ta,NTA,4.0
blb1ta,YTA,4.0
blb1ta,NAH,3.0
blb1ta,YTA,3.0
blb1ta,YTA,4.0
blb1ta,NTA,4.0
blb1ta,NAH,4.0
blb1ta,YTA,4.0
blb1ta,YTA,3.0
blb1ta,NTA,4.0
blb1ta,NTA,4.0
blb1ta,YTA,4.0
blb1ta,NTA,4.0
blb1ta,YTA,4.0
blb1ta,YTA,4.0
blb1ta,NTA,4.0
blb1ta,ESH,2.0
blb1ta,YTA,3.0
blb1ta,NAH,2.0
blb1ta,YTA,3.0
blb1ta,YTA,3.0
blb1ta,NTA,4.0
blb1ta,YTA,4.0
blb1ta,YTA,3.0
blb1ta,NTA,4.0
blb1ta,NTA,4.0
blb1ta,YTA,4.0
blb1ta,ESH,3.0
blb1ta,YTA,4.0
blb1ta,YTA,4.0
blb1ta,NTA,4.0
blb1ta,YTA,4.0
blb1ta,NTA,4.0
blb1ta,NAH,4.0
blb1ta,NAH,4.0
blb1ta,NAH,3.0
blb1ta,NTA,4.0
blb1ta,NTA,4.0
blb1ta,NTA,4.0
blb1ta,NTA,2.0
blb1ta,ESH,3.0
blb1ta,NTA,4.0
blb1ta,YTA,4.0
blb1ta,YTA,3.0
blb1ta,NAH,4.0
blb1ta,NTA,4.0
blb1ta,NTA,4.0
blb1ta,NTA,4.0
blb1ta,YTA,4.0
blb1ta,NTA,4.0
blb1ta,NAH,3.0
blb1ta,NAH,3.0
blb1ta,NTA,4.0
blb1ta,NAH,3.0
blb1ta,NTA,4.0
blb1ta,NTA,4.0
blb1ta,NAH,4.0
blb1ta,NTA,4.0
blb1ta,ESH,3.0
blb1ta,NTA,4.0
blb1ta,YTA,3.0
blb1ta,NAH,3.0
blb1ta,YTA,4.0
blb1ta,YTA,4.0
blb1ta,NTA,4.0
blb1ta,NAH,3.0
blb1ta,YTA,4.0
blb1ta,YTA,4.0
blb1ta,YTA,4.0
blb1ta,YTA,4.0
blb1ta,NTA,4.0
blb1ta,NTA,3.0
blb1ta,NTA,4.0
blb1ta,NTA,4.0
blb1ta,YTA,4.0
blb1ta,NTA,4.0
blb1ta,NTA,4.0
blb1ta,NTA,1.0
blb1ta,YTA,4.0
blb1ta,NAH,4.0
blb1ta,YTA,4.0
blb1ta,NTA,4.0
blb1ta,YTA,4.0
blb1ta,NAH,3.0
blb1ta,NTA,4.0
blb1ta,NAH,3.0
blb1ta,NTA,4.0
blb1ta,NTA,4.0
blb1ta,NTA,4.0
blb1ta,NTA,4.0
blb1ta,NTA,4.0
blb1ta,YTA,4.0
blb1ta,NTA,4.0
blb1ta,YTA,4.0
blb1ta,YTA,4.0
blb1ta,NTA,2.0
blb1ta,YTA,4.0
blb1ta,NTA,4.0
blb1ta,YTA,4.0
blb1ta,NTA,4.0
blb1ta,YTA,4.0
blb1ta,NTA,4.0
blb1ta,NTA,4.0
blb1ta,ESH,2.0
blb1ta,NTA,3.0
blb1ta,YTA,4.0
blb1ta,YTA,3.0
blb1ta,NTA,4.0
blb1ta,NTA,4.0
blb1ta,NTA,4.0
blb1ta,NAH,1.0
blb1ta,NTA,3.0
blb1ta,NTA,4.0
blb1ta,NTA,4.0
blb1ta,YTA,4.0
blb1ta,YTA,4.0
blb1ta,NTA,4.0
blb1ta,YTA,2.0
blb1ta,NTA,4.0
blb1ta,YTA,3.0
blb1ta,YTA,4.0
blb1ta,NTA,4.0
blb1ta,NTA,4.0
blb1ta,NTA,4.0
blb1ta,YTA,4.0
blb1ta,YTA,4.0
blb1ta,YTA,4.0
blb1ta,YTA,4.0
blb1ta,ESH,2.0
blb1ta,YTA,4.0
blb1ta,NTA,4.0
blb1ta,ESH,4.0
blb1ta,NTA,2.0
blb1ta,YTA,4.0
blb1ta,YTA,4.0
blb1ta,NTA,4.0
blb1ta,YTA,4.0
blb1ta,NTA,4.0
blb1ta,NAH,3.0
blb1ta,ESH,4.0
blb1ta,YTA,3.0
blb1ta,NTA,3.0
blb1ta,NAH,4.0
blb1ta,NAH,3.0
blb1ta,NTA,4.0
blb1ta,ESH,2.0
blb1ta,YTA,2.0
blb1ta,YTA,4.0
blb1ta,YTA,4.0
blb1ta,YTA,4.0
blb1ta,NTA,2.0
blb1ta,NTA,4.0
blb1ta,YTA,4.0
blb1ta,NTA,4.0
blb1ta,NTA,4.0
blb1ta,NTA,4.0
blb1ta,YTA,4.0
blb1ta,NAH,3.0
blb1ta,YTA,4.0
blb1ta,NTA,4.0
blb1ta,NTA,4.0
blb1ta,NTA,4.0
blb1ta,YTA,4.0
blb1ta,YTA,4.0
blb1ta,NTA,4.0
blb1ta,NTA,4.0
blb1ta,NTA,3.0
blb1ta,YTA,4.0
blb1ta,YTA,4.0
blb1ta,NTA,4.0
blb1ta,NTA,4.0
blb1ta,YTA,4.0
blb1ta,YTA,4.0
blb1ta,YTA,4.0
blb1ta,NTA,4.0
blb1ta,NTA,4.0
blb1ta,YTA,4.0
blb1ta,NTA,3.0
blb1ta,NTA,3.0
blb1ta,YTA,4.0
blb1ta,YTA,4.0
blb1ta,NTA,4.0
blb1ta,ESH,2.0
blb1ta,YTA,4.0
blb1ta,ESH,3.0
blb1ta,NTA,4.0
blb1ta,NAH,3.0
blb1ta,YTA,4.0
blb1ta,NTA,4.0
blb1ta,NTA,4.0
blb1ta,NTA,4.0
blb1ta,YTA,4.0
blb1ta,NTA,4.0
blb1ta,NAH,3.0
blb1ta,NTA,4.0
blb1ta,YTA,4.0
blb1ta,YTA,4.0
blb1ta,NTA,4.0
blb1ta,NTA,4.0
blb1ta,YTA,4.0
blb1ta,YTA,4.0
blb1ta,NTA,4.0
blb1ta,YTA,4.0
blb1ta,YTA,4.0
blb1ta,YTA,3.0
blb1ta,NAH,4.0
blb1ta,NAH,4.0
blb1ta,NTA,4.0
blb1ta,YTA,4.0
blb1ta,YTA,4.0
blb1ta,NTA,4.0
blb1ta,NAH,4.0
blb1ta,NTA,4.0
blb1ta,NAH,3.0
blb1ta,YTA,4.0
blb1ta,NTA,4.0
blb1ta,NTA,4.0
blb1ta,NTA,4.0
blb1ta,YTA,4.0
blb1ta,NTA,4.0
blb1ta,NTA,3.0
blb1ta,YTA,4.0
blb1ta,YTA,4.0
blb1ta,NAH,4.0
blb1ta,NTA,4.0
blb1ta,YTA,4.0
blb1ta,NTA,4.0
blb1ta,NTA,3.0
blb1ta,ESH,4.0
blb1ta,NTA,4.0
blb1ta,ESH,2.0
blb1ta,YTA,4.0
blb1ta,YTA,4.0
blb1ta,YTA,4.0
blb1ta,YTA,4.0
blb1ta,YTA,4.0
blb1ta,YTA,2.0
blb1ta,NTA,2.0
blb1ta,NTA,3.0
blb1ta,NTA,4.0
blb1ta,NTA,4.0
blb1ta,NAH,3.0
blb1ta,NTA,4.0
blb1ta,YTA,4.0
blb1ta,NTA,4.0
blb1ta,NAH,3.0
blb1ta,NTA,4.0
blb1ta,NTA,4.0
blb1ta,NTA,4.0
blb1ta,YTA,4.0
blb1ta,NTA,4.0
blb1ta,NTA,4.0
blb1ta,YTA,4.0
blb1ta,YTA,4.0
blb1ta,NTA,4.0
blb1ta,YTA,4.0
blb1ta,NAH,3.0
blb1ta,NTA,4.0
blb1ta,NTA,4.0
blb1ta,NTA,4.0
blb1ta,NTA,3.0
blb1ta,NAH,4.0
blb1ta,NTA,4.0
blb1ta,NTA,4.0
blb1ta,NAH,3.0
blb1ta,NTA,2.0
blb1ta,NAH,4.0
blb1ta,NTA,4.0
blb1ta,NTA,4.0
blb1ta,YTA,3.0
blb1ta,NTA,4.0
blb1ta,YTA,4.0
blb1ta,NAH,4.0
blb1ta,YTA,
blb1ta,NAH,3.0
blb1ta,YTA,4.0
blb1ta,NTA,3.0
blb1ta,YTA,4.0
blb1ta,YTA,4.0
blb1ta,YTA,4.0
blb1ta,NTA,4.0
blb1ta,NTA,4.0
blb1ta,YTA,4.0
blb1ta,YTA,4.0
blb1ta,YTA,4.0
blb1ta,NTA,4.0
blb1ta,YTA,4.0
blb1ta,YTA,4.0
blb1ta,ESH,3.0
blb1ta,NTA,4.0
blb1ta,YTA,4.0
blb1ta,NAH,4.0
blb1ta,NAH,3.0
blb1ta,NTA,1.0
blb1ta,YTA,4.0
blb1ta,ESH,3.0
blb1ta,NAH,3.0
blb1ta,NAH,4.0
blb1ta,NTA,4.0
blb1ta,YTA,3.0
blb1ta,NTA,4.0
blb1ta,YTA,4.0
blb1ta,NAH,3.0
blb1ta,NTA,4.0
blb1ta,YTA,4.0
blb1ta,NAH,3.0
blb1ta,NTA,4.0
blb1ta,ESH,3.0
blb1ta,NTA,3.0
blb1ta,NTA,4.0
blb1ta,NAH,4.0
blb1ta,YTA,4.0
blb1ta,NTA,4.0
blb1ta,YTA,4.0
blb1ta,YTA,4.0
blb1ta,NAH,4.0
blb1ta,NAH,3.0
blb1ta,NAH,3.0
blb1ta,YTA,3.0
blb1ta,NAH,4.0
blb1ta,NTA,4.0
blb1ta,YTA,4.0
blb1ta,YTA,4.0
blb1ta,NTA,3.0
blb1ta,NAH,3.0
blb1ta,NTA,4.0
blb1ta,YTA,4.0
blb1ta,NTA,4.0
blb1ta,ESH,4.0
blb1ta,NTA,4.0
blb1ta,YTA,2.0
blb1ta,NTA,4.0
blb1ta,NTA,4.0
blb1ta,NAH,4.0
blb1ta,YTA,4.0
blb1ta,NTA,4.0
blb1ta,NAH,4.0
blb1ta,NTA,4.0
blb1ta,NAH,4.0
blb1ta,NTA,4.0
blb1ta,NTA,4.0
blb1ta,YTA,4.0
blb1ta,NTA,4.0
blb1ta,NTA,4.0
blb1ta,NTA,4.0
blb1ta,NTA,4.0
blb1ta,YTA,4.0
blb1ta,NTA,4.0
blb1ta,NTA,4.0
blb1ta,YTA,3.0
blb1ta,NTA,4.0
blb1ta,NTA,4.0
blb1ta,NTA,4.0
blb1ta,NTA,3.0
blb1ta,NTA,3.0
blb1ta,NTA,4.0
blb1ta,NTA,4.0
blb1ta,NTA,4.0
blb1ta,ESH,2.0
blb1ta,NTA,4.0
blb1ta,YTA,4.0
blb1ta,NTA,4.0
blb1ta,NTA,4.0
blb1ta,YTA,4.0
blb1ta,YTA,4.0
blb1ta,NTA,4.0
blb1ta,YTA,3.0
blb1ta,YTA,2.0
blb1ta,NTA,4.0
blb1ta,YTA,4.0
blb1ta,ESH,2.0
blb1ta,NTA,4.0
blb1ta,NTA,4.0
blb1ta,NTA,4.0
blb1ta,YTA,4.0
blb1ta,NAH,3.0
blb1ta,YTA,4.0
blb1ta,NAH,4.0
blb1ta,NTA,4.0
blb1ta,NTA,4.0
blb1ta,NTA,4.0
blb1ta,NTA,4.0
blb1ta,NTA,4.0
blb1ta,NTA,4.0
blb1ta,NTA,4.0
blb1ta,NTA,3.0
blb1ta,NTA,4.0
blb1ta,NTA,4.0
blb1ta,YTA,4.0
blb1ta,NTA,4.0
blb1ta,YTA,4.0
blb1ta,NAH,4.0
blb1ta,NTA,4.0
blb1ta,NTA,3.0
blb1ta,NTA,4.0
blb1ta,NTA,2.0
blb1ta,NTA,4.0
blb1ta,YTA,4.0
blb1ta,NTA,4.0
blb1ta,NTA,4.0
blb1ta,NTA,3.0
blb1ta,NTA,4.0
blb1ta,NTA,4.0
blb1ta,YTA,4.0
blb1ta,NTA,4.0
blb1ta,NAH,4.0
blb1ta,ESH,3.0
blb1ta,NTA,4.0
blb1ta,NTA,4.0
blb1ta,ESH,4.0
blb1ta,YTA,4.0
blb1ta,NTA,4.0
blb1ta,NTA,4.0
blb1ta,NTA,4.0
blb1ta,NTA,4.0
blb1ta,YTA,4.0
blb1ta,NAH,4.0
blb1ta,NTA,4.0
blb1ta,YTA,4.0
blb1ta,NTA,4.0
blb1ta,NTA,4.0
blb1ta,NTA,4.0
blb1ta,NTA,2.0
blb1ta,NAH,4.0
blb1ta,NTA,3.0
blb1ta,NTA,2.0
blb1ta,NTA,4.0
blb1ta,NTA,3.0
blb1ta,YTA,4.0
blb1ta,NTA,4.0
blb1ta,NAH,2.0
blb1ta,NTA,3.0
blb1ta,ESH,2.0
blb1ta,NAH,4.0
blb1ta,NTA,4.0
blb1ta,ESH,2.0
blb1ta,NTA,4.0
blb1ta,NTA,4.0
blb1ta,NTA,4.0
blb1ta,ESH,3.0
blb1ta,NTA,4.0
blb1ta,NTA,1.0
blb1ta,NTA,4.0
blb1ta,YTA,4.0
blb1ta,YTA,4.0
blb1ta,NTA,4.0
blb1ta,YTA,4.0
blb1ta,NTA,4.0
blb1ta,NTA,4.0
blb1ta,NTA,4.0
blb1ta,NAH,4.0
blb1ta,YTA,4.0
blb1ta,NAH,3.0
blb1ta,YTA,4.0
blb1ta,NTA,4.0
blb1ta,NAH,3.0
blb1ta,YTA,2.0
blb1ta,NAH,3.0
blb1ta,NTA,4.0
blb1ta,NTA,4.0
blb1ta,NTA,4.0
blb1ta,NAH,4.0
blb1ta,NTA,4.0
blb1ta,YTA,4.0
blb1ta,NTA,4.0
blb1ta,NTA,4.0
blb1ta,YTA,4.0
blb1ta,NTA,4.0
blb1ta,NTA,4.0
blb1ta,NTA,4.0
blb1ta,NTA,3.0
blb1ta,NTA,3.0
blb1ta,YTA,4.0
blb1ta,NTA,4.0
blb1ta,NTA,4.0
blb1ta,YTA,4.0
blb1ta,NAH,4.0
blb1ta,ESH,2.0
blb1ta,NTA,2.0
blb1ta,NTA,4.0
blb1ta,YTA,4.0
blb1ta,NTA,1.0
blb1ta,YTA,4.0
blb1ta,NAH,4.0
blb1ta,NAH,3.0
blb1ta,NAH,3.0
blb1ta,YTA,4.0
blb1ta,YTA,2.0
blb1ta,NTA,4.0
blb1ta,YTA,4.0
blb1ta,NTA,4.0
blb1ta,NTA,4.0
blb1ta,NTA,4.0
blb1ta,NAH,4.0
blb1ta,NTA,3.0
blb1ta,NTA,4.0
blb1ta,NAH,3.0
blb1ta,NTA,4.0
blb1ta,NTA,4.0
blb1ta,NTA,4.0
blb1ta,NTA,4.0
blb1ta,YTA,4.0
blb1ta,NTA,4.0
blb1ta,NTA,4.0
blb1ta,NTA,4.0
blb1ta,YTA,4.0
blb1ta,NTA,4.0
blb1ta,NTA,4.0
blb1ta,YTA,4.0
blb1ta,NTA,3.0
blb1ta,YTA,4.0
blb1ta,NTA,4.0
blb1ta,YTA,3.0
blb1ta,NTA,4.0
blb1ta,NTA,4.0
blb1ta,YTA,4.0
blb1ta,NTA,4.0
blb1ta,NTA,4.0
blb1ta,YTA,4.0
blb1ta,NTA,4.0
blb1ta,NTA,4.0
blb1ta,YTA,4.0
blb1ta,NTA,4.0
blb1ta,YTA,3.0
blb1ta,NTA,4.0
blb1ta,NTA,4.0
blb1ta,NTA,4.0
blb1ta,YTA,3.0
blb1ta,NAH,4.0
blb1ta,NTA,4.0
blb1ta,YTA,3.0
blb1ta,NTA,4.0
blb1ta,YTA,4.0
blb1ta,NTA,4.0
blb1ta,YTA,4.0
blb1ta,ESH,2.0
blb1ta,YTA,4.0
blb1ta,NTA,4.0
blb1ta,NTA,4.0
blb1ta,NTA,4.0
blb1ta,NTA,4.0
blb1ta,ESH,4.0
blb1ta,YTA,4.0
blb1ta,YTA,4.0
blb1ta,NAH,3.0
blb1ta,YTA,4.0
blb1ta,NTA,4.0
blb1ta,NTA,4.0
blb1ta,NTA,4.0
blb1ta,NTA,4.0
blb1ta,YTA,4.0
blb1ta,YTA,4.0
blb1ta,YTA,4.0
blb1ta,NTA,4.0
blb1ta,YTA,4.0
blb1ta,NAH,4.0
blb1ta,NTA,4.0
blb1ta,NTA,4.0
blb1ta,NTA,3.0
blb1ta,NAH,4.0
blb1ta,NTA,4.0
blb1ta,NTA,4.0
blb1ta,NTA,4.0
blb1ta,NTA,2.0
blb1ta,NAH,4.0
blb1ta,YTA,4.0
blb1ta,NTA,4.0
blb1ta,NTA,4.0
blb1ta,NAH,4.0
blb1ta,NAH,3.0
blb1ta,NTA,3.0
blb1ta,NTA,4.0
blb1ta,NTA,4.0
blb1ta,NTA,4.0
blb1ta,NTA,4.0
blb1ta,YTA,4.0
blb1ta,NTA,4.0
blb1ta,YTA,4.0
blb1ta,NTA,4.0
blb1ta,NTA,4.0
blb1ta,NTA,3.0
blb1ta,NTA,4.0
blb1ta,NTA,4.0
blb1ta,YTA,4.0
blb1ta,NAH,3.0
blb1ta,NTA,4.0
blb1ta,NTA,4.0
blb1ta,NTA,4.0
blb1ta,NTA,3.0
blb1ta,NTA,3.0
blb1ta,ESH,3.0
blb1ta,YTA,4.0
blb1ta,NTA,4.0
blb1ta,ESH,1.0
blb1ta,NTA,4.0
blb1ta,NTA,4.0
blb1ta,ESH,3.0
blb1ta,NTA,3.0
blb1ta,NTA,4.0
blb1ta,NTA,1.0
blb1ta,NTA,4.0
blb1ta,NTA,4.0
blb1ta,YTA,4.0
blb1ta,NTA,4.0
blb1ta,NTA,4.0
blb1ta,YTA,3.0
blb1ta,NTA,4.0
blb1ta,NTA,4.0
blb1ta,NAH,3.0
blb1ta,YTA,4.0
blb1ta,NTA,4.0
blb1ta,NTA,4.0
blb1ta,YTA,4.0
blb1ta,YTA,2.0
blb1ta,NTA,4.0
blb1ta,YTA,4.0
blb1ta,NTA,4.0
blb1ta,NAH,3.0
blb1ta,NTA,4.0
blb1ta,NTA,4.0
blb1ta,NTA,4.0
blb1ta,YTA,4.0
blb1ta,NTA,3.0
blb1ta,YTA,4.0
blb1ta,YTA,4.0
blb1ta,NTA,4.0
blb1ta,NTA,4.0
blb1ta,NTA,4.0
blb1ta,NTA,4.0
blb1ta,NTA,3.0
blb1ta,YTA,4.0
blb1ta,YTA,4.0
blb1ta,YTA,4.0
blb1ta,NAH,4.0
blb1ta,NTA,4.0
blb1ta,NTA,4.0
blb1ta,YTA,4.0
blb1ta,YTA,4.0
blb1ta,NTA,3.0
blb1ta,ESH,2.0
blb1ta,NTA,4.0
blb1ta,YTA,4.0
blb1ta,NTA,4.0
blb1ta,NTA,4.0
blb1ta,ESH,2.0
blb1ta,NTA,3.0
blb1ta,NAH,3.0
blb1ta,NTA,4.0
blb1ta,NTA,4.0
blb1ta,NTA,3.0
blb1ta,ESH,3.0
blb1ta,NAH,3.0
blb1ta,YTA,4.0
blb1ta,NAH,4.0
blb1ta,NAH,4.0
blb1ta,YTA,4.0
blb1ta,YTA,4.0
blb1ta,NTA,4.0
blb1ta,YTA,4.0
blb1ta,YTA,4.0
blb1ta,NTA,4.0
blb1ta,YTA,4.0
blb1ta,YTA,4.0
blb1ta,NTA,4.0
blb1ta,NAH,4.0
blb1ta,NTA,4.0
blb1ta,NTA,4.0
blb1ta,NTA,4.0
blb1ta,NTA,4.0
blb1ta,YTA,3.0
blb1ta,NTA,4.0
blb1ta,YTA,4.0
blb1ta,NTA,4.0
blb1ta,NTA,4.0
blb1ta,YTA,4.0
blb1ta,NTA,4.0
blb1ta,YTA,4.0
blb1ta,YTA,4.0
blb1ta,NTA,4.0
blb1ta,NAH,2.0
blb1ta,YTA,4.0
blb1ta,NTA,4.0
blb1ta,NTA,4.0
blb1ta,NAH,3.0
blb1ta,NAH,4.0
blb1ta,YTA,4.0
blb1ta,NTA,4.0
blb1ta,YTA,4.0
blb1ta,NTA,4.0
blb1ta,NAH,3.0
blb1ta,NTA,3.0
blb1ta,NTA,4.0
blb1ta,NTA,3.0
blb1ta,NTA,4.0
blb1ta,NTA,4.0
blb1ta,YTA,4.0
blb1ta,NTA,4.0
blb1ta,NAH,3.0
blb1ta,NTA,4.0
blb1ta,YTA,4.0
blb1ta,NAH,3.0
blb1ta,NTA,3.0
blb1ta,YTA,4.0
blb1ta,NTA,4.0
blb1ta,NTA,4.0
blb1ta,NTA,3.0
blb1ta,NTA,4.0
blb1ta,NTA,4.0
blb1ta,NTA,4.0
blb1ta,YTA,4.0
blb1ta,NTA,4.0
blb1ta,YTA,4.0
blb1ta,NTA,4.0
blb1ta,ESH,2.0
blb1ta,NTA,4.0
blb1ta,YTA,4.0
blb1ta,NAH,4.0
blb1ta,NTA,4.0
blb1ta,NTA,4.0
blb1ta,NAH,3.0
blb1ta,NTA,4.0
blb1ta,NAH,3.0
blb1ta,NTA,4.0
blb1ta,NTA,4.0
blb1ta,NTA,4.0
blb1ta,NTA,4.0
blb1ta,NTA,4.0
blb1ta,NTA,4.0
blb1ta,NTA,4.0
blb1ta,NTA,4.0
blb1ta,NTA,4.0
blb1ta,NTA,4.0
blb1ta,NTA,3.0
blb1ta,NTA,4.0
blb1ta,NAH,4.0
blb1ta,YTA,4.0
blb1ta,NAH,3.0
blb1ta,NTA,4.0
blb1ta,YTA,3.0
blb1ta,NTA,4.0
blb1ta,YTA,4.0
blb1ta,NTA,4.0
blb1ta,NAH,4.0
blb1ta,NTA,4.0
blb1ta,YTA,4.0
blb1ta,NTA,4.0
blb1ta,NAH,3.0
blb1ta,NTA,4.0
blb1ta,YTA,4.0
blb1ta,ESH,2.0
blb1ta,NTA,4.0
blb1ta,YTA,4.0
blb1ta,NTA,3.0
blb1ta,NTA,4.0
blb1ta,NTA,2.0
blb1ta,NTA,4.0
blb1ta,NTA,4.0
blb1ta,NTA,4.0
blb1ta,NAH,4.0
blb1ta,NAH,4.0
blb1ta,NTA,4.0
blb1ta,NTA,3.0
blb1ta,NTA,4.0
blb1ta,NTA,3.0
blb1ta,YTA,4.0
blb1ta,NTA,4.0
blb1ta,YTA,4.0
blb1ta,NTA,4.0
blb1ta,NTA,4.0
blb1ta,NTA,4.0
blb1ta,NTA,4.0
blb1ta,YTA,4.0
blb1ta,NAH,3.0
blb1ta,ESH,2.0
blb1ta,NTA,4.0
blb1ta,YTA,4.0
blb1ta,NTA,2.0
blb1ta,NTA,4.0
blb1ta,YTA,3.0
blb1ta,NTA,4.0
blb1ta,NTA,4.0
blb1ta,NTA,4.0
blb1ta,NTA,2.0
blb1ta,YTA,4.0
blb1ta,NTA,4.0
blb1ta,NTA,4.0
blb1ta,NTA,4.0
blb1ta,NTA,4.0
blb1ta,NTA,4.0
blb1ta,NTA,4.0
blb1ta,NTA,4.0
blb1ta,NTA,4.0
blb1ta,NTA,4.0
blb1ta,NTA,4.0
blb1ta,YTA,3.0
blb1ta,NTA,4.0
blb1ta,NTA,4.0
blb1ta,ESH,2.0
blb1ta,NTA,4.0
blb1ta,NTA,4.0
blb1ta,NTA,4.0
blb1ta,YTA,4.0
blb1ta,NTA,4.0
blb1ta,NAH,3.0
blb1ta,YTA,3.0
blb1ta,NTA,4.0
blb1ta,NTA,4.0
blb1ta,YTA,4.0
blb1ta,NTA,4.0
blb1ta,NTA,4.0
blb1ta,NTA,4.0
blb1ta,YTA,4.0
blb1ta,NTA,3.0
blb1ta,NTA,4.0
blb1ta,NTA,3.0
blb1ta,YTA,4.0
blb1ta,YTA,4.0
blb1ta,YTA,4.0
blb1ta,NTA,4.0
blb1ta,NTA,4.0
blb1ta,ESH,2.0
blb1ta,NTA,2.0
blb1ta,NTA,4.0
blb1ta,NTA,4.0
blb1ta,NAH,3.0
blb1ta,NTA,4.0
blb1ta,YTA,4.0
blb1ta,NTA,4.0
blb1ta,NTA,4.0
blb1ta,NTA,4.0
blb1ta,NAH,4.0
blb1ta,YTA,4.0
blb1ta,NAH,4.0
blb1ta,YTA,4.0
blb1ta,NTA,4.0
blb1ta,NTA,4.0
blb1ta,YTA,3.0
blb1ta,NTA,4.0
blb1ta,NTA,4.0
blb1ta,NAH,3.0
blb1ta,NTA,3.0
blb1ta,NTA,4.0
blb1ta,YTA,3.0
blb1ta,NTA,2.0
blb1ta,NTA,4.0
blb1ta,YTA,4.0
blb1ta,NTA,4.0
blb1ta,NTA,4.0
blb1ta,ESH,2.0
blb1ta,NTA,4.0
blb1ta,NTA,4.0
blb1ta,NAH,4.0
blb1ta,NAH,4.0
blb1ta,NTA,4.0
blb1ta,NTA,4.0
blb1ta,YTA,4.0
blb1ta,NAH,4.0
blb1ta,NTA,4.0
blb1ta,YTA,3.0
blb1ta,NTA,4.0
blb1ta,NAH,4.0
blb1ta,NTA,1.0
blb1ta,NAH,1.0
blb1ta,NTA,4.0
blb1ta,NAH,4.0
blb1ta,NTA,4.0
blb1ta,NAH,4.0
blb1ta,NTA,4.0
blb1ta,NTA,4.0
blb1ta,NTA,4.0
blb1ta,YTA,2.0
blb1ta,NTA,4.0
blb1ta,YTA,4.0
blb1ta,YTA,4.0
blb1ta,NTA,4.0
blb1ta,NTA,4.0
blb1ta,YTA,3.0
blb1ta,YTA,4.0
blb1ta,NTA,4.0
blb1ta,ESH,3.0
blb1ta,YTA,4.0
blb1ta,YTA,4.0
blb1ta,NTA,4.0
blb1ta,NTA,4.0
blb1ta,YTA,4.0
blb1ta,NTA,4.0
blb1ta,NTA,4.0
blb1ta,YTA,4.0
blb1ta,NTA,4.0
blb1ta,NTA,4.0
blb1ta,NTA,4.0
blb1ta,NTA,4.0
blb1ta,YTA,4.0
blb1ta,NTA,4.0
blb1ta,NAH,4.0
blb1ta,NTA,4.0
blb1ta,NAH,4.0
blb1ta,NAH,3.0
blb1ta,NAH,4.0
blb1ta,NTA,4.0
blb1ta,NTA,4.0
blb1ta,NTA,4.0
blb1ta,NAH,4.0
blb1ta,NTA,4.0
blb1ta,NTA,4.0
blb1ta,NAH,4.0
blb1ta,YTA,4.0
blb1ta,YTA,4.0
blb1ta,NTA,4.0
blb1ta,NTA,4.0
blb1ta,NTA,4.0
blb1ta,NAH,3.0
blb1ta,NTA,4.0
blb1ta,NAH,4.0
blb1ta,NTA,4.0
blb1ta,YTA,3.0
blb1ta,YTA,4.0
blb1ta,NTA,4.0
blb1ta,NTA,3.0
blb1ta,NTA,4.0
blb1ta,NTA,2.0
blb1ta,NTA,4.0
blb1ta,NAH,4.0
blb1ta,YTA,4.0
blb1ta,YTA,4.0
blb1ta,YTA,4.0
blb1ta,ESH,3.0
blb1ta,ESH,4.0
blb1ta,YTA,4.0
blb1ta,NAH,4.0
blb1ta,NTA,4.0
blb1ta,NTA,4.0
blb1ta,NTA,4.0
blb1ta,NTA,4.0
blb1ta,NTA,4.0
blb1ta,NTA,4.0
blb1ta,NTA,4.0
blb1ta,YTA,4.0
blb1ta,NTA,4.0
blb1ta,YTA,4.0
blb1ta,NTA,4.0
blb1ta,NTA,4.0
blb1ta,NAH,4.0
blb1ta,NTA,1.0
blb1ta,NTA,3.0
blb1ta,NAH,3.0
blb1ta,NTA,4.0
blb1ta,NTA,4.0
blb1ta,NTA,3.0
blb1ta,NTA,4.0
blb1ta,YTA,4.0
blb1ta,NTA,4.0
blb1ta,NTA,4.0
blb1ta,NTA,4.0
blb1ta,NTA,4.0
blb1ta,NTA,4.0
blb1ta,YTA,3.0
blb1ta,NTA,4.0
blb1ta,NTA,3.0
blb1ta,YTA,3.0
blb1ta,NTA,4.0
blb1ta,NTA,4.0
blb1ta,NTA,4.0
blb1ta,NTA,4.0
blb1ta,NTA,4.0
blb1ta,NAH,3.0
blb1ta,NTA,4.0
blb1ta,YTA,4.0
blb1ta,NTA,2.0
blb1ta,NTA,4.0
blb1ta,NTA,4.0
blb1ta,ESH,2.0
blb1ta,NTA,4.0
blb1ta,NTA,3.0
blb1ta,NTA,4.0
blb1ta,YTA,4.0
blb1ta,NTA,4.0
blb1ta,NTA,4.0
blb1ta,NAH,4.0
blb1ta,NTA,4.0
blb1ta,NTA,4.0
blb1ta,NAH,3.0
blb1ta,YTA,4.0
blb1ta,YTA,4.0
blb1ta,YTA,4.0
blb1ta,NTA,4.0
blb1ta,YTA,3.0
blb1ta,NTA,4.0
blb1ta,NTA,4.0
blb1ta,NAH,3.0
blb1ta,YTA,4.0
blb1ta,YTA,4.0
blb1ta,YTA,3.0
blb1ta,YTA,4.0
blb1ta,YTA,4.0
blb1ta,NTA,4.0
blb1ta,YTA,4.0
blb1ta,YTA,2.0
blb1ta,NTA,4.0
blb1ta,YTA,4.0
blb1ta,NTA,4.0
blb1ta,YTA,4.0
blb1ta,YTA,4.0
blb1ta,NTA,4.0
blb1ta,NTA,4.0
blb1ta,NTA,3.0
blb1ta,YTA,2.0
blb1ta,NTA,4.0
blb1ta,NTA,4.0
blb1ta,NTA,4.0
blb1ta,YTA,4.0
blb1ta,YTA,4.0
blb1ta,NTA,4.0
blb1ta,YTA,4.0
blb1ta,NTA,4.0
blb1ta,NTA,4.0
blb1ta,NAH,3.0
blb1ta,NTA,3.0
blb1ta,NTA,4.0
blb1ta,NTA,4.0
blb1ta,NTA,4.0
blb1ta,NTA,3.0
blb1ta,NTA,4.0
blb1ta,YTA,4.0
blb1ta,YTA,4.0
blb1ta,YTA,4.0
blb1ta,YTA,4.0
blb1ta,NTA,3.0
blb1ta,NTA,4.0
blb1ta,NTA,1.0
blb1ta,NTA,4.0
blb1ta,NTA,4.0
blb1ta,NTA,4.0
blb1ta,NTA,4.0
blb1ta,YTA,3.0
blb1ta,NTA,4.0
blb1ta,YTA,4.0
blb1ta,NTA,4.0
blb1ta,NTA,4.0
blb1ta,YTA,4.0
blb1ta,NTA,4.0
blb1ta,YTA,3.0
blb1ta,NTA,3.0
blb1ta,NTA,4.0
blb1ta,YTA,3.0
blb1ta,YTA,4.0
blb1ta,NTA,4.0
blb1ta,NTA,4.0
blb1ta,NTA,2.0
blb1ta,NTA,4.0
blb1ta,NTA,4.0
blb1ta,ESH,3.0
blb1ta,NAH,4.0
blb1ta,YTA,4.0
blb1ta,NTA,4.0
blb1ta,NTA,4.0
blb1ta,NTA,3.0
blb1ta,NTA,4.0
blb1ta,YTA,4.0
blb1ta,NTA,4.0
blb1ta,NTA,4.0
blb1ta,NAH,4.0
blb1ta,NTA,4.0
blb1ta,NTA,4.0
blb1ta,NTA,4.0
blb1ta,ESH,2.0
blb1ta,YTA,4.0
blb1ta,YTA,4.0
blb1ta,NTA,4.0
blb1ta,YTA,4.0
blb1ta,ESH,2.0
blb1ta,NAH,4.0
blb1ta,NAH,4.0
blb1ta,NTA,4.0
blb1ta,NTA,4.0
blb1ta,NTA,4.0
blb1ta,NTA,4.0
blb1ta,NTA,4.0
blb1ta,NTA,4.0
blb1ta,NTA,4.0
blb1ta,NTA,4.0
blb1ta,ESH,4.0
blb1ta,YTA,4.0
blb1ta,NTA,4.0
blb1ta,NTA,4.0
blb1ta,YTA,4.0
blb1ta,YTA,2.0
blb1ta,NTA,4.0
blb1ta,ESH,3.0
blb1ta,NTA,4.0
blb1ta,NTA,4.0
blb1ta,YTA,4.0
blb1ta,NTA,4.0
blb1ta,NAH,3.0
blb1ta,NTA,4.0
blb1ta,NTA,4.0
blb1ta,NTA,2.0
blb1ta,NAH,4.0
blb1ta,YTA,4.0
blb1ta,NTA,4.0
blb1ta,NTA,4.0
blb1ta,NTA,4.0
blb1ta,NTA,4.0
blb1ta,NTA,4.0
blb1ta,NTA,4.0
blb1ta,ESH,3.0
blb1ta,YTA,4.0
blb1ta,NTA,4.0
blb1ta,NTA,4.0
blb1ta,YTA,4.0
blb1ta,NTA,4.0
blb1ta,ESH,3.0
blb1ta,NTA,4.0
blb1ta,YTA,4.0
blb1ta,NTA,4.0
blb1ta,YTA,3.0
blb1ta,NTA,4.0
blb1ta,NTA,4.0
blb1ta,NAH,4.0
blb1ta,YTA,2.0
blb1ta,NTA,4.0
blb1ta,NAH,3.0
blb1ta,NTA,4.0
blb1ta,NTA,4.0
blb1ta,NTA,4.0
blb1ta,NTA,4.0
blb1ta,NTA,4.0
blb1ta,NTA,4.0
blb1ta,NTA,4.0
blb1ta,NTA,4.0
blb1ta,NTA,4.0
blb1ta,NTA,4.0
blb1ta,NAH,3.0
blb1ta,NTA,4.0
blb1ta,NTA,3.0
blb1ta,YTA,4.0
blb1ta,NAH,4.0
blb1ta,NTA,3.0
blb1ta,NAH,3.0
blb1ta,NTA,4.0
blb1ta,NTA,4.0
blb1ta,NTA,4.0
blb1ta,YTA,4.0
blb1ta,NTA,4.0
blb1ta,NTA,4.0
blb1ta,NTA,4.0
blb1ta,NAH,3.0
blb1ta,NTA,3.0
blb1ta,NAH,3.0
blb1ta,NTA,4.0
blb1ta,NTA,4.0
blb1ta,NTA,3.0
blb1ta,NTA,4.0
blb1ta,YTA,4.0
blb1ta,YTA,4.0
blb1ta,NTA,4.0
blb1ta,NAH,3.0
blb1ta,NTA,4.0
blb1ta,NAH,4.0
blb1ta,NTA,4.0
blb1ta,NTA,4.0
blb1ta,NTA,3.0
blb1ta,YTA,4.0
blb1ta,NTA,4.0
blb1ta,NTA,4.0
blb1ta,NAH,3.0
blb1ta,NTA,4.0
blb1ta,NTA,3.0
blb1ta,NTA,4.0
blb1ta,NAH,3.0
blb1ta,YTA,4.0
blb1ta,NTA,4.0
blb1ta,NTA,4.0
blb1ta,YTA,4.0
blb1ta,NTA,4.0
blb1ta,NTA,4.0
blb1ta,NAH,3.0
blb1ta,NTA,4.0
blb1ta,NTA,4.0
blb1ta,YTA,4.0
blb1ta,NTA,4.0
blb1ta,NTA,4.0
blb1ta,YTA,4.0
blb1ta,NTA,4.0
blb1ta,NTA,4.0
blb1ta,NTA,3.0
blb1ta,NAH,3.0
blb1ta,NTA,4.0
blb1ta,YTA,4.0
blb1ta,NTA,4.0
blb1ta,NAH,4.0
blb1ta,NTA,4.0
blb1ta,NTA,4.0
blb1ta,NTA,4.0
blb1ta,NTA,3.0
blb1ta,NTA,4.0
blb1ta,YTA,3.0
blb1ta,NTA,4.0
blb1ta,NTA,4.0
blb1ta,ESH,3.0
blb1ta,NTA,4.0
blb1ta,NTA,3.0
blb1ta,NTA,4.0
blb1ta,NAH,3.0
blb1ta,NTA,4.0
blb1ta,NAH,3.0
blb1ta,NTA,4.0
blb1ta,NTA,4.0
blb1ta,NTA,3.0
blb1ta,YTA,4.0
blb1ta,YTA,4.0
blb1ta,NTA,4.0
blb1ta,YTA,3.0
blb1ta,NTA,4.0
blb1ta,NTA,4.0
blb1ta,NTA,4.0
blb1ta,NAH,3.0
blb1ta,ESH,3.0
blb1ta,NAH,4.0
blb1ta,NTA,4.0
blb1ta,YTA,4.0
blb1ta,ESH,3.0
blb1ta,NTA,3.0
blb1ta,YTA,4.0
blb1ta,YTA,2.0
blb1ta,NTA,4.0
blb1ta,NTA,4.0
blb1ta,YTA,4.0
blb1ta,NTA,4.0
blb1ta,YTA,2.0
blb1ta,YTA,4.0
blb1ta,ESH,2.0
blb1ta,YTA,4.0
blb1ta,NTA,4.0
blb1ta,NTA,4.0
blb1ta,NAH,4.0
blb1ta,NTA,4.0
blb1ta,NTA,3.0
blb1ta,NTA,4.0
blb1ta,YTA,4.0
blb1ta,YTA,4.0
blb1ta,YTA,4.0
blb1ta,NTA,4.0
blb1ta,NTA,4.0
blb1ta,NTA,4.0
blb1ta,YTA,4.0
blb1ta,YTA,4.0
blb1ta,NAH,3.0
blb1ta,YTA,4.0
blb1ta,YTA,4.0
blb1ta,YTA,4.0
blb1ta,YTA,3.0
blb1ta,NTA,4.0
blb1ta,YTA,3.0
blb1ta,NTA,4.0
blb1ta,NTA,4.0
blb1ta,NTA,4.0
blb1ta,NTA,4.0
blb1ta,YTA,3.0
blb1ta,NAH,3.0
blb1ta,NAH,4.0
blb1ta,NTA,4.0
blb1ta,NTA,4.0
blb1ta,NTA,4.0
blb1ta,NTA,4.0
blb1ta,NTA,4.0
blb1ta,NTA,4.0
blb1ta,NTA,4.0
blb1ta,NTA,4.0
blb1ta,NTA,4.0
blb1ta,NTA,4.0
blb1ta,NTA,4.0
blb1ta,NTA,4.0
blb1ta,NTA,4.0
blb1ta,NTA,4.0
blb1ta,NAH,4.0
blb1ta,NTA,4.0
blb1ta,NTA,3.0
blb1ta,NTA,4.0
blb1ta,NAH,3.0
blb1ta,NTA,4.0
blb1ta,NTA,4.0
blb1ta,NTA,4.0
blb1ta,NTA,2.0
blb1ta,YTA,4.0
blb1ta,NTA,4.0
blb1ta,YTA,4.0
blb1ta,NTA,3.0
blb1ta,NTA,4.0
blb1ta,NAH,4.0
blb1ta,NTA,4.0
blb1ta,ESH,3.0
blb1ta,NAH,4.0
blb1ta,NTA,4.0
blb1ta,NTA,4.0
blb1ta,YTA,4.0
blb1ta,YTA,4.0
blb1ta,NTA,4.0
blb1ta,NTA,3.0
blb1ta,NTA,4.0
blb1ta,YTA,4.0
blb1ta,YTA,4.0
blb1ta,YTA,4.0
blb1ta,NTA,3.0
blb1ta,NTA,4.0
blb1ta,NTA,4.0
blb1ta,NTA,4.0
blb1ta,NTA,3.0
blb1ta,NTA,4.0
blb1ta,NTA,4.0
blb1ta,NTA,4.0
blb1ta,YTA,4.0
blb1ta,NTA,4.0
blb1ta,YTA,4.0
blb1ta,NTA,4.0
blb1ta,NTA,4.0
blb1ta,NTA,4.0
blb1ta,NTA,4.0
blb1ta,YTA,4.0
blb1ta,YTA,2.0
blb1ta,NTA,4.0
blb1ta,NTA,4.0
blb1ta,YTA,4.0
blb1ta,YTA,4.0
blb1ta,NTA,4.0
blb1ta,NTA,4.0
blb1ta,YTA,4.0
blb1ta,YTA,4.0
blb1ta,NTA,4.0
blb1ta,YTA,4.0
blb1ta,NTA,4.0
blb1ta,YTA,4.0
blb1ta,NTA,4.0
blb1ta,NTA,4.0
blb1ta,NTA,4.0
blb1ta,NTA,4.0
blb1ta,NAH,4.0
blb1ta,NTA,4.0
blb1ta,NTA,4.0
blb1ta,YTA,4.0
blb1ta,NTA,4.0
blb1ta,YTA,4.0
blb1ta,NTA,4.0
blb1ta,YTA,4.0
blb1ta,YTA,3.0
blb1ta,YTA,2.0
blb1ta,NTA,4.0
blb1ta,NAH,4.0
blb1ta,NTA,4.0
blb1ta,NTA,4.0
blb1ta,NTA,4.0
blb1ta,NTA,4.0
blb1ta,NTA,4.0
blb1ta,NTA,4.0
blb1ta,NTA,2.0
blb1ta,NTA,4.0
blb1ta,YTA,4.0
blb1ta,NAH,3.0
blb1ta,YTA,3.0
blb1ta,NAH,4.0
blb1ta,NTA,3.0
blb1ta,NAH,3.0
blb1ta,NTA,4.0
blb1ta,NTA,4.0
blb1ta,NTA,4.0
blb1ta,YTA,4.0
blb1ta,ESH,2.0
blb1ta,YTA,2.0
blb1ta,NTA,4.0
blb1ta,NTA,3.0
blb1ta,YTA,4.0
blb1ta,NTA,4.0
blb1ta,NTA,4.0
blb1ta,NTA,4.0
blb1ta,YTA,3.0
blb1ta,YTA,4.0
blb1ta,NTA,3.0
blb1ta,YTA,4.0
blb1ta,ESH,3.0
blb1ta,NTA,4.0
blb1ta,NTA,4.0
blb1ta,NTA,4.0
blb1ta,NTA,2.0
blb1ta,NTA,4.0
blb1ta,NTA,4.0
blb1ta,NTA,3.0
blb1ta,NTA,4.0
blb1ta,NTA,4.0
blb1ta,YTA,4.0
blb1ta,NTA,3.0
blb1ta,NTA,4.0
blb1ta,NAH,3.0
blb1ta,YTA,4.0
blb1ta,NTA,4.0
blb1ta,NTA,4.0
blb1ta,NTA,3.0
blb1ta,NTA,4.0
blb1ta,NTA,4.0
blb1ta,NTA,2.0
blb1ta,NTA,4.0
blb1ta,NTA,3.0
blb1ta,NTA,4.0
blb1ta,NTA,4.0
blb1ta,NTA,4.0
blb1ta,NTA,4.0
blb1ta,NAH,3.0
blb1ta,YTA,4.0
blb1ta,YTA,4.0
blb1ta,YTA,4.0
blb1ta,YTA,4.0
blb1ta,NTA,4.0
blb1ta,NTA,3.0
blb1ta,NTA,4.0
blb1ta,NAH,3.0
blb1ta,NTA,4.0
blb1ta,NAH,2.0
blb1ta,NTA,4.0
blb1ta,NTA,4.0
blb1ta,NTA,4.0
blb1ta,YTA,4.0
blb1ta,YTA,4.0
blb1ta,NTA,4.0
blb1ta,NAH,3.0
blb1ta,NTA,3.0
blb1ta,NTA,4.0
blb1ta,NTA,4.0
blb1ta,NAH,4.0
blb1ta,NTA,4.0
blb1ta,NTA,4.0
blb1ta,NTA,4.0
blb1ta,NTA,4.0
blb1ta,NTA,4.0
blb1ta,YTA,4.0
blb1ta,YTA,4.0
blb1ta,YTA,4.0
blb1ta,NTA,4.0
blb1ta,ESH,3.0
blb1ta,NTA,4.0
blb1ta,YTA,4.0
blb1ta,NTA,4.0
blb1ta,NTA,4.0
blb1ta,ESH,2.0
blb1ta,NTA,4.0
blb1ta,NTA,4.0
blb1ta,NTA,4.0
blb1ta,NTA,4.0
blb1ta,NTA,4.0
blb1ta,YTA,4.0
blb1ta,YTA,4.0
blb1ta,NTA,4.0
blb1ta,YTA,4.0
blb1ta,NAH,4.0
blb1ta,NAH,3.0
blb1ta,ESH,4.0
blb1ta,NAH,3.0
blb1ta,NTA,4.0
blb1ta,NTA,4.0
blb1ta,YTA,4.0
blb1ta,NAH,3.0
blb1ta,NTA,4.0
blb1ta,NTA,4.0
blb1ta,NAH,4.0
blb1ta,NTA,4.0
blb1ta,YTA,4.0
blb1ta,YTA,4.0
blb1ta,NTA,4.0
blb1ta,YTA,2.0
blb1ta,NTA,3.0
blb1ta,YTA,3.0
blb1ta,NTA,4.0
blb1ta,NTA,4.0
blb1ta,NTA,4.0
blb1ta,NTA,4.0
blb1ta,NTA,3.0
blb1ta,NTA,4.0
blb1ta,NTA,4.0
blb1ta,YTA,4.0
blb1ta,NTA,4.0
blb1ta,NTA,2.0
blb1ta,NTA,4.0
blb1ta,YTA,4.0
blb1ta,YTA,4.0
blb1ta,NTA,4.0
blb1ta,NTA,4.0
blb1ta,NTA,4.0
blb1ta,NTA,4.0
blb1ta,YTA,4.0
blb1ta,ESH,3.0
blb1ta,NTA,3.0
blb1ta,ESH,3.0
blb1ta,NTA,4.0
blb1ta,NTA,4.0
blb1ta,NTA,4.0
blb1ta,NTA,4.0
blb1ta,YTA,3.0
blb1ta,NTA,2.0
blb1ta,NTA,4.0
blb1ta,NTA,3.0
blb1ta,NAH,3.0
blb1ta,NTA,4.0
blb1ta,NTA,4.0
blb1ta,NTA,4.0
blb1ta,NTA,4.0
blb1ta,NTA,4.0
blb1ta,NTA,4.0
blb1ta,NTA,4.0
blb1ta,NTA,4.0
blb1ta,YTA,3.0
blb1ta,NAH,3.0
blb1ta,NTA,4.0
blb1ta,NAH,4.0
blb1ta,YTA,4.0
blb1ta,NAH,3.0
blb1ta,YTA,4.0
blb1ta,NTA,4.0
blb1ta,NTA,4.0
blb1ta,YTA,3.0
blb1ta,NTA,4.0
blb1ta,NTA,4.0
blb1ta,NTA,3.0
blb1ta,NTA,4.0
blb1ta,YTA,4.0
blb1ta,NTA,4.0
blb1ta,NTA,4.0
blb1ta,YTA,
blb1ta,NTA,4.0
blb1ta,YTA,4.0
blb1ta,NTA,4.0
blb1ta,NTA,4.0
blb1ta,NTA,4.0
blb1ta,NAH,4.0
blb1ta,NTA,3.0
blb1ta,YTA,3.0
blb1ta,YTA,4.0
blb1ta,NTA,4.0
blb1ta,NTA,3.0
blb1ta,NTA,4.0
blb1ta,NTA,4.0
blb1ta,NTA,4.0
blb1ta,NAH,4.0
blb1ta,NTA,4.0
blb1ta,YTA,2.0
blb1ta,NTA,4.0
blb1ta,NTA,4.0
blb1ta,NTA,4.0
blb1ta,YTA,4.0
blb1ta,NAH,4.0
blb1ta,YTA,4.0
blb1ta,YTA,4.0
blb1ta,NTA,4.0
blb1ta,NTA,4.0
blb1ta,YTA,4.0
blb1ta,NTA,4.0
blb1ta,NAH,3.0
blb1ta,YTA,4.0
blb1ta,NTA,4.0
blb1ta,NTA,4.0
blb1ta,NTA,4.0
blb1ta,NAH,3.0
blb1ta,YTA,3.0
blb1ta,NTA,4.0
blb1ta,NAH,4.0
blb1ta,NTA,4.0
blb1ta,ESH,2.0
blb1ta,NTA,4.0
blb1ta,YTA,4.0
blb1ta,YTA,3.0
blb1ta,NTA,4.0
blb1ta,NAH,3.0
blb1ta,NTA,4.0
blb1ta,NTA,4.0
blb1ta,YTA,4.0
blb1ta,YTA,4.0
blb1ta,NTA,4.0
blb1ta,YTA,4.0
blb1ta,YTA,4.0
blb1ta,NTA,4.0
blb1ta,NTA,4.0
blb1ta,NTA,4.0
blb1ta,NTA,4.0
blb1ta,NTA,4.0
blb1ta,NTA,4.0
blb1ta,YTA,4.0
blb1ta,NTA,3.0
blb1ta,NAH,3.0
blb1ta,NAH,4.0
blb1ta,NTA,4.0
blb1ta,YTA,4.0
blb1ta,YTA,4.0
bxe91g,NTA,4.0
bxe91g,NTA,4.0
bxe91g,NTA,4.0
bxe91g,NTA,4.0
bxe91g,NTA,4.0
bxe91g,NTA,4.0
bxe91g,NTA,4.0
bxe91g,NAH,3.0
bxe91g,NTA,4.0
bxe91g,NTA,4.0
bxe91g,YTA,3.0
bxe91g,YTA,2.0
bxe91g,NTA,4.0
bxe91g,NTA,4.0
bxe91g,NTA,4.0
bxe91g,YTA,4.0
bxe91g,NTA,4.0
bxe91g,NTA,4.0
bxe91g,NAH,3.0
bxe91g,YTA,4.0
bxe91g,NTA,4.0
bxe91g,NTA,4.0
bxe91g,NTA,4.0
bxe91g,YTA,4.0
bxe91g,NTA,4.0
bxe91g,NTA,4.0
bxe91g,NTA,4.0
bxe91g,NAH,3.0
bxe91g,NTA,4.0
bxe91g,YTA,4.0
bxe91g,YTA,4.0
bxe91g,YTA,2.0
bxe91g,NAH,3.0
bxe91g,YTA,4.0
bxe91g,YTA,4.0
bxe91g,NTA,3.0
bxe91g,NTA,4.0
bxe91g,NTA,4.0
bxe91g,YTA,4.0
bxe91g,YTA,2.0
bxe91g,YTA,4.0
bxe91g,NTA,4.0
bxe91g,NAH,2.0
bxe91g,NTA,4.0
bxe91g,YTA,3.0
bxe91g,NTA,4.0
bxe91g,NTA,4.0
bxe91g,NTA,4.0
bxe91g,YTA,4.0
bxe91g,NTA,4.0
bxe91g,NTA,3.0
bxe91g,NTA,4.0
bxe91g,YTA,4.0
bxe91g,NTA,4.0
bxe91g,YTA,4.0
bxe91g,NAH,4.0
bxe91g,NTA,4.0
bxe91g,YTA,4.0
bxe91g,NAH,3.0
bxe91g,NAH,2.0
bxe91g,NTA,4.0
bxe91g,NTA,4.0
bxe91g,YTA,4.0
bxe91g,YTA,4.0
bxe91g,YTA,4.0
bxe91g,NTA,4.0
bxe91g,NTA,4.0
bxe91g,NTA,2.0
bxe91g,NTA,4.0
bxe91g,NTA,4.0
bxe91g,NTA,4.0
bxe91g,YTA,4.0
bxe91g,NTA,4.0
bxe91g,NTA,4.0
bxe91g,YTA,3.0
bxe91g,NTA,3.0
bxe91g,NTA,4.0
bxe91g,YTA,4.0
bxe91g,NTA,3.0
bxe91g,YTA,3.0
bxe91g,NTA,4.0
bxe91g,NTA,3.0
bxe91g,NAH,3.0
bxe91g,NTA,4.0
bxe91g,NTA,3.0
bxe91g,NTA,4.0
bxe91g,NTA,3.0
bxe91g,NTA,4.0
bxe91g,YTA,3.0
bxe91g,NTA,4.0
bxe91g,NTA,4.0
bxe91g,YTA,4.0
bxe91g,NTA,4.0
bxe91g,YTA,4.0
bxe91g,YTA,4.0
bxe91g,NTA,2.0
bxe91g,NTA,4.0
bxe91g,NTA,4.0
bxe91g,YTA,4.0
bxe91g,NAH,3.0
bxe91g,YTA,4.0
bxe91g,YTA,4.0
bxe91g,YTA,4.0
bxe91g,ESH,4.0
bxe91g,YTA,4.0
bxe91g,NTA,4.0
bxe91g,NTA,4.0
bxe91g,YTA,4.0
bxe91g,YTA,4.0
bxe91g,NTA,3.0
bxe91g,NTA,4.0
bxe91g,NAH,3.0
bxe91g,NTA,4.0
bxe91g,NTA,4.0
bxe91g,NTA,4.0
bxe91g,NTA,4.0
bxe91g,NTA,2.0
bxe91g,NTA,4.0
bxe91g,YTA,3.0
bxe91g,NTA,4.0
bxe91g,NTA,4.0
bxe91g,NTA,4.0
bxe91g,YTA,3.0
bxe91g,NTA,4.0
bxe91g,YTA,4.0
bxe91g,NTA,4.0
bxe91g,YTA,2.0
bxe91g,NTA,4.0
bxe91g,NTA,4.0
bxe91g,YTA,4.0
bxe91g,NTA,4.0
bxe91g,NTA,4.0
bxe91g,NTA,4.0
bxe91g,NAH,3.0
bxe91g,YTA,4.0
bxe91g,YTA,4.0
bxe91g,NTA,2.0
bxe91g,NAH,3.0
bxe91g,YTA,4.0
bxe91g,YTA,3.0
bxe91g,YTA,4.0
bxe91g,NTA,4.0
bxe91g,NTA,4.0
bxe91g,NAH,3.0
bxe91g,NTA,4.0
bxe91g,NTA,4.0
bxe91g,NAH,3.0
bxe91g,YTA,4.0
bxe91g,NTA,4.0
bxe91g,ESH,3.0
bxe91g,NTA,4.0
bxe91g,NTA,4.0
bxe91g,YTA,4.0
bxe91g,YTA,4.0
bxe91g,NTA,4.0
bxe91g,YTA,4.0
bxe91g,YTA,3.0
bxe91g,YTA,4.0
bxe91g,NTA,3.0
bxe91g,YTA,4.0
bxe91g,YTA,4.0
bxe91g,NTA,4.0
bxe91g,YTA,4.0
bxe91g,NTA,3.0
bxe91g,NTA,4.0
bxe91g,YTA,4.0
bxe91g,YTA,3.0
bxe91g,NTA,4.0
bxe91g,YTA,4.0
bxe91g,NTA,3.0
bxe91g,NTA,3.0
bxe91g,YTA,2.0
bxe91g,NTA,3.0
bxe91g,NTA,4.0
bxe91g,YTA,4.0
bxe91g,NAH,3.0
bxe91g,NTA,2.0
bxe91g,NTA,4.0
bxe91g,YTA,4.0
bxe91g,NTA,4.0
bxe91g,YTA,4.0
bxe91g,NTA,4.0
bxe91g,NAH,3.0
bxe91g,NTA,4.0
c1g727,ESH,4.0
c1g727,NTA,4.0
c1g727,YTA,4.0
c1g727,ESH,4.0
c1g727,NTA,3.0
c1g727,YTA,4.0
c1g727,NTA,3.0
c1g727,ESH,4.0
c1g727,NTA,4.0
c1g727,YTA,4.0
c1g727,NTA,4.0
c1g727,ESH,4.0
c1g727,YTA,4.0
c1g727,ESH,4.0
c1g727,ESH,4.0
c1g727,NTA,4.0
c1g727,ESH,3.0
c1g727,ESH,4.0
c1g727,NTA,4.0
c1g727,ESH,2.0
c1g727,NTA,4.0
c1g727,YTA,4.0
c1g727,NTA,3.0
c1g727,NTA,4.0
c1g727,NTA,4.0
c1g727,NTA,4.0
c1g727,ESH,4.0
c1g727,ESH,4.0
c1g727,NTA,4.0
c1g727,YTA,4.0
c1g727,YTA,4.0
c1g727,ESH,4.0
c1g727,ESH,4.0
c1g727,ESH,3.0
c1g727,YTA,4.0
c1g727,NTA,4.0
c1g727,NTA,4.0
c1g727,ESH,4.0
c1g727,YTA,4.0
c1g727,ESH,4.0
c1g727,ESH,4.0
c1g727,NTA,3.0
c1g727,YTA,4.0
c1g727,YTA,4.0
c1g727,NTA,4.0
c1g727,ESH,3.0
c1g727,ESH,4.0
c1g727,NTA,4.0
c1g727,NTA,4.0
c1g727,NTA,4.0
c1g727,NTA,4.0
c1g727,ESH,4.0
c1g727,NTA,4.0
c1g727,NTA,4.0
c1g727,YTA,4.0
c1g727,NTA,4.0
c1g727,NTA,4.0
c1g727,ESH,4.0
c1g727,NTA,4.0
c1g727,ESH,3.0
c1g727,NTA,4.0
c1g727,ESH,4.0
c1g727,ESH,4.0
c1g727,NTA,2.0
c1g727,ESH,4.0
c1g727,NTA,4.0
c1g727,ESH,4.0
c1g727,NTA,4.0
c1g727,NTA,4.0
c1g727,NTA,4.0
c1g727,NTA,2.0
c1g727,NTA,4.0
c1g727,ESH,4.0
c1g727,NTA,4.0
c1g727,NTA,4.0
c1g727,ESH,4.0
c1g727,NTA,4.0
c1g727,YTA,4.0
c1g727,NTA,4.0
c1g727,NTA,2.0
c1g727,ESH,3.0
c1g727,NTA,3.0
c1g727,YTA,4.0
c1g727,NTA,4.0
c1g727,ESH,3.0
c1g727,NTA,3.0
c1g727,NTA,4.0
c1g727,NTA,4.0
c1g727,NTA,4.0
c1g727,NTA,4.0
c1g727,ESH,3.0
c1g727,ESH,3.0
c1g727,NTA,3.0
c1g727,NTA,4.0
c1g727,YTA,4.0
c1g727,NTA,3.0
c1g727,NTA,3.0
c1g727,ESH,2.0
c1g727,ESH,4.0
c1g727,ESH,4.0
c1g727,YTA,4.0
c1g727,NTA,4.0
c1g727,YTA,4.0
c1g727,ESH,4.0
c1g727,ESH,4.0
c1g727,NTA,4.0
c1g727,ESH,4.0
c1g727,ESH,4.0
c1g727,ESH,4.0
c1g727,YTA,4.0
c1g727,NTA,4.0
c1g727,NTA,4.0
c1g727,ESH,3.0
c1g727,ESH,4.0
c1g727,NTA,3.0
c1g727,NTA,4.0
c1g727,NTA,4.0
c1g727,ESH,4.0
c1g727,ESH,4.0
c1g727,NTA,4.0
c1g727,NTA,4.0
c1g727,ESH,4.0
c1g727,NTA,4.0
c1g727,ESH,4.0
c1g727,ESH,4.0
c1g727,NTA,4.0
c1g727,NTA,4.0
c1g727,NTA,3.0
c1g727,NTA,4.0
c1g727,NTA,2.0
c1g727,NTA,4.0
c1g727,ESH,3.0
c1g727,ESH,3.0
c1g727,NTA,4.0
c1g727,ESH,2.0
c1g727,ESH,4.0
c1g727,ESH,4.0
c1g727,YTA,4.0
c1g727,NTA,4.0
c1g727,ESH,3.0
c1g727,ESH,3.0
c1g727,NTA,4.0
c5y237,YTA,4.0
c5y237,YTA,4.0
c5y237,YTA,4.0
c5y237,YTA,4.0
c5y237,NTA,4.0
c5y237,YTA,4.0
c5y237,NTA,4.0
c5y237,NTA,4.0
c5y237,YTA,4.0
c5y237,NTA,4.0
c5y237,YTA,4.0
c5y237,NTA,4.0
c5y237,YTA,2.0
c5y237,NTA,4.0
c5y237,NAH,3.0
c5y237,NAH,4.0
c5y237,NTA,4.0
c5y237,NTA,4.0
c5y237,NTA,4.0
c5y237,NTA,4.0
c5y237,NTA,4.0
c5y237,YTA,4.0
c5y237,YTA,4.0
c5y237,YTA,4.0
c5y237,NAH,3.0
c5y237,YTA,4.0
c5y237,YTA,4.0
c5y237,NTA,4.0
c5y237,YTA,4.0
c5y237,NTA,4.0
c5y237,YTA,4.0
c5y237,NTA,4.0
c5y237,NTA,4.0
c5y237,YTA,4.0
c5y237,NTA,4.0
c5y237,NTA,4.0
c5y237,NTA,4.0
c5y237,YTA,3.0
c5y237,NTA,4.0
c5y237,NTA,3.0
c5y237,YTA,4.0
c5y237,NTA,4.0
c5y237,YTA,2.0
c5y237,YTA,4.0
c5y237,NTA,4.0
c5y237,YTA,3.0
c5y237,YTA,4.0
c5y237,YTA,4.0
c5y237,NAH,4.0
c5y237,NTA,4.0
c5y237,YTA,2.0
c5y237,NTA,4.0
c5y237,YTA,4.0
c5y237,YTA,1.0
c5y237,NTA,4.0
c5y237,YTA,4.0
c5y237,NTA,4.0
c5y237,NTA,4.0
c5y237,NTA,4.0
c5y237,NAH,3.0
c5y237,YTA,4.0
c5y237,NTA,4.0
c5y237,YTA,3.0
c5y237,NTA,4.0
c5y237,NTA,4.0
c5y237,NTA,4.0
c5y237,YTA,4.0
c5y237,NTA,4.0
c5y237,YTA,4.0
c5y237,NTA,4.0
c5y237,NTA,3.0
c5y237,NTA,4.0
c5y237,YTA,4.0
c5y237,NTA,4.0
c5y237,NTA,4.0
c5y237,NTA,4.0
c5y237,NAH,4.0
c5y237,NTA,4.0
c5y237,NTA,4.0
c5y237,YTA,4.0
c5y237,NTA,4.0
c5y237,YTA,2.0
c5y237,NTA,4.0
c5y237,YTA,4.0
c5y237,NAH,2.0
c5y237,NTA,4.0
c5y237,NTA,4.0
c5y237,YTA,4.0
c5y237,YTA,4.0
c5y237,YTA,4.0
c5y237,YTA,4.0
c5y237,YTA,4.0
c5y237,NAH,3.0
c5y237,NTA,4.0
c5y237,YTA,4.0
c5y237,NAH,3.0
c5y237,NTA,3.0
c5y237,NTA,3.0
c5y237,NAH,3.0
c5y237,NTA,4.0
c5y237,YTA,4.0
c5y237,NTA,4.0
c5y237,YTA,4.0
c5y237,NTA,4.0
c5y237,NTA,4.0
c5y237,NAH,3.0
c5y237,NTA,4.0
c5y237,YTA,4.0
c5y237,NAH,3.0
c5y237,YTA,4.0
c5y237,NTA,4.0
c5y237,NAH,3.0
c5y237,NTA,4.0
c5y237,YTA,4.0
c5y237,NTA,4.0
c5y237,NTA,3.0
c5y237,YTA,4.0
c5y237,NAH,3.0
c5y237,NTA,4.0
c5y237,NTA,3.0
c5y237,NTA,4.0
c5y237,NAH,3.0
c5y237,NTA,4.0
c5y237,NTA,4.0
c5y237,YTA,4.0
c5y237,YTA,4.0
c5y237,NTA,4.0
c5y237,YTA,4.0
c5y237,YTA,4.0
c5y237,YTA,4.0
c5y237,YTA,4.0
c5y237,YTA,4.0
c5y237,NTA,4.0
c5y237,NTA,4.0
c5y237,NTA,4.0
c5y237,NTA,4.0
c5y237,YTA,4.0
c5y237,YTA,4.0
c5y237,NTA,4.0
c5y237,NTA,4.0
c5y237,YTA,4.0
c5y237,YTA,4.0
c5y237,NTA,3.0
c5y237,YTA,4.0
c5y237,YTA,4.0
c5y237,YTA,4.0
c5y237,NTA,4.0
c5y237,NTA,4.0
c5y237,YTA,4.0
c5y237,YTA,4.0
c5y237,YTA,4.0
c5y237,NTA,4.0
c5y237,NTA,4.0
c5y237,NAH,4.0
c5y237,YTA,4.0
c5y237,YTA,3.0
c5y237,NTA,4.0
c5y237,YTA,4.0
c5y237,NTA,4.0
c5y237,NTA,4.0
c5y237,NTA,4.0
c5y237,YTA,4.0
c5y237,NTA,4.0
c5y237,NTA,4.0
c5y237,NTA,4.0
c5y237,YTA,4.0
c5y237,NTA,4.0
c5y237,YTA,4.0
c5y237,NTA,3.0
c5y237,NTA,4.0
c5y237,NAH,4.0
c5y237,YTA,4.0
c5y237,NTA,4.0
c5y237,NTA,4.0
c5y237,NAH,4.0
c5y237,NAH,2.0
c5y237,NTA,4.0
c5y237,NTA,4.0
c5y237,YTA,4.0
c5y237,YTA,4.0
c5y237,YTA,4.0
c5y237,YTA,4.0
c5y237,NTA,4.0
c5y237,NTA,4.0
c5y237,YTA,4.0
c5y237,NTA,4.0
c5y237,NAH,3.0
c5y237,NTA,4.0
c5y237,YTA,4.0
c5y237,NTA,3.0
c5y237,NTA,4.0
c5y237,NTA,4.0
c5y237,YTA,4.0
c5y237,NAH,3.0
c5y237,NAH,4.0
c5y237,NAH,4.0
c5y237,NTA,4.0
c5y237,NTA,4.0
c5y237,YTA,4.0
c5y237,YTA,4.0
c5y237,YTA,2.0
c5y237,NTA,4.0
c5y237,NTA,4.0
c5y237,YTA,4.0
c5y237,YTA,4.0
c5y237,YTA,4.0
c5y237,NTA,3.0
c5y237,NTA,4.0
c5y237,YTA,4.0
c5y237,YTA,4.0
c5y237,YTA,4.0
c5y237,YTA,4.0
c5y237,NTA,2.0
c5y237,NTA,4.0
c5y237,YTA,4.0
c5y237,YTA,4.0
c5y237,NTA,4.0
c5y237,NTA,4.0
c5y237,YTA,4.0
c5y237,YTA,4.0
c5y237,YTA,4.0
c5y237,NTA,4.0
c5y237,NTA,4.0
c5y237,NTA,4.0
c5y237,NAH,4.0
c5y237,NTA,4.0
c5y237,NTA,4.0
c5y237,YTA,4.0
c5y237,NAH,4.0
c5y237,YTA,4.0
c5y237,YTA,4.0
c5y237,NTA,4.0
c5y237,NTA,4.0
c5y237,NTA,4.0
c5y237,YTA,4.0
c5y237,NTA,3.0
c5y237,NAH,2.0
c5y237,YTA,4.0
c5y237,YTA,4.0
c5y237,NTA,4.0
c5y237,YTA,2.0
c5y237,NTA,4.0
c5y237,YTA,4.0
c5y237,YTA,4.0
c5y237,YTA,4.0
c5y237,NTA,4.0
c5y237,YTA,4.0
c5y237,YTA,4.0
c5y237,NTA,4.0
c5y237,YTA,4.0
c5y237,YTA,4.0
c5y237,YTA,4.0
c5y237,NAH,4.0
c5y237,YTA,4.0
c5y237,YTA,4.0
c5y237,NAH,4.0
c5y237,NTA,4.0
c5y237,NTA,4.0
c5y237,YTA,4.0
c5y237,YTA,4.0
c5y237,YTA,2.0
c5y237,NTA,3.0
c5y237,NTA,3.0
c5y237,YTA,4.0
c5y237,YTA,4.0
c5y237,NTA,4.0
c5y237,NTA,4.0
c5y237,NTA,4.0
c5y237,NAH,3.0
c5y237,NTA,4.0
c5y237,YTA,4.0
c5y237,NAH,3.0
c5y237,NTA,4.0
c5y237,ESH,2.0
c5y237,YTA,4.0
c5y237,YTA,4.0
c5y237,NTA,4.0
c5y237,YTA,4.0
c5y237,NAH,3.0
c5y237,NTA,3.0
c5y237,YTA,4.0
c5y237,NTA,4.0
c5y237,NTA,4.0
c5y237,NTA,4.0
c5y237,NTA,4.0
c5y237,NTA,4.0
c5y237,NTA,4.0
c5y237,NAH,3.0
c5y237,NTA,4.0
c5y237,NTA,4.0
c5y237,NTA,3.0
c5y237,YTA,3.0
c5y237,NTA,4.0
c5y237,NTA,4.0
c5y237,YTA,4.0
c5y237,NTA,4.0
c5y237,NTA,4.0
c5y237,YTA,4.0
c5y237,NTA,
c5y237,NAH,3.0
c5y237,YTA,4.0
c5y237,NTA,4.0
c5y237,NTA,4.0
c5y237,NTA,3.0
c5y237,NTA,4.0
c5y237,ESH,4.0
c5y237,NTA,4.0
c5y237,NTA,4.0
c5y237,YTA,4.0
c5y237,NTA,4.0
c5y237,NAH,3.0
c5y237,YTA,4.0
c5y237,NTA,4.0
c5y237,NTA,4.0
c5y237,YTA,3.0
c5y237,YTA,4.0
c5y237,NTA,4.0
c5y237,NAH,3.0
c5y237,NTA,4.0
c5y237,YTA,4.0
c5y237,NTA,4.0
c5y237,NTA,4.0
c5y237,YTA,4.0
c5y237,YTA,4.0
c5y237,YTA,4.0
c5y237,NTA,4.0
c5y237,YTA,4.0
c5y237,YTA,4.0
c5y237,YTA,4.0
c5y237,NTA,4.0
c5y237,YTA,3.0
c5y237,NTA,4.0
c5y237,NTA,4.0
c5y237,NTA,4.0
c5y237,YTA,4.0
c5y237,YTA,4.0
c5y237,YTA,4.0
c5y237,NTA,4.0
c5y237,NTA,4.0
c5y237,NTA,4.0
c5y237,YTA,4.0
c5y237,YTA,4.0
c5y237,NTA,2.0
c5y237,YTA,4.0
c5y237,YTA,4.0
c5y237,NTA,4.0
c5y237,NTA,4.0
c5y237,NTA,3.0
c5y237,NTA,4.0
c5y237,NTA,4.0
c5y237,YTA,3.0
c5y237,YTA,4.0
c5y237,NAH,4.0
c5y237,YTA,1.0
c5y237,NTA,3.0
c5y237,NAH,3.0
c5y237,NAH,3.0
c5y237,YTA,4.0
c5y237,NTA,4.0
c5y237,NTA,4.0
c5y237,YTA,4.0
c5y237,NTA,3.0
c5y237,NAH,3.0
c5y237,YTA,4.0
c5y237,YTA,4.0
c5y237,NTA,4.0
c5y237,NTA,4.0
c5y237,NTA,4.0
c5y237,YTA,4.0
c5y237,NTA,4.0
c5y237,NAH,3.0
c5y237,YTA,4.0
c5y237,NTA,4.0
c5y237,NTA,4.0
c5y237,YTA,4.0
c5y237,NTA,4.0
c5y237,NTA,4.0
c5y237,NTA,4.0
c5y237,YTA,4.0
c5y237,NTA,3.0
c5y237,YTA,4.0
c5y237,NTA,4.0
c5y237,NTA,4.0
c5y237,NTA,4.0
c5y237,NAH,4.0
c5y237,NTA,4.0
c5y237,YTA,4.0
c5y237,NTA,4.0
c5y237,YTA,4.0
c5y237,YTA,4.0
c5y237,YTA,4.0
c5y237,YTA,4.0
c5y237,YTA,4.0
c5y237,NTA,4.0
c5y237,NAH,3.0
c5y237,YTA,4.0
c5y237,NTA,4.0
c5y237,YTA,4.0
c5y237,NTA,4.0
c5y237,YTA,4.0
c5y237,YTA,4.0
c5y237,NTA,3.0
c5y237,NAH,2.0
c5y237,NTA,4.0
c5y237,YTA,4.0
c5y237,NTA,4.0
c5y237,NTA,3.0
c5y237,NTA,4.0
c5y237,NTA,4.0
c5y237,YTA,4.0
c5y237,NTA,4.0
c5y237,YTA,4.0
c5y237,NTA,4.0
c5y237,YTA,4.0
c5y237,NAH,3.0
c5y237,NTA,4.0
c5y237,NTA,4.0
c5y237,NTA,4.0
c5y237,YTA,4.0
c5y237,NTA,4.0
c5y237,NTA,4.0
c5y237,NTA,4.0
c5y237,NTA,4.0
c5y237,YTA,4.0
c5y237,NTA,4.0
c5y237,NTA,4.0
c5y237,YTA,4.0
c5y237,YTA,3.0
c5y237,NAH,3.0
c5y237,NTA,4.0
c5y237,NTA,4.0
c5y237,NAH,3.0
c5y237,YTA,4.0
c5y237,YTA,4.0
c5y237,NTA,4.0
c5y237,NTA,4.0
c5y237,NTA,4.0
c5y237,YTA,4.0
c5y237,NTA,4.0
c5y237,NTA,3.0
c5y237,YTA,4.0
c5y237,YTA,4.0
c5y237,NTA,4.0
c5y237,YTA,4.0
c5y237,NTA,4.0
c5y237,YTA,4.0
c5y237,NTA,4.0
c5y237,NTA,4.0
c5y237,YTA,2.0
c5y237,YTA,4.0
c5y237,YTA,4.0
c5y237,NTA,4.0
c5y237,NTA,4.0
c5y237,NTA,4.0
c5y237,NTA,4.0
c5y237,YTA,2.0
c5y237,NTA,3.0
c5y237,NTA,4.0
c5y237,NTA,4.0
c5y237,ESH,2.0
c5y237,NAH,4.0
c5y237,NTA,2.0
c5y237,NTA,3.0
c5y237,YTA,4.0
c5y237,NTA,4.0
c5y237,NTA,4.0
c5y237,YTA,4.0
c5y237,YTA,4.0
c5y237,NTA,4.0
c5y237,NAH,4.0
c5y237,NTA,2.0
c5y237,YTA,4.0
c5y237,NTA,4.0
c5y237,YTA,4.0
c5y237,NTA,4.0
c5y237,NTA,4.0
c5y237,NTA,4.0
c5y237,NTA,4.0
c5y237,NTA,4.0
c5y237,YTA,4.0
c5y237,NTA,3.0
c5y237,NTA,4.0
c5y237,NTA,4.0
c5y237,NTA,4.0
c5y237,YTA,4.0
c5y237,YTA,4.0
c5y237,NTA,3.0
c5y237,YTA,4.0
c5y237,NTA,4.0
c5y237,NTA,4.0
c5y237,YTA,4.0
c5y237,NTA,3.0
c5y237,NTA,3.0
c5y237,NAH,4.0
c5y237,NTA,4.0
c5y237,NTA,4.0
c5y237,NTA,4.0
c5y237,YTA,4.0
c5y237,NTA,4.0
c5y237,YTA,4.0
c5y237,YTA,4.0
c5y237,YTA,4.0
c5y237,NTA,3.0
c5y237,NTA,4.0
c5y237,YTA,4.0
c5y237,NTA,4.0
c5y237,YTA,4.0
c5y237,NTA,4.0
c5y237,NTA,4.0
c5y237,NTA,4.0
c5y237,NTA,4.0
c5y237,NTA,4.0
c5y237,NTA,4.0
c5y237,NTA,4.0
c5y237,NTA,4.0
c5y237,NTA,4.0
c5y237,NTA,3.0
c5y237,YTA,2.0
c5y237,NTA,4.0
c5y237,NTA,4.0
c5y237,NTA,4.0
c5y237,NTA,4.0
c5y237,NTA,4.0
c5y237,NTA,4.0
c5y237,NTA,4.0
c5y237,NTA,3.0
c5y237,NTA,4.0
c5y237,YTA,4.0
c5y237,NAH,3.0
c5y237,NTA,4.0
c5y237,ESH,3.0
c5y237,NTA,4.0
c5y237,NTA,4.0
c5y237,YTA,4.0
c5y237,YTA,4.0
c5y237,NTA,4.0
c5y237,NTA,3.0
c5y237,NTA,1.0
c5y237,YTA,2.0
c5y237,NAH,4.0
c5y237,NAH,3.0
c5y237,YTA,4.0
c5y237,NTA,4.0
c5y237,NTA,4.0
c5y237,NTA,4.0
c5y237,YTA,4.0
c5y237,ESH,2.0
c5y237,NTA,4.0
c5y237,NTA,4.0
c5y237,YTA,4.0
c5y237,NTA,4.0
c5y237,NTA,4.0
c5y237,NTA,4.0
c5y237,YTA,4.0
c5y237,YTA,4.0
c5y237,NAH,3.0
c5y237,YTA,4.0
c5y237,YTA,4.0
c5y237,NAH,3.0
c5y237,YTA,4.0
c5y237,YTA,4.0
c5y237,NTA,4.0
c5y237,NAH,3.0
c5y237,NTA,4.0
c5y237,NTA,4.0
c5y237,YTA,4.0
c5y237,YTA,4.0
c5y237,NTA,3.0
c5y237,NTA,3.0
c5y237,NAH,4.0
c5y237,NTA,4.0
c5y237,NAH,3.0
c5y237,NTA,4.0
c5y237,YTA,2.0
c5y237,NTA,2.0
c5y237,NTA,4.0
c5y237,NTA,4.0
c5y237,NAH,4.0
c5y237,YTA,4.0
c5y237,YTA,4.0
c5y237,NTA,4.0
c5y237,NTA,4.0
c5y237,NTA,3.0
c5y237,NTA,4.0
c5y237,NTA,3.0
c5y237,NTA,4.0
c5y237,NTA,3.0
c5y237,NTA,4.0
c5y237,NTA,4.0
c5y237,NTA,4.0
c5y237,YTA,4.0
c5y237,NAH,3.0
c5y237,NTA,4.0
c5y237,NTA,3.0
c5y237,NTA,4.0
c5y237,NTA,4.0
c5y237,YTA,4.0
c5y237,NTA,4.0
c5y237,NTA,4.0
c5y237,YTA,4.0
c5y237,YTA,4.0
c5y237,NAH,3.0
c5y237,NTA,4.0
c5y237,NTA,4.0
c5y237,NTA,4.0
c5y237,NTA,4.0
c5y237,YTA,4.0
c5y237,NTA,4.0
c5y237,YTA,4.0
c5y237,YTA,4.0
c5y237,YTA,4.0
c5y237,NTA,4.0
c5y237,NTA,1.0
c5y237,NTA,3.0
c5y237,YTA,4.0
c5y237,NTA,4.0
c5y237,NTA,4.0
c5y237,YTA,3.0
c5y237,YTA,4.0
c5y237,NTA,2.0
c5y237,NTA,4.0
c5y237,NAH,3.0
c5y237,NTA,4.0
c5y237,YTA,4.0
c5y237,NTA,4.0
c5y237,ESH,4.0
c5y237,NTA,4.0
c5y237,NTA,4.0
c5y237,NTA,3.0
c5y237,YTA,3.0
c5y237,NTA,2.0
c5y237,NTA,4.0
c5y237,YTA,4.0
c5y237,NTA,4.0
c5y237,NAH,4.0
c5y237,NTA,4.0
c5y237,NTA,4.0
c5y237,NTA,3.0
c5y237,NAH,4.0
c5y237,NTA,3.0
c5y237,YTA,4.0
c5y237,YTA,4.0
c5y237,NAH,4.0
c5y237,NAH,1.0
c5y237,NTA,4.0
c5y237,YTA,4.0
c5y237,NAH,3.0
c5y237,NTA,3.0
c5y237,NTA,3.0
c5y237,YTA,4.0
c5y237,NTA,4.0
c5y237,NTA,4.0
c5y237,NTA,4.0
c5y237,NTA,4.0
c5y237,NAH,3.0
c5y237,YTA,4.0
c5y237,NTA,4.0
c5y237,YTA,4.0
c5y237,YTA,4.0
c5y237,YTA,4.0
c5y237,NAH,2.0
c5y237,YTA,4.0
c5y237,NTA,4.0
c5y237,NTA,4.0
c5y237,NTA,4.0
c5y237,NTA,4.0
c5y237,NTA,4.0
c5y237,NTA,4.0
c5y237,NAH,2.0
c5y237,NAH,3.0
c5y237,NTA,4.0
c5y237,NTA,4.0
c5y237,YTA,4.0
c5y237,NTA,4.0
c5y237,NTA,3.0
c5y237,NTA,4.0
c5y237,NTA,4.0
c5y237,NTA,4.0
c5y237,NTA,3.0
c5y237,YTA,2.0
c5y237,YTA,4.0
c5y237,YTA,4.0
c5y237,YTA,4.0
c5y237,YTA,4.0
c5y237,NTA,4.0
c5y237,YTA,4.0
c5y237,YTA,4.0
c5y237,YTA,4.0
c5y237,NTA,3.0
c5y237,YTA,4.0
c5y237,NTA,4.0
c5y237,YTA,4.0
c5y237,NAH,4.0
c5y237,YTA,4.0
c5y237,NTA,3.0
c5y237,NTA,4.0
c5y237,YTA,4.0
c5y237,NTA,4.0
c5y237,NTA,4.0
c5y237,NTA,4.0
c5y237,NTA,3.0
c5y237,NTA,4.0
c5y237,NTA,4.0
c5y237,NTA,4.0
c5y237,YTA,4.0
c5y237,NTA,4.0
c5y237,NTA,4.0
c5y237,NTA,4.0
c5y237,NTA,4.0
c5y237,YTA,4.0
c5y237,NTA,4.0
c5y237,YTA,4.0
c5y237,NAH,4.0
c5y237,NTA,4.0
c5y237,NTA,4.0
c5y237,YTA,4.0
c5y237,NTA,4.0
c5y237,YTA,4.0
c5y237,NAH,3.0
c5y237,NTA,4.0
c5y237,NTA,4.0
c5y237,NTA,4.0
c5y237,NTA,4.0
c5y237,NTA,4.0
c5y237,YTA,4.0
c5y237,YTA,2.0
c5y237,NTA,4.0
c5y237,NTA,4.0
c5y237,YTA,4.0
c5y237,NTA,4.0
c5y237,YTA,2.0
c5y237,YTA,4.0
c5y237,NTA,4.0
c5y237,NTA,4.0
c5y237,NTA,3.0
c5y237,NTA,4.0
c5y237,YTA,4.0
c5y237,YTA,4.0
c5y237,NTA,4.0
c5y237,NTA,4.0
c5y237,YTA,4.0
c5y237,NTA,4.0
c5y237,YTA,4.0
c5y237,NTA,4.0
c5y237,NTA,4.0
c5y237,NAH,3.0
c5y237,NTA,4.0
c5y237,YTA,4.0
c5y237,NTA,4.0
c5y237,YTA,4.0
c5y237,NTA,4.0
c5y237,YTA,4.0
c5y237,NTA,4.0
c5y237,YTA,4.0
c5y237,YTA,4.0
c5y237,NTA,4.0
c5y237,NTA,4.0
c5y237,NAH,2.0
c5y237,NTA,2.0
c5y237,YTA,3.0
c5y237,YTA,4.0
c5y237,NAH,3.0
c5y237,NTA,4.0
c5y237,NTA,4.0
c5y237,NTA,4.0
c5y237,YTA,2.0
c5y237,NTA,4.0
c5y237,NTA,4.0
c5y237,NTA,4.0
c5y237,NAH,3.0
c5y237,NTA,4.0
c5y237,YTA,4.0
c5y237,YTA,4.0
c5y237,YTA,4.0
c5y237,YTA,4.0
c5y237,YTA,4.0
c5y237,YTA,4.0
c5y237,NTA,4.0
c5y237,YTA,4.0
c5y237,NAH,3.0
c5y237,ESH,4.0
c5y237,NTA,4.0
c5y237,NAH,4.0
c5y237,YTA,4.0
c5y237,YTA,4.0
c5y237,NTA,4.0
c5y237,NTA,4.0
c5y237,YTA,4.0
c5y237,NTA,4.0
c5y237,NTA,4.0
c5y237,NTA,4.0
c5y237,NTA,4.0
c5y237,YTA,4.0
c5y237,NAH,3.0
c5y237,YTA,4.0
c5y237,NTA,4.0
c5y237,YTA,4.0
c5y237,YTA,2.0
c5y237,NTA,4.0
c5y237,NTA,4.0
c5y237,NTA,4.0
c5y237,NAH,3.0
c5y237,YTA,4.0
c5y237,NTA,3.0
c5y237,NTA,4.0
c5y237,YTA,3.0
c5y237,ESH,2.0
c5y237,YTA,2.0
c5y237,NTA,4.0
c5y237,YTA,2.0
c5y237,NTA,4.0
c5y237,YTA,4.0
c5y237,YTA,2.0
c5y237,NTA,4.0
c5y237,NTA,4.0
c5y237,NTA,4.0
c5y237,NTA,4.0
c5y237,NTA,4.0
c5y237,NAH,4.0
c5y237,NTA,4.0
c5y237,NTA,4.0
c5y237,NTA,4.0
c5y237,YTA,4.0
c5y237,YTA,4.0
c5y237,NTA,4.0
c5y237,YTA,4.0
c5y237,NAH,3.0
c5y237,NTA,4.0
c5y237,NTA,4.0
c5y237,NTA,4.0
c5y237,NTA,3.0
c5y237,NTA,4.0
c5y237,NTA,4.0
c5y237,YTA,4.0
c5y237,NTA,3.0
c5y237,NTA,4.0
c5y237,NTA,3.0
c5y237,NTA,4.0
c5y237,NTA,4.0
c5y237,YTA,4.0
c5y237,NTA,3.0
c5y237,NTA,4.0
c5y237,NTA,4.0
c5y237,NTA,4.0
c5y237,YTA,4.0
c5y237,NTA,4.0
c5y237,NTA,4.0
c5y237,NAH,4.0
c5y237,YTA,4.0
c5y237,NTA,4.0
c5y237,NTA,4.0
c5y237,NTA,4.0
c5y237,NTA,4.0
c5y237,NTA,3.0
c5y237,NAH,3.0
c5y237,NAH,2.0
c5y237,NTA,4.0
c5y237,NTA,4.0
c5y237,YTA,4.0
c5y237,YTA,2.0
c5y237,NAH,3.0
c5y237,NTA,3.0
c5y237,YTA,4.0
c5y237,NTA,4.0
c5y237,NTA,4.0
c5y237,NTA,4.0
c5y237,NTA,4.0
c5y237,NTA,4.0
c5y237,YTA,4.0
c5y237,YTA,4.0
c5y237,NTA,3.0
c5y237,YTA,2.0
c5y237,NAH,3.0
c5y237,NTA,4.0
c5y237,NTA,4.0
c5y237,YTA,4.0
c5y237,NTA,4.0
c5y237,YTA,4.0
c5y237,YTA,4.0
c5y237,YTA,4.0
c5y237,YTA,4.0
c5y237,NTA,4.0
c5y237,NTA,3.0
c5y237,YTA,4.0
c5y237,YTA,4.0
c5y237,NTA,4.0
c5y237,YTA,4.0
c5y237,NTA,4.0
c5y237,NTA,4.0
c5y237,NTA,4.0
c5y237,NTA,4.0
c5y237,YTA,4.0
c5y237,NTA,4.0
c5y237,NTA,3.0
c5y237,YTA,4.0
c5y237,NTA,4.0
c5y237,YTA,4.0
c5y237,YTA,4.0
c5y237,NTA,4.0
c5y237,NTA,4.0
c5y237,NTA,4.0
c5y237,YTA,4.0
c5y237,ESH,2.0
c5y237,YTA,4.0
c5y237,NTA,4.0
c5y237,NTA,4.0
c5y237,YTA,4.0
c5y237,NTA,4.0
c5y237,NTA,4.0
c5y237,YTA,4.0
c5y237,YTA,4.0
c5y237,YTA,4.0
c5y237,NTA,4.0
c5y237,NTA,4.0
c5y237,NTA,4.0
c5y237,NTA,4.0
c5y237,NTA,2.0
c5y237,YTA,3.0
c5y237,YTA,4.0
c5y237,YTA,4.0
c5y237,YTA,4.0
c5y237,NTA,4.0
c5y237,YTA,4.0
c5y237,NAH,3.0
c5y237,NTA,4.0
c5y237,NTA,4.0
c5y237,NTA,4.0
c5y237,NTA,4.0
c5y237,NTA,4.0
c5y237,NTA,4.0
c5y237,YTA,4.0
c5y237,NTA,4.0
c5y237,NTA,3.0
c5y237,NTA,4.0
c5y237,YTA,4.0
c5y237,NTA,4.0
c5y237,NTA,4.0
c5y237,NTA,3.0
c5y237,NTA,4.0
c5y237,NTA,4.0
c5y237,NTA,4.0
c5y237,NTA,4.0
c5y237,YTA,4.0
c5y237,NTA,4.0
c5y237,NTA,4.0
c5y237,NTA,4.0
c5y237,YTA,4.0
c5y237,NAH,3.0
c5y237,NAH,3.0
c5y237,NTA,4.0
c5y237,NTA,4.0
c5y237,NTA,4.0
c5y237,NTA,3.0
c5y237,NTA,3.0
c5y237,YTA,3.0
c5y237,NTA,4.0
c5y237,NTA,3.0
c5y237,NTA,4.0
c5y237,YTA,4.0
c5y237,YTA,4.0
c5y237,YTA,4.0
c5y237,NTA,3.0
c5y237,NTA,4.0
c5y237,NTA,4.0
c5y237,NAH,4.0
c5y237,YTA,4.0
c5y237,NTA,4.0
c5y237,YTA,4.0
c5y237,YTA,4.0
c5y237,YTA,4.0
c5y237,NAH,3.0
c5y237,NTA,4.0
c5y237,NTA,4.0
c5y237,NTA,4.0
c5y237,NTA,4.0
c5y237,NTA,4.0
c5y237,NTA,4.0
c5y237,YTA,4.0
c5y237,NTA,4.0
c5y237,NTA,4.0
c5y237,NTA,4.0
c5y237,NAH,3.0
c5y237,YTA,4.0
c5y237,YTA,4.0
c5y237,NTA,4.0
c5y237,YTA,4.0
c5y237,YTA,4.0
c5y237,NTA,4.0
c5y237,YTA,4.0
c5y237,NTA,4.0
c5y237,NTA,4.0
c5y237,YTA,4.0
c5y237,YTA,4.0
c5y237,NTA,3.0
c5y237,YTA,4.0
c5y237,NTA,4.0
c5y237,NTA,4.0
c5y237,YTA,4.0
c5y237,NTA,4.0
c5y237,YTA,4.0
c5y237,ESH,2.0
c5y237,YTA,4.0
c5y237,NTA,4.0
c5y237,YTA,4.0
c5y237,NTA,4.0
c5y237,YTA,4.0
c5y237,NTA,4.0
c5y237,YTA,4.0
c5y237,NAH,3.0
c5y237,NTA,4.0
c5y237,YTA,3.0
c5y237,NTA,2.0
c5y237,NTA,3.0
c5y237,YTA,4.0
c5y237,YTA,4.0
c5y237,NTA,4.0
c5y237,NTA,2.0
c5y237,YTA,4.0
c5y237,NTA,4.0
c5y237,YTA,4.0
c5y237,YTA,4.0
c5y237,NTA,4.0
c5y237,NTA,4.0
c5y237,NTA,4.0
c5y237,NTA,4.0
c5y237,YTA,4.0
c5y237,NTA,4.0
c5y237,NTA,4.0
c5y237,YTA,4.0
c5y237,YTA,4.0
c5y237,YTA,4.0
c5y237,NTA,4.0
c5y237,NTA,4.0
c5y237,NTA,4.0
c5y237,NTA,4.0
c5y237,NTA,4.0
c5y237,NTA,4.0
c5y237,NTA,4.0
c5y237,NTA,4.0
c5y237,YTA,3.0
c5y237,NTA,4.0
c5y237,NTA,4.0
c5y237,NTA,4.0
c5y237,ESH,2.0
c5y237,NTA,4.0
c5y237,NTA,4.0
c5y237,YTA,4.0
c5y237,NTA,4.0
c5y237,NTA,4.0
c5y237,NTA,4.0
c5y237,NTA,4.0
c5y237,YTA,4.0
c5y237,NTA,4.0
c5y237,YTA,4.0
c5y237,NTA,3.0
c5y237,YTA,4.0
c5y237,NTA,4.0
c5y237,NAH,2.0
c5y237,NTA,4.0
c5y237,NTA,4.0
c5y237,NAH,3.0
c5y237,NTA,4.0
c5y237,YTA,4.0
c5y237,NTA,4.0
c5y237,ESH,2.0
c5y237,NTA,4.0
c5y237,YTA,4.0
c5y237,NTA,4.0
c5y237,YTA,3.0
c5y237,NTA,4.0
c5y237,NTA,4.0
c5y237,NAH,3.0
c5y237,YTA,4.0
c5y237,NTA,2.0
c5y237,NTA,4.0
c5y237,NTA,4.0
c5y237,NAH,4.0
c5y237,YTA,4.0
c5y237,NAH,3.0
c5y237,NTA,2.0
c5y237,NTA,4.0
c5y237,NTA,4.0
c5y237,NTA,4.0
c5y237,NAH,3.0
c5y237,YTA,4.0
c5y237,NTA,4.0
c5y237,NTA,4.0
c5y237,NTA,4.0
c5y237,NTA,4.0
c5y237,YTA,3.0
c5y237,NTA,4.0
c5y237,NTA,4.0
c5y237,NTA,4.0
c5y237,NTA,4.0
c5y237,YTA,4.0
c5y237,NTA,4.0
c5y237,NAH,3.0
c5y237,NTA,4.0
c5y237,NTA,3.0
c5y237,NTA,4.0
c5y237,NTA,4.0
c5y237,YTA,4.0
c5y237,ESH,2.0
c5y237,YTA,4.0
c5y237,NTA,4.0
c5y237,NTA,4.0
c5y237,YTA,4.0
c5y237,NTA,4.0
c5y237,YTA,4.0
c5y237,YTA,4.0
c5y237,NTA,4.0
c5y237,NTA,4.0
c5y237,YTA,4.0
c5y237,YTA,4.0
c5y237,NTA,4.0
c5y237,YTA,4.0
c5y237,NTA,4.0
c5y237,YTA,4.0
c5y237,NTA,4.0
c5y237,NTA,4.0
c5y237,NTA,4.0
c5y237,YTA,4.0
c5y237,NTA,4.0
c5y237,NAH,4.0
c5y237,NTA,4.0
c5y237,NAH,3.0
c5y237,NTA,4.0
c5y237,NTA,4.0
c5y237,NTA,4.0
c5y237,NTA,
c5y237,ESH,2.0
c5y237,NAH,3.0
c5y237,YTA,4.0
c5y237,YTA,4.0
c5y237,NTA,4.0
c5y237,NTA,4.0
c5y237,NTA,4.0
c5y237,YTA,4.0
c5y237,NTA,4.0
c5y237,YTA,4.0
c5y237,YTA,3.0
c5y237,NTA,4.0
c5y237,NAH,3.0
c5y237,NTA,4.0
c5y237,NTA,4.0
c5y237,NTA,4.0
c5y237,YTA,4.0
c5y237,NTA,4.0
c5y237,NTA,4.0
c5y237,NTA,4.0
c5y237,NTA,3.0
c5y237,NTA,4.0
c5y237,YTA,2.0
c5y237,YTA,4.0
c5y237,NTA,4.0
c5y237,NTA,4.0
c5y237,NTA,4.0
c5y237,NTA,4.0
c5y237,NTA,4.0
c5y237,NTA,4.0
c5y237,YTA,4.0
c5y237,NTA,4.0
c5y237,NTA,4.0
c5y237,YTA,4.0
c5y237,NTA,4.0
c5y237,YTA,4.0
c5y237,NTA,4.0
c5y237,YTA,4.0
c5y237,NTA,3.0
c5y237,NTA,4.0
c5y237,NTA,4.0
c5y237,YTA,4.0
c5y237,NTA,4.0
c5y237,NTA,4.0
c5y237,NTA,4.0
c5y237,YTA,4.0
c5y237,NTA,4.0
c5y237,NTA,4.0
c5y237,NTA,2.0
c5y237,NTA,4.0
c5y237,NTA,4.0
c5y237,YTA,4.0
c5y237,NTA,3.0
c5y237,NTA,2.0
c5y237,YTA,4.0
c5y237,NTA,4.0
c5y237,NTA,4.0
c5y237,NTA,4.0
c5y237,YTA,4.0
c5y237,NTA,4.0
c5y237,NTA,4.0
c5y237,NTA,4.0
c5y237,YTA,1.0
c5y237,NTA,4.0
c5y237,NTA,4.0
c5y237,NTA,4.0
c5y237,NTA,4.0
c5y237,NTA,4.0
c5y237,NTA,4.0
c5y237,NTA,2.0
c5y237,YTA,4.0
c5y237,YTA,4.0
c5y237,NTA,3.0
c5y237,NTA,4.0
c5y237,NTA,3.0
c5y237,NTA,4.0
c5y237,NTA,4.0
c5y237,NTA,4.0
c5y237,NTA,4.0
c5y237,YTA,4.0
c5y237,YTA,4.0
c5y237,YTA,4.0
c5y237,NTA,4.0
c5y237,NTA,4.0
c5y237,NTA,4.0
c5y237,YTA,3.0
c5y237,NTA,4.0
c5y237,NTA,4.0
c5y237,NTA,4.0
c5y237,NTA,4.0
c5y237,NTA,4.0
c5y237,NTA,4.0
c5y237,NTA,4.0
c5y237,YTA,4.0
c5y237,NAH,4.0
c5y237,YTA,4.0
c5y237,YTA,4.0
c5y237,NTA,4.0
c5y237,NTA,3.0
c5y237,YTA,4.0
c5y237,NTA,4.0
c5y237,YTA,4.0
c5y237,NTA,4.0
c5y237,YTA,4.0
c5y237,NTA,4.0
c5y237,NAH,3.0
c5y237,NAH,4.0
c5y237,NTA,4.0
c5y237,NAH,3.0
c5y237,YTA,4.0
c5y237,NTA,4.0
c5y237,NTA,4.0
c5y237,YTA,4.0
c5y237,NTA,4.0
c5y237,NAH,3.0
c5y237,NTA,4.0
c5y237,NTA,3.0
c5y237,YTA,4.0
c5y237,NTA,1.0
c5y237,NTA,4.0
c5y237,NTA,4.0
c5y237,NTA,4.0
c5y237,NTA,4.0
c5y237,YTA,4.0
c5y237,NTA,2.0
c5y237,NAH,3.0
c5y237,YTA,4.0
c5y237,NTA,3.0
c5y237,NTA,4.0
c5y237,YTA,4.0
c5y237,NTA,4.0
c5y237,YTA,4.0
c5y237,YTA,4.0
c5y237,NTA,4.0
c5y237,NTA,4.0
c5y237,NTA,4.0
c5y237,YTA,4.0
c5y237,YTA,4.0
c5y237,YTA,4.0
c5y237,YTA,4.0
c5y237,NTA,4.0
c5y237,NTA,4.0
c5y237,NTA,4.0
c5y237,YTA,4.0
c5y237,NTA,3.0
c5y237,NTA,4.0
c5y237,NTA,4.0
c5y237,NTA,4.0
c5y237,NTA,4.0
c5y237,NAH,3.0
c5y237,NTA,4.0
c5y237,NTA,4.0
c5y237,NTA,4.0
c5y237,NAH,3.0
c5y237,YTA,4.0
c5y237,NTA,4.0
c5y237,YTA,4.0
c5y237,NTA,4.0
c5y237,NTA,3.0
c5y237,NTA,4.0
c5y237,NTA,4.0
c5y237,NTA,4.0
c5y237,NTA,4.0
c5y237,NTA,4.0
c5y237,NTA,4.0
c5y237,NTA,4.0
c5y237,NTA,4.0
c5y237,NTA,4.0
c5y237,NTA,
c5y237,NTA,4.0
c5y237,NTA,3.0
c5y237,NTA,4.0
c5y237,NTA,4.0
c5y237,NTA,4.0
c5y237,NTA,4.0
c5y237,NTA,4.0
c5y237,NTA,4.0
c5y237,NTA,4.0
c5y237,YTA,4.0
c5y237,NTA,4.0
c5y237,NTA,4.0
c5y237,YTA,4.0
c5y237,NAH,4.0
c5y237,YTA,4.0
c5y237,NTA,4.0
c5y237,YTA,4.0
c5y237,YTA,4.0
c5y237,NTA,4.0
c5y237,NTA,4.0
c5y237,NTA,4.0
c5y237,NTA,4.0
c5y237,YTA,4.0
c5y237,NAH,3.0
c5y237,NTA,4.0
c5y237,NTA,4.0
c5y237,NTA,4.0
c5y237,YTA,4.0
c5y237,NTA,4.0
c5y237,NTA,4.0
c5y237,NAH,2.0
c5y237,NTA,3.0
c5y237,NAH,4.0
c5y237,YTA,4.0
c5y237,NTA,4.0
c5y237,YTA,4.0
c5y237,NTA,4.0
c5y237,NAH,3.0
c5y237,NTA,4.0
c5y237,NTA,4.0
c5y237,NTA,3.0
c5y237,NTA,4.0
c5y237,NTA,4.0
c5y237,NTA,4.0
c5y237,NTA,4.0
c5y237,NTA,3.0
c5y237,NAH,4.0
c5y237,YTA,4.0
c5y237,NTA,3.0
c5y237,NTA,4.0
c5y237,NTA,4.0
c5y237,NTA,4.0
c5y237,NTA,4.0
c5y237,NTA,4.0
c5y237,NTA,4.0
c5y237,NAH,3.0
c5y237,NTA,4.0
c5y237,NTA,4.0
c5y237,YTA,4.0
c5y237,NTA,4.0
c5y237,YTA,4.0
c5y237,YTA,4.0
c5y237,YTA,4.0
c5y237,NTA,4.0
c5y237,NTA,4.0
c5y237,YTA,4.0
c5y237,NAH,4.0
c5y237,YTA,4.0
c5y237,YTA,3.0
c5y237,YTA,4.0
c5y237,NTA,4.0
c5y237,YTA,4.0
c5y237,NTA,4.0
c5y237,NTA,4.0
c5y237,NTA,4.0
c5y237,NAH,3.0
c5y237,NTA,4.0
c5y237,NTA,4.0
c5y237,NTA,4.0
c5y237,YTA,4.0
c5y237,NTA,4.0
c5y237,NTA,4.0
c5y237,YTA,3.0
c5y237,NTA,4.0
c5y237,NTA,3.0
c5y237,NTA,4.0
c5y237,NTA,4.0
c5y237,NTA,3.0
c5y237,NTA,4.0
c5y237,NAH,3.0
c5y237,YTA,4.0
c5y237,NTA,4.0
c5y237,NTA,4.0
c5y237,NTA,4.0
c5y237,NTA,3.0
c5y237,NTA,4.0
c5y237,YTA,3.0
c5y237,NTA,4.0
c5y237,NTA,4.0
c5y237,NTA,4.0
c5y237,YTA,4.0
c5y237,NTA,4.0
c5y237,NTA,4.0
c5y237,NTA,4.0
c5y237,NTA,4.0
c5y237,YTA,4.0
c5y237,NTA,3.0
c5y237,NTA,4.0
c5y237,NTA,4.0
c5y237,NTA,4.0
c5y237,YTA,4.0
c5y237,NAH,4.0
c5y237,NTA,4.0
c5y237,NTA,4.0
c5y237,NTA,4.0
c5y237,YTA,4.0
c5y237,YTA,4.0
c5y237,NTA,4.0
c5y237,NTA,2.0
c5y237,NTA,4.0
c5y237,YTA,3.0
c5y237,NTA,4.0
c5y237,NTA,4.0
c5y237,NAH,4.0
c5y237,NTA,4.0
c5y237,NTA,4.0
c5y237,NTA,2.0
c5y237,NTA,4.0
c5y237,YTA,4.0
c5y237,YTA,1.0
c5y237,YTA,4.0
c5y237,YTA,4.0
c5y237,YTA,4.0
c5y237,NTA,4.0
c5y237,YTA,4.0
c5y237,NTA,4.0
c5y237,NTA,4.0
c5y237,NTA,4.0
c5y237,NTA,4.0
c5y237,NAH,3.0
c5y237,ESH,2.0
c5y237,NTA,4.0
c5y237,NTA,4.0
c5y237,NTA,4.0
c5y237,NTA,4.0
c5y237,NTA,4.0
c5y237,ESH,2.0
c5y237,NTA,4.0
c5y237,NAH,3.0
c5y237,YTA,4.0
c5y237,NTA,4.0
c5y237,YTA,4.0
c5y237,NTA,4.0
c5y237,YTA,4.0
c5y237,NAH,3.0
c5y237,YTA,4.0
c5y237,NTA,4.0
c5y237,YTA,4.0
c5y237,NTA,4.0
c5y237,NTA,4.0
c5y237,NTA,4.0
c5y237,YTA,3.0
c5y237,NTA,4.0
c5y237,YTA,4.0
c5y237,NTA,4.0
c5y237,YTA,4.0
c5y237,NTA,3.0
c5y237,NTA,3.0
c5y237,YTA,4.0
c5y237,NTA,4.0
c5y237,NTA,4.0
c5y237,YTA,2.0
c5y237,YTA,4.0
c5y237,NTA,4.0
c5y237,NAH,4.0
c5y237,NTA,4.0
c5y237,NTA,4.0
c5y237,NAH,3.0
c5y237,NTA,4.0
c5y237,NTA,4.0
c5y237,NTA,4.0
c5y237,YTA,4.0
c5y237,NTA,4.0
c5y237,NTA,4.0
c5y237,NTA,2.0
c5y237,YTA,4.0
c5y237,NAH,3.0
c5y237,NTA,4.0
c5y237,NTA,4.0
c5y237,NTA,3.0
c5y237,NTA,4.0
c5y237,NTA,4.0
c5y237,YTA,3.0
c5y237,NTA,3.0
c5y237,YTA,4.0
c5y237,NTA,4.0
c5y237,NTA,3.0
c5y237,NTA,4.0
c5y237,NTA,4.0
c5y237,NTA,4.0
c5y237,NAH,3.0
c5y237,YTA,4.0
c5y237,YTA,3.0
c5y237,NTA,1.0
c5y237,YTA,4.0
c5y237,YTA,4.0
c5y237,NTA,4.0
c5y237,YTA,4.0
c5y237,NTA,4.0
c5y237,NTA,4.0
c5y237,YTA,4.0
c5y237,NTA,4.0
c5y237,NTA,3.0
c5y237,NTA,4.0
c5y237,NTA,4.0
c5y237,NTA,4.0
c5y237,NTA,4.0
c5y237,NTA,4.0
c5y237,YTA,4.0
c5y237,NTA,4.0
c5y237,NTA,4.0
c5y237,NTA,3.0
c5y237,YTA,4.0
c5y237,NAH,3.0
c5y237,YTA,4.0
c5y237,YTA,4.0
c5y237,NTA,4.0
c5y237,NAH,4.0
c5y237,YTA,4.0
c5y237,YTA,4.0
c5y237,NTA,4.0
c5y237,YTA,2.0
c5y237,NTA,4.0
c5y237,NTA,4.0
c5y237,YTA,1.0
c5y237,NAH,3.0
c5y237,NTA,4.0
c5y237,YTA,4.0
c5y237,YTA,4.0
c5y237,NTA,3.0
c5y237,NTA,4.0
c5y237,NTA,4.0
c5y237,NTA,4.0
c5y237,NTA,4.0
c5y237,YTA,4.0
c5y237,YTA,4.0
c5y237,NTA,4.0
c5y237,NTA,4.0
c5y237,YTA,4.0
c5y237,NTA,4.0
c5y237,YTA,3.0
c5y237,NTA,4.0
c5y237,NTA,4.0
c5y237,YTA,4.0
c5y237,YTA,3.0
c5y237,YTA,4.0
c5y237,NTA,4.0
c5y237,NAH,4.0
c5y237,NTA,4.0
c5y237,NTA,4.0
c5y237,NTA,4.0
c5y237,NTA,4.0
c5y237,NTA,4.0
c5y237,NTA,4.0
c5y237,NTA,4.0
c5y237,NAH,4.0
c5y237,NTA,4.0
c5y237,NTA,4.0
c5y237,NTA,4.0
c5y237,YTA,3.0
c5y237,NTA,4.0
c5y237,NTA,4.0
c5y237,NTA,4.0
c5y237,NAH,4.0
c5y237,YTA,4.0
c5y237,NTA,2.0
c5y237,YTA,4.0
c5y237,NAH,4.0
c5y237,NTA,4.0
c5y237,NTA,4.0
c5y237,NTA,4.0
c5y237,YTA,4.0
c5y237,YTA,4.0
c5y237,NTA,2.0
c5y237,NTA,3.0
c5y237,NTA,4.0
c5y237,NTA,4.0
c5y237,NTA,2.0
c5y237,YTA,4.0
c5y237,YTA,4.0
c5y237,NTA,4.0
c5y237,YTA,4.0
c5y237,YTA,4.0
c5y237,YTA,4.0
c5y237,NTA,4.0
c5y237,YTA,4.0
c5y237,NTA,4.0
c5y237,NTA,4.0
c5y237,NTA,4.0
c5y237,YTA,2.0
c5y237,NTA,4.0
c5y237,YTA,4.0
c5y237,NTA,3.0
c5y237,NTA,4.0
c5y237,NTA,4.0
c5y237,YTA,4.0
c5y237,YTA,4.0
c5y237,YTA,4.0
c5y237,NTA,4.0
c5y237,NTA,4.0
c5y237,YTA,3.0
c5y237,YTA,4.0
c5y237,NTA,4.0
c5y237,YTA,4.0
c5y237,NTA,4.0
c5y237,YTA,4.0
c5y237,NTA,4.0
c5y237,NTA,4.0
c5y237,NTA,4.0
c5y237,NAH,2.0
c5y237,YTA,4.0
c5y237,YTA,4.0
c5y237,NTA,4.0
c5y237,NTA,4.0
c5y237,YTA,2.0
c5y237,ESH,4.0
c5y237,NTA,4.0
c5y237,NTA,4.0
c5y237,NTA,4.0
c5y237,YTA,3.0
c5y237,NAH,4.0
c5y237,NTA,4.0
c5y237,YTA,2.0
c5y237,YTA,4.0
c5y237,NAH,3.0
c5y237,NTA,4.0
c5y237,NTA,3.0
c5y237,NTA,4.0
c5y237,NTA,4.0
c5y237,NTA,4.0
c5y237,NTA,4.0
c5y237,YTA,4.0
c5y237,YTA,4.0
c5y237,YTA,4.0
c5y237,YTA,3.0
c5y237,NTA,4.0
c5y237,NTA,3.0
c5y237,YTA,4.0
c5y237,NTA,4.0
c5y237,NTA,4.0
c5y237,NTA,4.0
c5y237,NTA,4.0
c5y237,YTA,4.0
c5y237,NTA,4.0
c5y237,NTA,4.0
c5y237,NTA,4.0
c5y237,NTA,4.0
c5y237,YTA,4.0
c5y237,YTA,4.0
c5y237,NTA,4.0
c5y237,NTA,4.0
c5y237,NTA,4.0
c5y237,NTA,4.0
c5y237,NTA,4.0
c5y237,YTA,4.0
c5y237,NTA,4.0
c5y237,NTA,4.0
c5y237,NTA,4.0
c5y237,NTA,4.0
c5y237,NTA,3.0
c5y237,NTA,4.0
c5y237,YTA,4.0
c5y237,YTA,4.0
c5y237,YTA,4.0
c5y237,YTA,4.0
c5y237,YTA,4.0
c5y237,YTA,4.0
c5y237,NTA,4.0
c5y237,NTA,4.0
c5y237,NTA,3.0
c5y237,YTA,4.0
c5y237,NTA,4.0
c5y237,NTA,2.0
c5y237,NTA,4.0
c5y237,NTA,4.0
c5y237,NTA,4.0
c5y237,NTA,4.0
c5y237,NTA,4.0
c5y237,NTA,4.0
c5y237,NTA,4.0
c5y237,NTA,4.0
c5y237,YTA,4.0
c5y237,YTA,4.0
c5y237,YTA,4.0
c5y237,YTA,4.0
c5y237,NTA,4.0
c5y237,NTA,4.0
c5y237,YTA,2.0
c5y237,NTA,4.0
c5y237,NTA,4.0
c5y237,YTA,3.0
c5y237,YTA,4.0
c5y237,YTA,4.0
c5y237,NTA,4.0
c5y237,NTA,4.0
c5y237,YTA,4.0
c5y237,NAH,3.0
c5y237,NTA,4.0
c5y237,NTA,4.0
c5y237,YTA,4.0
c5y237,YTA,4.0
c5y237,NTA,4.0
c5y237,NTA,4.0
c5y237,NAH,4.0
c5y237,NAH,3.0
c5y237,NTA,4.0
c5y237,NTA,4.0
c5y237,NTA,4.0
c5y237,NTA,4.0
c5y237,NTA,4.0
c5y237,NTA,4.0
c5y237,NTA,4.0
c5y237,YTA,4.0
c5y237,YTA,4.0
c5y237,YTA,4.0
c5y237,NTA,4.0
c5y237,NTA,4.0
c5y237,NTA,4.0
c5y237,YTA,4.0
c5y237,YTA,4.0
c5y237,NTA,4.0
c5y237,YTA,3.0
c5y237,YTA,4.0
c5y237,NTA,4.0
c5y237,NTA,3.0
c5y237,NTA,4.0
c5y237,NAH,4.0
c5y237,YTA,4.0
c5y237,NTA,3.0
c5y237,YTA,4.0
c5y237,YTA,4.0
c5y237,NTA,4.0
c5y237,YTA,4.0
c5y237,NTA,4.0
c5y237,NTA,4.0
c5y237,NTA,4.0
c5y237,NAH,4.0
c5y237,YTA,4.0
c5y237,NTA,4.0
c5y237,NTA,4.0
c5y237,NTA,3.0
c5y237,YTA,4.0
c5y237,NTA,4.0
c5y237,NTA,4.0
c5y237,NTA,4.0
c5y237,YTA,4.0
c5y237,YTA,4.0
c5y237,NTA,2.0
c5y237,NTA,4.0
c5y237,NAH,3.0
c5y237,NTA,4.0
c5y237,YTA,4.0
c5y237,NTA,4.0
c5y237,YTA,4.0
c5y237,YTA,4.0
c5y237,NTA,4.0
c5y237,NTA,4.0
c5y237,YTA,4.0
c5y237,NTA,4.0
c5y237,NTA,4.0
c5y237,YTA,4.0
c5y237,NTA,4.0
c5y237,NTA,4.0
c5y237,YTA,4.0
c5y237,NTA,3.0
c5y237,NTA,4.0
c5y237,YTA,4.0
c5y237,NTA,4.0
c5y237,NTA,3.0
c5y237,YTA,4.0
c5y237,NAH,4.0
c5y237,NTA,4.0
c5y237,YTA,4.0
c5y237,ESH,2.0
c5y237,NTA,4.0
c5y237,NTA,3.0
c5y237,NAH,2.0
c5y237,YTA,4.0
c5y237,NTA,3.0
c5y237,NTA,3.0
c5y237,YTA,4.0
c5y237,YTA,4.0
c5y237,YTA,4.0
c5y237,YTA,4.0
c5y237,NTA,4.0
c5y237,ESH,2.0
c5y237,NTA,3.0
c5y237,NTA,4.0
c5y237,NTA,4.0
c5y237,NTA,4.0
c5y237,NTA,4.0
c5y237,YTA,4.0
c5y237,NTA,4.0
c5y237,YTA,4.0
c5y237,NTA,2.0
c5y237,NTA,4.0
c5y237,NTA,3.0
c5y237,NTA,4.0
c5y237,YTA,4.0
c5y237,NTA,4.0
c5y237,NTA,4.0
c5y237,YTA,4.0
c5y237,NAH,4.0
c5y237,YTA,4.0
c5y237,NTA,4.0
c5y237,YTA,4.0
c5y237,NTA,4.0
c5y237,NTA,4.0
c5y237,YTA,2.0
c5y237,NTA,4.0
c5y237,NTA,4.0
c5y237,NTA,4.0
c5y237,NTA,3.0
c5y237,YTA,4.0
c5y237,NTA,4.0
c5y237,YTA,4.0
c5y237,NTA,4.0
c5y237,NTA,4.0
c5y237,YTA,4.0
c5y237,NTA,3.0
c5y237,YTA,4.0
c5y237,NTA,4.0
c5y237,YTA,4.0
c5y237,NTA,4.0
c5y237,NAH,4.0
c5y237,NTA,4.0
c5y237,YTA,3.0
c5y237,NTA,4.0
c5y237,NTA,4.0
c5y237,YTA,4.0
c5y237,NTA,4.0
c5y237,YTA,4.0
c5y237,NTA,4.0
c5y237,YTA,4.0
c5y237,YTA,4.0
c5y237,NTA,4.0
c5y237,NTA,4.0
c5y237,NTA,4.0
c5y237,NAH,4.0
c5y237,NTA,4.0
c5y237,YTA,4.0
c5y237,YTA,3.0
c5y237,YTA,4.0
c5y237,NTA,4.0
c5y237,NTA,4.0
c5y237,NAH,4.0
c5y237,NTA,4.0
c5y237,NTA,4.0
c5y237,NTA,4.0
c5y237,NTA,4.0
c5y237,NTA,4.0
c5y237,NTA,4.0
c5y237,NTA,4.0
c5y237,NTA,4.0
c5y237,NTA,4.0
c5y237,NTA,3.0
c5y237,NTA,4.0
c5y237,NTA,4.0
c5y237,NTA,4.0
c5y237,YTA,4.0
c5y237,YTA,4.0
c5y237,NTA,4.0
c5y237,NAH,4.0
c5y237,YTA,4.0
c5y237,YTA,4.0
c5y237,NAH,3.0
c5y237,YTA,2.0
c5y237,NTA,4.0
c5y237,NTA,4.0
c5y237,YTA,4.0
c5y237,NTA,4.0
c5y237,NTA,4.0
c5y237,YTA,2.0
c5y237,NAH,4.0
c5y237,YTA,4.0
c5y237,YTA,4.0
c5y237,NTA,4.0
c5y237,NTA,4.0
c5y237,NTA,4.0
c5y237,NTA,4.0
c5y237,NTA,4.0
c5y237,NTA,4.0
c5y237,NAH,4.0
c5y237,NTA,4.0
c5y237,NTA,4.0
c5y237,NTA,4.0
c5y237,NTA,2.0
c5y237,NTA,4.0
c5y237,NTA,4.0
c5y237,YTA,4.0
c5y237,NTA,3.0
c5y237,NTA,3.0
c5y237,NTA,4.0
c5y237,YTA,4.0
c5y237,NTA,4.0
c5y237,NAH,3.0
c5y237,NTA,4.0
c5y237,YTA,4.0
c5y237,NTA,3.0
c5y237,NTA,4.0
c5y237,NTA,4.0
c5y237,NTA,3.0
c5y237,NTA,3.0
c5y237,YTA,3.0
c5y237,NTA,4.0
c5y237,NTA,4.0
c5y237,YTA,4.0
c5y237,YTA,4.0
c5y237,NTA,4.0
c5y237,NAH,4.0
c5y237,YTA,4.0
c5y237,YTA,4.0
c5y237,NAH,3.0
c5y237,NTA,4.0
c5y237,NTA,3.0
c5y237,YTA,4.0
c5y237,NTA,4.0
c5y237,NTA,4.0
c5y237,NTA,4.0
c5y237,NTA,4.0
c5y237,NTA,4.0
c5y237,NTA,4.0
c5y237,NTA,4.0
c5y237,YTA,4.0
c5y237,NTA,4.0
c5y237,NTA,4.0
c5y237,YTA,4.0
c5y237,YTA,4.0
c5y237,NAH,
c5y237,NTA,4.0
c5y237,NTA,4.0
c5y237,NTA,4.0
c5y237,YTA,3.0
c5y237,NTA,4.0
c5y237,NTA,4.0
c5y237,NTA,2.0
c5y237,NTA,4.0
c5y237,NAH,3.0
c5y237,NTA,3.0
c5y237,NTA,4.0
c5y237,NTA,4.0
c5y237,YTA,4.0
c5y237,NTA,3.0
c5y237,NTA,4.0
c5y237,YTA,4.0
c5y237,NTA,2.0
c5y237,NTA,4.0
c5y237,YTA,4.0
c5y237,NTA,4.0
c5y237,YTA,4.0
c5y237,YTA,2.0
c5y237,NTA,4.0
c5y237,NTA,4.0
c5y237,NTA,2.0
c5y237,YTA,4.0
c5y237,NTA,4.0
c5y237,NTA,4.0
c5y237,NTA,4.0
c5y237,YTA,4.0
c5y237,NTA,4.0
c5y237,NTA,4.0
c5y237,NTA,4.0
c5y237,NTA,4.0
c5y237,NTA,4.0
c5y237,NTA,3.0
c5y237,NTA,4.0
c5y237,YTA,4.0
c5y237,NTA,4.0
c5y237,NTA,4.0
c5y237,YTA,4.0
c5y237,NTA,4.0
c5y237,NTA,4.0
c5y237,YTA,4.0
c5y237,YTA,4.0
c5y237,NTA,4.0
c5y237,NTA,4.0
c5y237,YTA,4.0
c5y237,NTA,4.0
c5y237,NTA,4.0
c5y237,NTA,4.0
c5y237,NAH,3.0
c5y237,NTA,4.0
c5y237,NTA,4.0
c5y237,NTA,4.0
c5y237,NTA,4.0
c5y237,NTA,4.0
c5y237,YTA,3.0
c5y237,NTA,4.0
c5y237,YTA,4.0
c5y237,NTA,4.0
c5y237,NTA,4.0
c5y237,NTA,4.0
c5y237,YTA,4.0
c5y237,NTA,2.0
c5y237,NTA,4.0
c5y237,NTA,4.0
c5y237,NTA,4.0
c5y237,YTA,3.0
c5y237,NTA,4.0
c5y237,NTA,4.0
c5y237,NTA,4.0
c5y237,YTA,2.0
c5y237,YTA,4.0
c5y237,NTA,4.0
c5y237,NTA,4.0
c5y237,YTA,4.0
c5y237,NTA,4.0
c5y237,YTA,4.0
c5y237,NTA,4.0
c5y237,NTA,3.0
c5y237,YTA,4.0
c5y237,NTA,4.0
c5y237,NTA,4.0
c5y237,NTA,2.0
c5y237,NTA,4.0
c5y237,YTA,4.0
c5y237,NTA,4.0
c5y237,YTA,4.0
c5y237,NTA,4.0
c5y237,NTA,3.0
c5y237,NTA,4.0
c5y237,NTA,4.0
c5y237,NAH,3.0
c5y237,NTA,4.0
c5y237,NTA,4.0
c5y237,YTA,4.0
c5y237,NAH,4.0
c5y237,NTA,4.0
c5y237,NTA,4.0
c5y237,YTA,4.0
c5y237,YTA,4.0
c5y237,YTA,4.0
c5y237,NTA,4.0
c5y237,NTA,3.0
c5y237,NTA,4.0
c5y237,NTA,4.0
c5y237,NTA,4.0
c5y237,NTA,4.0
c5y237,YTA,4.0
c5y237,YTA,4.0
c5y237,NAH,3.0
c5y237,NTA,4.0
c5y237,NTA,4.0
c5y237,NTA,4.0
c5y237,NTA,4.0
c5y237,YTA,4.0
c5y237,YTA,4.0
c5y237,YTA,4.0
c5y237,NTA,3.0
c5y237,NAH,3.0
c5y237,NTA,4.0
c5y237,NTA,4.0
c5y237,YTA,4.0
c5y237,NTA,4.0
c5y237,YTA,4.0
c5y237,NTA,4.0
c5y237,NAH,3.0
c5y237,NTA,4.0
c5y237,NTA,3.0
c5y237,NTA,4.0
c5y237,NAH,3.0
c5y237,YTA,4.0
c5y237,NTA,3.0
c5y237,NTA,4.0
c5y237,NAH,3.0
c5y237,NTA,4.0
c5y237,NTA,3.0
c5y237,NTA,2.0
c5y237,NTA,4.0
c5y237,NTA,4.0
c5y237,NTA,4.0
c5y237,NTA,4.0
c5y237,NTA,4.0
c5y237,NTA,4.0
c5y237,NTA,4.0
c5y237,NTA,4.0
c5y237,NTA,4.0
c5y237,NTA,4.0
c5y237,YTA,4.0
c5y237,YTA,4.0
c5y237,NTA,4.0
c5y237,NTA,4.0
c5y237,YTA,4.0
c5y237,YTA,4.0
c5y237,YTA,2.0
c5y237,YTA,3.0
c5y237,YTA,4.0
c5y237,NTA,4.0
c5y237,NTA,4.0
c5y237,YTA,4.0
c5y237,YTA,4.0
c5y237,NTA,4.0
c5y237,NTA,4.0
c5y237,NTA,3.0
c5y237,YTA,2.0
c5y237,NTA,4.0
c5y237,NAH,3.0
c5y237,NTA,4.0
c5y237,NTA,4.0
c5y237,NTA,4.0
c5y237,NTA,4.0
c5y237,YTA,4.0
c5y237,NAH,3.0
c5y237,NTA,4.0
c5y237,NTA,4.0
c5y237,NTA,4.0
c5y237,YTA,4.0
c5y237,NTA,3.0
c5y237,YTA,4.0
c5y237,YTA,4.0
c5y237,YTA,4.0
c5y237,NTA,4.0
c5y237,NTA,4.0
c5y237,NTA,4.0
c5y237,NTA,4.0
c5y237,NTA,4.0
c5y237,NTA,4.0
c5y237,NAH,3.0
c5y237,NTA,4.0
c5y237,NTA,4.0
c5y237,NAH,3.0
c5y237,YTA,4.0
c5y237,YTA,4.0
c5y237,YTA,4.0
c5y237,NAH,4.0
c5y237,NTA,4.0
c5y237,YTA,4.0
c5y237,YTA,4.0
c5y237,NTA,4.0
c5y237,NTA,4.0
c5y237,NTA,4.0
c5y237,YTA,4.0
c5y237,NTA,4.0
c5y237,YTA,4.0
c5y237,NTA,4.0
c5y237,NTA,4.0
c5y237,YTA,4.0
c5y237,YTA,2.0
c5y237,NTA,4.0
c5y237,NAH,3.0
c5y237,NAH,3.0
c5y237,NTA,4.0
c5y237,YTA,4.0
c5y237,YTA,4.0
c5y237,NTA,4.0
c5y237,NAH,4.0
c5y237,YTA,2.0
c5y237,NTA,4.0
c5y237,NTA,3.0
c5y237,NTA,3.0
c5y237,NTA,4.0
c5y237,NTA,4.0
c5y237,YTA,4.0
c5y237,NTA,4.0
c5y237,YTA,2.0
c5y237,NTA,4.0
c5y237,NTA,4.0
c5y237,YTA,4.0
c5y237,NTA,4.0
c5y237,NTA,4.0
c5y237,YTA,4.0
c5y237,NTA,4.0
c5y237,YTA,4.0
c5y237,NTA,4.0
c5y237,NTA,4.0
c5y237,NTA,4.0
c5y237,NTA,4.0
c5y237,NTA,4.0
c5y237,NTA,4.0
c5y237,NTA,4.0
c5y237,NTA,4.0
c5y237,NAH,4.0
c5y237,YTA,2.0
c5y237,YTA,2.0
c5y237,NTA,4.0
c5y237,YTA,4.0
c5y237,YTA,4.0
c5y237,NTA,3.0
c5y237,NTA,4.0
c5y237,YTA,4.0
c5y237,NTA,4.0
c5y237,NTA,4.0
c5y237,NTA,4.0
c5y237,NTA,4.0
c5y237,NTA,4.0
c5y237,YTA,4.0
c5y237,YTA,4.0
c5y237,NTA,4.0
c5y237,YTA,4.0
c5y237,NTA,4.0
c5y237,NTA,4.0
c5y237,YTA,4.0
c5y237,NTA,4.0
c5y237,NTA,3.0
c5y237,NTA,4.0
c5y237,YTA,4.0
c5y237,NTA,4.0
c5y237,NTA,4.0
c5y237,YTA,4.0
c5y237,YTA,4.0
c5y237,NTA,4.0
c5y237,YTA,4.0
c5y237,YTA,4.0
c5y237,YTA,4.0
c5y237,YTA,3.0
c5y237,YTA,4.0
c5y237,NTA,4.0
c5y237,NAH,3.0
c5y237,NTA,4.0
c5y237,NAH,3.0
c5y237,YTA,4.0
c5y237,NTA,4.0
c5y237,NTA,4.0
c5y237,NTA,4.0
c5y237,NTA,4.0
c5y237,NTA,4.0
c5y237,NTA,3.0
c5y237,NTA,4.0
c5y237,NTA,4.0
c5y237,YTA,4.0
c5y237,NAH,4.0
c5y237,NTA,4.0
c5y237,NAH,2.0
c5y237,NAH,4.0
c5y237,NTA,4.0
c5y237,YTA,4.0
c5y237,NTA,4.0
c5y237,YTA,4.0
c5y237,NTA,4.0
c5y237,YTA,4.0
c5y237,YTA,4.0
c5y237,NTA,4.0
c5y237,NTA,4.0
c5y237,NTA,4.0
c5y237,NTA,4.0
c5y237,YTA,4.0
c5y237,NTA,4.0
c5y237,YTA,4.0
c5y237,YTA,4.0
c5y237,YTA,4.0
c5y237,NTA,3.0
c5y237,NTA,4.0
c5y237,NTA,4.0
c5y237,NTA,4.0
c5y237,NTA,4.0
c5y237,NAH,1.0
c5y237,NTA,4.0
c5y237,NTA,4.0
c5y237,NTA,4.0
c5y237,NTA,4.0
c5y237,NTA,4.0
c5y237,YTA,4.0
c5y237,YTA,2.0
c5y237,NTA,4.0
c5y237,NTA,4.0
c5y237,NTA,4.0
c5y237,NTA,4.0
c5y237,NTA,4.0
c5y237,NAH,3.0
c5y237,NTA,4.0
c5y237,NTA,4.0
c5y237,YTA,4.0
c5y237,NTA,4.0
c5y237,YTA,4.0
c5y237,NTA,4.0
c5y237,NAH,4.0
c5y237,NTA,4.0
c5y237,NTA,4.0
c5y237,YTA,4.0
c5y237,NTA,4.0
c5y237,NAH,3.0
c5y237,YTA,4.0
c5y237,NTA,4.0
c5y237,NTA,4.0
c5y237,YTA,4.0
c5y237,NAH,4.0
c5y237,NTA,4.0
c5y237,NTA,4.0
c5y237,NTA,4.0
c5y237,YTA,4.0
c5y237,NTA,4.0
c5y237,YTA,4.0
c5y237,YTA,4.0
c5y237,NTA,3.0
c5y237,NTA,4.0
c5y237,NTA,4.0
c5y237,NTA,4.0
c5y237,YTA,4.0
c5y237,NAH,3.0
c5y237,YTA,4.0
c5y237,YTA,4.0
c5y237,NTA,4.0
c5y237,YTA,4.0
c5y237,NTA,4.0
c5y237,YTA,3.0
c5y237,NTA,4.0
c5y237,NTA,2.0
c5y237,NTA,3.0
c5y237,NTA,4.0
c5y237,NTA,3.0
c5y237,NTA,4.0
c5y237,YTA,4.0
c5y237,NTA,4.0
c5y237,YTA,4.0
c5y237,NTA,3.0
c5y237,NTA,4.0
c5y237,YTA,4.0
c5y237,NTA,4.0
c5y237,YTA,4.0
c5y237,NTA,3.0
c5y237,NAH,4.0
c5y237,NTA,4.0
c5y237,NTA,4.0
c5y237,NTA,4.0
c5y237,NTA,4.0
c5y237,YTA,4.0
c5y237,NTA,4.0
c5y237,NTA,4.0
c5y237,NTA,3.0
c5y237,NTA,4.0
c5y237,ESH,2.0
c5y237,NTA,4.0
c5y237,NTA,3.0
c5y237,NTA,4.0
c5y237,NAH,3.0
c5y237,YTA,4.0
c5y237,YTA,4.0
c5y237,NTA,3.0
c5y237,NTA,2.0
c5y237,NTA,4.0
c5y237,NTA,4.0
c5y237,NTA,4.0
c5y237,NTA,3.0
c5y237,NTA,4.0
c5y237,YTA,4.0
c5y237,YTA,4.0
c5y237,NTA,4.0
c5y237,NTA,4.0
c5y237,NTA,4.0
c5y237,NTA,4.0
c5y237,YTA,4.0
c5y237,YTA,4.0
c5y237,YTA,2.0
c5y237,YTA,4.0
c5y237,NAH,1.0
c5y237,YTA,4.0
c5y237,NTA,4.0
c5y237,NTA,4.0
c5y237,NAH,4.0
c5y237,YTA,4.0
c5y237,YTA,2.0
c5y237,NAH,3.0
c5y237,NTA,4.0
c5y237,NAH,4.0
c5y237,NTA,4.0
c5y237,NTA,4.0
c5y237,NTA,4.0
c5y237,NTA,4.0
c5y237,YTA,4.0
c5y237,NTA,4.0
c5y237,NTA,4.0
c5y237,NTA,4.0
c5y237,YTA,4.0
c5y237,NTA,4.0
c5y237,NTA,4.0
c5y237,NTA,4.0
c5y237,NTA,4.0
c5y237,YTA,4.0
c5y237,NAH,4.0
c5y237,NAH,3.0
c5y237,YTA,4.0
c5y237,NTA,4.0
c5y237,NAH,2.0
c5y237,YTA,4.0
c5y237,NTA,4.0
c5y237,NTA,4.0
c5y237,NTA,4.0
c5y237,NTA,4.0
c5y237,NTA,4.0
c5y237,YTA,4.0
c5y237,NTA,4.0
c5y237,NAH,3.0
c5y237,NTA,4.0
c5y237,NTA,4.0
c5y237,NTA,4.0
c5y237,NTA,4.0
c5y237,YTA,4.0
c5y237,YTA,4.0
c5y237,NTA,4.0
c5y237,YTA,4.0
c5y237,NAH,4.0
c5y237,YTA,4.0
c5y237,NTA,3.0
c5y237,NAH,4.0
c5y237,YTA,4.0
c5y237,NTA,4.0
c5y237,NTA,4.0
c5y237,NTA,4.0
c5y237,NTA,4.0
c5y237,NTA,4.0
c5y237,NTA,4.0
c5y237,YTA,4.0
c5y237,NTA,4.0
c5y237,NTA,2.0
c5y237,NTA,4.0
c5y237,NTA,4.0
c5y237,NTA,4.0
c5y237,NAH,4.0
c5y237,NTA,4.0
c5y237,NTA,4.0
c5y237,YTA,4.0
c5y237,NTA,4.0
c5y237,NTA,4.0
c5y237,NTA,4.0
c5y237,NTA,4.0
c5y237,ESH,2.0
c5y237,NTA,4.0
c5y237,NTA,4.0
c5y237,NTA,4.0
c5y237,NTA,4.0
c5y237,NAH,3.0
c5y237,NTA,4.0
c5y237,NTA,4.0
c5y237,NTA,4.0
c5y237,NTA,1.0
c5y237,NAH,3.0
c5y237,YTA,4.0
c5y237,NTA,4.0
c5y237,NAH,3.0
c5y237,NTA,3.0
c5y237,NTA,4.0
c5y237,NAH,3.0
c5y237,NTA,4.0
c5y237,YTA,4.0
c5y237,YTA,4.0
c5y237,NTA,4.0
c5y237,NTA,4.0
c5y237,NTA,4.0
c5y237,NTA,4.0
c5y237,NTA,4.0
c5y237,NTA,4.0
c5y237,NTA,4.0
c5y237,NTA,4.0
c5y237,NTA,3.0
c5y237,NTA,4.0
c5y237,NTA,4.0
c5y237,NAH,3.0
c5y237,NAH,4.0
c5y237,NTA,4.0
c5y237,NTA,4.0
c5y237,YTA,4.0
c5y237,NTA,4.0
c5y237,YTA,4.0
c5y237,NTA,4.0
c5y237,NAH,4.0
c5y237,NTA,4.0
c5y237,NAH,2.0
c5y237,NTA,4.0
c5y237,YTA,2.0
c5y237,NTA,4.0
c5y237,NTA,4.0
c5y237,NTA,4.0
c5y237,NTA,4.0
c5y237,YTA,4.0
c964vg,NTA,4.0
c964vg,ESH,3.0
c964vg,ESH,2.0
c964vg,NTA,4.0
c964vg,ESH,4.0
c964vg,ESH,3.0
c964vg,NTA,4.0
c964vg,NTA,4.0
c964vg,ESH,3.0
c964vg,NTA,4.0
c964vg,NTA,4.0
c964vg,ESH,2.0
c964vg,ESH,4.0
c964vg,ESH,2.0
c964vg,ESH,2.0
c964vg,NTA,4.0
c964vg,ESH,2.0
c964vg,NTA,4.0
c964vg,ESH,4.0
c964vg,ESH,3.0
c964vg,ESH,3.0
c964vg,NTA,4.0
c964vg,NTA,4.0
c964vg,ESH,3.0
c964vg,NTA,4.0
c964vg,ESH,2.0
c964vg,NTA,4.0
c964vg,ESH,2.0
c964vg,ESH,4.0
c964vg,YTA,4.0
c964vg,NTA,4.0
c964vg,ESH,3.0
c964vg,NTA,4.0
c964vg,NTA,4.0
c964vg,NTA,4.0
c964vg,NTA,4.0
c964vg,YTA,4.0
c964vg,ESH,4.0
c964vg,ESH,4.0
c964vg,NTA,4.0
c964vg,NTA,4.0
c964vg,NTA,4.0
c964vg,YTA,4.0
c964vg,ESH,2.0
c964vg,NTA,4.0
c964vg,NTA,4.0
c964vg,ESH,4.0
c964vg,ESH,4.0
c964vg,NTA,4.0
c964vg,ESH,4.0
c964vg,NTA,4.0
c964vg,ESH,3.0
c964vg,NTA,4.0
c964vg,NTA,4.0
c964vg,ESH,2.0
c964vg,ESH,2.0
c964vg,ESH,2.0
c964vg,ESH,2.0
c964vg,NTA,4.0
c964vg,YTA,4.0
c964vg,YTA,4.0
c964vg,NTA,4.0
c964vg,NTA,4.0
c964vg,NTA,4.0
c964vg,NTA,4.0
c964vg,ESH,2.0
c964vg,ESH,3.0
c964vg,NTA,4.0
c964vg,ESH,3.0
c964vg,ESH,4.0
c964vg,ESH,2.0
c964vg,NTA,4.0
c964vg,NTA,4.0
c964vg,ESH,4.0
c964vg,NTA,4.0
c964vg,ESH,2.0
c964vg,YTA,4.0
c964vg,NTA,4.0
c964vg,ESH,3.0
c964vg,NTA,4.0
c964vg,NTA,4.0
c964vg,NTA,4.0
c964vg,ESH,4.0
c964vg,ESH,4.0
c964vg,NTA,4.0
c964vg,NTA,4.0
c964vg,NTA,4.0
c964vg,ESH,4.0
c964vg,ESH,4.0
c964vg,NTA,4.0
c964vg,NTA,4.0
c964vg,ESH,4.0
c964vg,YTA,4.0
c964vg,NTA,4.0
c964vg,ESH,3.0
c964vg,NTA,3.0
c964vg,NTA,4.0
c964vg,YTA,2.0
c964vg,NTA,4.0
c964vg,NTA,4.0
c964vg,YTA,4.0
c964vg,ESH,2.0
c964vg,NTA,4.0
c964vg,ESH,3.0
c964vg,ESH,2.0
c964vg,NTA,4.0
c964vg,ESH,4.0
c964vg,NTA,4.0
c964vg,NTA,4.0
c964vg,ESH,4.0
c964vg,ESH,2.0
c964vg,ESH,3.0
c964vg,NTA,4.0
c964vg,YTA,4.0
c964vg,NTA,4.0
c964vg,NTA,4.0
c964vg,YTA,4.0
c964vg,NTA,3.0
c964vg,ESH,2.0
c964vg,NTA,4.0
c964vg,ESH,4.0
c964vg,NTA,4.0
c964vg,NTA,4.0
c964vg,NTA,2.0
c964vg,ESH,3.0
c964vg,ESH,3.0
c964vg,ESH,2.0
c964vg,ESH,4.0
c964vg,NTA,4.0
c964vg,NTA,4.0
c964vg,ESH,2.0
c964vg,YTA,4.0
c964vg,ESH,3.0
c964vg,ESH,3.0
c964vg,NTA,4.0
c964vg,ESH,3.0
c964vg,ESH,4.0
c964vg,YTA,4.0
c964vg,ESH,2.0
c964vg,NTA,4.0
c964vg,NTA,4.0
c964vg,ESH,4.0
c964vg,NTA,4.0
c964vg,NTA,4.0
c964vg,NTA,4.0
c964vg,ESH,2.0
c964vg,NTA,4.0
c964vg,NTA,4.0
c964vg,NTA,4.0
c964vg,NTA,4.0
c964vg,NTA,4.0
c964vg,ESH,2.0
c964vg,ESH,4.0
c964vg,NTA,4.0
c964vg,NTA,4.0
c964vg,NTA,4.0
c964vg,NTA,4.0
c964vg,ESH,2.0
c964vg,NTA,4.0
c964vg,NTA,4.0
c964vg,ESH,4.0
c964vg,YTA,4.0
c964vg,NTA,4.0
c964vg,NTA,4.0
c964vg,NTA,4.0
c964vg,NTA,4.0
c964vg,NTA,4.0
c964vg,ESH,2.0
c964vg,YTA,4.0
c964vg,ESH,2.0
c964vg,YTA,4.0
c964vg,YTA,4.0
c964vg,NTA,4.0
c964vg,NTA,4.0
c964vg,YTA,4.0
c964vg,NTA,4.0
c964vg,NTA,4.0
c964vg,ESH,2.0
c964vg,YTA,3.0
c964vg,ESH,2.0
c964vg,NTA,4.0
c964vg,ESH,4.0
c964vg,NTA,4.0
c964vg,YTA,4.0
c964vg,NTA,4.0
c964vg,NTA,4.0
c964vg,NTA,4.0
c964vg,NTA,4.0
c964vg,NTA,4.0
c964vg,ESH,2.0
c964vg,NTA,4.0
c964vg,YTA,4.0
c964vg,YTA,4.0
c964vg,NTA,4.0
c964vg,NTA,4.0
c964vg,ESH,2.0
c964vg,NTA,4.0
c964vg,NTA,4.0
c964vg,NTA,4.0
c964vg,NTA,4.0
c964vg,NTA,4.0
c964vg,NTA,4.0
c964vg,YTA,4.0
c964vg,NTA,4.0
c964vg,NTA,4.0
c964vg,NTA,4.0
c964vg,ESH,4.0
c964vg,NTA,4.0
c964vg,NTA,4.0
c964vg,NTA,4.0
c964vg,NTA,4.0
c964vg,NTA,4.0
c964vg,ESH,2.0
c964vg,NTA,4.0
c964vg,ESH,3.0
cd8fgp,NAH,3.0
cd8fgp,NAH,4.0
cd8fgp,YTA,4.0
cd8fgp,YTA,4.0
cd8fgp,NTA,4.0
cd8fgp,YTA,4.0
cd8fgp,YTA,4.0
cd8fgp,YTA,4.0
cd8fgp,YTA,4.0
cd8fgp,NAH,4.0
cd8fgp,NAH,4.0
cd8fgp,NAH,3.0
cd8fgp,YTA,4.0
cd8fgp,NTA,4.0
cd8fgp,NTA,4.0
cd8fgp,NAH,3.0
cd8fgp,YTA,4.0
cd8fgp,YTA,4.0
cd8fgp,NTA,4.0
cd8fgp,YTA,4.0
cd8fgp,NAH,4.0
cd8fgp,NAH,4.0
cd8fgp,NTA,3.0
cd8fgp,YTA,4.0
cd8fgp,NTA,4.0
cd8fgp,ESH,4.0
cd8fgp,YTA,4.0
cd8fgp,NTA,4.0
cd8fgp,NAH,1.0
cd8fgp,YTA,3.0
cd8fgp,YTA,4.0
cd8fgp,YTA,4.0
cd8fgp,NTA,4.0
cd8fgp,NTA,4.0
cd8fgp,YTA,4.0
cd8fgp,NAH,4.0
cd8fgp,YTA,4.0
cd8fgp,YTA,1.0
cd8fgp,NAH,3.0
cd8fgp,YTA,4.0
cd8fgp,YTA,4.0
cd8fgp,NAH,4.0
cd8fgp,NAH,4.0
cd8fgp,NTA,4.0
cd8fgp,NAH,4.0
cd8fgp,NTA,4.0
cd8fgp,YTA,2.0
cd8fgp,NTA,4.0
cd8fgp,YTA,4.0
cd8fgp,YTA,4.0
cd8fgp,NTA,3.0
cd8fgp,NTA,4.0
cd8fgp,YTA,4.0
cd8fgp,NAH,4.0
cd8fgp,NAH,4.0
cd8fgp,NTA,4.0
cd8fgp,YTA,4.0
cd8fgp,NAH,3.0
cd8fgp,NTA,4.0
cd8fgp,NAH,3.0
cd8fgp,YTA,4.0
cd8fgp,NAH,4.0
cd8fgp,YTA,4.0
cd8fgp,YTA,4.0
cd8fgp,NAH,4.0
cd8fgp,YTA,4.0
cd8fgp,NAH,3.0
cd8fgp,NAH,4.0
cd8fgp,NAH,2.0
cd8fgp,YTA,4.0
cd8fgp,NAH,4.0
cd8fgp,NAH,4.0
cd8fgp,NAH,4.0
cd8fgp,NAH,4.0
chptvk,YTA,4.0
chptvk,NTA,4.0
chptvk,YTA,4.0
chptvk,NTA,4.0
chptvk,NAH,4.0
chptvk,ESH,2.0
chptvk,YTA,3.0
chptvk,NTA,4.0
chptvk,ESH,2.0
chptvk,ESH,2.0
chptvk,NTA,4.0
chptvk,NTA,4.0
chptvk,ESH,3.0
chptvk,ESH,2.0
chptvk,NTA,4.0
chptvk,YTA,4.0
chptvk,YTA,4.0
chptvk,ESH,2.0
chptvk,NTA,4.0
chptvk,NTA,3.0
chptvk,YTA,4.0
chptvk,NTA,4.0
chptvk,NAH,1.0
chptvk,NAH,3.0
chptvk,YTA,4.0
chptvk,ESH,2.0
chptvk,NTA,3.0
chptvk,YTA,4.0
chptvk,NTA,3.0
chptvk,NTA,4.0
chptvk,NTA,4.0
chptvk,YTA,4.0
chptvk,YTA,4.0
chptvk,YTA,4.0
chptvk,NTA,4.0
chptvk,NAH,3.0
chptvk,NTA,3.0
chptvk,NTA,4.0
chptvk,NTA,4.0
chptvk,NTA,4.0
chptvk,YTA,4.0
chptvk,ESH,2.0
chptvk,NTA,4.0
chptvk,NAH,3.0
chptvk,NTA,4.0
chptvk,YTA,4.0
chptvk,ESH,3.0
chptvk,NTA,4.0
chptvk,ESH,2.0
chptvk,ESH,2.0
chptvk,ESH,
chptvk,NTA,4.0
chptvk,NAH,3.0
chptvk,NTA,4.0
chptvk,ESH,2.0
chptvk,YTA,4.0
chptvk,NTA,4.0
chptvk,NAH,3.0
chptvk,YTA,3.0
chptvk,NAH,3.0
chptvk,YTA,3.0
chptvk,NAH,3.0
chptvk,ESH,2.0
chptvk,YTA,4.0
chptvk,ESH,3.0
chptvk,NAH,4.0
chptvk,NTA,4.0
chptvk,NTA,4.0
chptvk,NTA,4.0
chptvk,YTA,4.0
chptvk,NTA,4.0
chptvk,ESH,3.0
chptvk,YTA,4.0
chptvk,NTA,4.0
chptvk,NTA,3.0
chptvk,ESH,2.0
chptvk,NTA,4.0
chptvk,NTA,4.0
chptvk,YTA,4.0
chptvk,YTA,4.0
chptvk,NTA,4.0
chptvk,ESH,2.0
chptvk,NTA,3.0
chptvk,NTA,4.0
chptvk,YTA,4.0
chptvk,YTA,4.0
chptvk,ESH,4.0
chptvk,YTA,4.0
chptvk,NTA,4.0
chptvk,YTA,4.0
chptvk,NTA,4.0
chptvk,YTA,4.0
chptvk,NTA,4.0
chptvk,ESH,4.0
chptvk,NAH,3.0
chptvk,NTA,4.0
chptvk,NTA,4.0
chptvk,NAH,3.0
chptvk,YTA,4.0
chptvk,NTA,4.0
chptvk,ESH,4.0
chptvk,NAH,4.0
chptvk,NTA,4.0
chptvk,NTA,4.0
chptvk,ESH,2.0
chptvk,ESH,4.0
chptvk,NAH,3.0
chptvk,ESH,4.0
chptvk,NTA,4.0
chptvk,YTA,4.0
chptvk,NTA,4.0
chptvk,ESH,2.0
chptvk,ESH,2.0
chptvk,YTA,4.0
chptvk,YTA,3.0
chptvk,NTA,4.0
chptvk,NTA,4.0
chptvk,NTA,4.0
chptvk,NTA,4.0
chptvk,NTA,3.0
chptvk,ESH,3.0
chptvk,ESH,2.0
chptvk,NTA,4.0
chptvk,NTA,4.0
chptvk,NTA,4.0
chptvk,NTA,4.0
chptvk,YTA,4.0
chptvk,NTA,4.0
chptvk,ESH,4.0
chptvk,NTA,4.0
chptvk,NTA,4.0
chptvk,YTA,4.0
chptvk,ESH,2.0
chptvk,NTA,4.0
chptvk,NTA,3.0
chptvk,YTA,4.0
chptvk,NTA,4.0
chptvk,NTA,4.0
chptvk,YTA,4.0
chptvk,ESH,2.0
chptvk,NTA,4.0
chptvk,ESH,2.0
chptvk,YTA,4.0
chptvk,NTA,4.0
chptvk,NTA,4.0
chptvk,YTA,3.0
chptvk,ESH,4.0
chptvk,NTA,3.0
chptvk,ESH,4.0
chptvk,NTA,3.0
chswxi,YTA,4.0
chswxi,YTA,4.0
chswxi,YTA,4.0
chswxi,YTA,4.0
chswxi,NAH,3.0
chswxi,ESH,2.0
chswxi,NAH,4.0
chswxi,YTA,4.0
chswxi,NAH,3.0
chswxi,NAH,3.0
chswxi,NAH,4.0
chswxi,NAH,3.0
chswxi,YTA,4.0
chswxi,NAH,4.0
chswxi,NAH,3.0
chswxi,YTA,4.0
chswxi,YTA,4.0
chswxi,NAH,4.0
chswxi,NAH,4.0
chswxi,NAH,4.0
chswxi,YTA,4.0
chswxi,YTA,3.0
chswxi,NTA,4.0
chswxi,NAH,3.0
chswxi,NAH,3.0
chswxi,NTA,4.0
chswxi,NAH,3.0
chswxi,NAH,3.0
chswxi,NAH,3.0
chswxi,NTA,4.0
chswxi,YTA,3.0
chswxi,NTA,3.0
chswxi,YTA,3.0
chswxi,NAH,3.0
chswxi,NAH,3.0
chswxi,NAH,2.0
chswxi,NTA,4.0
chswxi,NAH,4.0
chswxi,NTA,3.0
chswxi,YTA,3.0
chswxi,YTA,4.0
chswxi,NAH,4.0
chswxi,YTA,4.0
chswxi,NAH,4.0
chswxi,YTA,4.0
chswxi,NAH,4.0
chswxi,NAH,4.0
chswxi,YTA,3.0
chswxi,NAH,3.0
chswxi,NTA,4.0
chswxi,YTA,4.0
chswxi,YTA,4.0
chswxi,NTA,4.0
chswxi,NTA,3.0
chswxi,NAH,3.0
chswxi,NAH,3.0
chswxi,NTA,4.0
chswxi,YTA,4.0
chswxi,YTA,3.0
chswxi,NTA,3.0
chswxi,NTA,4.0
chswxi,NTA,4.0
chswxi,NAH,4.0
chswxi,NTA,4.0
chswxi,NAH,3.0
chswxi,NAH,4.0
chswxi,YTA,4.0
chswxi,NTA,4.0
chswxi,YTA,4.0
chswxi,NAH,3.0
chswxi,YTA,4.0
chswxi,NAH,4.0
chswxi,YTA,4.0
chswxi,YTA,4.0
chswxi,NAH,4.0
chswxi,NTA,4.0
chswxi,YTA,1.0
chswxi,NAH,3.0
chswxi,YTA,4.0
chswxi,NTA,4.0
chswxi,NAH,4.0
chswxi,ESH,2.0
chswxi,NAH,3.0
chswxi,NAH,3.0
chswxi,YTA,4.0
chswxi,NTA,3.0
chswxi,YTA,4.0
chswxi,YTA,4.0
chswxi,YTA,4.0
chswxi,NAH,4.0
chswxi,NTA,4.0
chswxi,NAH,3.0
chswxi,NAH,4.0
chswxi,YTA,3.0
chswxi,NTA,4.0
chswxi,YTA,4.0
chswxi,NAH,3.0
chswxi,NAH,3.0
chswxi,NAH,4.0
chswxi,YTA,4.0
chswxi,YTA,4.0
chswxi,NAH,3.0
chswxi,NTA,4.0
chswxi,NTA,4.0
chswxi,NAH,1.0
chswxi,YTA,4.0
chswxi,NTA,4.0
chswxi,NTA,4.0
chswxi,YTA,4.0
chswxi,YTA,4.0
chswxi,NAH,3.0
chswxi,NAH,4.0
chswxi,NAH,3.0
chswxi,NAH,2.0
chswxi,NTA,3.0
chswxi,NAH,4.0
chswxi,NAH,4.0
chswxi,NAH,4.0
chswxi,NAH,4.0
chswxi,NAH,3.0
chswxi,NTA,4.0
chswxi,NAH,3.0
chswxi,NTA,4.0
chswxi,NAH,3.0
chswxi,NAH,4.0
chswxi,YTA,4.0
chswxi,YTA,4.0
chswxi,YTA,3.0
chswxi,YTA,4.0
chswxi,YTA,4.0
chswxi,YTA,4.0
chswxi,YTA,4.0
chswxi,YTA,4.0
chswxi,YTA,4.0
chswxi,NAH,2.0
chswxi,YTA,4.0
chswxi,NAH,2.0
chswxi,NAH,3.0
chswxi,YTA,4.0
chswxi,YTA,4.0
chswxi,NAH,3.0
chswxi,NTA,4.0
chswxi,NAH,4.0
chswxi,NAH,4.0
chswxi,NAH,4.0
chswxi,NTA,4.0
chswxi,NAH,3.0
chswxi,NTA,4.0
chswxi,NAH,4.0
chswxi,YTA,3.0
chswxi,NTA,4.0
chswxi,NAH,3.0
chswxi,YTA,4.0
chswxi,YTA,4.0
chswxi,NAH,3.0
chswxi,NAH,3.0
chswxi,NTA,4.0
chswxi,YTA,4.0
chswxi,NAH,4.0
chswxi,NAH,3.0
chswxi,YTA,4.0
chswxi,ESH,2.0
cibhb1,YTA,4.0
cibhb1,YTA,4.0
cibhb1,NTA,4.0
cibhb1,YTA,4.0
cibhb1,YTA,4.0
cibhb1,YTA,4.0
cibhb1,YTA,4.0
cibhb1,YTA,4.0
cibhb1,NTA,4.0
cibhb1,NTA,3.0
cibhb1,YTA,3.0
cibhb1,NTA,3.0
cibhb1,NTA,4.0
cibhb1,NTA,4.0
cibhb1,YTA,4.0
cibhb1,NTA,4.0
cibhb1,YTA,4.0
cibhb1,YTA,4.0
cibhb1,YTA,4.0
cibhb1,NTA,3.0
cibhb1,NTA,4.0
cibhb1,NTA,4.0
cibhb1,YTA,4.0
cibhb1,NTA,4.0
cibhb1,YTA,4.0
cibhb1,NTA,4.0
cibhb1,YTA,4.0
cibhb1,YTA,4.0
cibhb1,NTA,4.0
cibhb1,NTA,3.0
cibhb1,ESH,2.0
cibhb1,NTA,4.0
cibhb1,NTA,4.0
cibhb1,NTA,4.0
cibhb1,YTA,4.0
cibhb1,YTA,4.0
cibhb1,NAH,3.0
cibhb1,NTA,3.0
cibhb1,YTA,4.0
cibhb1,YTA,3.0
cibhb1,YTA,4.0
cibhb1,NTA,4.0
cibhb1,NTA,4.0
cibhb1,NTA,4.0
cibhb1,NTA,4.0
cibhb1,YTA,4.0
cibhb1,NTA,4.0
cibhb1,NTA,4.0
cibhb1,YTA,4.0
cibhb1,YTA,4.0
cibhb1,NTA,3.0
cibhb1,NTA,4.0
cibhb1,NTA,4.0
cibhb1,NTA,4.0
cibhb1,YTA,4.0
cibhb1,NTA,4.0
cibhb1,NTA,4.0
cibhb1,NTA,4.0
cibhb1,NTA,3.0
cibhb1,NTA,4.0
cibhb1,NTA,4.0
cibhb1,YTA,4.0
cibhb1,NTA,4.0
cibhb1,YTA,3.0
cibhb1,NTA,2.0
cibhb1,NTA,4.0
cuje5c,YTA,4.0
cuje5c,NTA,4.0
cuje5c,NTA,4.0
cuje5c,NTA,4.0
cuje5c,YTA,4.0
cuje5c,YTA,4.0
cuje5c,YTA,4.0
cuje5c,NTA,4.0
cuje5c,NTA,4.0
cuje5c,ESH,4.0
cuje5c,NTA,4.0
cuje5c,NTA,4.0
cuje5c,NTA,4.0
cuje5c,NTA,4.0
cuje5c,NTA,4.0
cuje5c,NTA,4.0
cuje5c,YTA,4.0
cuje5c,NTA,3.0
cuje5c,NTA,4.0
cuje5c,NTA,4.0
cuje5c,NTA,4.0
cuje5c,NTA,4.0
cuje5c,NTA,4.0
cuje5c,ESH,
cuje5c,NTA,3.0
cuje5c,NTA,4.0
cuje5c,NTA,4.0
cuje5c,YTA,4.0
cuje5c,ESH,3.0
cuje5c,NTA,4.0
cuje5c,YTA,2.0
cuje5c,NTA,4.0
cuje5c,NTA,4.0
cuje5c,NTA,4.0
cuje5c,YTA,4.0
cuje5c,NTA,4.0
cuje5c,NTA,4.0
cuje5c,YTA,4.0
cuje5c,NTA,4.0
cuje5c,YTA,4.0
cuje5c,NTA,4.0
cuje5c,NTA,4.0
cuje5c,ESH,4.0
cuje5c,NTA,4.0
cuje5c,NTA,4.0
cuje5c,NTA,4.0
cuje5c,NTA,4.0
cuje5c,YTA,4.0
cuje5c,YTA,4.0
cuje5c,YTA,4.0
cuje5c,NTA,4.0
cuje5c,NAH,3.0
cuje5c,YTA,4.0
cuje5c,YTA,4.0
cuje5c,NTA,4.0
cuje5c,YTA,4.0
cuje5c,YTA,4.0
cuje5c,NTA,4.0
cuje5c,YTA,4.0
cuje5c,NTA,4.0
cuje5c,YTA,4.0
cuje5c,NTA,4.0
cuje5c,NTA,4.0
cuje5c,YTA,4.0
cuje5c,ESH,3.0
cuje5c,NTA,4.0
cuje5c,NTA,4.0
cuje5c,YTA,4.0
cuje5c,NTA,4.0
cuje5c,NTA,4.0
cuje5c,NTA,
cuje5c,NTA,4.0
cuje5c,NTA,4.0
cuje5c,YTA,4.0
cuje5c,YTA,4.0
cuje5c,NTA,4.0
cuje5c,NTA,4.0
cuje5c,NAH,4.0
cuje5c,NTA,4.0
cuje5c,YTA,4.0
cuje5c,NTA,4.0
cuje5c,NTA,3.0
cuje5c,YTA,2.0
cuje5c,NTA,4.0
cuje5c,NTA,4.0
cuje5c,YTA,4.0
cuje5c,YTA,4.0
cuje5c,ESH,4.0
cuje5c,YTA,4.0
cuje5c,NTA,1.0
cuje5c,YTA,4.0
cuje5c,ESH,2.0
cuje5c,NTA,4.0
cuje5c,NTA,4.0
cuje5c,NTA,4.0
cuje5c,YTA,4.0
cuje5c,NTA,4.0
cuje5c,NTA,4.0
cuje5c,NTA,4.0
cuje5c,NTA,4.0
cuje5c,NTA,4.0
cuje5c,NTA,4.0
cuje5c,NTA,4.0
cuje5c,ESH,4.0
cuje5c,ESH,2.0
cuje5c,NTA,4.0
cuje5c,NTA,4.0
cuje5c,NTA,4.0
cuje5c,NTA,4.0
cuje5c,NTA,4.0
cuje5c,NTA,4.0
cuje5c,YTA,4.0
cuje5c,YTA,4.0
cuje5c,NTA,4.0
cuje5c,YTA,4.0
cuje5c,YTA,2.0
cuje5c,NAH,2.0
cuje5c,YTA,4.0
cuje5c,NTA,4.0
cuje5c,NTA,4.0
cuje5c,YTA,4.0
cuje5c,NTA,4.0
cuje5c,NTA,4.0
cuje5c,NTA,4.0
cuje5c,YTA,4.0
cuje5c,NTA,4.0
cuje5c,NTA,4.0
cuje5c,NTA,4.0
cuje5c,YTA,4.0
cuje5c,NTA,4.0
cuje5c,NTA,4.0
cuje5c,YTA,4.0
cuje5c,YTA,4.0
cuje5c,YTA,4.0
cuje5c,NTA,4.0
cuje5c,NTA,4.0
cuje5c,NTA,4.0
cuje5c,NTA,4.0
cuje5c,NTA,4.0
cuje5c,YTA,4.0
cuje5c,NTA,4.0
cuje5c,NTA,4.0
cuje5c,YTA,4.0
cuje5c,NTA,4.0
cuje5c,NTA,4.0
cuje5c,NTA,4.0
cuje5c,NTA,4.0
cuje5c,YTA,4.0
cusnpp,YTA,4.0
cusnpp,YTA,4.0
cusnpp,YTA,4.0
cusnpp,YTA,4.0
cusnpp,YTA,3.0
cusnpp,YTA,4.0
cusnpp,YTA,4.0
cusnpp,YTA,4.0
cusnpp,YTA,3.0
cusnpp,NTA,3.0
cusnpp,YTA,4.0
cusnpp,NTA,4.0
cusnpp,YTA,3.0
cusnpp,YTA,4.0
cusnpp,YTA,4.0
cusnpp,YTA,3.0
cusnpp,NTA,3.0
cusnpp,NTA,4.0
cusnpp,NTA,3.0
cusnpp,YTA,4.0
cusnpp,YTA,4.0
cusnpp,NAH,2.0
cusnpp,NAH,3.0
cusnpp,NTA,4.0
cusnpp,YTA,3.0
cusnpp,NTA,4.0
cusnpp,NAH,3.0
cusnpp,NAH,3.0
cusnpp,YTA,4.0
cusnpp,YTA,4.0
cusnpp,NAH,2.0
cusnpp,YTA,4.0
cusnpp,YTA,4.0
cusnpp,NAH,3.0
cusnpp,YTA,4.0
cusnpp,YTA,4.0
cusnpp,YTA,3.0
cusnpp,NAH,3.0
cusnpp,NAH,2.0
cusnpp,NAH,3.0
cusnpp,NTA,3.0
cusnpp,YTA,4.0
cusnpp,NTA,4.0
cusnpp,NAH,4.0
cusnpp,NTA,4.0
cusnpp,YTA,2.0
cusnpp,NTA,3.0
cusnpp,YTA,4.0
cusnpp,NTA,3.0
cusnpp,YTA,4.0
cusnpp,NAH,3.0
cusnpp,YTA,4.0
cusnpp,NTA,3.0
cusnpp,NAH,2.0
cusnpp,NTA,3.0
cusnpp,NTA,4.0
cusnpp,YTA,4.0
cusnpp,NTA,3.0
cusnpp,YTA,4.0
cusnpp,YTA,2.0
cusnpp,NAH,2.0
cusnpp,NTA,3.0
cusnpp,YTA,4.0
cusnpp,NAH,3.0
cusnpp,NTA,4.0
cusnpp,NTA,4.0
cusnpp,NAH,3.0
cusnpp,NTA,3.0
cusnpp,YTA,3.0
cusnpp,NAH,3.0
cusnpp,NTA,4.0
cusnpp,NTA,4.0
cusnpp,NAH,3.0
cusnpp,YTA,4.0
cusnpp,NTA,4.0
cusnpp,NTA,3.0
cusnpp,NTA,3.0
cusnpp,ESH,1.0
cusnpp,ESH,3.0
cusnpp,NAH,3.0
cusnpp,NTA,4.0
cusnpp,NTA,4.0
cusnpp,NTA,4.0
cusnpp,YTA,3.0
cusnpp,YTA,3.0
cusnpp,NAH,3.0
cusnpp,YTA,4.0
cusnpp,YTA,4.0
cusnpp,NTA,3.0
cusnpp,YTA,4.0
cusnpp,NTA,4.0
cusnpp,NTA,3.0
cusnpp,NTA,4.0
cusnpp,NTA,4.0
cusnpp,NTA,4.0
cusnpp,NTA,4.0
cusnpp,NAH,2.0
cusnpp,NTA,4.0
cusnpp,YTA,3.0
cusnpp,NTA,4.0
cusnpp,YTA,4.0
cusnpp,NTA,4.0
cusnpp,NTA,4.0
cusnpp,NAH,3.0
cusnpp,YTA,3.0
cusnpp,NTA,3.0
cusnpp,YTA,3.0
cusnpp,NTA,3.0
cusnpp,NAH,3.0
cusnpp,YTA,3.0
cusnpp,YTA,3.0
cusnpp,YTA,2.0
cusnpp,YTA,4.0
cusnpp,NAH,3.0
cusnpp,NTA,4.0
cusnpp,YTA,3.0
cusnpp,YTA,3.0
cusnpp,YTA,4.0
cusnpp,NAH,3.0
cusnpp,NTA,4.0
cusnpp,YTA,2.0
cusnpp,YTA,2.0
cusnpp,NTA,3.0
cusnpp,ESH,4.0
cusnpp,NTA,4.0
cusnpp,NAH,3.0
cusnpp,NTA,3.0
cusnpp,NTA,3.0
cusnpp,ESH,2.0
cusnpp,YTA,3.0
cusnpp,YTA,4.0
cusnpp,YTA,3.0
cusnpp,NTA,4.0
cusnpp,YTA,3.0
cusnpp,YTA,4.0
cusnpp,NTA,3.0
cusnpp,NTA,4.0
cusnpp,YTA,4.0
cusnpp,NAH,3.0
cusnpp,YTA,2.0
cusnpp,NTA,3.0
cusnpp,YTA,4.0
cusnpp,YTA,4.0
cusnpp,YTA,3.0
cusnpp,YTA,3.0
cusnpp,NTA,3.0
cusnpp,NTA,4.0
cusnpp,YTA,3.0
cusnpp,YTA,4.0
cusnpp,YTA,4.0
cusnpp,NTA,3.0
cusnpp,NTA,4.0
cusnpp,YTA,4.0
cusnpp,NTA,3.0
cusnpp,NTA,4.0
cusnpp,YTA,3.0
cusnpp,NTA,4.0
cusnpp,NTA,3.0
cusnpp,YTA,4.0
cusnpp,YTA,3.0
cusnpp,NAH,3.0
cusnpp,YTA,4.0
cusnpp,NAH,2.0
cusnpp,YTA,2.0
cusnpp,NTA,4.0
cusnpp,NTA,3.0
cusnpp,NTA,3.0
cusnpp,YTA,3.0
cusnpp,NTA,2.0
cusnpp,NTA,4.0
cusnpp,NAH,4.0
cusnpp,YTA,4.0
cusnpp,NAH,3.0
cusnpp,NTA,3.0
cusnpp,ESH,2.0
cusnpp,NTA,4.0
cusnpp,NTA,3.0
cusnpp,NTA,4.0
cusnpp,NTA,3.0
cusnpp,YTA,4.0
cusnpp,NAH,3.0
cusnpp,NTA,3.0
cusnpp,NTA,3.0
cusnpp,NTA,3.0
cusnpp,NAH,3.0
cusnpp,YTA,3.0
cusnpp,NTA,3.0
cusnpp,YTA,2.0
cusnpp,NTA,4.0
cusnpp,ESH,2.0
cusnpp,YTA,2.0
cusnpp,NTA,4.0
cusnpp,NAH,4.0
cusnpp,YTA,3.0
cusnpp,ESH,2.0
cusnpp,ESH,2.0
cusnpp,NTA,3.0
cusnpp,NAH,3.0
cusnpp,NAH,3.0
cusnpp,NTA,3.0
cusnpp,YTA,3.0
cusnpp,NTA,3.0
cusnpp,YTA,2.0
cusnpp,NTA,4.0
cusnpp,NAH,3.0
cusnpp,YTA,3.0
cusnpp,YTA,4.0
cusnpp,YTA,4.0
cusnpp,NAH,2.0
cusnpp,YTA,4.0
cusnpp,YTA,4.0
cusnpp,YTA,4.0
cusnpp,YTA,4.0
cusnpp,NAH,3.0
cusnpp,NTA,3.0
cusnpp,NAH,3.0
cusnpp,NTA,4.0
cusnpp,YTA,3.0
cusnpp,NTA,2.0
cusnpp,NAH,3.0
cusnpp,NTA,4.0
cusnpp,YTA,3.0
cusnpp,NAH,3.0
cusnpp,YTA,4.0
cusnpp,NTA,4.0
cusnpp,YTA,4.0
cusnpp,NAH,3.0
cusnpp,NTA,4.0
cusnpp,NAH,3.0
cusnpp,NTA,3.0
cusnpp,YTA,4.0
cusnpp,NAH,3.0
cusnpp,NTA,3.0
cusnpp,NTA,4.0
cusnpp,NTA,3.0
cusnpp,YTA,4.0
cusnpp,YTA,4.0
cusnpp,ESH,2.0
cusnpp,NTA,3.0
cusnpp,YTA,4.0
cusnpp,YTA,4.0
cusnpp,ESH,3.0
cusnpp,YTA,4.0
cusnpp,NTA,3.0
cusnpp,YTA,3.0
cusnpp,YTA,4.0
cusnpp,NTA,4.0
cusnpp,YTA,2.0
cusnpp,NTA,4.0
cusnpp,NTA,4.0
cusnpp,NTA,4.0
cusnpp,YTA,3.0
cusnpp,YTA,3.0
cusnpp,NTA,3.0
cusnpp,NTA,4.0
cusnpp,NTA,4.0
cusnpp,YTA,4.0
cusnpp,YTA,4.0
cusnpp,NTA,4.0
cusnpp,YTA,4.0
cusnpp,NTA,3.0
cusnpp,YTA,2.0
cusnpp,NTA,1.0
cusnpp,NAH,3.0
cusnpp,YTA,4.0
cusnpp,NTA,4.0
cusnpp,YTA,3.0
cusnpp,YTA,4.0
cusnpp,NTA,4.0
cusnpp,NTA,3.0
cusnpp,NTA,4.0
cusnpp,YTA,4.0
cusnpp,NTA,4.0
cusnpp,NTA,3.0
cusnpp,YTA,2.0
cusnpp,NTA,4.0
cusnpp,NAH,2.0
cusnpp,YTA,4.0
cusnpp,NTA,4.0
cusnpp,NTA,3.0
cusnpp,NAH,3.0
cusnpp,NTA,4.0
cusnpp,NTA,4.0
cusnpp,NTA,4.0
cusnpp,YTA,4.0
cusnpp,NTA,4.0
cusnpp,YTA,3.0
cusnpp,NTA,4.0
cusnpp,NTA,4.0
cusnpp,YTA,3.0
cusnpp,YTA,3.0
cusnpp,YTA,4.0
cusnpp,NAH,3.0
cusnpp,NTA,4.0
cusnpp,NAH,2.0
cusnpp,YTA,4.0
cusnpp,YTA,4.0
cusnpp,NTA,3.0
cusnpp,YTA,4.0
cusnpp,YTA,4.0
cusnpp,YTA,4.0
cusnpp,NTA,3.0
cusnpp,NTA,4.0
cusnpp,NAH,3.0
cusnpp,YTA,2.0
cusnpp,NTA,4.0
cusnpp,NAH,4.0
cusnpp,YTA,3.0
cusnpp,YTA,3.0
cusnpp,NTA,4.0
cusnpp,YTA,3.0
cusnpp,NTA,3.0
cusnpp,YTA,4.0
cusnpp,NTA,4.0
cusnpp,NTA,4.0
cusnpp,NTA,3.0
cusnpp,NTA,4.0
cusnpp,YTA,4.0
cusnpp,YTA,4.0
cusnpp,NTA,4.0
cusnpp,NTA,4.0
cusnpp,ESH,2.0
cusnpp,YTA,4.0
cusnpp,NTA,3.0
cusnpp,YTA,4.0
cusnpp,NTA,3.0
cusnpp,YTA,3.0
cusnpp,NTA,3.0
cusnpp,YTA,3.0
cusnpp,NTA,4.0
cusnpp,NAH,2.0
cusnpp,YTA,3.0
cusnpp,YTA,4.0
cusnpp,YTA,4.0
cusnpp,YTA,4.0
cusnpp,YTA,4.0
cusnpp,ESH,4.0
cusnpp,YTA,4.0
cusnpp,NTA,4.0
cusnpp,NTA,3.0
cusnpp,ESH,2.0
cusnpp,NTA,4.0
cusnpp,YTA,4.0
cusnpp,NTA,3.0
cusnpp,NTA,4.0
cusnpp,NTA,4.0
cusnpp,NAH,3.0
cusnpp,YTA,3.0
cusnpp,YTA,4.0
cusnpp,NTA,4.0
cusnpp,YTA,4.0
cusnpp,YTA,2.0
cusnpp,YTA,4.0
cusnpp,NTA,3.0
cusnpp,NTA,3.0
cusnpp,NTA,4.0
cusnpp,YTA,4.0
cusnpp,YTA,4.0
cusnpp,YTA,4.0
cusnpp,NAH,3.0
cusnpp,NTA,3.0
cusnpp,YTA,3.0
cusnpp,NTA,4.0
cusnpp,NAH,3.0
cusnpp,NTA,4.0
cusnpp,YTA,4.0
cusnpp,YTA,3.0
cusnpp,YTA,4.0
cusnpp,YTA,4.0
cusnpp,NAH,3.0
cusnpp,YTA,4.0
cusnpp,YTA,3.0
cusnpp,NTA,4.0
cusnpp,NAH,3.0
cusnpp,NAH,4.0
cusnpp,YTA,3.0
cusnpp,NTA,3.0
cusnpp,NAH,4.0
cusnpp,YTA,4.0
cusnpp,NTA,4.0
cusnpp,NTA,3.0
cusnpp,YTA,4.0
cusnpp,YTA,4.0
cusnpp,NAH,3.0
cusnpp,NTA,4.0
cusnpp,NTA,4.0
cusnpp,NAH,3.0
cusnpp,NTA,4.0
cusnpp,YTA,4.0
cusnpp,NTA,4.0
cusnpp,YTA,4.0
cusnpp,YTA,2.0
cusnpp,YTA,4.0
cusnpp,NTA,4.0
cusnpp,NTA,4.0
cusnpp,YTA,4.0
cusnpp,YTA,4.0
cusnpp,NTA,4.0
cusnpp,NTA,3.0
cusnpp,YTA,3.0
cusnpp,NTA,4.0
cusnpp,NTA,3.0
cusnpp,YTA,4.0
cusnpp,NTA,4.0
cusnpp,YTA,4.0
cusnpp,YTA,4.0
cusnpp,NTA,2.0
cusnpp,NAH,3.0
cusnpp,NTA,4.0
cusnpp,YTA,3.0
cusnpp,NAH,3.0
cusnpp,YTA,2.0
cusnpp,NTA,3.0
cusnpp,NTA,4.0
cusnpp,NTA,4.0
cusnpp,YTA,4.0
cusnpp,NTA,4.0
cusnpp,YTA,3.0
cusnpp,YTA,2.0
cusnpp,NTA,4.0
cusnpp,YTA,3.0
cusnpp,YTA,4.0
cusnpp,NTA,4.0
cusnpp,YTA,4.0
cusnpp,YTA,2.0
cusnpp,YTA,4.0
cusnpp,YTA,3.0
cusnpp,NTA,4.0
cusnpp,NTA,3.0
cusnpp,YTA,4.0
cusnpp,NTA,4.0
cusnpp,YTA,4.0
cusnpp,NTA,4.0
cusnpp,NTA,4.0
cusnpp,NTA,4.0
cusnpp,NAH,3.0
cusnpp,YTA,4.0
cusnpp,YTA,3.0
cusnpp,ESH,3.0
cusnpp,YTA,4.0
cusnpp,NTA,3.0
cusnpp,NTA,3.0
cusnpp,YTA,2.0
cusnpp,YTA,4.0
cusnpp,NTA,4.0
cusnpp,NTA,3.0
cusnpp,NTA,3.0
cusnpp,NTA,3.0
cusnpp,NTA,3.0
cusnpp,YTA,4.0
cusnpp,NTA,3.0
cusnpp,NTA,4.0
cusnpp,NTA,4.0
cusnpp,NAH,3.0
cusnpp,NTA,4.0
cusnpp,NTA,4.0
cusnpp,NAH,2.0
cusnpp,YTA,3.0
cusnpp,NTA,4.0
cusnpp,YTA,2.0
cusnpp,NTA,4.0
cusnpp,YTA,4.0
cusnpp,YTA,4.0
cusnpp,YTA,4.0
cusnpp,NTA,4.0
cusnpp,NTA,3.0
cusnpp,YTA,4.0
cusnpp,YTA,4.0
cusnpp,NTA,4.0
cusnpp,ESH,3.0
cusnpp,YTA,4.0
cusnpp,YTA,4.0
cusnpp,YTA,3.0
cusnpp,NTA,3.0
cusnpp,ESH,2.0
cusnpp,YTA,4.0
cusnpp,NTA,4.0
cusnpp,NTA,4.0
cusnpp,NAH,2.0
cusnpp,NAH,2.0
cusnpp,NAH,3.0
cusnpp,NTA,4.0
cusnpp,NTA,3.0
cusnpp,NTA,4.0
cusnpp,YTA,4.0
cusnpp,YTA,2.0
cusnpp,YTA,3.0
cusnpp,NTA,4.0
cusnpp,NTA,4.0
cusnpp,NAH,3.0
cusnpp,YTA,4.0
cusnpp,YTA,4.0
cusnpp,NTA,4.0
cusnpp,YTA,3.0
cusnpp,ESH,2.0
cusnpp,YTA,2.0
cusnpp,NTA,4.0
cusnpp,NTA,3.0
cusnpp,NTA,4.0
cusnpp,NTA,3.0
cusnpp,NTA,3.0
cusnpp,NTA,4.0
cusnpp,YTA,3.0
cusnpp,ESH,3.0
cusnpp,NTA,3.0
cusnpp,YTA,4.0
cusnpp,NTA,3.0
cusnpp,YTA,3.0
cusnpp,ESH,3.0
cusnpp,YTA,4.0
cusnpp,NTA,3.0
cusnpp,YTA,4.0
cusnpp,NTA,4.0
cusnpp,YTA,4.0
cusnpp,YTA,3.0
cusnpp,NTA,3.0
cusnpp,NTA,3.0
cusnpp,YTA,3.0
cusnpp,NTA,3.0
cusnpp,NTA,4.0
cusnpp,NTA,4.0
cusnpp,NTA,4.0
cusnpp,NTA,3.0
cusnpp,YTA,4.0
cusnpp,NTA,4.0
cusnpp,NTA,3.0
cusnpp,NTA,3.0
cusnpp,NTA,4.0
cusnpp,NTA,4.0
cusnpp,YTA,4.0
cusnpp,NTA,3.0
cusnpp,YTA,2.0
cusnpp,YTA,3.0
cusnpp,YTA,4.0
cusnpp,NTA,4.0
cusnpp,ESH,2.0
cusnpp,NTA,4.0
cusnpp,YTA,2.0
cusnpp,NTA,4.0
cusnpp,YTA,4.0
cusnpp,YTA,4.0
cusnpp,YTA,4.0
cusnpp,YTA,4.0
cusnpp,YTA,3.0
cusnpp,NTA,3.0
cusnpp,NTA,4.0
cusnpp,NTA,3.0
cusnpp,YTA,3.0
cusnpp,ESH,3.0
cusnpp,NTA,3.0
cusnpp,YTA,3.0
cusnpp,NTA,4.0
cusnpp,NAH,3.0
cusnpp,NTA,4.0
cusnpp,NTA,4.0
cusnpp,YTA,3.0
cusnpp,YTA,4.0
cusnpp,ESH,2.0
cusnpp,YTA,3.0
cusnpp,YTA,3.0
cusnpp,NAH,3.0
cusnpp,YTA,3.0
cusnpp,YTA,4.0
cusnpp,YTA,4.0
cusnpp,NTA,3.0
cusnpp,YTA,4.0
cusnpp,NTA,4.0
cusnpp,NTA,4.0
cusnpp,YTA,3.0
cusnpp,YTA,4.0
cusnpp,NAH,3.0
cusnpp,NAH,3.0
cusnpp,ESH,3.0
cusnpp,NTA,4.0
cusnpp,NAH,3.0
cusnpp,YTA,3.0
cusnpp,ESH,3.0
cusnpp,ESH,3.0
cusnpp,NTA,4.0
cusnpp,YTA,2.0
cusnpp,YTA,2.0
cusnpp,YTA,4.0
cusnpp,YTA,4.0
cusnpp,YTA,3.0
cusnpp,NTA,4.0
cusnpp,YTA,3.0
cusnpp,NTA,3.0
cusnpp,NTA,4.0
cusnpp,YTA,4.0
cusnpp,YTA,4.0
cusnpp,NTA,2.0
cusnpp,NAH,4.0
cusnpp,NTA,4.0
cusnpp,NTA,3.0
cusnpp,YTA,4.0
cusnpp,NTA,3.0
cusnpp,NTA,4.0
cusnpp,NTA,3.0
cusnpp,NAH,3.0
cusnpp,NTA,3.0
cusnpp,NTA,3.0
cusnpp,NTA,4.0
cusnpp,YTA,4.0
cusnpp,YTA,4.0
cusnpp,NTA,4.0
cusnpp,YTA,3.0
cusnpp,NAH,3.0
cusnpp,ESH,2.0
cusnpp,YTA,4.0
cusnpp,YTA,4.0
cusnpp,NTA,3.0
cusnpp,YTA,4.0
cusnpp,NTA,4.0
cusnpp,YTA,3.0
cusnpp,NTA,3.0
cusnpp,YTA,4.0
cusnpp,NTA,4.0
cusnpp,NTA,3.0
cusnpp,NTA,4.0
cusnpp,NTA,3.0
cusnpp,YTA,4.0
cusnpp,NTA,3.0
cusnpp,NAH,3.0
cusnpp,NTA,3.0
cusnpp,NTA,4.0
cusnpp,NTA,4.0
cusnpp,NTA,4.0
cusnpp,YTA,4.0
cusnpp,YTA,3.0
cusnpp,YTA,2.0
cusnpp,NTA,3.0
cusnpp,ESH,3.0
cusnpp,NTA,3.0
cusnpp,NTA,4.0
cusnpp,NTA,4.0
cusnpp,YTA,4.0
cusnpp,NTA,4.0
cusnpp,YTA,4.0
cusnpp,YTA,3.0
cusnpp,YTA,2.0
cusnpp,NAH,2.0
cusnpp,NTA,4.0
cusnpp,YTA,4.0
cusnpp,NTA,4.0
cusnpp,YTA,4.0
cusnpp,NAH,4.0
cusnpp,YTA,4.0
cusnpp,YTA,4.0
cusnpp,YTA,3.0
cusnpp,YTA,4.0
cusnpp,YTA,3.0
cusnpp,NAH,4.0
cusnpp,YTA,4.0
cusnpp,YTA,3.0
cusnpp,NTA,3.0
cusnpp,YTA,4.0
cusnpp,YTA,3.0
cusnpp,YTA,4.0
cusnpp,NTA,1.0
cusnpp,YTA,4.0
cusnpp,NTA,4.0
cusnpp,YTA,4.0
cusnpp,NAH,3.0
cusnpp,YTA,3.0
cusnpp,YTA,4.0
cusnpp,YTA,4.0
cusnpp,NTA,4.0
cusnpp,NTA,4.0
cusnpp,NTA,4.0
cusnpp,NTA,4.0
cusnpp,NTA,2.0
cusnpp,NTA,4.0
cusnpp,NTA,4.0
cusnpp,NTA,4.0
cusnpp,YTA,3.0
cusnpp,NTA,4.0
cusnpp,YTA,4.0
cusnpp,NTA,4.0
cusnpp,YTA,2.0
cusnpp,YTA,4.0
cusnpp,YTA,3.0
cusnpp,ESH,2.0
cusnpp,NTA,4.0
cusnpp,NTA,4.0
cusnpp,YTA,4.0
cusnpp,YTA,4.0
cusnpp,NTA,3.0
cusnpp,NAH,3.0
cusnpp,NAH,2.0
cusnpp,YTA,4.0
cusnpp,NTA,4.0
cusnpp,YTA,3.0
cusnpp,NTA,4.0
cusnpp,NTA,3.0
cusnpp,NAH,3.0
cusnpp,NTA,4.0
cusnpp,NTA,4.0
cusnpp,NTA,4.0
cusnpp,NTA,4.0
cusnpp,YTA,3.0
cusnpp,NAH,3.0
cusnpp,NAH,3.0
cusnpp,NTA,4.0
cusnpp,NTA,3.0
cusnpp,NTA,4.0
cusnpp,YTA,4.0
cusnpp,NTA,3.0
cusnpp,YTA,3.0
cusnpp,NTA,4.0
cusnpp,YTA,4.0
cusnpp,NTA,4.0
cusnpp,NTA,3.0
cusnpp,YTA,4.0
cusnpp,NTA,4.0
cusnpp,ESH,1.0
cusnpp,YTA,4.0
cusnpp,NAH,3.0
cusnpp,NTA,4.0
cusnpp,YTA,4.0
cusnpp,YTA,4.0
cusnpp,YTA,4.0
cusnpp,NTA,4.0
cusnpp,YTA,4.0
cusnpp,NTA,3.0
cusnpp,YTA,4.0
cusnpp,NTA,4.0
cusnpp,NTA,4.0
cusnpp,NTA,3.0
cusnpp,YTA,4.0
cusnpp,YTA,3.0
cusnpp,NTA,3.0
cusnpp,NTA,4.0
cusnpp,NAH,3.0
cusnpp,YTA,4.0
cusnpp,NTA,4.0
cusnpp,NTA,4.0
cusnpp,NAH,3.0
cusnpp,NTA,3.0
cusnpp,NTA,4.0
cusnpp,NTA,4.0
cusnpp,NAH,3.0
cusnpp,YTA,2.0
cusnpp,YTA,4.0
cusnpp,YTA,4.0
cusnpp,YTA,3.0
cusnpp,NTA,4.0
cusnpp,NTA,3.0
cusnpp,NTA,4.0
cusnpp,NTA,3.0
cusnpp,YTA,2.0
cusnpp,NTA,4.0
cusnpp,YTA,4.0
cusnpp,YTA,4.0
cusnpp,NTA,3.0
cusnpp,YTA,4.0
cusnpp,YTA,2.0
cusnpp,YTA,4.0
cusnpp,YTA,2.0
cusnpp,YTA,4.0
cusnpp,NTA,4.0
cusnpp,NAH,2.0
cusnpp,NTA,3.0
cusnpp,NTA,4.0
cusnpp,NTA,4.0
cusnpp,YTA,4.0
cusnpp,NTA,3.0
cusnpp,YTA,4.0
cusnpp,NTA,4.0
cusnpp,NTA,2.0
cusnpp,YTA,2.0
cusnpp,NTA,4.0
cusnpp,NTA,4.0
cusnpp,YTA,4.0
cusnpp,NTA,4.0
cusnpp,NTA,3.0
cusnpp,NTA,4.0
cusnpp,ESH,3.0
cusnpp,YTA,4.0
cusnpp,NTA,4.0
cusnpp,YTA,4.0
cusnpp,YTA,3.0
cusnpp,NTA,3.0
cusnpp,ESH,4.0
cusnpp,YTA,4.0
cusnpp,NTA,4.0
cusnpp,YTA,3.0
cusnpp,YTA,4.0
cusnpp,NTA,4.0
cusnpp,YTA,4.0
cusnpp,YTA,4.0
cusnpp,NTA,4.0
cusnpp,NTA,4.0
cusnpp,YTA,4.0
cusnpp,NTA,3.0
cusnpp,YTA,3.0
cusnpp,YTA,4.0
cusnpp,YTA,3.0
cusnpp,NTA,3.0
cusnpp,NTA,4.0
cusnpp,NTA,3.0
cusnpp,NTA,4.0
cusnpp,NTA,3.0
cusnpp,ESH,3.0
cusnpp,NTA,4.0
cusnpp,NAH,3.0
cusnpp,YTA,3.0
cusnpp,YTA,4.0
cusnpp,YTA,3.0
cusnpp,YTA,4.0
cusnpp,YTA,3.0
cusnpp,YTA,4.0
cusnpp,YTA,4.0
cusnpp,NTA,4.0
cusnpp,NTA,4.0
cusnpp,NTA,3.0
cusnpp,NTA,3.0
cusnpp,NTA,4.0
cusnpp,NAH,2.0
cusnpp,NAH,2.0
cusnpp,ESH,3.0
cusnpp,YTA,4.0
cusnpp,NAH,3.0
cusnpp,YTA,4.0
cusnpp,NTA,4.0
cusnpp,YTA,4.0
cusnpp,NTA,4.0
cusnpp,NTA,3.0
cusnpp,YTA,4.0
cusnpp,YTA,3.0
cusnpp,NTA,4.0
cusnpp,YTA,3.0
cusnpp,YTA,4.0
cusnpp,YTA,4.0
cusnpp,NAH,3.0
cusnpp,NTA,3.0
cusnpp,YTA,4.0
cusnpp,NTA,3.0
cusnpp,NTA,3.0
cusnpp,YTA,3.0
cusnpp,NTA,4.0
cusnpp,NTA,3.0
cusnpp,YTA,2.0
cusnpp,NTA,4.0
cusnpp,NAH,3.0
cusnpp,NTA,3.0
cusnpp,YTA,4.0
cusnpp,NTA,3.0
cusnpp,NTA,4.0
cusnpp,YTA,4.0
cusnpp,NTA,4.0
cusnpp,NTA,4.0
cusnpp,YTA,3.0
cusnpp,YTA,4.0
cusnpp,NTA,4.0
cusnpp,NAH,3.0
cusnpp,YTA,2.0
cusnpp,YTA,4.0
cusnpp,NTA,4.0
cusnpp,YTA,3.0
cusnpp,YTA,4.0
cusnpp,YTA,4.0
cusnpp,NTA,3.0
cusnpp,YTA,3.0
cusnpp,YTA,3.0
cusnpp,NAH,3.0
cusnpp,YTA,4.0
cusnpp,NTA,4.0
cusnpp,NAH,3.0
cusnpp,YTA,3.0
cusnpp,NTA,3.0
cusnpp,NTA,4.0
cusnpp,YTA,3.0
cusnpp,NTA,4.0
cusnpp,NTA,3.0
cusnpp,NTA,4.0
cusnpp,YTA,3.0
cusnpp,NTA,4.0
cusnpp,NTA,4.0
cusnpp,NAH,3.0
cusnpp,YTA,4.0
cusnpp,NTA,4.0
cusnpp,YTA,4.0
cusnpp,NTA,4.0
cusnpp,NTA,4.0
cusnpp,NTA,4.0
cusnpp,YTA,4.0
cusnpp,YTA,4.0
cusnpp,YTA,4.0
cusnpp,NAH,3.0
cusnpp,YTA,4.0
cusnpp,NTA,4.0
cusnpp,NTA,4.0
cusnpp,NTA,4.0
cusnpp,NTA,4.0
cusnpp,YTA,4.0
cusnpp,NTA,4.0
cusnpp,NTA,4.0
cusnpp,NTA,4.0
cusnpp,NTA,3.0
cusnpp,YTA,3.0
cusnpp,NTA,4.0
cusnpp,YTA,4.0
cusnpp,NTA,2.0
cusnpp,NAH,3.0
cusnpp,YTA,3.0
cusnpp,YTA,4.0
cusnpp,NAH,2.0
cusnpp,NTA,4.0
cusnpp,YTA,2.0
cusnpp,NTA,3.0
cusnpp,YTA,4.0
cusnpp,YTA,3.0
cusnpp,YTA,2.0
cusnpp,NTA,2.0
cusnpp,ESH,2.0
cusnpp,NTA,4.0
cusnpp,NTA,3.0
cusnpp,YTA,4.0
cusnpp,YTA,4.0
cusnpp,NTA,4.0
cusnpp,YTA,3.0
cusnpp,NTA,4.0
cusnpp,NTA,4.0
cusnpp,YTA,4.0
cusnpp,NTA,4.0
cusnpp,NTA,4.0
cusnpp,YTA,3.0
cusnpp,NTA,3.0
cusnpp,NTA,4.0
cusnpp,NTA,3.0
cusnpp,NTA,3.0
cusnpp,NAH,3.0
cusnpp,NTA,3.0
cusnpp,NTA,3.0
cusnpp,NTA,4.0
cusnpp,YTA,4.0
cusnpp,YTA,4.0
cusnpp,YTA,2.0
cusnpp,NAH,3.0
cusnpp,YTA,4.0
cusnpp,YTA,4.0
cusnpp,YTA,4.0
cusnpp,YTA,3.0
cusnpp,NTA,3.0
cusnpp,YTA,3.0
cusnpp,NTA,3.0
cusnpp,NTA,4.0
cusnpp,NTA,4.0
cusnpp,YTA,4.0
cusnpp,NTA,3.0
cusnpp,YTA,4.0
cusnpp,NTA,4.0
cusnpp,NTA,4.0
cusnpp,YTA,3.0
cusnpp,NTA,4.0
cusnpp,NTA,4.0
cusnpp,YTA,4.0
cusnpp,NTA,3.0
cusnpp,NTA,4.0
cusnpp,NTA,4.0
cusnpp,YTA,3.0
cusnpp,YTA,4.0
cusnpp,ESH,3.0
cusnpp,NTA,4.0
cusnpp,NTA,3.0
cusnpp,YTA,3.0
cusnpp,NTA,3.0
cusnpp,ESH,3.0
cusnpp,NTA,4.0
cusnpp,YTA,4.0
cusnpp,YTA,2.0
cusnpp,YTA,2.0
cusnpp,YTA,3.0
cusnpp,YTA,4.0
cusnpp,NTA,2.0
cusnpp,YTA,3.0
cusnpp,NTA,4.0
cusnpp,NTA,4.0
cusnpp,NTA,3.0
cusnpp,NTA,3.0
cusnpp,NTA,4.0
cusnpp,YTA,4.0
cusnpp,NTA,4.0
cusnpp,NTA,3.0
cusnpp,YTA,3.0
cusnpp,NTA,3.0
cusnpp,NTA,4.0
cusnpp,NTA,3.0
cusnpp,YTA,4.0
cusnpp,NAH,3.0
cusnpp,YTA,4.0
cusnpp,NTA,4.0
cusnpp,YTA,4.0
cusnpp,NAH,4.0
cusnpp,NTA,3.0
cusnpp,NAH,3.0
cusnpp,YTA,4.0
cusnpp,NAH,2.0
cusnpp,NTA,4.0
cusnpp,YTA,2.0
cusnpp,YTA,4.0
cusnpp,NTA,4.0
cusnpp,YTA,4.0
cusnpp,NTA,3.0
cusnpp,NTA,4.0
cusnpp,NAH,3.0
cusnpp,YTA,4.0
cusnpp,NTA,3.0
cusnpp,YTA,3.0
cusnpp,YTA,3.0
cusnpp,NAH,3.0
cusnpp,NTA,4.0
cusnpp,YTA,4.0
cusnpp,ESH,3.0
cusnpp,NTA,3.0
cusnpp,NTA,4.0
cusnpp,NTA,3.0
cusnpp,NAH,3.0
cusnpp,NTA,4.0
cusnpp,NTA,4.0
cusnpp,NTA,4.0
cusnpp,NTA,3.0
cusnpp,YTA,3.0
cusnpp,YTA,3.0
cusnpp,ESH,2.0
cusnpp,YTA,3.0
cusnpp,NTA,4.0
cusnpp,NTA,4.0
cusnpp,YTA,4.0
cusnpp,YTA,3.0
cusnpp,NTA,3.0
cusnpp,YTA,4.0
cusnpp,YTA,3.0
cusnpp,YTA,3.0
cusnpp,NTA,4.0
cusnpp,YTA,3.0
cusnpp,NAH,3.0
cusnpp,NTA,3.0
cusnpp,YTA,3.0
cusnpp,YTA,4.0
cusnpp,NTA,4.0
cusnpp,YTA,4.0
cusnpp,NTA,3.0
cusnpp,NAH,3.0
cusnpp,NTA,4.0
cusnpp,NTA,4.0
cusnpp,YTA,2.0
cusnpp,NTA,3.0
cusnpp,NTA,4.0
cusnpp,YTA,4.0
cusnpp,YTA,4.0
cusnpp,YTA,3.0
cusnpp,NTA,3.0
cusnpp,NTA,4.0
cusnpp,YTA,4.0
cusnpp,YTA,4.0
cusnpp,YTA,3.0
cusnpp,YTA,4.0
cusnpp,YTA,3.0
cusnpp,YTA,4.0
cusnpp,NAH,3.0
cusnpp,NTA,4.0
cusnpp,YTA,3.0
cusnpp,NTA,4.0
cusnpp,YTA,4.0
cusnpp,NTA,3.0
cusnpp,NAH,3.0
cusnpp,NAH,3.0
cusnpp,NTA,3.0
cusnpp,NAH,4.0
cusnpp,YTA,4.0
cusnpp,NAH,3.0
cusnpp,NTA,4.0
cusnpp,NTA,4.0
cusnpp,YTA,4.0
cusnpp,NTA,3.0
cusnpp,YTA,4.0
cusnpp,YTA,4.0
cusnpp,YTA,2.0
cusnpp,YTA,3.0
cusnpp,NTA,4.0
cusnpp,NTA,3.0
cusnpp,YTA,4.0
cusnpp,YTA,4.0
cusnpp,NTA,4.0
cusnpp,YTA,3.0
cusnpp,NAH,3.0
cusnpp,YTA,4.0
cusnpp,YTA,4.0
cusnpp,NTA,4.0
cusnpp,YTA,3.0
cusnpp,YTA,4.0
cusnpp,NTA,3.0
cusnpp,ESH,3.0
cusnpp,YTA,4.0
cusnpp,YTA,2.0
cusnpp,YTA,2.0
cusnpp,NTA,3.0
cusnpp,NTA,4.0
cusnpp,YTA,4.0
cusnpp,NAH,3.0
cusnpp,YTA,4.0
cusnpp,NTA,3.0
cusnpp,NTA,3.0
cusnpp,NTA,4.0
cusnpp,YTA,3.0
cusnpp,YTA,3.0
cusnpp,YTA,4.0
cusnpp,YTA,4.0
cusnpp,NTA,4.0
cusnpp,NTA,4.0
cusnpp,YTA,4.0
cusnpp,YTA,3.0
cusnpp,NTA,4.0
cusnpp,NTA,4.0
cusnpp,NAH,3.0
cusnpp,YTA,2.0
cusnpp,NTA,3.0
cusnpp,YTA,3.0
cusnpp,NTA,4.0
cusnpp,YTA,4.0
cusnpp,YTA,2.0
cusnpp,YTA,2.0
cusnpp,YTA,2.0
cusnpp,YTA,4.0
cusnpp,NTA,3.0
cusnpp,YTA,4.0
cusnpp,NTA,3.0
cusnpp,YTA,3.0
cusnpp,YTA,4.0
cusnpp,NTA,4.0
cusnpp,NAH,3.0
cusnpp,NTA,4.0
cusnpp,YTA,2.0
cusnpp,YTA,4.0
cusnpp,YTA,3.0
cusnpp,NTA,3.0
cusnpp,YTA,4.0
cusnpp,NTA,4.0
cusnpp,NAH,4.0
cusnpp,YTA,4.0
cusnpp,NAH,3.0
cusnpp,NTA,3.0
cusnpp,NTA,3.0
cusnpp,NAH,3.0
cusnpp,YTA,4.0
cusnpp,NAH,3.0
cusnpp,YTA,4.0
cusnpp,YTA,4.0
cusnpp,YTA,4.0
cusnpp,YTA,3.0
cusnpp,YTA,3.0
cusnpp,YTA,4.0
cusnpp,NTA,3.0
cusnpp,NTA,4.0
cusnpp,YTA,4.0
cusnpp,YTA,4.0
cusnpp,YTA,3.0
cusnpp,NTA,4.0
cusnpp,NTA,4.0
cusnpp,YTA,4.0
cusnpp,YTA,4.0
cusnpp,YTA,4.0
cusnpp,NTA,4.0
cusnpp,YTA,3.0
cusnpp,YTA,4.0
cusnpp,YTA,4.0
cusnpp,YTA,4.0
cusnpp,YTA,3.0
cusnpp,YTA,4.0
cusnpp,NTA,4.0
cusnpp,NTA,2.0
cusnpp,NTA,3.0
cusnpp,NTA,3.0
cusnpp,YTA,4.0
cusnpp,YTA,4.0
cusnpp,YTA,4.0
cusnpp,NTA,4.0
cusnpp,YTA,4.0
cusnpp,YTA,3.0
cusnpp,NAH,3.0
cusnpp,NTA,4.0
cusnpp,YTA,4.0
cusnpp,YTA,3.0
cusnpp,YTA,4.0
cusnpp,NTA,2.0
cusnpp,NTA,4.0
cusnpp,NTA,4.0
cusnpp,NAH,2.0
cusnpp,YTA,3.0
cusnpp,YTA,2.0
cusnpp,NTA,4.0
cusnpp,NTA,4.0
cusnpp,NTA,3.0
cusnpp,NTA,3.0
cusnpp,NTA,3.0
cusnpp,NTA,2.0
cusnpp,YTA,4.0
cusnpp,NTA,4.0
cusnpp,YTA,4.0
cusnpp,YTA,3.0
cusnpp,NTA,3.0
cusnpp,YTA,4.0
cusnpp,YTA,4.0
cusnpp,NAH,3.0
cusnpp,NAH,3.0
cusnpp,NTA,4.0
cusnpp,NTA,4.0
cusnpp,NAH,3.0
cusnpp,YTA,4.0
cusnpp,NTA,3.0
cusnpp,NAH,3.0
cusnpp,YTA,4.0
cusnpp,NTA,3.0
cusnpp,YTA,4.0
cusnpp,YTA,3.0
cusnpp,ESH,2.0
cusnpp,NTA,2.0
cusnpp,YTA,3.0
cusnpp,YTA,4.0
cusnpp,NAH,3.0
cusnpp,NAH,2.0
cusnpp,NTA,4.0
cusnpp,YTA,4.0
cusnpp,YTA,4.0
cusnpp,YTA,4.0
cusnpp,NTA,3.0
cusnpp,NAH,3.0
cusnpp,YTA,3.0
cusnpp,NTA,3.0
cusnpp,NTA,4.0
cusnpp,NTA,4.0
cusnpp,YTA,2.0
cusnpp,NAH,2.0
cusnpp,NTA,4.0
cusnpp,NAH,2.0
cusnpp,YTA,2.0
cusnpp,YTA,3.0
cusnpp,YTA,2.0
cusnpp,NTA,4.0
cusnpp,YTA,2.0
cusnpp,NTA,4.0
cusnpp,NTA,4.0
cusnpp,YTA,2.0
cusnpp,NAH,3.0
cusnpp,NTA,4.0
cusnpp,YTA,4.0
cusnpp,NTA,4.0
cusnpp,ESH,2.0
cusnpp,NTA,4.0
cusnpp,NAH,3.0
cusnpp,NAH,4.0
cusnpp,NAH,3.0
cusnpp,YTA,2.0
cusnpp,NAH,3.0
cusnpp,YTA,4.0
cusnpp,YTA,4.0
cusnpp,NTA,4.0
cusnpp,YTA,4.0
cusnpp,YTA,4.0
cusnpp,YTA,4.0
cusnpp,NTA,4.0
cusnpp,NTA,4.0
cusnpp,YTA,4.0
cusnpp,NTA,4.0
cusnpp,NTA,3.0
cusnpp,YTA,4.0
cusnpp,ESH,3.0
cusnpp,NTA,3.0
cusnpp,NTA,4.0
cusnpp,NTA,4.0
cusnpp,YTA,4.0
cusnpp,NAH,4.0
cusnpp,ESH,2.0
cusnpp,NTA,4.0
cusnpp,YTA,4.0
cusnpp,YTA,3.0
cusnpp,YTA,3.0
cusnpp,YTA,4.0
cusnpp,NTA,3.0
cusnpp,NTA,4.0
cusnpp,NTA,3.0
cusnpp,ESH,3.0
cusnpp,NTA,4.0
cusnpp,NAH,3.0
cusnpp,ESH,3.0
cusnpp,NTA,3.0
cusnpp,YTA,3.0
cusnpp,NTA,4.0
cusnpp,NTA,3.0
cusnpp,YTA,4.0
cusnpp,NAH,3.0
cusnpp,NTA,4.0
cusnpp,YTA,3.0
cusnpp,NTA,4.0
cusnpp,NTA,4.0
cusnpp,YTA,4.0
cusnpp,NTA,4.0
cusnpp,NTA,3.0
cusnpp,NTA,3.0
cusnpp,NTA,4.0
cusnpp,NTA,4.0
cusnpp,YTA,4.0
cusnpp,NTA,4.0
cusnpp,ESH,3.0
cusnpp,YTA,4.0
cusnpp,YTA,4.0
cusnpp,NTA,4.0
cusnpp,YTA,4.0
cy5szy,YTA,4.0
cy5szy,NTA,4.0
cy5szy,NTA,4.0
cy5szy,NTA,4.0
cy5szy,NTA,4.0
cy5szy,NTA,4.0
cy5szy,NTA,4.0
cy5szy,NTA,4.0
cy5szy,NTA,4.0
cy5szy,YTA,4.0
cy5szy,NTA,4.0
cy5szy,NTA,4.0
cy5szy,NTA,2.0
cy5szy,NTA,4.0
cy5szy,NTA,4.0
cy5szy,NTA,4.0
cy5szy,NTA,3.0
cy5szy,NTA,4.0
cy5szy,NTA,4.0
cy5szy,NTA,4.0
cy5szy,YTA,2.0
cy5szy,YTA,3.0
cy5szy,NTA,3.0
cy5szy,NTA,3.0
cy5szy,NTA,3.0
cy5szy,YTA,4.0
cy5szy,NTA,3.0
cy5szy,NTA,4.0
cy5szy,YTA,4.0
cy5szy,NTA,4.0
cy5szy,NTA,4.0
cy5szy,NTA,3.0
cy5szy,NTA,4.0
cy5szy,NTA,2.0
cy5szy,YTA,4.0
cy5szy,YTA,4.0
cy5szy,NTA,4.0
cy5szy,NTA,4.0
cy5szy,YTA,4.0
cy5szy,NTA,4.0
cy5szy,NTA,4.0
cy5szy,YTA,4.0
cy5szy,NTA,4.0
cy5szy,YTA,3.0
cy5szy,NTA,4.0
cy5szy,NTA,3.0
cy5szy,YTA,3.0
cy5szy,NTA,4.0
cy5szy,YTA,2.0
cy5szy,YTA,4.0
cy5szy,YTA,4.0
cy5szy,NTA,4.0
cy5szy,NTA,4.0
cy5szy,ESH,3.0
cy5szy,NTA,3.0
cy5szy,NTA,4.0
cy5szy,YTA,4.0
cy5szy,NTA,4.0
cy5szy,NTA,4.0
cy5szy,YTA,4.0
cy5szy,YTA,3.0
cy5szy,NTA,4.0
cy5szy,NTA,3.0
cy5szy,NTA,4.0
cy5szy,NTA,4.0
cy5szy,NTA,3.0
cy5szy,NAH,3.0
cy5szy,YTA,4.0
cy5szy,NTA,4.0
cy5szy,YTA,4.0
cy5szy,YTA,4.0
cy5szy,YTA,4.0
cy5szy,YTA,4.0
cy5szy,YTA,4.0
cy5szy,YTA,3.0
cy5szy,NTA,4.0
cy5szy,NTA,4.0
cy5szy,NTA,4.0
cy5szy,YTA,4.0
cy5szy,NTA,3.0
cy5szy,YTA,4.0
cy5szy,YTA,4.0
cy5szy,NTA,4.0
cy5szy,YTA,4.0
cy5szy,NTA,3.0
cy5szy,NTA,4.0
cy5szy,NTA,4.0
cy5szy,NAH,3.0
cy5szy,NTA,4.0
cy5szy,NTA,4.0
cy5szy,NTA,4.0
cy5szy,YTA,4.0
cy5szy,NTA,4.0
cy5szy,NTA,3.0
cy5szy,NTA,3.0
cy5szy,YTA,4.0
cy5szy,YTA,4.0
cy5szy,NTA,4.0
cy5szy,NTA,4.0
cy5szy,YTA,4.0
cy5szy,YTA,4.0
cy5szy,NAH,2.0
cy5szy,YTA,4.0
cy5szy,NTA,4.0
cy5szy,NTA,4.0
cy5szy,NTA,3.0
cy5szy,NTA,4.0
cy5szy,YTA,4.0
cy5szy,YTA,3.0
cy5szy,NTA,4.0
cy5szy,YTA,4.0
cy5szy,NTA,4.0
cy5szy,YTA,4.0
cy5szy,NTA,4.0
cy5szy,YTA,4.0
cy5szy,NTA,3.0
cy5szy,NTA,4.0
cy5szy,NTA,4.0
cy5szy,YTA,4.0
cy5szy,YTA,4.0
cy5szy,NTA,4.0
cy5szy,YTA,4.0
cy5szy,NTA,4.0
cy5szy,NTA,4.0
cy5szy,NTA,4.0
cy5szy,NTA,4.0
cy5szy,YTA,4.0
cy5szy,NTA,3.0
cy5szy,NTA,3.0
cy5szy,YTA,4.0
cy5szy,NTA,4.0
cy5szy,NTA,4.0
cy5szy,YTA,4.0
cy5szy,NTA,4.0
cy5szy,NTA,4.0
cy5szy,YTA,4.0
cy5szy,YTA,4.0
cy5szy,NTA,4.0
cy5szy,NTA,4.0
cy5szy,YTA,4.0
cy5szy,NAH,4.0
cy5szy,NTA,4.0
cy5szy,YTA,4.0
cy5szy,NTA,4.0
cy5szy,NTA,4.0
cy5szy,NTA,4.0
cy5szy,NTA,4.0
cy5szy,NTA,4.0
cy5szy,NTA,4.0
cy5szy,NTA,4.0
cy5szy,ESH,2.0
cy5szy,NTA,4.0
cy5szy,NTA,4.0
cy5szy,NTA,4.0
cy5szy,NTA,4.0
cy5szy,YTA,4.0
cy5szy,YTA,3.0
cy5szy,NTA,4.0
cy5szy,NTA,3.0
cy5szy,YTA,4.0
cy5szy,NTA,4.0
cy5szy,NTA,4.0
cy5szy,YTA,2.0
cy5szy,NTA,4.0
cy5szy,NTA,3.0
cy5szy,NTA,4.0
cy5szy,YTA,4.0
cy5szy,NTA,4.0
cy5szy,YTA,4.0
cy5szy,YTA,4.0
cy5szy,NAH,3.0
cy5szy,NTA,4.0
cy5szy,NTA,4.0
cy5szy,NTA,4.0
cy5szy,NTA,3.0
cy5szy,NTA,4.0
cy5szy,NTA,4.0
cy5szy,NTA,4.0
cy5szy,YTA,4.0
cy5szy,NTA,4.0
cy5szy,NTA,4.0
cy5szy,NTA,4.0
cy5szy,NTA,4.0
cy5szy,YTA,4.0
cy5szy,YTA,4.0
cy5szy,NTA,4.0
cy5szy,NTA,4.0
cy5szy,NTA,4.0
cy5szy,NTA,4.0
cy5szy,YTA,4.0
cy5szy,NTA,4.0
cy5szy,YTA,4.0
cy5szy,NTA,4.0
cy5szy,YTA,4.0
cy5szy,NTA,4.0
cy5szy,NTA,4.0
cy5szy,NTA,4.0
cy5szy,NTA,4.0
cy5szy,NTA,4.0
cy5szy,NTA,4.0
cy5szy,NTA,4.0
cy5szy,NTA,4.0
cy5szy,NTA,4.0
cy5szy,YTA,4.0
cy5szy,YTA,4.0
cy5szy,NTA,4.0
cy5szy,NTA,4.0
cy5szy,YTA,3.0
cy5szy,NTA,4.0
cy5szy,NTA,4.0
cy5szy,NTA,4.0
cy5szy,NTA,3.0
cy5szy,NTA,3.0
cy5szy,NTA,4.0
cy5szy,NTA,3.0
cy5szy,NTA,4.0
cy5szy,ESH,2.0
cy5szy,NTA,2.0
cy5szy,YTA,4.0
cy5szy,YTA,4.0
cy5szy,NTA,4.0
cy5szy,NTA,4.0
cy5szy,NTA,4.0
cy5szy,NTA,4.0
cy5szy,NTA,4.0
cy5szy,ESH,4.0
cy5szy,YTA,4.0
cy5szy,YTA,4.0
cy5szy,NTA,4.0
cy5szy,YTA,4.0
cy5szy,YTA,4.0
cy5szy,YTA,3.0
cy5szy,ESH,2.0
cy5szy,NTA,4.0
cy5szy,NTA,4.0
cy5szy,NTA,3.0
cy5szy,NTA,4.0
cy5szy,NTA,4.0
cy5szy,YTA,4.0
cy5szy,YTA,4.0
cy5szy,NTA,4.0
cy5szy,YTA,4.0
cy5szy,NTA,3.0
cy5szy,NTA,4.0
cy5szy,YTA,4.0
cy5szy,NTA,4.0
cy5szy,NTA,4.0
cy5szy,NTA,4.0
cy5szy,YTA,4.0
cy5szy,NTA,4.0
cy5szy,YTA,4.0
cy5szy,NTA,4.0
cy5szy,YTA,4.0
cy5szy,NTA,4.0
cy5szy,NTA,3.0
cy5szy,YTA,4.0
cy5szy,YTA,2.0
cy5szy,NTA,4.0
cy5szy,NTA,4.0
cy5szy,YTA,4.0
cy5szy,NTA,4.0
cy5szy,YTA,4.0
cy5szy,YTA,4.0
cy5szy,NTA,4.0
cy5szy,NAH,3.0
cy5szy,YTA,4.0
cy5szy,NAH,3.0
cy5szy,NTA,4.0
cy5szy,ESH,2.0
cy5szy,YTA,4.0
cy5szy,NTA,4.0
cy5szy,YTA,4.0
cy5szy,YTA,4.0
cy5szy,NTA,2.0
cy5szy,NTA,4.0
cy5szy,YTA,4.0
cy5szy,NTA,4.0
cy5szy,YTA,4.0
cy5szy,NTA,3.0
cy5szy,YTA,4.0
cy5szy,NTA,3.0
cy5szy,NTA,4.0
cy5szy,NTA,4.0
cy5szy,NTA,4.0
cy5szy,YTA,4.0
cy5szy,YTA,4.0
cy5szy,YTA,4.0
cy5szy,NTA,4.0
cy5szy,YTA,4.0
cy5szy,NTA,3.0
cy5szy,YTA,2.0
cy5szy,NAH,3.0
cy5szy,NTA,4.0
cy5szy,YTA,4.0
cy5szy,YTA,2.0
cy5szy,YTA,4.0
cy5szy,ESH,3.0
cy5szy,YTA,4.0
cy5szy,NTA,4.0
cy5szy,YTA,2.0
cy5szy,YTA,4.0
cy5szy,NTA,4.0
cy5szy,YTA,4.0
cy5szy,NAH,3.0
cy5szy,NTA,4.0
cy5szy,NTA,4.0
cy5szy,ESH,3.0
cy5szy,NTA,3.0
cy5szy,NAH,3.0
cy5szy,NTA,4.0
cy5szy,NTA,4.0
cy5szy,NTA,4.0
cy5szy,YTA,4.0
cy5szy,NTA,3.0
cy5szy,YTA,4.0
cy5szy,NTA,4.0
cy5szy,NAH,4.0
cy5szy,YTA,4.0
cy5szy,NTA,3.0
cy5szy,NAH,4.0
cy5szy,NTA,2.0
cy5szy,NTA,4.0
cy5szy,YTA,4.0
cy5szy,NAH,3.0
cy5szy,NTA,4.0
cy5szy,YTA,4.0
cy5szy,YTA,4.0
cy5szy,NTA,4.0
cy5szy,NTA,4.0
cy5szy,NTA,4.0
cy5szy,NTA,4.0
cy5szy,NTA,4.0
cy5szy,YTA,3.0
cy5szy,YTA,3.0
cy5szy,YTA,4.0
cy5szy,NAH,3.0
cy5szy,NTA,4.0
cy5szy,YTA,4.0
cy5szy,ESH,2.0
cy5szy,YTA,4.0
cy5szy,NTA,4.0
cy5szy,NTA,2.0
cy5szy,NTA,4.0
cy5szy,NTA,4.0
cy5szy,NTA,4.0
cy5szy,NTA,4.0
cy5szy,NTA,4.0
cy5szy,YTA,4.0
cy5szy,NTA,3.0
cy5szy,NTA,4.0
cy5szy,NTA,3.0
cy5szy,YTA,4.0
cy5szy,NTA,4.0
cy5szy,YTA,4.0
cy5szy,NTA,4.0
cy5szy,NTA,3.0
cy5szy,NTA,3.0
cy5szy,YTA,2.0
cy5szy,NTA,4.0
cy5szy,ESH,3.0
cy5szy,NTA,4.0
cy5szy,NTA,4.0
cy5szy,YTA,4.0
cy5szy,NTA,4.0
cy5szy,YTA,4.0
cy5szy,NTA,4.0
cy5szy,NTA,4.0
cy5szy,NTA,3.0
cy5szy,YTA,3.0
cy5szy,NTA,4.0
cy5szy,YTA,4.0
cy5szy,NTA,4.0
cy5szy,NTA,4.0
cy5szy,YTA,4.0
cy5szy,NTA,4.0
cy5szy,NTA,2.0
cy5szy,NTA,4.0
cy5szy,NTA,4.0
cy5szy,NTA,4.0
cy5szy,YTA,4.0
cy5szy,YTA,4.0
cy5szy,NTA,1.0
cy5szy,NTA,4.0
cy5szy,YTA,4.0
cy5szy,NTA,4.0
cy5szy,YTA,4.0
cy5szy,NTA,4.0
cy5szy,YTA,3.0
cy5szy,YTA,4.0
cy5szy,YTA,4.0
cy5szy,YTA,4.0
cy5szy,YTA,4.0
cy5szy,NTA,4.0
cy5szy,NTA,4.0
cy5szy,NTA,4.0
cy5szy,NAH,3.0
cy5szy,YTA,4.0
cy5szy,NTA,2.0
cy5szy,YTA,4.0
cy5szy,YTA,2.0
cy5szy,NTA,2.0
cy5szy,NTA,4.0
cy5szy,YTA,4.0
cy5szy,NTA,4.0
cy5szy,NTA,4.0
cy5szy,YTA,3.0
cy5szy,YTA,4.0
cy5szy,NTA,4.0
cy5szy,NTA,4.0
cy5szy,YTA,4.0
cy5szy,NTA,4.0
cy5szy,NTA,3.0
cy5szy,YTA,4.0
cy5szy,NTA,4.0
cy5szy,YTA,4.0
cy5szy,NTA,4.0
cy5szy,NTA,4.0
cy5szy,NTA,4.0
cy5szy,NTA,4.0
cy5szy,NTA,2.0
cy5szy,YTA,4.0
cy5szy,NAH,3.0
cy5szy,NTA,4.0
cy5szy,NTA,4.0
cy5szy,NTA,3.0
cy5szy,YTA,4.0
cy5szy,NTA,4.0
cy5szy,NTA,4.0
cy5szy,NTA,4.0
cy5szy,YTA,4.0
cy5szy,NTA,4.0
cy5szy,NTA,4.0
cy5szy,YTA,4.0
cy5szy,NTA,4.0
cy5szy,NTA,4.0
cy5szy,NTA,4.0
cy5szy,NAH,3.0
cy5szy,YTA,4.0
cy5szy,NTA,4.0
cy5szy,NTA,4.0
cy5szy,NTA,4.0
cy5szy,YTA,4.0
cy5szy,ESH,3.0
d37h9i,NTA,4.0
d37h9i,NTA,3.0
d37h9i,NTA,4.0
d37h9i,NTA,4.0
d37h9i,NTA,3.0
d37h9i,NTA,4.0
d37h9i,NTA,4.0
d37h9i,NTA,4.0
d37h9i,NTA,4.0
d37h9i,NTA,3.0
d37h9i,NTA,4.0
d37h9i,NTA,4.0
d37h9i,NTA,4.0
d37h9i,NAH,3.0
d37h9i,NTA,4.0
d37h9i,NTA,4.0
d37h9i,NTA,4.0
d37h9i,ESH,2.0
d37h9i,NTA,3.0
d37h9i,YTA,4.0
d37h9i,ESH,2.0
d37h9i,ESH,4.0
d37h9i,NTA,4.0
d37h9i,NTA,4.0
d37h9i,NAH,3.0
d37h9i,ESH,2.0
d37h9i,YTA,4.0
d37h9i,NAH,3.0
d37h9i,NTA,4.0
d37h9i,ESH,2.0
d37h9i,NTA,4.0
d37h9i,NTA,4.0
d37h9i,NTA,4.0
d37h9i,ESH,2.0
d37h9i,NTA,4.0
d37h9i,NTA,4.0
d37h9i,NTA,4.0
d37h9i,ESH,2.0
d37h9i,NTA,4.0
d37h9i,YTA,4.0
d37h9i,NTA,4.0
d37h9i,NTA,2.0
d37h9i,YTA,4.0
d37h9i,NTA,4.0
d37h9i,NTA,4.0
d37h9i,ESH,2.0
d37h9i,NAH,4.0
d37h9i,YTA,4.0
d37h9i,NTA,4.0
d37h9i,ESH,2.0
d37h9i,YTA,4.0
d37h9i,YTA,4.0
d37h9i,YTA,4.0
d37h9i,NTA,4.0
d37h9i,NAH,3.0
d37h9i,ESH,2.0
d37h9i,NTA,4.0
d37h9i,ESH,3.0
d37h9i,YTA,4.0
d37h9i,NTA,4.0
d37h9i,YTA,4.0
d37h9i,ESH,3.0
d37h9i,NTA,4.0
d37h9i,YTA,4.0
d37h9i,NTA,4.0
d37h9i,ESH,3.0
d37h9i,YTA,4.0
d37h9i,NTA,3.0
d37h9i,NTA,4.0
d37h9i,ESH,2.0
d37h9i,NTA,4.0
d37h9i,NTA,4.0
d37h9i,NTA,4.0
d37h9i,YTA,4.0
d37h9i,YTA,4.0
d37h9i,NAH,3.0
d37h9i,NTA,4.0
d37h9i,NTA,4.0
d37h9i,NTA,4.0
d37h9i,YTA,4.0
d37h9i,NTA,4.0
d37h9i,NTA,4.0
d37h9i,NTA,4.0
d37h9i,NTA,4.0
d37h9i,NTA,4.0
d37h9i,ESH,2.0
d37h9i,NTA,4.0
d37h9i,NTA,4.0
d37h9i,YTA,4.0
d37h9i,NTA,4.0
d37h9i,YTA,4.0
d37h9i,NTA,4.0
d37h9i,NTA,4.0
d37h9i,NTA,4.0
d37h9i,NTA,4.0
d37h9i,ESH,3.0
d37h9i,NTA,4.0
d37h9i,NAH,3.0
d37h9i,NTA,4.0
d37h9i,NTA,4.0
d37h9i,NAH,3.0
d37h9i,ESH,4.0
d37h9i,ESH,2.0
d37h9i,YTA,4.0
d37h9i,NTA,4.0
d37h9i,YTA,4.0
d37h9i,NTA,4.0
d37h9i,YTA,4.0
d37h9i,NAH,3.0
d37h9i,YTA,4.0
d37h9i,NTA,4.0
d37h9i,ESH,2.0
d37h9i,NTA,4.0
d37h9i,YTA,4.0
d37h9i,YTA,3.0
d37h9i,NTA,4.0
d37h9i,YTA,4.0
d37h9i,NTA,4.0
d37h9i,NTA,4.0
d37h9i,NAH,3.0
d37h9i,NTA,3.0
d37h9i,YTA,4.0
d37h9i,YTA,4.0
d37h9i,NAH,1.0
d37h9i,ESH,3.0
d37h9i,NTA,4.0
d37h9i,YTA,4.0
d37h9i,NTA,4.0
d37h9i,NTA,4.0
d37h9i,NTA,4.0
d37h9i,YTA,4.0
d37h9i,NTA,4.0
d37h9i,NTA,4.0
d37h9i,YTA,4.0
d37h9i,NAH,3.0
d37h9i,NTA,4.0
d37h9i,YTA,3.0
d37h9i,YTA,4.0
d37h9i,NAH,3.0
d37h9i,ESH,3.0
d37h9i,ESH,3.0
d37h9i,YTA,2.0
d37h9i,YTA,3.0
d37h9i,NTA,3.0
d37h9i,YTA,3.0
d37h9i,YTA,4.0
d37h9i,YTA,3.0
d37h9i,NTA,4.0
d37h9i,ESH,4.0
d37h9i,ESH,3.0
d37h9i,NTA,4.0
d37h9i,ESH,2.0
d37h9i,NTA,2.0
d37h9i,YTA,4.0
d37h9i,NTA,4.0
d37h9i,ESH,4.0
d37h9i,YTA,4.0
d37h9i,NAH,4.0
d37h9i,NTA,4.0
d37h9i,YTA,4.0
d37h9i,YTA,4.0
d37h9i,YTA,4.0
d37h9i,YTA,4.0
d37h9i,YTA,4.0
d37h9i,NTA,4.0
d37h9i,NTA,4.0
d37h9i,NTA,4.0
d37h9i,YTA,4.0
d37h9i,NTA,4.0
d37h9i,NAH,4.0
d37h9i,NTA,4.0
d37h9i,YTA,3.0
d37h9i,NTA,4.0
d37h9i,NTA,4.0
d37h9i,YTA,4.0
d37h9i,NTA,4.0
d37h9i,YTA,4.0
d37h9i,YTA,4.0
d37h9i,YTA,4.0
d37h9i,ESH,2.0
d37h9i,YTA,4.0
d37h9i,YTA,4.0
d37h9i,NTA,4.0
d37h9i,ESH,2.0
d37h9i,YTA,4.0
d37h9i,YTA,4.0
d37h9i,NTA,2.0
d37h9i,YTA,4.0
d37h9i,YTA,4.0
d37h9i,NTA,4.0
d37h9i,YTA,4.0
d37h9i,YTA,3.0
d37h9i,YTA,4.0
d37h9i,YTA,4.0
d37h9i,ESH,3.0
d37h9i,YTA,4.0
d37h9i,NTA,4.0
d37h9i,YTA,4.0
d37h9i,YTA,4.0
d37h9i,YTA,4.0
d8gegy,NTA,3.0
d8gegy,YTA,4.0
d8gegy,NAH,4.0
d8gegy,YTA,4.0
d8gegy,YTA,4.0
d8gegy,ESH,2.0
d8gegy,YTA,4.0
d8gegy,NAH,3.0
d8gegy,NAH,3.0
d8gegy,NTA,4.0
d8gegy,YTA,3.0
d8gegy,YTA,4.0
d8gegy,NAH,3.0
d8gegy,NTA,4.0
d8gegy,NTA,3.0
d8gegy,NAH,4.0
d8gegy,NTA,4.0
d8gegy,YTA,4.0
d8gegy,NAH,3.0
d8gegy,YTA,4.0
d8gegy,YTA,4.0
d8gegy,YTA,4.0
d8gegy,ESH,2.0
d8gegy,YTA,4.0
d8gegy,YTA,4.0
d8gegy,YTA,4.0
d8gegy,NTA,4.0
d8gegy,NTA,4.0
d8gegy,NAH,3.0
d8gegy,NTA,4.0
d8gegy,YTA,4.0
d8gegy,NTA,4.0
d8gegy,YTA,4.0
d8gegy,YTA,4.0
d8gegy,NTA,4.0
d8gegy,NTA,4.0
d8gegy,YTA,4.0
d8gegy,NTA,4.0
d8gegy,NTA,4.0
d8gegy,NTA,4.0
d8gegy,NTA,4.0
d8gegy,NTA,4.0
d8gegy,NTA,4.0
d8gegy,NTA,4.0
d8gegy,NTA,4.0
d8gegy,ESH,4.0
d8gegy,YTA,4.0
d8gegy,YTA,2.0
d8gegy,YTA,3.0
d8gegy,ESH,2.0
d8gegy,ESH,2.0
d8gegy,ESH,2.0
d8gegy,YTA,1.0
d8gegy,NTA,4.0
d8gegy,YTA,4.0
d8gegy,NTA,4.0
d8gegy,NAH,3.0
d8gegy,NTA,4.0
d8gegy,YTA,3.0
d8gegy,NTA,4.0
d8gegy,NTA,2.0
d8gegy,NAH,3.0
d8gegy,NAH,2.0
d8gegy,NTA,4.0
d8gegy,YTA,4.0
d8gegy,NTA,4.0
d8gegy,NAH,3.0
d8gegy,NTA,4.0
d8gegy,YTA,4.0
d8gegy,YTA,3.0
d8gegy,NTA,4.0
d8gegy,NTA,4.0
d8gegy,NTA,4.0
d8gegy,YTA,4.0
d8gegy,NTA,4.0
d8gegy,NAH,3.0
d8gegy,NTA,4.0
d8gegy,NTA,3.0
d8gegy,YTA,4.0
d8gegy,NTA,4.0
damgqr,NTA,4.0
damgqr,NTA,4.0
damgqr,ESH,2.0
damgqr,NTA,4.0
damgqr,NTA,4.0
damgqr,NTA,3.0
damgqr,ESH,2.0
damgqr,NTA,4.0
damgqr,NTA,4.0
damgqr,NTA,4.0
damgqr,NTA,4.0
damgqr,YTA,3.0
damgqr,NTA,4.0
damgqr,NTA,4.0
damgqr,NTA,3.0
damgqr,ESH,2.0
damgqr,NTA,4.0
damgqr,ESH,2.0
damgqr,NTA,2.0
damgqr,NTA,4.0
damgqr,NTA,4.0
damgqr,ESH,2.0
damgqr,NTA,4.0
damgqr,NTA,4.0
damgqr,ESH,2.0
damgqr,NTA,4.0
damgqr,NTA,4.0
damgqr,YTA,4.0
damgqr,NTA,3.0
damgqr,NTA,4.0
damgqr,YTA,4.0
damgqr,YTA,4.0
damgqr,NTA,4.0
damgqr,ESH,3.0
damgqr,ESH,2.0
damgqr,NTA,4.0
damgqr,NTA,4.0
damgqr,NTA,4.0
damgqr,NTA,4.0
damgqr,NTA,4.0
damgqr,NTA,4.0
damgqr,YTA,4.0
damgqr,NTA,4.0
damgqr,YTA,3.0
damgqr,NTA,4.0
damgqr,ESH,2.0
damgqr,NTA,4.0
damgqr,ESH,
damgqr,NTA,4.0
damgqr,ESH,4.0
damgqr,NTA,3.0
damgqr,NTA,4.0
damgqr,NTA,4.0
damgqr,NTA,4.0
damgqr,NTA,4.0
damgqr,ESH,4.0
damgqr,NTA,4.0
damgqr,NTA,4.0
damgqr,NTA,4.0
damgqr,NTA,4.0
damgqr,YTA,4.0
damgqr,NTA,4.0
damgqr,ESH,3.0
damgqr,NAH,3.0
damgqr,NTA,4.0
damgqr,ESH,4.0
damgqr,NTA,4.0
damgqr,NTA,4.0
damgqr,NTA,3.0
damgqr,YTA,4.0
damgqr,ESH,4.0
damgqr,NTA,3.0
damgqr,YTA,4.0
damgqr,NTA,4.0
damgqr,YTA,4.0
damgqr,NTA,4.0
damgqr,NTA,4.0
damgqr,NTA,3.0
damgqr,NTA,4.0
damgqr,ESH,2.0
damgqr,NTA,4.0
damgqr,NTA,4.0
damgqr,NTA,4.0
damgqr,NTA,4.0
damgqr,YTA,4.0
damgqr,NTA,3.0
damgqr,NTA,4.0
damgqr,YTA,4.0
damgqr,NTA,4.0
damgqr,YTA,4.0
damgqr,ESH,2.0
damgqr,NTA,4.0
damgqr,YTA,4.0
damgqr,NTA,4.0
damgqr,NTA,4.0
damgqr,NTA,4.0
damgqr,NTA,4.0
damgqr,NTA,4.0
damgqr,NTA,4.0
damgqr,NTA,4.0
damgqr,NTA,4.0
damgqr,NTA,4.0
damgqr,ESH,4.0
damgqr,YTA,4.0
damgqr,NTA,4.0
damgqr,NAH,3.0
damgqr,ESH,2.0
damgqr,NTA,4.0
damgqr,NTA,4.0
damgqr,NTA,4.0
damgqr,NTA,3.0
damgqr,NTA,3.0
damgqr,NTA,4.0
damgqr,ESH,2.0
damgqr,ESH,2.0
damgqr,NTA,4.0
damgqr,YTA,4.0
damgqr,ESH,4.0
damgqr,NTA,4.0
damgqr,NTA,4.0
damgqr,NTA,4.0
damgqr,NTA,4.0
damgqr,NTA,4.0
damgqr,NTA,4.0
damgqr,YTA,2.0
damgqr,YTA,4.0
damgqr,NTA,4.0
damgqr,YTA,4.0
damgqr,YTA,4.0
damgqr,NAH,3.0
damgqr,YTA,4.0
damgqr,NTA,4.0
damgqr,NTA,3.0
damgqr,NTA,4.0
damgqr,NTA,4.0
damgqr,NTA,4.0
damgqr,NTA,3.0
damgqr,ESH,4.0
damgqr,NTA,4.0
damgqr,NTA,4.0
damgqr,NTA,4.0
damgqr,NTA,4.0
damgqr,YTA,4.0
dh7tsm,NTA,4.0
dh7tsm,ESH,3.0
dh7tsm,YTA,4.0
dh7tsm,ESH,2.0
dh7tsm,NTA,4.0
dh7tsm,YTA,4.0
dh7tsm,NTA,4.0
dh7tsm,NTA,3.0
dh7tsm,NTA,4.0
dh7tsm,NTA,4.0
dh7tsm,ESH,2.0
dh7tsm,ESH,4.0
dh7tsm,ESH,2.0
dh7tsm,NTA,4.0
dh7tsm,YTA,4.0
dh7tsm,NTA,3.0
dh7tsm,NTA,4.0
dh7tsm,NTA,4.0
dh7tsm,NTA,4.0
dh7tsm,ESH,2.0
dh7tsm,NTA,4.0
dh7tsm,NTA,4.0
dh7tsm,NTA,4.0
dh7tsm,YTA,4.0
dh7tsm,NTA,4.0
dh7tsm,NTA,3.0
dh7tsm,ESH,2.0
dh7tsm,NTA,4.0
dh7tsm,YTA,4.0
dh7tsm,ESH,4.0
dh7tsm,NTA,4.0
dh7tsm,ESH,4.0
dh7tsm,ESH,4.0
dh7tsm,ESH,2.0
dh7tsm,NTA,4.0
dh7tsm,ESH,3.0
dh7tsm,NTA,3.0
dh7tsm,ESH,2.0
dh7tsm,NTA,4.0
dh7tsm,ESH,2.0
dh7tsm,NTA,4.0
dh7tsm,NTA,4.0
dh7tsm,NTA,4.0
dh7tsm,NTA,4.0
dh7tsm,NTA,4.0
dh7tsm,NTA,3.0
dh7tsm,ESH,2.0
dh7tsm,NTA,4.0
dh7tsm,ESH,4.0
dh7tsm,NTA,4.0
dh7tsm,NTA,4.0
dh7tsm,NTA,4.0
dh7tsm,NTA,4.0
dh7tsm,NTA,4.0
dh7tsm,NTA,4.0
dh7tsm,ESH,2.0
dh7tsm,NTA,4.0
dh7tsm,ESH,3.0
dh7tsm,NTA,4.0
dh7tsm,ESH,3.0
dh7tsm,NTA,4.0
dh7tsm,NTA,4.0
dh7tsm,NTA,3.0
dh7tsm,ESH,2.0
dh7tsm,ESH,4.0
dh7tsm,NTA,4.0
dh7tsm,ESH,4.0
dh7tsm,NTA,4.0
dh7tsm,NTA,4.0
dh7tsm,NTA,4.0
dh7tsm,NTA,4.0
dh7tsm,ESH,4.0
dh7tsm,NTA,4.0
dh7tsm,NTA,4.0
dh7tsm,NTA,4.0
dh7tsm,ESH,4.0
dh7tsm,NTA,4.0
dh7tsm,NTA,4.0
dh7tsm,ESH,3.0
dh7tsm,ESH,4.0
dh7tsm,NTA,4.0
dh7tsm,ESH,2.0
dh7tsm,NTA,4.0
dh7tsm,NTA,4.0
dh7tsm,ESH,4.0
dh7tsm,NTA,4.0
dh7tsm,ESH,2.0
dh7tsm,NTA,3.0
dh7tsm,NTA,4.0
dh7tsm,NTA,4.0
dh7tsm,ESH,3.0
dh7tsm,ESH,2.0
dh7tsm,NTA,4.0
dh7tsm,ESH,2.0
dh7tsm,NTA,3.0
dh7tsm,NTA,4.0
dh7tsm,NTA,4.0
dh7tsm,NTA,4.0
dh7tsm,NTA,4.0
dh7tsm,NTA,4.0
dh7tsm,ESH,3.0
dh7tsm,NTA,3.0
dh7tsm,ESH,2.0
dh7tsm,ESH,2.0
dh7tsm,NTA,4.0
dh7tsm,NTA,4.0
dh7tsm,NTA,4.0
dh7tsm,NTA,3.0
dh7tsm,YTA,4.0
dh7tsm,NTA,4.0
dh7tsm,YTA,4.0
dh7tsm,ESH,2.0
dh7tsm,NTA,3.0
dh7tsm,ESH,2.0
dh7tsm,NTA,4.0
dh7tsm,ESH,3.0
dh7tsm,NTA,4.0
dh7tsm,ESH,3.0
dh7tsm,ESH,2.0
dh7tsm,NTA,4.0
dh7tsm,NTA,3.0
dh7tsm,NTA,3.0
dh7tsm,ESH,3.0
dh7tsm,YTA,4.0
dh7tsm,ESH,2.0
dh7tsm,YTA,4.0
dh7tsm,NTA,4.0
dh7tsm,NTA,4.0
dh7tsm,NTA,4.0
dh7tsm,NTA,4.0
dh7tsm,NTA,4.0
dh7tsm,NTA,4.0
dh7tsm,NTA,4.0
dh7tsm,ESH,2.0
dh7tsm,NTA,4.0
dh7tsm,NTA,4.0
dh7tsm,NTA,4.0
dh7tsm,NTA,4.0
dh7tsm,NTA,4.0
dh7tsm,NTA,4.0
dh7tsm,NTA,4.0
dh7tsm,ESH,4.0
dh7tsm,ESH,3.0
dh7tsm,NTA,4.0
dh7tsm,NTA,4.0
dh7tsm,NTA,4.0
dh7tsm,NTA,4.0
dh7tsm,NTA,4.0
dh7tsm,NTA,4.0
dh7tsm,ESH,3.0
dh7tsm,NTA,4.0
dh7tsm,NTA,3.0
dh7tsm,NTA,4.0
dh7tsm,NTA,4.0
dh7tsm,NTA,4.0
dh7tsm,NTA,4.0
dh7tsm,NTA,4.0
dh7tsm,ESH,2.0
dh7tsm,NTA,4.0
dh7tsm,NTA,4.0
dh7tsm,NTA,4.0
dh7tsm,ESH,2.0
dh7tsm,ESH,3.0
dh7tsm,NTA,4.0
dh7tsm,NTA,4.0
dh7tsm,ESH,2.0
dh7tsm,NTA,3.0
dh7tsm,NTA,4.0
dh7tsm,NTA,4.0
dh7tsm,NTA,4.0
dh7tsm,NTA,4.0
dh7tsm,NTA,4.0
dh7tsm,NTA,4.0
dh7tsm,NTA,4.0
dh7tsm,NTA,4.0
dh7tsm,YTA,3.0
dh7tsm,NTA,4.0
dh7tsm,NTA,4.0
dh7tsm,YTA,3.0
dh7tsm,NTA,3.0
dh7tsm,NTA,4.0
dh7tsm,ESH,3.0
dh7tsm,NTA,4.0
dh7tsm,ESH,4.0
dh7tsm,ESH,4.0
dh7tsm,NTA,4.0
dh7tsm,NTA,4.0
dh7tsm,NTA,4.0
dh7tsm,NTA,4.0
dh7tsm,ESH,4.0
dh7tsm,NTA,4.0
dh7tsm,NTA,3.0
dh7tsm,NTA,4.0
dh7tsm,ESH,4.0
dh7tsm,ESH,2.0
dh7tsm,NTA,4.0
dh7tsm,NTA,4.0
dh7tsm,NTA,4.0
dh7tsm,NTA,4.0
dh7tsm,NTA,4.0
dh7tsm,ESH,4.0
dh7tsm,NTA,4.0
dh7tsm,NTA,4.0
dh7tsm,NTA,4.0
dh7tsm,NTA,4.0
dh7tsm,NTA,4.0
dh7tsm,NTA,4.0
dh7tsm,NTA,4.0
dh7tsm,NTA,3.0
diw9ol,ESH,2.0
diw9ol,NTA,4.0
diw9ol,NTA,4.0
diw9ol,NTA,4.0
diw9ol,ESH,2.0
diw9ol,ESH,3.0
diw9ol,YTA,3.0
diw9ol,NTA,4.0
diw9ol,NTA,4.0
diw9ol,YTA,4.0
diw9ol,NTA,4.0
diw9ol,NTA,4.0
diw9ol,NTA,4.0
diw9ol,NTA,4.0
diw9ol,NTA,4.0
diw9ol,NTA,4.0
diw9ol,NTA,4.0
diw9ol,NTA,4.0
diw9ol,ESH,3.0
diw9ol,NAH,1.0
diw9ol,ESH,3.0
diw9ol,NTA,4.0
diw9ol,YTA,4.0
diw9ol,NTA,4.0
diw9ol,YTA,4.0
diw9ol,YTA,3.0
diw9ol,ESH,4.0
diw9ol,ESH,2.0
diw9ol,NTA,4.0
diw9ol,NTA,4.0
diw9ol,ESH,2.0
diw9ol,YTA,3.0
diw9ol,ESH,3.0
diw9ol,NTA,3.0
diw9ol,YTA,4.0
diw9ol,NTA,4.0
diw9ol,NTA,4.0
diw9ol,ESH,3.0
diw9ol,YTA,4.0
diw9ol,YTA,3.0
diw9ol,YTA,3.0
diw9ol,NTA,4.0
diw9ol,YTA,3.0
diw9ol,ESH,3.0
diw9ol,NTA,4.0
diw9ol,ESH,2.0
diw9ol,NTA,4.0
diw9ol,ESH,2.0
diw9ol,YTA,4.0
diw9ol,ESH,4.0
diw9ol,YTA,4.0
diw9ol,YTA,4.0
diw9ol,YTA,4.0
diw9ol,ESH,4.0
diw9ol,NTA,3.0
diw9ol,NTA,4.0
diw9ol,YTA,4.0
diw9ol,ESH,3.0
diw9ol,YTA,4.0
diw9ol,NTA,4.0
diw9ol,NTA,4.0
diw9ol,YTA,4.0
diw9ol,YTA,4.0
diw9ol,YTA,3.0
diw9ol,YTA,4.0
diw9ol,YTA,4.0
diw9ol,ESH,2.0
diw9ol,NTA,4.0
diw9ol,YTA,4.0
diw9ol,YTA,4.0
diw9ol,YTA,3.0
diw9ol,YTA,4.0
diw9ol,NTA,4.0
diw9ol,YTA,4.0
diw9ol,YTA,4.0
diw9ol,NTA,3.0
diw9ol,YTA,4.0
diw9ol,NTA,4.0
diw9ol,YTA,4.0
diw9ol,ESH,4.0
diw9ol,YTA,3.0
diw9ol,NTA,4.0
diw9ol,ESH,3.0
diw9ol,YTA,3.0
diw9ol,YTA,3.0
diw9ol,YTA,4.0
diw9ol,YTA,4.0
diw9ol,YTA,2.0
diw9ol,NTA,4.0
diw9ol,YTA,3.0
diw9ol,YTA,4.0
diw9ol,ESH,3.0
diw9ol,YTA,3.0
diw9ol,ESH,4.0
diw9ol,NTA,4.0
diw9ol,NTA,4.0
diw9ol,YTA,3.0
diw9ol,ESH,3.0
diw9ol,NTA,4.0
diw9ol,YTA,3.0
diw9ol,NTA,4.0
diw9ol,YTA,3.0
diw9ol,NTA,4.0
diw9ol,NTA,4.0
diw9ol,YTA,3.0
diw9ol,NTA,4.0
diw9ol,YTA,2.0
diw9ol,ESH,4.0
diw9ol,NTA,4.0
diw9ol,YTA,4.0
diw9ol,YTA,4.0
diw9ol,NTA,4.0
diw9ol,YTA,4.0
diw9ol,YTA,4.0
diw9ol,YTA,4.0
diw9ol,NTA,4.0
diw9ol,ESH,3.0
diw9ol,YTA,4.0
diw9ol,YTA,4.0
diw9ol,ESH,2.0
diw9ol,ESH,2.0
diw9ol,ESH,4.0
diw9ol,NTA,4.0
diw9ol,ESH,3.0
diw9ol,NTA,4.0
diw9ol,NTA,4.0
diw9ol,NTA,4.0
diw9ol,YTA,4.0
diw9ol,ESH,3.0
diw9ol,ESH,3.0
diw9ol,ESH,4.0
diw9ol,YTA,4.0
diw9ol,YTA,4.0
diw9ol,YTA,4.0
diw9ol,YTA,4.0
dj7h6u,ESH,2.0
dj7h6u,YTA,4.0
dj7h6u,ESH,2.0
dj7h6u,ESH,2.0
dj7h6u,NTA,3.0
dj7h6u,ESH,2.0
dj7h6u,ESH,4.0
dj7h6u,YTA,4.0
dj7h6u,ESH,2.0
dj7h6u,YTA,4.0
dj7h6u,ESH,2.0
dj7h6u,ESH,2.0
dj7h6u,ESH,2.0
dj7h6u,ESH,2.0
dj7h6u,YTA,4.0
dj7h6u,NTA,3.0
dj7h6u,YTA,3.0
dj7h6u,ESH,3.0
dj7h6u,YTA,2.0
dj7h6u,ESH,3.0
dj7h6u,ESH,3.0
dj7h6u,ESH,4.0
dj7h6u,NTA,4.0
dj7h6u,YTA,3.0
dj7h6u,ESH,4.0
dj7h6u,NTA,3.0
dj7h6u,NTA,4.0
dj7h6u,YTA,4.0
dj7h6u,YTA,4.0
dj7h6u,NTA,4.0
dj7h6u,YTA,4.0
dj7h6u,YTA,4.0
dj7h6u,ESH,4.0
dj7h6u,ESH,3.0
dj7h6u,NTA,4.0
dj7h6u,YTA,4.0
dj7h6u,YTA,4.0
dj7h6u,ESH,2.0
dj7h6u,ESH,2.0
dj7h6u,NTA,3.0
dj7h6u,ESH,2.0
dj7h6u,ESH,2.0
dj7h6u,NTA,4.0
dj7h6u,NTA,4.0
dj7h6u,NTA,4.0
dj7h6u,YTA,4.0
dj7h6u,ESH,2.0
dj7h6u,NAH,3.0
dj7h6u,NTA,3.0
dj7h6u,YTA,4.0
dj7h6u,ESH,3.0
dj7h6u,ESH,2.0
dj7h6u,NAH,3.0
dj7h6u,YTA,4.0
dj7h6u,NTA,3.0
dj7h6u,YTA,2.0
dj7h6u,ESH,2.0
dj7h6u,NTA,4.0
dj7h6u,ESH,4.0
dj7h6u,ESH,2.0
dj7h6u,NTA,4.0
dj7h6u,ESH,2.0
dj7h6u,NTA,3.0
dj7h6u,YTA,3.0
dj7h6u,NTA,3.0
dj7h6u,NTA,3.0
dj7h6u,NTA,4.0
dj7h6u,YTA,3.0
dj7h6u,NAH,4.0
dj7h6u,NAH,3.0
dj7h6u,YTA,3.0
dk9cpy,YTA,4.0
dk9cpy,YTA,4.0
dk9cpy,YTA,3.0
dk9cpy,ESH,2.0
dk9cpy,ESH,3.0
dk9cpy,YTA,4.0
dk9cpy,ESH,3.0
dk9cpy,YTA,4.0
dk9cpy,ESH,3.0
dk9cpy,ESH,3.0
dk9cpy,NTA,2.0
dk9cpy,ESH,1.0
dk9cpy,NTA,4.0
dk9cpy,NTA,4.0
dk9cpy,NTA,4.0
dk9cpy,YTA,2.0
dk9cpy,YTA,4.0
dk9cpy,YTA,4.0
dk9cpy,NTA,4.0
dk9cpy,NTA,2.0
dk9cpy,ESH,4.0
dk9cpy,NTA,4.0
dk9cpy,NTA,4.0
dk9cpy,ESH,4.0
dk9cpy,ESH,3.0
dk9cpy,NTA,4.0
dk9cpy,NTA,4.0
dk9cpy,NTA,4.0
dk9cpy,NTA,4.0
dk9cpy,NTA,4.0
dk9cpy,NTA,4.0
dk9cpy,NTA,4.0
dk9cpy,NTA,4.0
dk9cpy,YTA,4.0
dk9cpy,YTA,4.0
dk9cpy,NTA,4.0
dk9cpy,NTA,4.0
dk9cpy,NTA,4.0
dk9cpy,ESH,4.0
dk9cpy,NTA,4.0
dk9cpy,NTA,2.0
dk9cpy,YTA,4.0
dk9cpy,NTA,4.0
dk9cpy,NTA,4.0
dk9cpy,ESH,4.0
dk9cpy,NTA,4.0
dk9cpy,NTA,4.0
dk9cpy,NTA,4.0
dk9cpy,ESH,4.0
dk9cpy,NTA,4.0
dk9cpy,NTA,4.0
dk9cpy,NTA,4.0
dk9cpy,ESH,2.0
dk9cpy,NTA,4.0
dk9cpy,YTA,2.0
dk9cpy,NTA,4.0
dk9cpy,ESH,2.0
dk9cpy,ESH,3.0
dk9cpy,NTA,4.0
dk9cpy,NTA,4.0
dk9cpy,NTA,4.0
dk9cpy,NTA,4.0
dk9cpy,ESH,3.0
dk9cpy,NTA,4.0
dk9cpy,YTA,4.0
dk9cpy,YTA,4.0
dk9cpy,NTA,4.0
dk9cpy,NTA,4.0
dk9cpy,NTA,4.0
dk9cpy,NTA,4.0
dk9cpy,NTA,4.0
dk9cpy,ESH,3.0
dk9cpy,NTA,4.0
dk9cpy,ESH,3.0
dk9cpy,NTA,4.0
dk9cpy,NTA,4.0
dk9cpy,ESH,2.0
dk9cpy,NTA,3.0
dk9cpy,NTA,4.0
dk9cpy,NTA,4.0
dk9cpy,NTA,4.0
dk9cpy,NTA,4.0
dk9cpy,NTA,4.0
dk9cpy,NTA,4.0
dk9cpy,ESH,1.0
dk9cpy,YTA,3.0
dk9cpy,NTA,4.0
dk9cpy,YTA,2.0
dk9cpy,ESH,3.0
dk9cpy,NTA,4.0
dk9cpy,YTA,4.0
dk9cpy,NTA,4.0
dk9cpy,NTA,4.0
dk9cpy,NTA,4.0
dk9cpy,YTA,4.0
dk9cpy,ESH,2.0
dk9cpy,ESH,4.0
dk9cpy,NTA,4.0
dk9cpy,NTA,4.0
dk9cpy,YTA,4.0
dk9cpy,ESH,4.0
dk9cpy,ESH,3.0
dk9cpy,NTA,4.0
dk9cpy,ESH,4.0
dk9cpy,ESH,3.0
dk9cpy,ESH,1.0
dk9cpy,NTA,4.0
dk9cpy,NTA,4.0
dk9cpy,ESH,2.0
dk9cpy,YTA,4.0
dk9cpy,ESH,3.0
dk9cpy,ESH,4.0
dk9cpy,YTA,4.0
dk9cpy,NTA,4.0
dk9cpy,YTA,4.0
dk9cpy,YTA,4.0
dk9cpy,ESH,3.0
dk9cpy,ESH,3.0
dk9cpy,YTA,4.0
dk9cpy,NTA,4.0
dk9cpy,NTA,4.0
dk9cpy,YTA,4.0
dk9cpy,NTA,4.0
dk9cpy,NTA,4.0
dk9cpy,ESH,2.0
dk9cpy,NTA,4.0
dk9cpy,YTA,4.0
dk9cpy,ESH,2.0
dk9cpy,ESH,2.0
dk9cpy,YTA,3.0
dk9cpy,ESH,3.0
dk9cpy,NAH,3.0
dk9cpy,YTA,4.0
dk9cpy,NTA,4.0
dk9cpy,YTA,4.0
dk9cpy,NTA,4.0
dk9cpy,YTA,4.0
dk9cpy,NTA,4.0
dk9cpy,YTA,4.0
dk9cpy,NTA,4.0
dk9cpy,YTA,3.0
dk9cpy,ESH,2.0
dk9cpy,ESH,3.0
dk9cpy,ESH,4.0
dk9cpy,NTA,4.0
dk9cpy,NTA,4.0
dk9cpy,NTA,4.0
dk9cpy,YTA,4.0
dk9cpy,NTA,4.0
dk9cpy,NTA,4.0
dk9cpy,NTA,4.0
dk9cpy,YTA,4.0
dk9cpy,NTA,4.0
dk9cpy,YTA,4.0
dk9cpy,YTA,4.0
dk9cpy,YTA,4.0
dk9cpy,NTA,4.0
dk9cpy,ESH,3.0
dk9cpy,NTA,4.0
dk9cpy,ESH,4.0
dk9cpy,NTA,4.0
dk9cpy,NTA,4.0
dk9cpy,YTA,2.0
dk9cpy,NTA,4.0
dk9cpy,NTA,3.0
dk9cpy,ESH,2.0
dk9cpy,NTA,4.0
dk9cpy,NTA,4.0
dk9cpy,NTA,4.0
dk9cpy,ESH,4.0
dk9cpy,ESH,4.0
dk9cpy,ESH,4.0
dk9cpy,ESH,4.0
dk9cpy,NTA,4.0
dk9cpy,NTA,4.0
dk9cpy,NTA,4.0
dk9cpy,YTA,4.0
dk9cpy,YTA,4.0
dk9cpy,NTA,4.0
dk9cpy,ESH,2.0
dk9cpy,YTA,4.0
dk9cpy,YTA,4.0
dk9cpy,ESH,2.0
dk9cpy,YTA,4.0
dk9cpy,YTA,4.0
dk9cpy,ESH,3.0
dk9cpy,NTA,4.0
dk9cpy,NTA,4.0
dk9cpy,NTA,4.0
dk9cpy,NTA,4.0
dk9cpy,ESH,4.0
dk9cpy,ESH,3.0
dk9cpy,NTA,4.0
dk9cpy,ESH,4.0
dk9cpy,NTA,4.0
dk9cpy,ESH,4.0
dk9cpy,NTA,4.0
dk9cpy,ESH,4.0
dk9cpy,NTA,4.0
dk9cpy,NTA,4.0
dk9cpy,NTA,4.0
dk9cpy,YTA,4.0
dk9cpy,YTA,4.0
dk9cpy,YTA,4.0
dk9cpy,NTA,4.0
dk9cpy,NTA,4.0
dk9cpy,YTA,3.0
dk9cpy,ESH,3.0
dk9cpy,YTA,4.0
dk9cpy,YTA,4.0
dk9cpy,NTA,4.0
dk9cpy,NTA,4.0
dk9cpy,YTA,4.0
dk9cpy,ESH,4.0
dk9cpy,ESH,2.0
dk9cpy,ESH,2.0
dk9cpy,ESH,2.0
dk9cpy,NTA,4.0
dk9cpy,YTA,4.0
dk9cpy,ESH,2.0
dk9cpy,YTA,4.0
dk9cpy,ESH,2.0
dk9cpy,NTA,4.0
dk9cpy,ESH,4.0
dk9cpy,NTA,4.0
dk9cpy,NTA,4.0
dk9cpy,NTA,4.0
dk9cpy,ESH,2.0
dk9cpy,NTA,4.0
dk9cpy,ESH,2.0
dk9cpy,ESH,2.0
dk9cpy,NTA,4.0
dk9cpy,YTA,4.0
dk9cpy,ESH,2.0
dk9cpy,NTA,4.0
dk9cpy,ESH,3.0
dk9cpy,ESH,3.0
dk9cpy,ESH,4.0
dk9cpy,NTA,4.0
dk9cpy,YTA,3.0
dk9cpy,ESH,4.0
dk9cpy,ESH,2.0
dk9cpy,NTA,4.0
dk9cpy,NTA,4.0
dk9cpy,ESH,3.0
dk9cpy,NTA,4.0
dk9cpy,ESH,4.0
dk9cpy,NTA,4.0
dk9cpy,NTA,4.0
dk9cpy,ESH,3.0
dk9cpy,ESH,2.0
dk9cpy,NTA,4.0
dk9cpy,YTA,4.0
dk9cpy,YTA,4.0
dk9cpy,YTA,4.0
dk9cpy,NTA,4.0
dk9cpy,YTA,4.0
dk9cpy,ESH,3.0
dk9cpy,NTA,4.0
dk9cpy,NTA,4.0
dk9cpy,ESH,3.0
dk9cpy,YTA,4.0
dk9cpy,NTA,4.0
dk9cpy,NTA,4.0
dk9cpy,ESH,2.0
dk9cpy,ESH,4.0
dk9cpy,NTA,4.0
dk9cpy,ESH,3.0
dk9cpy,NTA,4.0
dk9cpy,ESH,2.0
dk9cpy,YTA,3.0
dk9cpy,ESH,2.0
dk9cpy,ESH,4.0
dk9cpy,ESH,2.0
dk9cpy,YTA,2.0
dk9cpy,ESH,2.0
dk9cpy,NTA,4.0
dk9cpy,ESH,2.0
dk9cpy,NTA,4.0
dk9cpy,NTA,4.0
dk9cpy,ESH,3.0
dk9cpy,YTA,4.0
dk9cpy,NTA,4.0
dk9cpy,ESH,3.0
dk9cpy,YTA,4.0
dk9cpy,ESH,2.0
dk9cpy,NTA,4.0
dk9cpy,NTA,4.0
dk9cpy,ESH,3.0
dk9cpy,YTA,4.0
dk9cpy,YTA,4.0
dk9cpy,YTA,4.0
dk9cpy,ESH,2.0
dk9cpy,YTA,4.0
dk9cpy,NTA,4.0
dk9cpy,NTA,3.0
dk9cpy,YTA,2.0
dk9cpy,YTA,4.0
dk9cpy,YTA,4.0
dk9cpy,NTA,4.0
dk9cpy,YTA,4.0
dk9cpy,ESH,3.0
dk9cpy,NTA,4.0
dk9cpy,ESH,3.0
dk9cpy,NTA,2.0
dk9cpy,YTA,4.0
dk9cpy,ESH,2.0
dk9cpy,YTA,4.0
dk9cpy,ESH,3.0
dk9cpy,NTA,3.0
dk9cpy,YTA,3.0
dk9cpy,ESH,2.0
dk9cpy,NTA,4.0
dk9cpy,NTA,4.0
dk9cpy,ESH,4.0
dk9cpy,NTA,4.0
dk9cpy,NTA,4.0
dk9cpy,ESH,4.0
dk9cpy,ESH,4.0
dk9cpy,NTA,4.0
dk9cpy,ESH,3.0
dk9cpy,NTA,3.0
dk9cpy,ESH,4.0
dk9cpy,YTA,4.0
dk9cpy,ESH,2.0
dk9cpy,YTA,4.0
dk9cpy,YTA,3.0
dk9cpy,YTA,4.0
dk9cpy,NTA,4.0
dk9cpy,NTA,4.0
dk9cpy,NTA,4.0
dk9cpy,NTA,4.0
dk9cpy,YTA,4.0
dk9cpy,ESH,2.0
dk9cpy,ESH,3.0
dk9cpy,ESH,4.0
dk9cpy,NTA,4.0
dk9cpy,YTA,4.0
dk9cpy,ESH,2.0
dk9cpy,ESH,2.0
dk9cpy,NTA,4.0
dk9cpy,ESH,3.0
dk9cpy,YTA,2.0
dk9cpy,NTA,4.0
dk9cpy,ESH,3.0
dk9cpy,ESH,2.0
dk9cpy,NTA,4.0
dk9cpy,NTA,4.0
dk9cpy,ESH,3.0
dk9cpy,NTA,4.0
dk9cpy,YTA,4.0
dk9cpy,YTA,4.0
dk9cpy,YTA,4.0
dk9cpy,YTA,4.0
dk9cpy,NTA,4.0
dk9cpy,NTA,4.0
dk9cpy,NTA,4.0
dk9cpy,ESH,4.0
dk9cpy,NTA,4.0
dk9cpy,ESH,4.0
dk9cpy,ESH,2.0
dk9cpy,ESH,2.0
dk9cpy,ESH,3.0
dk9cpy,NTA,4.0
dk9cpy,NTA,4.0
dk9cpy,ESH,2.0
dk9cpy,NTA,4.0
dk9cpy,YTA,4.0
dk9cpy,NTA,4.0
dk9cpy,ESH,4.0
dk9cpy,NTA,4.0
dk9cpy,NTA,4.0
dk9cpy,NTA,4.0
dk9cpy,NTA,4.0
dk9cpy,NTA,4.0
dk9cpy,NTA,2.0
dk9cpy,NTA,4.0
dk9cpy,NTA,4.0
dk9cpy,ESH,2.0
dk9cpy,YTA,4.0
dk9cpy,ESH,2.0
dk9cpy,NTA,4.0
dk9cpy,NTA,4.0
dk9cpy,YTA,3.0
dk9cpy,ESH,4.0
dk9cpy,ESH,2.0
dk9cpy,NTA,4.0
dk9cpy,NTA,4.0
dk9cpy,YTA,4.0
dk9cpy,ESH,1.0
dk9cpy,NTA,4.0
dk9cpy,ESH,2.0
dk9cpy,NTA,4.0
dk9cpy,NTA,4.0
dk9cpy,ESH,3.0
dk9cpy,NTA,4.0
dk9cpy,NTA,4.0
dk9cpy,ESH,4.0
dltf34,YTA,3.0
dltf34,YTA,3.0
dltf34,YTA,4.0
dltf34,YTA,4.0
dltf34,YTA,4.0
dltf34,YTA,4.0
dltf34,YTA,4.0
dltf34,NAH,4.0
dltf34,YTA,4.0
dltf34,NAH,3.0
dltf34,YTA,4.0
dltf34,NAH,3.0
dltf34,NAH,3.0
dltf34,NTA,4.0
dltf34,YTA,4.0
dltf34,YTA,4.0
dltf34,YTA,4.0
dltf34,YTA,2.0
dltf34,YTA,4.0
dltf34,NTA,4.0
dltf34,NTA,4.0
dltf34,NAH,3.0
dltf34,NTA,4.0
dltf34,NAH,3.0
dltf34,YTA,4.0
dltf34,NTA,4.0
dltf34,NAH,4.0
dltf34,ESH,4.0
dltf34,YTA,4.0
dltf34,YTA,4.0
dltf34,YTA,3.0
dltf34,NTA,4.0
dltf34,YTA,3.0
dltf34,YTA,4.0
dltf34,NTA,4.0
dltf34,NTA,4.0
dltf34,NAH,3.0
dltf34,YTA,2.0
dltf34,NTA,4.0
dltf34,YTA,4.0
dltf34,NTA,4.0
dltf34,YTA,3.0
dltf34,ESH,2.0
dltf34,YTA,3.0
dltf34,YTA,4.0
dltf34,YTA,4.0
dltf34,YTA,4.0
dltf34,NAH,3.0
dltf34,ESH,2.0
dltf34,NTA,4.0
dltf34,YTA,4.0
dltf34,YTA,3.0
dltf34,NTA,4.0
dltf34,NTA,3.0
dltf34,YTA,4.0
dltf34,YTA,4.0
dltf34,NAH,3.0
dltf34,YTA,4.0
dltf34,YTA,4.0
dltf34,YTA,4.0
dp0bt5,NTA,4.0
dp0bt5,YTA,4.0
dp0bt5,NTA,4.0
dp0bt5,NTA,3.0
dp0bt5,NTA,4.0
dp0bt5,YTA,4.0
dp0bt5,YTA,4.0
dp0bt5,YTA,4.0
dp0bt5,NTA,4.0
dp0bt5,NTA,4.0
dp0bt5,YTA,4.0
dp0bt5,YTA,3.0
dp0bt5,NTA,3.0
dp0bt5,YTA,4.0
dp0bt5,NTA,3.0
dp0bt5,YTA,4.0
dp0bt5,YTA,4.0
dp0bt5,YTA,4.0
dp0bt5,NTA,3.0
dp0bt5,NTA,3.0
dp0bt5,NTA,3.0
dp0bt5,ESH,2.0
dp0bt5,YTA,4.0
dp0bt5,YTA,4.0
dp0bt5,ESH,2.0
dp0bt5,NTA,4.0
dp0bt5,NAH,3.0
dp0bt5,NTA,4.0
dp0bt5,NTA,4.0
dp0bt5,NTA,4.0
dp0bt5,YTA,4.0
dp0bt5,YTA,4.0
dp0bt5,NTA,4.0
dp0bt5,NTA,4.0
dp0bt5,NTA,4.0
dp0bt5,ESH,2.0
dp0bt5,NTA,4.0
dp0bt5,YTA,4.0
dp0bt5,ESH,3.0
dp0bt5,YTA,1.0
dp0bt5,ESH,3.0
dp0bt5,ESH,3.0
dp0bt5,NTA,4.0
dp0bt5,YTA,4.0
dp0bt5,NAH,3.0
dp0bt5,ESH,2.0
dp0bt5,ESH,2.0
dp0bt5,NTA,3.0
dp0bt5,YTA,4.0
dp0bt5,YTA,4.0
dp0bt5,YTA,4.0
dp0bt5,YTA,4.0
dp0bt5,NTA,4.0
dp0bt5,NAH,3.0
dp0bt5,NTA,4.0
dp0bt5,NTA,4.0
dp0bt5,YTA,4.0
dp0bt5,YTA,4.0
dp0bt5,ESH,2.0
dp0bt5,YTA,4.0
dp0bt5,NTA,4.0
dp0bt5,NTA,3.0
dp0bt5,NTA,3.0
dp0bt5,NTA,4.0
dp0bt5,ESH,3.0
dp0bt5,YTA,4.0
dp0bt5,ESH,3.0
dp0bt5,NTA,4.0
dp0bt5,NTA,4.0
dp0bt5,NTA,4.0
dp0bt5,NTA,4.0
dp0bt5,YTA,4.0
dp0bt5,YTA,4.0
dp0bt5,NTA,4.0
dp0bt5,NTA,2.0
dp0bt5,NTA,2.0
dp0bt5,NTA,4.0
dp0bt5,NTA,4.0
dp0bt5,NTA,4.0
dp0bt5,NTA,4.0
dp0bt5,NTA,4.0
dp0bt5,NTA,4.0
dp0bt5,ESH,2.0
dp0bt5,YTA,4.0
dp0bt5,NTA,4.0
dp0bt5,NAH,3.0
dp0bt5,NTA,4.0
dp0bt5,YTA,4.0
dp0bt5,YTA,4.0
dp0bt5,YTA,4.0
dp0bt5,ESH,3.0
dp0bt5,ESH,2.0
dp0bt5,YTA,4.0
dp0bt5,YTA,4.0
dp0bt5,NTA,4.0
dp0bt5,ESH,2.0
dp0bt5,NTA,4.0
dp0bt5,NTA,4.0
dp0bt5,NTA,4.0
dp0bt5,YTA,4.0
dp0bt5,NTA,4.0
dp0bt5,NTA,4.0
dp0bt5,NAH,3.0
dp0bt5,NTA,4.0
dp0bt5,YTA,4.0
dp0bt5,YTA,4.0
dp0bt5,YTA,4.0
dp0bt5,NTA,4.0
dp0bt5,ESH,3.0
dp0bt5,YTA,3.0
dp0bt5,NTA,3.0
dp0bt5,NTA,4.0
dp0bt5,NTA,4.0
dp0bt5,NTA,4.0
dp0bt5,YTA,3.0
dp0bt5,NTA,4.0
dp0bt5,YTA,4.0
dp0bt5,YTA,
dp0bt5,NTA,4.0
dp0bt5,NTA,4.0
dp0bt5,YTA,4.0
dp0bt5,NTA,4.0
dp0bt5,NTA,4.0
dp0bt5,NTA,3.0
dp0bt5,NTA,4.0
dp0bt5,NTA,4.0
dp0bt5,YTA,4.0
dp0bt5,NTA,3.0
dp0bt5,ESH,4.0
dp0bt5,NTA,4.0
dp0bt5,NTA,4.0
dp0bt5,NTA,4.0
dp0bt5,NTA,4.0
dp0bt5,NTA,4.0
dp0bt5,NTA,4.0
dp0bt5,NTA,4.0
dp0bt5,NTA,4.0
dp0bt5,NTA,4.0
dp0bt5,NTA,4.0
dp0bt5,NTA,4.0
dp0bt5,NTA,4.0
dp0bt5,NTA,4.0
dp0bt5,NTA,4.0
dp0bt5,YTA,4.0
dp0bt5,NTA,4.0
dp0bt5,ESH,4.0
dpn1e5,NTA,4.0
dpn1e5,YTA,3.0
dpn1e5,ESH,2.0
dpn1e5,ESH,2.0
dpn1e5,ESH,3.0
dpn1e5,NTA,4.0
dpn1e5,NTA,3.0
dpn1e5,NTA,4.0
dpn1e5,ESH,2.0
dpn1e5,YTA,4.0
dpn1e5,ESH,3.0
dpn1e5,NTA,4.0
dpn1e5,ESH,3.0
dpn1e5,ESH,3.0
dpn1e5,ESH,3.0
dpn1e5,NTA,2.0
dpn1e5,NTA,2.0
dpn1e5,NTA,4.0
dpn1e5,ESH,3.0
dpn1e5,ESH,2.0
dpn1e5,NTA,4.0
dpn1e5,ESH,3.0
dpn1e5,NTA,4.0
dpn1e5,NTA,4.0
dpn1e5,NTA,3.0
dpn1e5,NTA,4.0
dpn1e5,ESH,4.0
dpn1e5,NTA,3.0
dpn1e5,ESH,2.0
dpn1e5,NTA,4.0
dpn1e5,NTA,4.0
dpn1e5,YTA,4.0
dpn1e5,ESH,2.0
dpn1e5,NTA,4.0
dpn1e5,YTA,4.0
dpn1e5,NTA,3.0
dpn1e5,NTA,4.0
dpn1e5,YTA,4.0
dpn1e5,ESH,2.0
dpn1e5,NTA,4.0
dpn1e5,NTA,4.0
dpn1e5,ESH,2.0
dpn1e5,ESH,2.0
dpn1e5,ESH,2.0
dpn1e5,NTA,4.0
dpn1e5,NTA,4.0
dpn1e5,NTA,3.0
dpn1e5,NTA,4.0
dpn1e5,NTA,4.0
dpn1e5,NTA,4.0
dpn1e5,NTA,4.0
dpn1e5,NTA,4.0
dpn1e5,YTA,3.0
dpn1e5,NTA,3.0
dpn1e5,NTA,4.0
dpn1e5,NTA,4.0
dpn1e5,NTA,4.0
dpn1e5,NTA,4.0
dpn1e5,YTA,4.0
dpn1e5,ESH,3.0
dpn1e5,ESH,2.0
dpn1e5,NTA,4.0
dpn1e5,ESH,4.0
dpn1e5,NTA,4.0
dpn1e5,NTA,4.0
dpn1e5,NTA,4.0
dpn1e5,NTA,4.0
dpn1e5,NTA,4.0
dpn1e5,NTA,4.0
dpn1e5,ESH,3.0
dpn1e5,ESH,2.0
dpn1e5,NTA,4.0
dpn1e5,NTA,4.0
dpn1e5,NTA,4.0
dpn1e5,ESH,3.0
dpn1e5,ESH,2.0
dpn1e5,NTA,4.0
dpn1e5,NTA,4.0
dpn1e5,YTA,4.0
dpn1e5,ESH,2.0
dpn1e5,NTA,4.0
dpn1e5,NTA,4.0
dpn1e5,NTA,4.0
dpn1e5,NTA,3.0
dpn1e5,YTA,3.0
dpn1e5,NTA,4.0
dpn1e5,NTA,3.0
dpn1e5,YTA,4.0
dpn1e5,NTA,4.0
dpn1e5,NTA,4.0
dpn1e5,YTA,3.0
dpn1e5,NTA,4.0
dpn1e5,ESH,2.0
dpn1e5,NTA,4.0
dpn1e5,ESH,2.0
dpn1e5,NTA,4.0
dpn1e5,ESH,4.0
dpn1e5,NTA,4.0
dpn1e5,NTA,4.0
dpn1e5,NTA,4.0
dpn1e5,NTA,4.0
dpn1e5,NTA,3.0
dpn1e5,NTA,3.0
dpn1e5,ESH,2.0
dpn1e5,NTA,4.0
dpn1e5,NTA,4.0
dpn1e5,NTA,3.0
dpn1e5,ESH,3.0
dpn1e5,NTA,4.0
dpn1e5,ESH,3.0
dpn1e5,NTA,4.0
dpn1e5,NTA,4.0
dpn1e5,NTA,4.0
dpn1e5,NTA,4.0
dpn1e5,NTA,4.0
dpn1e5,NTA,3.0
dpn1e5,ESH,3.0
dpn1e5,NTA,4.0
dpn1e5,NTA,4.0
dpn1e5,YTA,4.0
dpn1e5,NTA,4.0
dpn1e5,NTA,4.0
dpn1e5,NTA,4.0
dpn1e5,NTA,4.0
dpn1e5,ESH,4.0
dpn1e5,NTA,4.0
dpn1e5,NTA,4.0
dpn1e5,ESH,2.0
dpn1e5,NTA,4.0
dpn1e5,ESH,2.0
dpn1e5,NTA,4.0
dpn1e5,NTA,3.0
dpn1e5,NTA,4.0
dpn1e5,NTA,4.0
dpn1e5,YTA,4.0
dpn1e5,NTA,4.0
dpn1e5,NTA,4.0
dpn1e5,ESH,2.0
dpn1e5,NTA,3.0
dpn1e5,ESH,3.0
dpn1e5,ESH,2.0
dpn1e5,ESH,3.0
dpn1e5,NTA,4.0
dpn1e5,ESH,2.0
dpn1e5,NTA,3.0
dpn1e5,NTA,4.0
dpn1e5,NTA,4.0
dpn1e5,ESH,4.0
dpn1e5,NAH,3.0
dpn1e5,ESH,4.0
dpn1e5,NTA,4.0
dpn1e5,NTA,3.0
dpn1e5,NTA,4.0
dpn1e5,ESH,4.0
dpn1e5,NTA,4.0
dpn1e5,YTA,3.0
dpn1e5,NTA,4.0
dpn1e5,YTA,4.0
dpn1e5,NTA,4.0
dpn1e5,ESH,4.0
dpn1e5,ESH,3.0
dpn1e5,NTA,4.0
dpn1e5,YTA,3.0
dpn1e5,YTA,4.0
dpn1e5,NTA,4.0
dpn1e5,NTA,4.0
dpn1e5,NTA,4.0
dpn1e5,NTA,4.0
dpn1e5,YTA,4.0
dpn1e5,YTA,4.0
dpn1e5,NTA,3.0
dpn1e5,ESH,3.0
dpn1e5,ESH,3.0
dpn1e5,NTA,4.0
dpn1e5,NTA,4.0
dpn1e5,NTA,4.0
dpn1e5,ESH,2.0
dpn1e5,NTA,4.0
dpn1e5,NTA,4.0
dpn1e5,ESH,4.0
dpn1e5,NTA,4.0
dpn1e5,NTA,3.0
dpn1e5,NTA,4.0
dpn1e5,NTA,4.0
dpn1e5,NTA,4.0
dpn1e5,NTA,4.0
dpn1e5,NTA,4.0
dpn1e5,NTA,4.0
dpn1e5,ESH,2.0
dpn1e5,NTA,4.0
dpn1e5,NTA,4.0
dpn1e5,ESH,4.0
dpn1e5,NTA,4.0
dpn1e5,NTA,4.0
dpn1e5,NTA,3.0
dpn1e5,ESH,3.0
dpn1e5,NTA,4.0
dpn1e5,ESH,2.0
dpn1e5,YTA,3.0
dpn1e5,NTA,4.0
dpn1e5,NTA,4.0
dpn1e5,NTA,4.0
dpn1e5,ESH,3.0
dpn1e5,ESH,3.0
dpn1e5,NTA,4.0
dpn1e5,NTA,4.0
dpn1e5,ESH,4.0
dpn1e5,NTA,4.0
dpn1e5,NTA,4.0
dpn1e5,YTA,3.0
dpn1e5,NTA,4.0
dpn1e5,YTA,4.0
dpn1e5,NTA,4.0
dpn1e5,ESH,3.0
dpn1e5,YTA,4.0
dpn1e5,YTA,3.0
dpn1e5,ESH,3.0
dpn1e5,NTA,4.0
dpn1e5,NTA,4.0
dpn1e5,NTA,4.0
dpn1e5,NTA,4.0
dpn1e5,NTA,4.0
dpn1e5,ESH,3.0
dpn1e5,NTA,4.0
dpn1e5,YTA,4.0
dpn1e5,NTA,4.0
dpn1e5,NTA,3.0
dpn1e5,NTA,4.0
dpn1e5,NTA,4.0
dpn1e5,NTA,4.0
dpn1e5,NTA,4.0
dpn1e5,NTA,3.0
dpn1e5,ESH,4.0
dpn1e5,YTA,4.0
dpn1e5,ESH,4.0
dpn1e5,NTA,3.0
dpn1e5,NTA,4.0
dpn1e5,ESH,4.0
dpn1e5,ESH,2.0
dpn1e5,ESH,3.0
dpn1e5,NTA,3.0
dpn1e5,NTA,4.0
dpn1e5,ESH,1.0
dpn1e5,ESH,2.0
dpn1e5,NTA,4.0
dpn1e5,NTA,4.0
dpn1e5,NTA,4.0
dpn1e5,NTA,4.0
dpn1e5,NTA,4.0
dpn1e5,ESH,2.0
dpn1e5,NTA,4.0
dpn1e5,ESH,4.0
dpn1e5,NTA,4.0
dpn1e5,NTA,4.0
dpn1e5,NTA,3.0
dpn1e5,NTA,4.0
dpn1e5,NTA,4.0
dpn1e5,NTA,4.0
dpn1e5,ESH,2.0
dpn1e5,NTA,3.0
dpn1e5,NTA,4.0
dpn1e5,NTA,4.0
dpn1e5,ESH,3.0
dpn1e5,ESH,1.0
dpn1e5,ESH,2.0
dpn1e5,NTA,4.0
dpn1e5,NTA,4.0
dpn1e5,NTA,4.0
dpn1e5,ESH,3.0
dpn1e5,ESH,3.0
dpn1e5,NTA,4.0
dpn1e5,ESH,3.0
dpn1e5,NTA,3.0
dpn1e5,NTA,4.0
dpn1e5,ESH,2.0
dpn1e5,NTA,4.0
dpn1e5,ESH,4.0
dpn1e5,ESH,2.0
dpn1e5,NTA,4.0
dpn1e5,NTA,4.0
dpn1e5,NTA,4.0
dpn1e5,ESH,2.0
dpn1e5,NTA,4.0
dpn1e5,NTA,4.0
dpn1e5,NTA,4.0
dpn1e5,NTA,4.0
dpn1e5,NTA,4.0
dpn1e5,ESH,3.0
dpn1e5,YTA,4.0
dpn1e5,NTA,4.0
dpn1e5,YTA,4.0
dpn1e5,NTA,3.0
dpn1e5,NTA,4.0
dpn1e5,ESH,3.0
dpn1e5,NTA,4.0
dpn1e5,NTA,4.0
dpn1e5,ESH,2.0
dpn1e5,NTA,4.0
dpn1e5,ESH,3.0
dpn1e5,YTA,4.0
dpn1e5,NTA,3.0
dpn1e5,NTA,4.0
dpn1e5,NTA,4.0
dpn1e5,NTA,4.0
dpn1e5,NTA,4.0
dpn1e5,ESH,2.0
dpn1e5,YTA,4.0
dpn1e5,ESH,4.0
dpn1e5,ESH,3.0
dpn1e5,NTA,4.0
dpn1e5,NTA,4.0
dpn1e5,NTA,4.0
dpn1e5,NTA,4.0
dpn1e5,NTA,4.0
dpn1e5,NTA,4.0
dpn1e5,NTA,4.0
dpn1e5,NTA,4.0
dpn1e5,ESH,2.0
dpn1e5,ESH,2.0
dpn1e5,YTA,4.0
dpn1e5,NTA,4.0
dpn1e5,NTA,3.0
dpn1e5,ESH,3.0
dpn1e5,NTA,4.0
dpn1e5,NTA,4.0
dpn1e5,ESH,3.0
dpn1e5,NAH,3.0
dpn1e5,NTA,4.0
dpn1e5,NTA,4.0
dpn1e5,YTA,4.0
dpn1e5,NTA,3.0
dpn1e5,NTA,4.0
dpn1e5,NTA,4.0
dpn1e5,NTA,4.0
dpn1e5,ESH,3.0
dpn1e5,NTA,3.0
dpn1e5,NTA,4.0
dpn1e5,NTA,4.0
dpn1e5,NTA,3.0
dpn1e5,NTA,4.0
dpn1e5,YTA,4.0
dpn1e5,ESH,4.0
dpn1e5,NTA,4.0
dpn1e5,ESH,2.0
dpn1e5,NTA,4.0
dpn1e5,ESH,4.0
dpn1e5,NTA,4.0
dpn1e5,ESH,3.0
dpn1e5,NTA,4.0
dpn1e5,ESH,3.0
dpn1e5,NTA,4.0
dpn1e5,NTA,4.0
dpn1e5,NTA,4.0
dpn1e5,NTA,4.0
dpn1e5,NTA,4.0
dpn1e5,NTA,3.0
dpn1e5,NTA,2.0
dpn1e5,YTA,4.0
dpn1e5,NTA,4.0
dpn1e5,NTA,4.0
dpn1e5,NTA,4.0
dpn1e5,NTA,4.0
dpn1e5,NTA,4.0
dpn1e5,ESH,4.0
dpn1e5,NTA,4.0
dpn1e5,NTA,4.0
dpn1e5,NTA,4.0
dpn1e5,YTA,4.0
dpn1e5,NTA,4.0
dpn1e5,ESH,3.0
dpn1e5,NTA,4.0
dpn1e5,NTA,4.0
dpn1e5,NTA,4.0
dpn1e5,ESH,3.0
dpn1e5,ESH,4.0
dpn1e5,NTA,3.0
dpn1e5,ESH,2.0
dpn1e5,NTA,3.0
dpn1e5,NTA,4.0
dpn1e5,NTA,4.0
dpn1e5,NTA,4.0
dpn1e5,NTA,4.0
dpn1e5,ESH,4.0
dpn1e5,NTA,4.0
dpn1e5,ESH,3.0
dpn1e5,NTA,4.0
dpn1e5,YTA,3.0
dpn1e5,NTA,4.0
dpn1e5,NTA,4.0
dpn1e5,NTA,4.0
dpn1e5,NTA,4.0
dpn1e5,NTA,4.0
dpn1e5,ESH,3.0
dpn1e5,NTA,4.0
dpn1e5,ESH,3.0
dpn1e5,NTA,4.0
dpn1e5,NTA,2.0
dpn1e5,ESH,3.0
dpn1e5,ESH,3.0
dpn1e5,ESH,2.0
dpn1e5,NTA,4.0
dpn1e5,NTA,4.0
dpn1e5,NTA,4.0
dpn1e5,NTA,4.0
dpn1e5,NTA,4.0
dpn1e5,NTA,4.0
dpn1e5,ESH,3.0
dpn1e5,YTA,3.0
dpn1e5,NTA,4.0
dpn1e5,NTA,4.0
dpn1e5,ESH,2.0
dpn1e5,NTA,4.0
dpn1e5,NTA,4.0
dpn1e5,NTA,4.0
dpn1e5,NTA,4.0
dpn1e5,ESH,3.0
dpn1e5,NTA,4.0
dpn1e5,ESH,3.0
dpn1e5,ESH,4.0
dpn1e5,NTA,4.0
dpn1e5,NTA,4.0
dpn1e5,YTA,4.0
dpn1e5,NTA,4.0
dpn1e5,ESH,3.0
dpn1e5,NTA,4.0
dpn1e5,NTA,4.0
dpn1e5,NTA,4.0
dpn1e5,NTA,3.0
dpn1e5,ESH,3.0
dpn1e5,NTA,4.0
dpn1e5,ESH,3.0
dpn1e5,ESH,2.0
dpn1e5,NTA,4.0
dpn1e5,ESH,2.0
dpn1e5,NTA,4.0
dpn1e5,YTA,4.0
dpn1e5,YTA,4.0
dpn1e5,NTA,4.0
dpn1e5,NTA,4.0
dpn1e5,NTA,3.0
dpn1e5,NTA,4.0
dpn1e5,NTA,4.0
dpn1e5,NTA,4.0
dpn1e5,NTA,4.0
dpn1e5,NTA,4.0
dpn1e5,ESH,4.0
dpn1e5,NTA,4.0
dpn1e5,NTA,4.0
dpn1e5,ESH,2.0
dpn1e5,ESH,4.0
dpn1e5,NTA,4.0
dpn1e5,NTA,4.0
dpn1e5,NTA,3.0
dpn1e5,ESH,2.0
dpn1e5,ESH,2.0
dpn1e5,ESH,3.0
dpn1e5,NTA,4.0
dpn1e5,ESH,3.0
dpn1e5,NTA,4.0
dpn1e5,ESH,3.0
dpn1e5,ESH,2.0
dpn1e5,NTA,3.0
dpn1e5,NTA,4.0
dpn1e5,ESH,4.0
dpn1e5,NTA,3.0
dpn1e5,NTA,4.0
dpn1e5,NTA,4.0
dpn1e5,YTA,4.0
dpn1e5,YTA,4.0
dpn1e5,NTA,3.0
dpn1e5,NTA,4.0
dpn1e5,NTA,3.0
dpn1e5,YTA,4.0
dpn1e5,NTA,3.0
dpn1e5,NTA,3.0
dpn1e5,NTA,4.0
dpn1e5,NTA,3.0
dpn1e5,NTA,4.0
dpn1e5,ESH,4.0
dpn1e5,NTA,4.0
dpn1e5,NTA,4.0
dpn1e5,YTA,3.0
dpn1e5,NTA,4.0
dpn1e5,ESH,3.0
dpn1e5,NTA,4.0
dpn1e5,NTA,4.0
dpn1e5,ESH,3.0
dpn1e5,YTA,4.0
dpn1e5,NTA,4.0
dpn1e5,NTA,3.0
dpn1e5,NTA,4.0
dpn1e5,ESH,2.0
dpn1e5,NTA,4.0
dpn1e5,YTA,4.0
dpn1e5,NTA,4.0
dpn1e5,NTA,4.0
dpn1e5,NTA,4.0
dpn1e5,YTA,4.0
dpn1e5,NTA,3.0
dpn1e5,ESH,4.0
dpn1e5,NTA,4.0
dpn1e5,ESH,3.0
dpn1e5,NTA,4.0
dpn1e5,YTA,4.0
dpn1e5,NTA,4.0
dpn1e5,NTA,4.0
dpn1e5,NTA,3.0
dpn1e5,ESH,4.0
dpn1e5,NTA,4.0
dpn1e5,NTA,3.0
dpn1e5,NTA,4.0
dpn1e5,ESH,3.0
dpn1e5,NTA,4.0
dpn1e5,NTA,4.0
dpn1e5,NTA,4.0
dpn1e5,NTA,4.0
dpn1e5,YTA,3.0
dpn1e5,NTA,4.0
dpn1e5,NTA,4.0
dpn1e5,NTA,4.0
dpn1e5,YTA,3.0
dpn1e5,NTA,4.0
dpn1e5,NTA,4.0
dpn1e5,YTA,4.0
dpn1e5,NTA,4.0
dpn1e5,NTA,4.0
dpn1e5,NTA,2.0
dpn1e5,ESH,2.0
dpn1e5,NTA,4.0
dpn1e5,NTA,4.0
dpn1e5,YTA,2.0
dpn1e5,NTA,4.0
dpn1e5,NTA,4.0
dpn1e5,NTA,3.0
dpn1e5,ESH,3.0
dpn1e5,NTA,3.0
dpn1e5,NTA,3.0
dpn1e5,NTA,4.0
dpn1e5,NTA,4.0
dpn1e5,NTA,4.0
dpn1e5,NTA,4.0
dpn1e5,YTA,2.0
dpn1e5,YTA,4.0
dpn1e5,NTA,4.0
dpn1e5,NTA,4.0
dpn1e5,ESH,3.0
dpn1e5,NTA,4.0
dpn1e5,YTA,4.0
dpn1e5,NTA,4.0
dpn1e5,NTA,3.0
dpn1e5,NTA,4.0
dpn1e5,NTA,4.0
dpn1e5,ESH,4.0
dpn1e5,NTA,4.0
dpn1e5,NTA,4.0
dpn1e5,ESH,4.0
dpn1e5,ESH,3.0
dpn1e5,NTA,4.0
dpn1e5,YTA,3.0
dpn1e5,NTA,3.0
dpn1e5,YTA,4.0
dpn1e5,ESH,2.0
dpn1e5,NTA,4.0
dpn1e5,ESH,3.0
dpn1e5,NTA,4.0
dpn1e5,YTA,4.0
dpn1e5,NTA,4.0
dpn1e5,NTA,4.0
dpn1e5,ESH,2.0
dpn1e5,NTA,4.0
dpn1e5,NTA,4.0
dpn1e5,NTA,4.0
dpn1e5,NTA,4.0
dpn1e5,ESH,4.0
dpn1e5,YTA,4.0
dpn1e5,ESH,2.0
dpn1e5,NTA,3.0
dpn1e5,NTA,4.0
dpn1e5,NTA,4.0
dpn1e5,NTA,4.0
dpn1e5,ESH,3.0
dpn1e5,NTA,4.0
dpn1e5,NTA,3.0
dpn1e5,NTA,4.0
dpn1e5,NTA,4.0
dpn1e5,NTA,3.0
dpn1e5,YTA,4.0
dpn1e5,NTA,4.0
dpn1e5,NTA,4.0
dpn1e5,NTA,4.0
dpn1e5,ESH,3.0
dpn1e5,ESH,2.0
dpn1e5,NTA,4.0
dpn1e5,ESH,2.0
dpn1e5,NTA,3.0
dpn1e5,NTA,4.0
dpn1e5,NTA,3.0
dpn1e5,NTA,4.0
dpn1e5,ESH,4.0
dpn1e5,NTA,4.0
dpn1e5,ESH,3.0
dpn1e5,NTA,3.0
dpn1e5,NTA,3.0
dpn1e5,NTA,4.0
dpn1e5,YTA,4.0
dpn1e5,NTA,3.0
dpn1e5,NTA,4.0
dpn1e5,NTA,3.0
dpn1e5,ESH,3.0
dpn1e5,NTA,4.0
dpn1e5,NTA,4.0
dpn1e5,NTA,4.0
dpn1e5,NTA,4.0
dpn1e5,NTA,4.0
dpn1e5,NTA,4.0
dpn1e5,NTA,4.0
dpn1e5,NTA,3.0
dpn1e5,NTA,4.0
dpn1e5,ESH,4.0
dpn1e5,ESH,2.0
dpn1e5,ESH,3.0
dpn1e5,ESH,4.0
dpn1e5,YTA,4.0
dpn1e5,NTA,2.0
dpn1e5,NTA,4.0
dpn1e5,NTA,4.0
dpn1e5,NTA,4.0
dpn1e5,NTA,4.0
dpn1e5,NTA,4.0
dpn1e5,NTA,4.0
dpn1e5,NAH,4.0
dpn1e5,ESH,3.0
dpn1e5,NTA,3.0
dpn1e5,NTA,4.0
dpn1e5,NTA,2.0
dpn1e5,NTA,4.0
dpn1e5,NTA,4.0
dpn1e5,ESH,2.0
dpn1e5,ESH,4.0
dpn1e5,ESH,4.0
dpn1e5,ESH,2.0
dpn1e5,ESH,3.0
dpn1e5,ESH,3.0
dpn1e5,NTA,4.0
dpn1e5,NTA,4.0
dpn1e5,NTA,4.0
dpn1e5,NTA,4.0
dpn1e5,ESH,4.0
dpn1e5,YTA,4.0
dpn1e5,ESH,2.0
dpn1e5,YTA,4.0
dpn1e5,NTA,4.0
dpn1e5,NTA,4.0
dpn1e5,NTA,4.0
dpn1e5,NTA,4.0
dpn1e5,ESH,1.0
dpn1e5,NTA,4.0
dpn1e5,NTA,3.0
dpn1e5,NTA,4.0
dpn1e5,NTA,4.0
dpn1e5,YTA,4.0
dpn1e5,NTA,4.0
dpn1e5,ESH,2.0
dpn1e5,NTA,4.0
dpn1e5,NTA,4.0
dpn1e5,YTA,4.0
dpn1e5,ESH,4.0
dpn1e5,YTA,4.0
dpn1e5,YTA,4.0
dpn1e5,NTA,4.0
dpn1e5,ESH,4.0
dpn1e5,NTA,4.0
dpn1e5,NTA,4.0
dpn1e5,NTA,4.0
dpn1e5,ESH,3.0
dpn1e5,NTA,4.0
dpn1e5,NTA,4.0
dpn1e5,NTA,4.0
dpn1e5,ESH,2.0
dpn1e5,ESH,3.0
dpn1e5,ESH,3.0
dpn1e5,NTA,4.0
dpn1e5,NTA,4.0
dpn1e5,NTA,4.0
dpn1e5,NTA,4.0
dpn1e5,NTA,4.0
dpn1e5,NTA,4.0
dpn1e5,NTA,4.0
dpn1e5,NTA,4.0
dpn1e5,NTA,4.0
dpn1e5,NTA,3.0
dpn1e5,ESH,3.0
dpn1e5,NTA,4.0
dpn1e5,NTA,4.0
dpn1e5,NTA,4.0
dpn1e5,NTA,4.0
dpn1e5,NTA,4.0
dpn1e5,ESH,4.0
dpn1e5,YTA,4.0
dpn1e5,NTA,4.0
dpn1e5,NTA,4.0
dpn1e5,YTA,4.0
dpn1e5,NTA,4.0
dpn1e5,YTA,4.0
dpn1e5,NTA,3.0
dpn1e5,ESH,2.0
dpn1e5,NTA,4.0
dpn1e5,NTA,4.0
dpn1e5,NTA,4.0
dpn1e5,NTA,4.0
dpn1e5,NTA,4.0
dpn1e5,ESH,2.0
dpn1e5,YTA,4.0
dpn1e5,YTA,2.0
dpn1e5,NTA,4.0
dpn1e5,ESH,2.0
dpn1e5,ESH,2.0
dpn1e5,NTA,4.0
dpn1e5,ESH,2.0
dpn1e5,NTA,4.0
dpn1e5,ESH,2.0
dpn1e5,NTA,4.0
dpn1e5,YTA,4.0
dpn1e5,ESH,2.0
dpn1e5,NTA,3.0
dpn1e5,NTA,4.0
dpn1e5,NTA,4.0
dpn1e5,NTA,4.0
dpn1e5,NTA,4.0
dvsio5,NTA,4.0
dvsio5,NTA,4.0
dvsio5,NTA,4.0
dvsio5,YTA,4.0
dvsio5,NAH,3.0
dvsio5,NTA,4.0
dvsio5,NTA,4.0
dvsio5,NTA,4.0
dvsio5,NTA,3.0
dvsio5,NTA,3.0
dvsio5,YTA,4.0
dvsio5,YTA,4.0
dvsio5,NTA,4.0
dvsio5,NTA,2.0
dvsio5,NTA,4.0
dvsio5,NAH,3.0
dvsio5,YTA,4.0
dvsio5,ESH,3.0
dvsio5,NAH,3.0
dvsio5,YTA,4.0
dvsio5,NTA,4.0
dvsio5,NTA,4.0
dvsio5,YTA,4.0
dvsio5,YTA,4.0
dvsio5,YTA,4.0
dvsio5,NAH,3.0
dvsio5,NTA,3.0
dvsio5,YTA,4.0
dvsio5,YTA,4.0
dvsio5,NTA,4.0
dvsio5,NAH,3.0
dvsio5,YTA,4.0
dvsio5,YTA,4.0
dvsio5,YTA,4.0
dvsio5,NTA,3.0
dvsio5,NTA,4.0
dvsio5,YTA,3.0
dvsio5,NAH,3.0
dvsio5,NTA,4.0
dvsio5,YTA,4.0
dvsio5,NTA,4.0
dvsio5,NTA,4.0
dvsio5,YTA,3.0
dvsio5,NTA,3.0
dvsio5,YTA,4.0
dvsio5,YTA,4.0
dvsio5,YTA,4.0
dvsio5,YTA,4.0
dvsio5,YTA,4.0
dvsio5,YTA,4.0
dvsio5,YTA,4.0
dvsio5,YTA,4.0
dvsio5,YTA,4.0
dvsio5,YTA,4.0
dvsio5,NAH,3.0
dvsio5,YTA,4.0
dvsio5,NTA,4.0
dvsio5,NTA,4.0
dvsio5,YTA,3.0
dvsio5,YTA,4.0
dvsio5,NAH,3.0
dvsio5,NTA,4.0
dvsio5,YTA,4.0
dvsio5,NTA,4.0
dvsio5,NTA,4.0
dvsio5,YTA,4.0
dvsio5,NAH,3.0
dvsio5,NTA,4.0
dvsio5,NTA,4.0
dvsio5,NAH,3.0
dvsio5,NTA,4.0
dvsio5,NTA,4.0
dvsio5,YTA,4.0
dvsio5,YTA,4.0
dvsio5,NTA,3.0
dvsio5,YTA,4.0
dvsio5,ESH,2.0
dvsio5,NTA,4.0
dvsio5,NAH,3.0
dvsio5,YTA,4.0
dvsio5,NTA,4.0
dvsio5,YTA,4.0
dvsio5,NAH,3.0
dvsio5,YTA,4.0
dvsio5,NTA,4.0
e4cnn3,ESH,4.0
e4cnn3,NTA,4.0
e4cnn3,NTA,4.0
e4cnn3,ESH,4.0
e4cnn3,NTA,4.0
e4cnn3,NTA,4.0
e4cnn3,ESH,4.0
e4cnn3,ESH,4.0
e4cnn3,ESH,2.0
e4cnn3,NTA,4.0
e4cnn3,NTA,3.0
e4cnn3,NTA,3.0
e4cnn3,ESH,2.0
e4cnn3,NTA,4.0
e4cnn3,ESH,2.0
e4cnn3,ESH,4.0
e4cnn3,ESH,4.0
e4cnn3,ESH,4.0
e4cnn3,YTA,4.0
e4cnn3,ESH,2.0
e4cnn3,NTA,4.0
e4cnn3,ESH,4.0
e4cnn3,NTA,4.0
e4cnn3,ESH,4.0
e4cnn3,NTA,4.0
e4cnn3,YTA,4.0
e4cnn3,ESH,4.0
e4cnn3,ESH,4.0
e4cnn3,NTA,4.0
e4cnn3,ESH,4.0
e4cnn3,ESH,4.0
e4cnn3,ESH,4.0
e4cnn3,ESH,4.0
e4cnn3,ESH,4.0
e4cnn3,ESH,4.0
e4cnn3,NTA,2.0
e4cnn3,YTA,4.0
e4cnn3,ESH,3.0
e4cnn3,ESH,4.0
e4cnn3,ESH,4.0
e4cnn3,NTA,4.0
e4cnn3,ESH,4.0
e4cnn3,ESH,4.0
e4cnn3,ESH,2.0
e4cnn3,ESH,2.0
e4cnn3,ESH,4.0
e4cnn3,NTA,4.0
e4cnn3,ESH,4.0
e4cnn3,NTA,4.0
e4cnn3,ESH,2.0
e4cnn3,ESH,4.0
e4cnn3,NTA,4.0
e4cnn3,YTA,4.0
e4cnn3,ESH,4.0
e4cnn3,ESH,4.0
e4cnn3,NTA,4.0
e4cnn3,ESH,2.0
e4cnn3,ESH,4.0
e4cnn3,NTA,4.0
e4cnn3,ESH,4.0
e4cnn3,NTA,4.0
e4cnn3,NTA,4.0
e4cnn3,YTA,4.0
e4cnn3,ESH,4.0
e4cnn3,NTA,4.0
e4cnn3,NTA,4.0
e4cnn3,YTA,4.0
e4cnn3,ESH,2.0
e4cnn3,YTA,4.0
e4cnn3,ESH,3.0
e4cnn3,ESH,4.0
e4cnn3,NTA,4.0
e4cnn3,ESH,4.0
e4cnn3,ESH,4.0
e4cnn3,YTA,4.0
e4cnn3,ESH,2.0
e4cnn3,NTA,4.0
e4cnn3,ESH,4.0
e4cnn3,ESH,4.0
e4cnn3,NTA,4.0
e4cnn3,NTA,4.0
e4cnn3,YTA,4.0
e4cnn3,ESH,4.0
e4cnn3,NTA,4.0
e5roue,NTA,4.0
e5roue,NTA,4.0
e5roue,ESH,2.0
e5roue,NTA,3.0
e5roue,ESH,2.0
e5roue,NAH,3.0
e5roue,NAH,3.0
e5roue,NTA,4.0
e5roue,NTA,4.0
e5roue,NTA,4.0
e5roue,YTA,4.0
e5roue,NTA,4.0
e5roue,NTA,4.0
e5roue,NTA,4.0
e5roue,NTA,4.0
e5roue,NTA,4.0
e5roue,NAH,3.0
e5roue,NTA,2.0
e5roue,ESH,2.0
e5roue,NTA,4.0
e5roue,NTA,4.0
e5roue,NAH,3.0
e5roue,YTA,4.0
e5roue,NTA,4.0
e5roue,NTA,4.0
e5roue,NTA,4.0
e5roue,NTA,4.0
e5roue,NTA,4.0
e5roue,NTA,3.0
e5roue,NTA,4.0
e5roue,NTA,3.0
e5roue,NAH,3.0
e5roue,NTA,3.0
e5roue,NTA,4.0
e5roue,NTA,4.0
e5roue,NTA,4.0
e5roue,NTA,4.0
e5roue,NTA,4.0
e5roue,NTA,4.0
e5roue,NTA,4.0
e5roue,YTA,4.0
e5roue,NTA,4.0
e5roue,NTA,4.0
e5roue,NTA,4.0
e5roue,NTA,4.0
e5roue,NTA,4.0
e5roue,NTA,4.0
e5roue,NTA,4.0
e5roue,NTA,4.0
e5roue,NTA,4.0
e5roue,NTA,4.0
e5roue,NTA,4.0
e5roue,YTA,4.0
e5roue,NTA,4.0
e5roue,NTA,3.0
e5roue,YTA,4.0
e5roue,NTA,4.0
e5roue,NTA,4.0
e5roue,NTA,4.0
e5roue,NTA,4.0
e5roue,YTA,4.0
e5roue,NTA,4.0
e5roue,YTA,4.0
e5roue,NTA,4.0
e5roue,NTA,1.0
e5roue,NTA,4.0
e5roue,NTA,4.0
e5roue,YTA,4.0
e5roue,NAH,3.0
e5roue,YTA,4.0
e5roue,NTA,4.0
e5roue,YTA,4.0
e5roue,YTA,4.0
e5roue,YTA,4.0
e5roue,YTA,4.0
e5roue,YTA,4.0
e5roue,NTA,3.0
e5roue,YTA,4.0
e5roue,YTA,4.0
e5roue,YTA,4.0
e5roue,YTA,4.0
e5roue,YTA,4.0
e5roue,NAH,4.0
e8l9h6,NAH,3.0
e8l9h6,YTA,4.0
e8l9h6,NTA,3.0
e8l9h6,YTA,4.0
e8l9h6,YTA,3.0
e8l9h6,YTA,4.0
e8l9h6,YTA,4.0
e8l9h6,YTA,4.0
e8l9h6,NAH,3.0
e8l9h6,YTA,4.0
e8l9h6,NAH,3.0
e8l9h6,YTA,4.0
e8l9h6,YTA,4.0
e8l9h6,YTA,4.0
e8l9h6,NTA,2.0
e8l9h6,NAH,3.0
e8l9h6,ESH,2.0
e8l9h6,NTA,3.0
e8l9h6,YTA,4.0
e8l9h6,YTA,4.0
e8l9h6,YTA,3.0
e8l9h6,YTA,4.0
e8l9h6,NAH,3.0
e8l9h6,YTA,4.0
e8l9h6,NAH,3.0
e8l9h6,NTA,3.0
e8l9h6,NTA,3.0
e8l9h6,YTA,2.0
e8l9h6,YTA,4.0
e8l9h6,YTA,4.0
e8l9h6,ESH,2.0
e8l9h6,NAH,3.0
e8l9h6,YTA,4.0
e8l9h6,YTA,4.0
e8l9h6,ESH,3.0
e8l9h6,YTA,4.0
e8l9h6,YTA,4.0
e8l9h6,YTA,3.0
e8l9h6,NTA,4.0
e8l9h6,YTA,4.0
e8l9h6,NTA,4.0
e8l9h6,YTA,4.0
e8l9h6,ESH,3.0
e8l9h6,YTA,4.0
e8l9h6,YTA,4.0
e8l9h6,YTA,4.0
e8l9h6,NTA,4.0
e8l9h6,NAH,4.0
e8l9h6,NTA,3.0
e8l9h6,YTA,4.0
e8l9h6,YTA,4.0
e8l9h6,NTA,4.0
e8l9h6,YTA,4.0
e8l9h6,YTA,4.0
e8l9h6,NTA,4.0
e8l9h6,YTA,4.0
e8l9h6,NTA,4.0
e8l9h6,NTA,3.0
e8l9h6,YTA,4.0
e8l9h6,YTA,4.0
e8l9h6,YTA,4.0
e8l9h6,ESH,4.0
e8l9h6,YTA,4.0
e8l9h6,NTA,3.0
e8l9h6,NTA,3.0
e8l9h6,NTA,3.0
e8l9h6,YTA,4.0
e8l9h6,YTA,4.0
e8l9h6,NTA,3.0
e8l9h6,YTA,4.0
e8l9h6,NTA,3.0
e8l9h6,NTA,3.0
e8l9h6,YTA,4.0
e8l9h6,NTA,4.0
e8l9h6,NAH,3.0
e8l9h6,NTA,4.0
e8l9h6,NTA,3.0
e8l9h6,NTA,3.0
e8l9h6,YTA,4.0
e8l9h6,NAH,3.0
e8l9h6,YTA,4.0
e8l9h6,YTA,4.0
e8l9h6,NTA,4.0
e8l9h6,ESH,2.0
e8l9h6,NTA,4.0
e8l9h6,NTA,3.0
e8l9h6,NTA,4.0
e8l9h6,NTA,4.0
e8l9h6,ESH,2.0
e8l9h6,YTA,4.0
e8l9h6,NTA,4.0
e8l9h6,YTA,4.0
e8l9h6,ESH,2.0
e8l9h6,NTA,4.0
e8l9h6,YTA,4.0
e8l9h6,NAH,3.0
e8l9h6,NTA,3.0
e8l9h6,YTA,4.0
e8l9h6,NAH,3.0
e8l9h6,NTA,4.0
e8l9h6,YTA,4.0
e8l9h6,YTA,4.0
e8l9h6,NTA,4.0
e8l9h6,NAH,4.0
e8l9h6,NTA,3.0
e8l9h6,ESH,3.0
e8l9h6,NTA,4.0
e8l9h6,NTA,4.0
e8l9h6,YTA,4.0
e8l9h6,YTA,4.0
e8l9h6,YTA,3.0
e8l9h6,NTA,3.0
e8l9h6,YTA,4.0
e8l9h6,YTA,4.0
e8l9h6,NTA,4.0
e8l9h6,NTA,4.0
e8l9h6,YTA,4.0
e8l9h6,NTA,4.0
e8l9h6,NTA,3.0
e8l9h6,YTA,4.0
e8l9h6,NTA,4.0
e8l9h6,NTA,4.0
e8l9h6,YTA,3.0
e8l9h6,YTA,4.0
e8l9h6,NTA,3.0
e8l9h6,NTA,3.0
e8l9h6,NTA,3.0
e8l9h6,YTA,4.0
e8l9h6,YTA,3.0
e8l9h6,YTA,4.0
e8l9h6,YTA,4.0
e8l9h6,YTA,4.0
e8l9h6,YTA,4.0
e8l9h6,YTA,4.0
e8l9h6,YTA,4.0
e8l9h6,NAH,3.0
e8l9h6,NAH,3.0
e8l9h6,YTA,4.0
e8l9h6,NTA,4.0
e8l9h6,YTA,4.0
e8l9h6,NAH,3.0
e8l9h6,YTA,4.0
e8l9h6,YTA,4.0
e8l9h6,NAH,3.0
e8l9h6,NTA,4.0
e8l9h6,NTA,3.0
e8l9h6,YTA,4.0
e8l9h6,NAH,3.0
e8l9h6,NTA,3.0
e8l9h6,NTA,4.0
e8l9h6,NAH,4.0
e8l9h6,YTA,4.0
e8l9h6,NTA,4.0
e8l9h6,NTA,4.0
e8l9h6,YTA,4.0
e8l9h6,YTA,4.0
e8l9h6,YTA,4.0
e8l9h6,NAH,4.0
e8l9h6,ESH,2.0
e8l9h6,NAH,2.0
e8l9h6,YTA,4.0
e8l9h6,NTA,4.0
e8l9h6,ESH,2.0
e8l9h6,YTA,4.0
e8l9h6,NTA,3.0
e8l9h6,NAH,3.0
e8l9h6,NTA,4.0
e8l9h6,NTA,4.0
e8l9h6,YTA,4.0
e8l9h6,YTA,4.0
e8l9h6,YTA,4.0
e8l9h6,NTA,3.0
e8l9h6,NTA,4.0
e8l9h6,NTA,3.0
e8l9h6,NTA,4.0
e8l9h6,YTA,4.0
e8l9h6,YTA,4.0
e8l9h6,YTA,4.0
e8l9h6,NAH,3.0
e8l9h6,YTA,4.0
e8l9h6,NTA,4.0
e8s8qn,YTA,3.0
e8s8qn,YTA,4.0
e8s8qn,NTA,3.0
e8s8qn,NTA,4.0
e8s8qn,NAH,3.0
e8s8qn,NAH,3.0
e8s8qn,YTA,3.0
e8s8qn,YTA,3.0
e8s8qn,NTA,3.0
e8s8qn,YTA,4.0
e8s8qn,YTA,4.0
e8s8qn,NAH,3.0
e8s8qn,YTA,4.0
e8s8qn,YTA,3.0
e8s8qn,YTA,4.0
e8s8qn,YTA,4.0
e8s8qn,YTA,3.0
e8s8qn,NTA,3.0
e8s8qn,NAH,3.0
e8s8qn,YTA,4.0
e8s8qn,YTA,4.0
e8s8qn,NTA,4.0
e8s8qn,ESH,2.0
e8s8qn,NTA,4.0
e8s8qn,YTA,4.0
e8s8qn,YTA,4.0
e8s8qn,YTA,4.0
e8s8qn,NTA,4.0
e8s8qn,NAH,4.0
e8s8qn,YTA,4.0
e8s8qn,YTA,2.0
e8s8qn,YTA,3.0
e8s8qn,NTA,4.0
e8s8qn,YTA,4.0
e8s8qn,YTA,4.0
e8s8qn,NAH,4.0
e8s8qn,YTA,2.0
e8s8qn,YTA,4.0
e8s8qn,NAH,3.0
e8s8qn,YTA,4.0
e8s8qn,NTA,3.0
e8s8qn,YTA,4.0
e8s8qn,YTA,2.0
e8s8qn,NTA,4.0
e8s8qn,NAH,3.0
e8s8qn,NTA,3.0
e8s8qn,NTA,4.0
e8s8qn,NAH,3.0
e8s8qn,NAH,3.0
e8s8qn,NTA,4.0
e8s8qn,YTA,4.0
e8s8qn,YTA,2.0
e8s8qn,NTA,4.0
e8s8qn,YTA,4.0
e8s8qn,NAH,3.0
e8s8qn,YTA,4.0
e8s8qn,YTA,4.0
e8s8qn,YTA,4.0
e8s8qn,YTA,4.0
e8s8qn,YTA,4.0
e8s8qn,YTA,4.0
e8s8qn,YTA,4.0
e8s8qn,NTA,4.0
e8s8qn,ESH,3.0
e8s8qn,YTA,3.0
e8s8qn,YTA,4.0
e8s8qn,YTA,4.0
e8s8qn,YTA,4.0
e8s8qn,NAH,3.0
e8s8qn,YTA,4.0
e8s8qn,NTA,4.0
e8s8qn,YTA,3.0
e8s8qn,NAH,3.0
e8s8qn,YTA,4.0
e8s8qn,NTA,3.0
e8s8qn,YTA,2.0
e8s8qn,NTA,4.0
e8s8qn,NTA,4.0
e8s8qn,NTA,4.0
e8s8qn,NTA,4.0
e8s8qn,NTA,3.0
e8s8qn,YTA,3.0
e8s8qn,YTA,4.0
e8s8qn,NTA,3.0
e8s8qn,NAH,3.0
e8s8qn,YTA,4.0
e8s8qn,YTA,4.0
e8s8qn,NTA,4.0
e8s8qn,NTA,4.0
e8s8qn,NTA,3.0
e8s8qn,YTA,3.0
e8s8qn,YTA,3.0
e8s8qn,NTA,4.0
e8s8qn,NTA,4.0
e8s8qn,YTA,3.0
e8s8qn,NTA,4.0
e8s8qn,NTA,4.0
e8s8qn,YTA,3.0
e8s8qn,NTA,4.0
e8s8qn,YTA,4.0
e8s8qn,YTA,3.0
e8s8qn,YTA,4.0
e8s8qn,YTA,4.0
e8s8qn,YTA,4.0
e8s8qn,NAH,2.0
e8s8qn,YTA,4.0
e8s8qn,NAH,3.0
e8s8qn,NTA,4.0
e8s8qn,NTA,4.0
e8s8qn,NTA,4.0
e8s8qn,NTA,4.0
e8s8qn,YTA,4.0
e8s8qn,NTA,4.0
e8s8qn,NAH,3.0
e8s8qn,NTA,3.0
e8s8qn,YTA,3.0
e8s8qn,NTA,4.0
e8s8qn,ESH,2.0
e8s8qn,NTA,4.0
e8s8qn,YTA,4.0
e8s8qn,NAH,3.0
e8s8qn,NAH,3.0
e8s8qn,NTA,4.0
e8s8qn,YTA,4.0
e8s8qn,YTA,4.0
e8s8qn,NTA,4.0
e8s8qn,NTA,4.0
e8s8qn,NTA,3.0
e8s8qn,NTA,3.0
e8s8qn,NTA,4.0
e8s8qn,NTA,4.0
e8s8qn,NTA,2.0
e8s8qn,NTA,4.0
e8s8qn,NTA,4.0
e8s8qn,NTA,4.0
e8s8qn,NTA,4.0
e8s8qn,YTA,4.0
e8s8qn,NTA,4.0
e8s8qn,NTA,4.0
e8s8qn,NTA,4.0
e8s8qn,NTA,4.0
e8s8qn,NAH,3.0
e8s8qn,NTA,4.0
e8s8qn,NTA,4.0
e9npe1,NTA,4.0
e9npe1,YTA,2.0
e9npe1,YTA,3.0
e9npe1,YTA,4.0
e9npe1,YTA,4.0
e9npe1,YTA,4.0
e9npe1,NAH,4.0
e9npe1,NAH,3.0
e9npe1,YTA,4.0
e9npe1,YTA,4.0
e9npe1,NTA,4.0
e9npe1,YTA,4.0
e9npe1,NTA,4.0
e9npe1,YTA,4.0
e9npe1,NTA,4.0
e9npe1,YTA,4.0
e9npe1,NTA,4.0
e9npe1,YTA,4.0
e9npe1,NAH,4.0
e9npe1,YTA,4.0
e9npe1,NTA,4.0
e9npe1,NAH,4.0
e9npe1,NAH,4.0
e9npe1,YTA,4.0
e9npe1,NAH,4.0
e9npe1,YTA,4.0
e9npe1,YTA,4.0
e9npe1,NAH,4.0
e9npe1,YTA,4.0
e9npe1,NAH,4.0
e9npe1,NTA,4.0
e9npe1,NAH,2.0
e9npe1,YTA,4.0
e9npe1,NTA,4.0
e9npe1,NTA,4.0
e9npe1,NAH,3.0
e9npe1,YTA,4.0
e9npe1,NTA,4.0
e9npe1,YTA,4.0
e9npe1,NTA,4.0
e9npe1,YTA,4.0
e9npe1,NAH,3.0
e9npe1,YTA,4.0
e9npe1,NAH,4.0
e9npe1,YTA,4.0
e9npe1,NTA,4.0
e9npe1,NAH,4.0
e9npe1,YTA,4.0
e9npe1,NTA,4.0
e9npe1,YTA,4.0
e9npe1,YTA,4.0
e9npe1,YTA,4.0
e9npe1,NAH,4.0
e9npe1,NAH,4.0
e9npe1,NAH,4.0
e9npe1,NAH,4.0
e9npe1,YTA,4.0
e9npe1,NTA,4.0
e9npe1,NAH,4.0
e9npe1,NTA,4.0
e9npe1,YTA,4.0
e9npe1,NTA,4.0
e9npe1,NAH,4.0
e9npe1,NTA,4.0
e9npe1,YTA,4.0
e9npe1,YTA,4.0
e9npe1,NAH,4.0
e9npe1,NTA,4.0
e9npe1,NTA,4.0
e9npe1,YTA,4.0
e9npe1,NTA,4.0
e9npe1,YTA,4.0
e9npe1,NTA,4.0
e9npe1,YTA,4.0
e9npe1,NAH,4.0
e9npe1,NTA,4.0
e9npe1,NTA,4.0
e9npe1,YTA,4.0
e9npe1,NAH,4.0
e9npe1,YTA,4.0
e9npe1,NTA,4.0
e9npe1,YTA,4.0
e9npe1,NTA,4.0
e9npe1,NAH,4.0
e9npe1,NAH,3.0
e9npe1,NAH,4.0
e9npe1,YTA,4.0
e9npe1,YTA,4.0
e9npe1,NTA,4.0
e9npe1,NTA,4.0
e9npe1,YTA,4.0
e9npe1,YTA,4.0
e9npe1,NTA,4.0
e9npe1,YTA,4.0
e9npe1,YTA,4.0
e9npe1,YTA,4.0
e9npe1,NAH,4.0
e9npe1,NTA,4.0
e9npe1,YTA,4.0
e9npe1,NAH,4.0
e9npe1,NAH,4.0
e9npe1,YTA,4.0
e9npe1,NTA,4.0
e9npe1,YTA,4.0
e9npe1,NTA,4.0
e9npe1,NAH,4.0
e9npe1,NTA,4.0
e9npe1,YTA,4.0
e9npe1,YTA,4.0
e9npe1,NTA,4.0
e9npe1,YTA,4.0
e9npe1,NTA,4.0
e9npe1,NAH,4.0
e9npe1,NTA,4.0
e9npe1,NAH,4.0
e9npe1,NAH,4.0
e9npe1,YTA,4.0
e9npe1,YTA,4.0
e9npe1,YTA,4.0
e9npe1,YTA,4.0
e9npe1,YTA,4.0
e9npe1,YTA,4.0
e9npe1,NTA,4.0
e9npe1,YTA,4.0
e9npe1,YTA,4.0
e9npe1,NTA,3.0
e9npe1,YTA,4.0
e9npe1,NAH,4.0
e9npe1,NAH,3.0
e9npe1,YTA,4.0
ea8x0q,YTA,4.0
ea8x0q,YTA,4.0
ea8x0q,YTA,4.0
ea8x0q,ESH,2.0
ea8x0q,YTA,4.0
ea8x0q,YTA,4.0
ea8x0q,YTA,4.0
ea8x0q,NTA,4.0
ea8x0q,ESH,3.0
ea8x0q,ESH,2.0
ea8x0q,NTA,4.0
ea8x0q,NTA,3.0
ea8x0q,YTA,3.0
ea8x0q,YTA,4.0
ea8x0q,NTA,4.0
ea8x0q,ESH,2.0
ea8x0q,NTA,4.0
ea8x0q,YTA,4.0
ea8x0q,NTA,4.0
ea8x0q,NTA,4.0
ea8x0q,NTA,4.0
ea8x0q,YTA,4.0
ea8x0q,NTA,4.0
ea8x0q,YTA,4.0
ea8x0q,YTA,4.0
ea8x0q,YTA,4.0
ea8x0q,NTA,4.0
ea8x0q,NTA,4.0
ea8x0q,YTA,4.0
ea8x0q,YTA,4.0
ea8x0q,YTA,4.0
ea8x0q,YTA,4.0
ea8x0q,YTA,4.0
ea8x0q,YTA,4.0
ea8x0q,YTA,2.0
ea8x0q,YTA,4.0
ea8x0q,YTA,4.0
ea8x0q,NTA,4.0
ea8x0q,NTA,4.0
ea8x0q,YTA,4.0
ea8x0q,NTA,4.0
ea8x0q,ESH,3.0
ea8x0q,NTA,3.0
ea8x0q,YTA,4.0
ea8x0q,YTA,4.0
ea8x0q,YTA,4.0
ea8x0q,NTA,4.0
ea8x0q,YTA,4.0
ea8x0q,NTA,4.0
ea8x0q,YTA,4.0
ea8x0q,ESH,3.0
ea8x0q,NTA,4.0
ea8x0q,YTA,2.0
ea8x0q,NAH,4.0
ea8x0q,NTA,4.0
ea8x0q,YTA,4.0
ea8x0q,ESH,2.0
ea8x0q,ESH,2.0
ea8x0q,YTA,4.0
ea8x0q,NTA,4.0
ea8x0q,YTA,4.0
ea8x0q,NTA,4.0
ea8x0q,ESH,3.0
ea8x0q,NTA,4.0
ea8x0q,YTA,4.0
ea8x0q,ESH,4.0
ea8x0q,NTA,4.0
ea8x0q,ESH,3.0
ea8x0q,ESH,2.0
ea8x0q,NTA,4.0
ea8x0q,YTA,4.0
ea8x0q,NTA,4.0
ea8x0q,ESH,2.0
ea8x0q,NTA,2.0
ea8x0q,YTA,4.0
ea8x0q,YTA,4.0
ea8x0q,NTA,4.0
ea8x0q,ESH,2.0
ea8x0q,YTA,4.0
ea8x0q,YTA,4.0
ea8x0q,ESH,2.0
ea8x0q,YTA,4.0
ea8x0q,NTA,4.0
ea8x0q,NTA,4.0
ea8x0q,YTA,4.0
ea8x0q,YTA,3.0
ea8x0q,YTA,4.0
ea8x0q,NTA,4.0
ea8x0q,YTA,4.0
ea8x0q,NAH,3.0
ea8x0q,ESH,3.0
ea8x0q,NTA,4.0
ea8x0q,YTA,4.0
ea8x0q,NTA,4.0
ea8x0q,YTA,4.0
ea8x0q,YTA,4.0
ea8x0q,NTA,4.0
ea8x0q,YTA,4.0
ea8x0q,YTA,4.0
ea8x0q,NTA,4.0
ea8x0q,YTA,4.0
ea8x0q,YTA,4.0
ea8x0q,NTA,4.0
ea8x0q,NTA,4.0
ea8x0q,ESH,3.0
ea8x0q,YTA,4.0
ea8x0q,ESH,4.0
ea8x0q,YTA,4.0
ea8x0q,NTA,4.0
ea8x0q,ESH,3.0
ea8x0q,NTA,4.0
ea8x0q,NTA,4.0
ea8x0q,NTA,4.0
ea8x0q,YTA,4.0
ea8x0q,YTA,4.0
ea8x0q,YTA,4.0
ea8x0q,NTA,4.0
ea8x0q,YTA,4.0
ea8x0q,YTA,4.0
ea8x0q,NTA,4.0
ea8x0q,NTA,4.0
ea8x0q,ESH,2.0
ea8x0q,YTA,4.0
ea8x0q,YTA,4.0
ea8x0q,NTA,4.0
ea8x0q,NTA,4.0
ea8x0q,YTA,4.0
ea8x0q,NTA,4.0
ea8x0q,NTA,4.0
ea8x0q,NTA,4.0
ea8x0q,YTA,4.0
ea8x0q,YTA,4.0
ea8x0q,NTA,4.0
ea8x0q,YTA,4.0
ea8x0q,NTA,4.0
ea8x0q,NTA,4.0
ea8x0q,YTA,3.0
ea8x0q,NTA,4.0
ea8x0q,YTA,4.0
ea8x0q,ESH,3.0
ea8x0q,YTA,4.0
ea8x0q,ESH,3.0
ea8x0q,NTA,4.0
ea8x0q,NAH,4.0
ea8x0q,YTA,4.0
ea8x0q,YTA,4.0
ea8x0q,YTA,4.0
ea8x0q,NTA,4.0
ea8x0q,YTA,4.0
ea8x0q,YTA,4.0
ea8x0q,YTA,4.0
ea8x0q,YTA,4.0
ea8x0q,YTA,4.0
ea8x0q,YTA,4.0
ea8x0q,ESH,4.0
ea8x0q,YTA,4.0
ea8x0q,YTA,4.0
ea8x0q,YTA,4.0
ea8x0q,NTA,4.0
ea8x0q,NTA,4.0
ea8x0q,ESH,4.0
ea8x0q,NTA,4.0
ea8x0q,NTA,4.0
ea8x0q,YTA,4.0
ea8x0q,ESH,2.0
ea8x0q,YTA,4.0
ea8x0q,ESH,3.0
ea8x0q,NTA,4.0
ea8x0q,YTA,4.0
ea8x0q,NTA,4.0
ea8x0q,YTA,4.0
eao6dp,YTA,4.0
eao6dp,NTA,4.0
eao6dp,NTA,3.0
eao6dp,YTA,4.0
eao6dp,YTA,4.0
eao6dp,YTA,4.0
eao6dp,YTA,4.0
eao6dp,NTA,4.0
eao6dp,NAH,3.0
eao6dp,YTA,4.0
eao6dp,NTA,4.0
eao6dp,YTA,2.0
eao6dp,ESH,2.0
eao6dp,YTA,4.0
eao6dp,YTA,4.0
eao6dp,NTA,4.0
eao6dp,NTA,4.0
eao6dp,NAH,3.0
eao6dp,NAH,3.0
eao6dp,NTA,4.0
eao6dp,YTA,4.0
eao6dp,YTA,3.0
eao6dp,YTA,4.0
eao6dp,YTA,3.0
eao6dp,NTA,4.0
eao6dp,YTA,4.0
eao6dp,YTA,4.0
eao6dp,YTA,4.0
eao6dp,NTA,4.0
eao6dp,NTA,4.0
eao6dp,YTA,4.0
eao6dp,ESH,3.0
eao6dp,NTA,4.0
eao6dp,YTA,4.0
eao6dp,ESH,2.0
eao6dp,ESH,2.0
eao6dp,YTA,4.0
eao6dp,YTA,3.0
eao6dp,YTA,4.0
eao6dp,NTA,4.0
eao6dp,YTA,4.0
eao6dp,YTA,4.0
eao6dp,NTA,4.0
eao6dp,YTA,4.0
eao6dp,NTA,4.0
eao6dp,NTA,4.0
eao6dp,YTA,4.0
eao6dp,YTA,4.0
eao6dp,YTA,4.0
eao6dp,NTA,4.0
eao6dp,NAH,3.0
eao6dp,YTA,4.0
eao6dp,YTA,4.0
eao6dp,YTA,4.0
eao6dp,NAH,4.0
eao6dp,NTA,4.0
eao6dp,NTA,4.0
eao6dp,NTA,4.0
eao6dp,YTA,4.0
eao6dp,NAH,4.0
eao6dp,YTA,3.0
eao6dp,NTA,4.0
eao6dp,YTA,4.0
eao6dp,YTA,4.0
eao6dp,NTA,3.0
eao6dp,NTA,4.0
eao6dp,YTA,4.0
eao6dp,YTA,4.0
eao6dp,YTA,4.0
eao6dp,YTA,4.0
eao6dp,NTA,2.0
eao6dp,YTA,4.0
eao6dp,YTA,4.0
eao6dp,NTA,4.0
eao6dp,NTA,4.0
eao6dp,ESH,4.0
eao6dp,YTA,3.0
eao6dp,YTA,4.0
eao6dp,YTA,3.0
eao6dp,YTA,4.0
eao6dp,YTA,4.0
eao6dp,NTA,4.0
eao6dp,YTA,4.0
eao6dp,NTA,4.0
eao6dp,NTA,4.0
eao6dp,YTA,4.0
eao6dp,NAH,2.0
eao6dp,YTA,4.0
eao6dp,NTA,3.0
eao6dp,YTA,3.0
eao6dp,ESH,2.0
eao6dp,NTA,4.0
eao6dp,ESH,3.0
eao6dp,NAH,3.0
eao6dp,NTA,4.0
eao6dp,YTA,4.0
eao6dp,YTA,4.0
eao6dp,NTA,4.0
eao6dp,YTA,4.0
eao6dp,YTA,3.0
eao6dp,YTA,4.0
eao6dp,YTA,4.0
eao6dp,NTA,4.0
eao6dp,YTA,4.0
eao6dp,NTA,4.0
eao6dp,NTA,4.0
eao6dp,YTA,4.0
eao6dp,NTA,4.0
eao6dp,YTA,4.0
eao6dp,NTA,4.0
eao6dp,NTA,4.0
eao6dp,NAH,3.0
eao6dp,NAH,3.0
eao6dp,YTA,4.0
eao6dp,NTA,4.0
eao6dp,NTA,4.0
eao6dp,NTA,3.0
eao6dp,NTA,4.0
eao6dp,YTA,4.0
eao6dp,YTA,4.0
eao6dp,NTA,4.0
eao6dp,YTA,4.0
eao6dp,ESH,3.0
eao6dp,NTA,4.0
eao6dp,NTA,4.0
eao6dp,NTA,4.0
eao6dp,NTA,4.0
eao6dp,YTA,4.0
eao6dp,YTA,3.0
eao6dp,NTA,4.0
eao6dp,YTA,4.0
eao6dp,YTA,3.0
eao6dp,YTA,4.0
eao6dp,NTA,4.0
eao6dp,YTA,4.0
eao6dp,ESH,3.0
eao6dp,YTA,4.0
eao6dp,NTA,4.0
eao6dp,NAH,4.0
eao6dp,NTA,4.0
eao6dp,YTA,4.0
eao6dp,NTA,4.0
eao6dp,YTA,4.0
eao6dp,NTA,4.0
eao6dp,YTA,4.0
eao6dp,YTA,4.0
eao6dp,NTA,3.0
eao6dp,NTA,4.0
eao6dp,YTA,4.0
eao6dp,NTA,4.0
eao6dp,YTA,4.0
eao6dp,NTA,4.0
eao6dp,NTA,4.0
eao6dp,YTA,3.0
eao6dp,NTA,4.0
eao6dp,YTA,3.0
eao6dp,YTA,4.0
eao6dp,YTA,4.0
eao6dp,YTA,3.0
eao6dp,ESH,1.0
eao6dp,NAH,3.0
eao6dp,NTA,4.0
eao6dp,NTA,4.0
eao6dp,NTA,4.0
eao6dp,YTA,4.0
eao6dp,YTA,4.0
eao6dp,NTA,4.0
eao6dp,ESH,3.0
eao6dp,NAH,3.0
eao6dp,YTA,4.0
eao6dp,NTA,4.0
eao6dp,YTA,4.0
eao6dp,YTA,4.0
eao6dp,NTA,3.0
eao6dp,YTA,4.0
eao6dp,YTA,4.0
eao6dp,NTA,4.0
eao6dp,YTA,4.0
eao6dp,YTA,
eao6dp,YTA,4.0
eao6dp,YTA,4.0
eao6dp,YTA,4.0
eao6dp,NTA,4.0
eao6dp,YTA,4.0
eao6dp,YTA,4.0
eao6dp,NTA,4.0
eao6dp,YTA,4.0
eao6dp,YTA,4.0
eao6dp,NTA,3.0
eao6dp,NTA,4.0
eao6dp,NTA,4.0
eao6dp,YTA,3.0
eao6dp,YTA,2.0
eao6dp,YTA,4.0
eao6dp,YTA,3.0
eao6dp,NTA,4.0
eao6dp,YTA,3.0
eao6dp,NTA,4.0
eao6dp,NTA,4.0
eao6dp,NTA,4.0
eao6dp,NTA,4.0
eao6dp,YTA,4.0
eao6dp,NTA,4.0
eao6dp,NTA,4.0
eao6dp,NAH,3.0
eao6dp,YTA,4.0
eao6dp,NTA,3.0
eao6dp,NTA,4.0
eao6dp,NTA,3.0
eao6dp,NTA,4.0
eao6dp,YTA,4.0
eao6dp,YTA,3.0
eao6dp,YTA,4.0
eao6dp,YTA,4.0
eao6dp,NTA,4.0
eao6dp,YTA,4.0
eao6dp,YTA,4.0
eao6dp,YTA,4.0
eao6dp,YTA,4.0
eao6dp,YTA,4.0
eao6dp,NTA,4.0
eao6dp,NAH,4.0
eao6dp,NTA,4.0
eao6dp,NTA,4.0
eao6dp,NAH,3.0
eao6dp,NTA,4.0
eao6dp,NTA,4.0
eao6dp,NTA,4.0
eao6dp,YTA,4.0
eao6dp,YTA,4.0
eao6dp,NTA,4.0
eao6dp,NTA,4.0
eao6dp,NTA,4.0
eao6dp,NTA,4.0
eao6dp,NTA,4.0
eao6dp,NTA,3.0
eao6dp,NTA,4.0
eao6dp,YTA,4.0
eao6dp,NTA,4.0
eao6dp,YTA,3.0
eao6dp,YTA,4.0
eao6dp,YTA,3.0
eao6dp,YTA,3.0
eao6dp,YTA,4.0
eao6dp,YTA,4.0
eao6dp,NTA,4.0
eao6dp,YTA,4.0
eao6dp,YTA,4.0
eao6dp,NAH,3.0
eao6dp,YTA,4.0
eao6dp,YTA,4.0
eao6dp,NTA,4.0
eao6dp,NAH,3.0
eao6dp,NTA,4.0
eao6dp,YTA,4.0
eao6dp,NTA,3.0
eao6dp,NTA,4.0
eao6dp,NTA,3.0
eao6dp,NAH,4.0
eao6dp,NTA,4.0
eao6dp,YTA,2.0
eao6dp,NTA,4.0
eao6dp,YTA,4.0
eao6dp,NTA,4.0
eao6dp,NTA,4.0
eao6dp,NTA,4.0
eao6dp,YTA,4.0
eao6dp,YTA,4.0
eao6dp,NTA,4.0
eao6dp,NTA,4.0
eao6dp,NTA,4.0
eao6dp,YTA,3.0
eao6dp,NTA,4.0
eao6dp,YTA,4.0
eao6dp,YTA,4.0
eao6dp,NTA,4.0
eao6dp,NTA,4.0
eao6dp,NAH,3.0
eao6dp,NTA,4.0
eao6dp,YTA,3.0
eao6dp,YTA,4.0
eao6dp,NAH,3.0
eao6dp,YTA,4.0
eao6dp,NTA,4.0
eao6dp,YTA,4.0
eao6dp,NTA,4.0
eao6dp,NAH,4.0
eao6dp,NTA,4.0
eao6dp,NTA,4.0
eao6dp,YTA,4.0
eao6dp,YTA,4.0
eao6dp,NTA,4.0
eao6dp,NTA,4.0
eao6dp,NTA,4.0
eao6dp,YTA,4.0
eao6dp,YTA,3.0
eao6dp,YTA,3.0
eao6dp,NTA,4.0
eao6dp,NTA,4.0
eao6dp,YTA,4.0
eao6dp,YTA,4.0
eao6dp,YTA,4.0
eao6dp,YTA,4.0
eao6dp,YTA,4.0
eao6dp,YTA,3.0
eao6dp,ESH,3.0
eao6dp,NTA,4.0
eao6dp,NTA,4.0
eao6dp,YTA,4.0
eao6dp,NTA,4.0
eao6dp,NTA,4.0
eao6dp,YTA,4.0
eao6dp,NTA,4.0
eao6dp,YTA,3.0
eao6dp,NTA,4.0
eao6dp,NTA,4.0
eao6dp,NTA,4.0
eao6dp,NTA,4.0
eao6dp,NTA,4.0
eao6dp,NTA,4.0
eao6dp,NTA,4.0
eao6dp,ESH,3.0
eao6dp,NTA,3.0
eao6dp,YTA,4.0
eao6dp,YTA,4.0
eao6dp,NTA,4.0
eao6dp,NTA,4.0
eao6dp,YTA,4.0
eao6dp,NTA,4.0
eao6dp,NAH,3.0
eao6dp,NTA,4.0
eao6dp,YTA,4.0
eao6dp,NAH,4.0
eao6dp,NTA,4.0
eao6dp,YTA,4.0
eao6dp,YTA,4.0
eao6dp,NTA,4.0
eao6dp,NTA,4.0
eao6dp,NTA,4.0
a445qb,NTA,3.0
a445qb,YTA,3.0
a445qb,NAH,4.0
a445qb,NTA,3.0
a445qb,NAH,3.0
a445qb,YTA,4.0
a445qb,YTA,4.0
a445qb,YTA,4.0
a445qb,YTA,4.0
a445qb,YTA,4.0
a445qb,YTA,4.0
a445qb,YTA,4.0
a445qb,YTA,4.0
a445qb,YTA,4.0
a445qb,YTA,1.0
a445qb,NTA,4.0
a445qb,YTA,4.0
a445qb,YTA,4.0
a445qb,YTA,4.0
a445qb,YTA,4.0
a445qb,YTA,4.0
a445qb,YTA,4.0
a445qb,YTA,4.0
a445qb,YTA,4.0
a445qb,YTA,4.0
a445qb,YTA,4.0
a445qb,YTA,4.0
a445qb,YTA,4.0
a445qb,YTA,4.0
a445qb,YTA,4.0
a445qb,YTA,4.0
a445qb,YTA,4.0
a445qb,YTA,4.0
a445qb,YTA,4.0
a445qb,YTA,4.0
a445qb,YTA,4.0
a445qb,YTA,4.0
a445qb,YTA,4.0
a445qb,YTA,3.0
a445qb,YTA,4.0
a445qb,YTA,4.0
a445qb,YTA,4.0
a445qb,NTA,4.0
a445qb,NTA,4.0
a445qb,NAH,3.0
a445qb,YTA,4.0
a445qb,NTA,4.0
a445qb,NTA,4.0
a445qb,NTA,4.0
a445qb,NTA,4.0
a445qb,NTA,4.0
a445qb,YTA,4.0
a445qb,YTA,4.0
a445qb,NAH,4.0
a445qb,NTA,4.0
a445qb,NTA,4.0
a445qb,YTA,4.0
a445qb,ESH,4.0
a445qb,NTA,4.0
a445qb,NTA,4.0
a445qb,YTA,4.0
a445qb,NAH,4.0
a445qb,NTA,4.0
a445qb,NAH,4.0
a445qb,YTA,4.0
a445qb,NTA,4.0
a445qb,NTA,4.0
a445qb,NTA,4.0
a445qb,YTA,4.0
a445qb,NTA,4.0
a445qb,YTA,4.0
a445qb,NTA,3.0
a445qb,YTA,4.0
a445qb,NTA,4.0
ahxy4z,YTA,3.0
ahxy4z,NTA,4.0
ahxy4z,NTA,4.0
ahxy4z,NTA,4.0
ahxy4z,NTA,4.0
ahxy4z,NTA,4.0
ahxy4z,NAH,3.0
ahxy4z,NTA,3.0
ahxy4z,NTA,4.0
ahxy4z,NTA,4.0
ahxy4z,YTA,3.0
ahxy4z,NTA,4.0
ahxy4z,NTA,3.0
ahxy4z,NTA,4.0
ahxy4z,NTA,4.0
ahxy4z,NAH,3.0
ahxy4z,NAH,3.0
ahxy4z,NTA,4.0
ahxy4z,NTA,4.0
ahxy4z,ESH,3.0
ahxy4z,NAH,3.0
ahxy4z,NTA,4.0
ahxy4z,NTA,4.0
ahxy4z,NTA,4.0
ahxy4z,NTA,4.0
ahxy4z,NTA,4.0
ahxy4z,NTA,4.0
ahxy4z,NAH,4.0
ahxy4z,NTA,4.0
ahxy4z,NTA,3.0
ahxy4z,NTA,4.0
ahxy4z,NTA,4.0
ahxy4z,ESH,3.0
ahxy4z,NTA,4.0
ahxy4z,NTA,4.0
ahxy4z,YTA,2.0
ahxy4z,ESH,2.0
ahxy4z,NTA,4.0
ahxy4z,NTA,4.0
ahxy4z,NTA,4.0
ahxy4z,NTA,4.0
ahxy4z,NAH,4.0
ahxy4z,NTA,4.0
ahxy4z,ESH,3.0
ahxy4z,NAH,3.0
ahxy4z,NTA,4.0
ahxy4z,ESH,3.0
ahxy4z,YTA,3.0
ahxy4z,NTA,4.0
ahxy4z,YTA,3.0
ahxy4z,NTA,4.0
ahxy4z,NTA,4.0
ahxy4z,YTA,4.0
ahxy4z,NTA,3.0
ahxy4z,NTA,4.0
ahxy4z,NTA,4.0
ahxy4z,NTA,4.0
ahxy4z,NTA,4.0
ahxy4z,YTA,4.0
ahxy4z,NTA,3.0
ahxy4z,NTA,4.0
ahxy4z,NTA,4.0
ahxy4z,YTA,3.0
ahxy4z,NTA,3.0
ahxy4z,NTA,4.0
ahxy4z,NTA,3.0
ahxy4z,NTA,4.0
ahxy4z,NTA,3.0
ahxy4z,NTA,4.0
ahxy4z,NAH,4.0
ahxy4z,NTA,4.0
ahxy4z,NTA,3.0
ahxy4z,YTA,3.0
ahxy4z,NTA,3.0
ahxy4z,NTA,4.0
ahxy4z,NTA,4.0
ahxy4z,NTA,3.0
ahxy4z,NTA,3.0
ahxy4z,YTA,4.0
ahxy4z,NTA,4.0
ahxy4z,NTA,4.0
ahxy4z,NTA,4.0
ahxy4z,NTA,4.0
ahxy4z,NTA,3.0
ahxy4z,NAH,3.0
ahxy4z,NTA,3.0
ahxy4z,YTA,4.0
ahxy4z,NTA,4.0
ahxy4z,NTA,3.0
ahxy4z,NTA,4.0
ahxy4z,NTA,4.0
ahxy4z,NTA,4.0
ahxy4z,ESH,3.0
ahxy4z,NAH,3.0
ahxy4z,NTA,4.0
ahxy4z,ESH,4.0
ahxy4z,NTA,4.0
ahxy4z,ESH,3.0
ahxy4z,NTA,4.0
ahxy4z,NAH,3.0
ahxy4z,NTA,4.0
ahxy4z,NTA,3.0
ahxy4z,NAH,3.0
ahxy4z,NAH,4.0
ahxy4z,NTA,3.0
ahxy4z,NTA,4.0
ahxy4z,YTA,3.0
ahxy4z,NTA,3.0
ahxy4z,NTA,3.0
ahxy4z,NAH,4.0
ahxy4z,YTA,4.0
ahxy4z,NAH,3.0
ahxy4z,NTA,3.0
ahxy4z,NTA,4.0
ahxy4z,YTA,4.0
ahxy4z,YTA,4.0
ahxy4z,YTA,4.0
ahxy4z,NTA,4.0
ahxy4z,YTA,3.0
ahxy4z,YTA,3.0
ahxy4z,NTA,4.0
ahxy4z,ESH,4.0
ahxy4z,NTA,3.0
ahxy4z,ESH,3.0
ahxy4z,YTA,4.0
ahxy4z,NTA,4.0
ahxy4z,NTA,4.0
ahxy4z,NTA,4.0
ahxy4z,NTA,4.0
ahxy4z,YTA,4.0
ahxy4z,NTA,3.0
ahxy4z,NTA,4.0
ahxy4z,NTA,4.0
ahxy4z,NAH,3.0
ahxy4z,ESH,4.0
ahxy4z,NTA,3.0
ahxy4z,ESH,3.0
ahxy4z,NTA,4.0
ahxy4z,NTA,4.0
ahxy4z,NTA,4.0
ahxy4z,YTA,4.0
ahxy4z,NTA,4.0
ahxy4z,NTA,3.0
ahxy4z,NTA,3.0
ahxy4z,YTA,4.0
ahxy4z,NTA,4.0
ahxy4z,ESH,3.0
ahxy4z,YTA,4.0
ahxy4z,NTA,4.0
ahxy4z,NTA,3.0
ahxy4z,NTA,3.0
ahxy4z,YTA,4.0
ahxy4z,YTA,3.0
ahxy4z,NTA,4.0
ahxy4z,NTA,4.0
ahxy4z,YTA,4.0
ahxy4z,NTA,4.0
ahxy4z,ESH,4.0
ahxy4z,NTA,4.0
ahxy4z,NTA,4.0
ahxy4z,ESH,3.0
ahxy4z,NTA,3.0
ahxy4z,YTA,3.0
ahxy4z,YTA,3.0
ahxy4z,NTA,4.0
ahxy4z,NTA,3.0
ahxy4z,NTA,3.0
ahxy4z,ESH,1.0
ahxy4z,YTA,4.0
ahxy4z,YTA,4.0
ahxy4z,YTA,3.0
ahxy4z,ESH,1.0
ahxy4z,NTA,4.0
ahxy4z,NAH,4.0
ahxy4z,ESH,3.0
ahxy4z,YTA,4.0
ahxy4z,YTA,3.0
ahxy4z,NTA,4.0
ahxy4z,NTA,4.0
ahxy4z,NTA,3.0
ahxy4z,YTA,4.0
ahxy4z,NTA,3.0
ahxy4z,NTA,3.0
ahxy4z,NTA,4.0
ahxy4z,YTA,1.0
ahxy4z,YTA,4.0
ahxy4z,YTA,4.0
ahxy4z,YTA,4.0
ahxy4z,ESH,3.0
ahxy4z,ESH,3.0
ahxy4z,NTA,4.0
ahxy4z,NTA,4.0
ahxy4z,NTA,4.0
ahxy4z,NAH,3.0
ahxy4z,NTA,4.0
ahxy4z,NTA,4.0
ahxy4z,ESH,3.0
ahxy4z,YTA,4.0
ahxy4z,YTA,4.0
ahxy4z,NAH,3.0
ahxy4z,NTA,4.0
ahxy4z,NTA,4.0
ahxy4z,NTA,3.0
ahxy4z,NTA,4.0
ahxy4z,NTA,3.0
ahxy4z,NTA,4.0
ahxy4z,NTA,3.0
ahxy4z,NAH,3.0
ahxy4z,YTA,3.0
ahxy4z,NAH,4.0
ahxy4z,NTA,4.0
ahxy4z,NTA,4.0
ahxy4z,ESH,2.0
ahxy4z,ESH,3.0
ahxy4z,YTA,4.0
ahxy4z,NTA,3.0
ahxy4z,YTA,3.0
ahxy4z,NTA,4.0
ahxy4z,NAH,3.0
ahxy4z,YTA,4.0
ahxy4z,NAH,4.0
ahxy4z,YTA,4.0
ahxy4z,NAH,4.0
ahxy4z,NTA,3.0
ahxy4z,YTA,3.0
ahxy4z,NTA,4.0
ahxy4z,NTA,4.0
ahxy4z,NTA,4.0
ahxy4z,NTA,3.0
ahxy4z,NTA,3.0
ahxy4z,YTA,4.0
ahxy4z,ESH,2.0
ahxy4z,YTA,4.0
ahxy4z,NAH,3.0
ahxy4z,NTA,3.0
ahxy4z,NTA,4.0
ahxy4z,NTA,4.0
ahxy4z,NTA,3.0
ahxy4z,NAH,3.0
ahxy4z,NTA,3.0
ahxy4z,YTA,4.0
ahxy4z,NTA,4.0
ahxy4z,NAH,4.0
ahxy4z,ESH,3.0
ahxy4z,NTA,4.0
ahxy4z,NAH,3.0
ahxy4z,NTA,4.0
ahxy4z,ESH,3.0
ahxy4z,YTA,3.0
ahxy4z,NTA,4.0
ahxy4z,NAH,3.0
ahxy4z,YTA,4.0
ahxy4z,NTA,4.0
ahxy4z,YTA,4.0
ahxy4z,NAH,4.0
ahxy4z,YTA,3.0
ahxy4z,NAH,4.0
ahxy4z,YTA,3.0
ahxy4z,YTA,4.0
ahxy4z,NTA,4.0
ahxy4z,YTA,4.0
ahxy4z,YTA,4.0
ahxy4z,NTA,4.0
ahxy4z,YTA,4.0
ahxy4z,YTA,4.0
ahxy4z,NTA,4.0
ahxy4z,NTA,4.0
ahxy4z,ESH,3.0
ahxy4z,NTA,4.0
ahxy4z,NTA,4.0
ahxy4z,YTA,4.0
ahxy4z,NTA,4.0
ahxy4z,ESH,3.0
ahxy4z,NTA,4.0
ahxy4z,NTA,4.0
ahxy4z,YTA,4.0
ahxy4z,NTA,4.0
ahxy4z,NTA,4.0
ahxy4z,YTA,4.0
ahxy4z,NTA,4.0
ahxy4z,NTA,4.0
ahxy4z,NTA,4.0
ahxy4z,YTA,4.0
ahxy4z,NTA,3.0
ahxy4z,ESH,2.0
ahxy4z,ESH,3.0
ahxy4z,YTA,4.0
ahxy4z,YTA,4.0
ahxy4z,NTA,4.0
ahxy4z,NAH,4.0
ahxy4z,NTA,4.0
ahxy4z,NTA,4.0
ahxy4z,NTA,3.0
ahxy4z,NTA,3.0
ahxy4z,NTA,4.0
ahxy4z,NTA,4.0
ahxy4z,NTA,4.0
ahxy4z,YTA,4.0
ahxy4z,NTA,4.0
ahxy4z,NTA,4.0
ahxy4z,YTA,3.0
ahxy4z,YTA,4.0
ahxy4z,YTA,4.0
ahxy4z,NTA,3.0
ahxy4z,NTA,4.0
ahxy4z,YTA,4.0
ahxy4z,NTA,4.0
ahxy4z,YTA,4.0
ahxy4z,NTA,4.0
ahxy4z,NTA,3.0
ahxy4z,NTA,3.0
ahxy4z,NTA,3.0
ahxy4z,NAH,4.0
ahxy4z,YTA,4.0
ahxy4z,NTA,4.0
ahxy4z,YTA,4.0
ahxy4z,NTA,4.0
ahxy4z,NTA,4.0
ahxy4z,ESH,3.0
ahxy4z,NTA,3.0
ahxy4z,YTA,3.0
ahxy4z,NTA,4.0
ahxy4z,ESH,3.0
ahxy4z,NAH,4.0
ahxy4z,NTA,4.0
ahxy4z,NTA,3.0
ahxy4z,NAH,3.0
ahxy4z,ESH,3.0
ahxy4z,NTA,4.0
ahxy4z,ESH,4.0
ahxy4z,NTA,4.0
ahxy4z,NTA,3.0
ahxy4z,YTA,4.0
ahxy4z,NAH,3.0
ahxy4z,NTA,3.0
ahxy4z,NTA,4.0
ahxy4z,NTA,4.0
ahxy4z,NTA,4.0
ahxy4z,YTA,3.0
ahxy4z,NTA,4.0
ahxy4z,NTA,3.0
ahxy4z,NTA,4.0
ahxy4z,NTA,4.0
ahxy4z,NTA,4.0
ahxy4z,NTA,4.0
ahxy4z,NTA,4.0
ahxy4z,NTA,3.0
ahxy4z,NTA,3.0
ahxy4z,YTA,4.0
ahxy4z,NTA,4.0
ahxy4z,YTA,3.0
ahxy4z,NTA,4.0
ahxy4z,NTA,4.0
ahxy4z,NTA,4.0
ahxy4z,NTA,4.0
ahxy4z,ESH,3.0
ahxy4z,YTA,4.0
ahxy4z,NTA,3.0
ahxy4z,NTA,3.0
ahxy4z,NTA,4.0
ahxy4z,NTA,3.0
ahxy4z,ESH,3.0
ahxy4z,YTA,4.0
ahxy4z,YTA,4.0
ahxy4z,NAH,4.0
ahxy4z,NTA,3.0
ahxy4z,NAH,3.0
ahxy4z,YTA,4.0
ahxy4z,NTA,4.0
ahxy4z,ESH,3.0
ahxy4z,NTA,3.0
ahxy4z,NTA,3.0
ahxy4z,NTA,3.0
ahxy4z,YTA,4.0
ahxy4z,NTA,4.0
ahxy4z,NTA,3.0
ahxy4z,NTA,4.0
ahxy4z,YTA,4.0
ahxy4z,YTA,3.0
ahxy4z,NTA,4.0
ahxy4z,NTA,4.0
ahxy4z,NTA,4.0
ahxy4z,NTA,4.0
ahxy4z,YTA,3.0
ahxy4z,ESH,2.0
ahxy4z,NTA,4.0
ahxy4z,NTA,4.0
ahxy4z,NTA,4.0
ahxy4z,NAH,4.0
ahxy4z,NTA,4.0
ahxy4z,YTA,3.0
ahxy4z,NTA,3.0
ahxy4z,ESH,3.0
ahxy4z,ESH,1.0
ahxy4z,ESH,3.0
ahxy4z,NTA,4.0
ahxy4z,NTA,4.0
ahxy4z,YTA,4.0
ahxy4z,NAH,3.0
ahxy4z,YTA,4.0
ahxy4z,YTA,3.0
ahxy4z,NTA,4.0
ahxy4z,YTA,4.0
ahxy4z,NTA,4.0
ahxy4z,YTA,4.0
ahxy4z,YTA,3.0
ahxy4z,YTA,4.0
ahxy4z,YTA,4.0
ahxy4z,NTA,4.0
ahxy4z,NTA,4.0
ahxy4z,NTA,4.0
ahxy4z,YTA,4.0
ahxy4z,NTA,3.0
ahxy4z,NTA,3.0
ahxy4z,YTA,3.0
ahxy4z,NAH,3.0
ahxy4z,YTA,1.0
ahxy4z,YTA,3.0
ahxy4z,NTA,3.0
ahxy4z,NTA,4.0
ahxy4z,NTA,4.0
ahxy4z,YTA,4.0
ahxy4z,YTA,4.0
ahxy4z,NTA,3.0
ahxy4z,NTA,4.0
ahxy4z,YTA,4.0
ahxy4z,NTA,4.0
ahxy4z,NTA,4.0
ahxy4z,NTA,4.0
ahxy4z,NAH,3.0
ahxy4z,YTA,4.0
ahxy4z,YTA,4.0
ahxy4z,YTA,3.0
ahxy4z,ESH,4.0
ahxy4z,ESH,2.0
ahxy4z,NTA,3.0
ahxy4z,NTA,4.0
ahxy4z,YTA,4.0
ahxy4z,ESH,3.0
ahxy4z,ESH,3.0
ahxy4z,NAH,3.0
ahxy4z,ESH,4.0
ahxy4z,YTA,3.0
ahxy4z,NAH,3.0
ahxy4z,NTA,4.0
ahxy4z,NTA,4.0
ahxy4z,NTA,4.0
ahxy4z,NTA,4.0
ahxy4z,ESH,4.0
ahxy4z,NAH,3.0
ahxy4z,NTA,4.0
ahxy4z,NTA,4.0
ahxy4z,YTA,3.0
ahxy4z,NTA,3.0
ahxy4z,NTA,3.0
ahxy4z,NTA,4.0
ahxy4z,NTA,4.0
ajl6q1,NTA,4.0
ajl6q1,NTA,4.0
ajl6q1,ESH,3.0
ajl6q1,NTA,4.0
ajl6q1,NTA,1.0
ajl6q1,NTA,4.0
ajl6q1,NTA,4.0
ajl6q1,NTA,4.0
ajl6q1,ESH,3.0
ajl6q1,NTA,4.0
ajl6q1,NTA,3.0
ajl6q1,ESH,3.0
ajl6q1,NTA,4.0
ajl6q1,NTA,3.0
ajl6q1,NTA,4.0
ajl6q1,NTA,4.0
ajl6q1,NTA,3.0
ajl6q1,NTA,1.0
ajl6q1,ESH,3.0
ajl6q1,ESH,3.0
ajl6q1,NTA,4.0
ajl6q1,YTA,3.0
ajl6q1,NTA,4.0
ajl6q1,NTA,4.0
ajl6q1,YTA,4.0
ajl6q1,NTA,4.0
ajl6q1,ESH,3.0
ajl6q1,YTA,4.0
ajl6q1,NTA,2.0
ajl6q1,NTA,3.0
ajl6q1,NTA,4.0
ajl6q1,NTA,4.0
ajl6q1,ESH,1.0
ajl6q1,ESH,3.0
ajl6q1,YTA,3.0
ajl6q1,NTA,3.0
ajl6q1,ESH,3.0
ajl6q1,ESH,3.0
ajl6q1,ESH,3.0
ajl6q1,NTA,4.0
ajl6q1,NTA,4.0
ajl6q1,NTA,4.0
ajl6q1,NTA,4.0
ajl6q1,NTA,4.0
ajl6q1,NTA,4.0
ajl6q1,NTA,4.0
ajl6q1,YTA,4.0
ajl6q1,ESH,1.0
ajl6q1,ESH,4.0
ajl6q1,NTA,4.0
ajl6q1,YTA,4.0
ajl6q1,NTA,4.0
ajl6q1,NTA,4.0
ajl6q1,NTA,4.0
ajl6q1,NTA,3.0
ajl6q1,NTA,4.0
ajl6q1,NTA,4.0
ajl6q1,NTA,4.0
ajl6q1,NTA,4.0
ajl6q1,NTA,4.0
ajl6q1,ESH,3.0
ajl6q1,NAH,4.0
ajl6q1,YTA,3.0
ajl6q1,ESH,3.0
ajl6q1,NTA,4.0
ajl6q1,NTA,4.0
ajl6q1,NTA,4.0
ajl6q1,NTA,3.0
ajl6q1,NTA,4.0
ajl6q1,NTA,3.0
ajl6q1,NTA,4.0
ajl6q1,NTA,4.0
ajl6q1,NTA,4.0
ajl6q1,NTA,3.0
ajl6q1,ESH,4.0
ajl6q1,ESH,3.0
ajl6q1,NTA,4.0
ajl6q1,YTA,4.0
ajl6q1,NTA,4.0
ajl6q1,YTA,3.0
ajl6q1,NTA,4.0
ajl6q1,NTA,4.0
ajl6q1,YTA,4.0
ajl6q1,NAH,4.0
ajl6q1,NTA,4.0
ajl6q1,NTA,4.0
ajl6q1,YTA,4.0
ajl6q1,NTA,3.0
ajl6q1,NTA,4.0
ajl6q1,YTA,4.0
ajl6q1,NTA,4.0
ajl6q1,YTA,1.0
ajl6q1,NTA,4.0
ajl6q1,NTA,4.0
ajl6q1,NTA,4.0
ajl6q1,NTA,4.0
ajl6q1,NTA,4.0
ajl6q1,NTA,4.0
ajl6q1,NTA,4.0
ajl6q1,NTA,3.0
ajl6q1,NTA,4.0
ajl6q1,NTA,4.0
ajl6q1,NTA,4.0
ajl6q1,YTA,4.0
ajl6q1,NTA,4.0
ajl6q1,NTA,4.0
ajl6q1,NTA,4.0
ajl6q1,NTA,4.0
ajl6q1,NTA,4.0
ajl6q1,ESH,3.0
ajl6q1,NTA,4.0
ajl6q1,NTA,4.0
ajl6q1,NTA,4.0
ajl6q1,NTA,3.0
ajl6q1,ESH,3.0
ajl6q1,YTA,3.0
ajl6q1,NTA,4.0
ajl6q1,YTA,3.0
ajl6q1,ESH,3.0
ajl6q1,NTA,3.0
ajl6q1,ESH,3.0
ajl6q1,NTA,4.0
ajl6q1,NTA,3.0
ajl6q1,NTA,3.0
ajl6q1,ESH,3.0
ajl6q1,NTA,4.0
ajl6q1,NTA,4.0
ajl6q1,YTA,3.0
ajl6q1,ESH,3.0
ajl6q1,NTA,4.0
ajl6q1,ESH,1.0
ajl6q1,YTA,1.0
ajl6q1,YTA,4.0
ajl6q1,ESH,1.0
ajl6q1,NAH,4.0
ajl6q1,ESH,2.0
ajl6q1,ESH,1.0
ajl6q1,NTA,3.0
ajl6q1,NTA,4.0
ajl6q1,ESH,3.0
ajl6q1,ESH,3.0
ajl6q1,NTA,4.0
ajl6q1,ESH,3.0
ajl6q1,NTA,4.0
ajl6q1,NTA,4.0
ajl6q1,YTA,3.0
ajl6q1,NTA,4.0
ajl6q1,ESH,3.0
ajl6q1,NTA,4.0
ajl6q1,NTA,4.0
ajl6q1,NTA,4.0
ajl6q1,NTA,4.0
ajl6q1,NTA,3.0
ajl6q1,NTA,4.0
ajl6q1,YTA,4.0
ajl6q1,NTA,4.0
ajl6q1,NTA,4.0
ajl6q1,NTA,4.0
ajl6q1,NTA,4.0
ajl6q1,YTA,4.0
ajl6q1,NTA,4.0
ajl6q1,YTA,4.0
ajl6q1,NTA,4.0
ajl6q1,NTA,3.0
ajl6q1,ESH,4.0
ajl6q1,YTA,4.0
ajl6q1,NAH,3.0
ajl6q1,YTA,4.0
ajl6q1,ESH,3.0
ajl6q1,NTA,4.0
ajl6q1,ESH,1.0
ajl6q1,NTA,4.0
ajl6q1,YTA,4.0
ajl6q1,NTA,4.0
ajl6q1,ESH,3.0
ajl6q1,NTA,4.0
ajl6q1,NTA,4.0
ajl6q1,NTA,4.0
ajl6q1,NTA,3.0
ajl6q1,ESH,3.0
ajl6q1,NTA,4.0
ajl6q1,NAH,4.0
ajl6q1,YTA,4.0
ajl6q1,NTA,4.0
ajl6q1,NTA,4.0
ajl6q1,ESH,3.0
ajl6q1,NTA,4.0
ajl6q1,NTA,3.0
ajl6q1,NTA,4.0
ajl6q1,NTA,4.0
ajl6q1,ESH,3.0
ajl6q1,YTA,4.0
ajl6q1,NTA,4.0
ajl6q1,NTA,4.0
ajl6q1,NTA,3.0
ajl6q1,NTA,4.0
ajl6q1,NTA,4.0
ajl6q1,ESH,3.0
ajl6q1,NTA,4.0
ajl6q1,ESH,4.0
ajl6q1,YTA,4.0
ajl6q1,YTA,3.0
ajl6q1,NTA,4.0
ajl6q1,YTA,4.0
ajl6q1,NTA,4.0
ajl6q1,ESH,4.0
ajl6q1,ESH,3.0
ajl6q1,ESH,4.0
ajl6q1,NTA,4.0
ajl6q1,NTA,4.0
ajl6q1,NTA,3.0
ajl6q1,NTA,4.0
ajl6q1,YTA,4.0
ajl6q1,ESH,3.0
ajl6q1,NTA,3.0
ajl6q1,NTA,4.0
ajl6q1,YTA,3.0
ajl6q1,NTA,3.0
ajl6q1,YTA,3.0
ajl6q1,ESH,3.0
ajl6q1,NTA,4.0
ajl6q1,NTA,3.0
ajl6q1,ESH,4.0
ajl6q1,NTA,4.0
ajl6q1,ESH,3.0
ajl6q1,NTA,3.0
ajl6q1,YTA,4.0
ajl6q1,NTA,4.0
ajl6q1,YTA,4.0
ajl6q1,NTA,4.0
ajl6q1,NTA,3.0
ajl6q1,NTA,3.0
ajl6q1,ESH,1.0
ajl6q1,NTA,3.0
ajl6q1,NTA,3.0
ajl6q1,NTA,4.0
ajl6q1,NTA,4.0
ajl6q1,NTA,3.0
ajl6q1,NTA,4.0
ajl6q1,ESH,3.0
ajl6q1,ESH,4.0
ajl6q1,NTA,4.0
ajl6q1,NTA,4.0
ajl6q1,ESH,4.0
ajl6q1,YTA,4.0
ajl6q1,NTA,3.0
ajl6q1,ESH,3.0
ajl6q1,NTA,4.0
ajl6q1,YTA,4.0
ajl6q1,NTA,3.0
ajl6q1,NTA,3.0
ajl6q1,YTA,4.0
ajl6q1,NTA,4.0
ajl6q1,YTA,3.0
ajl6q1,NTA,4.0
ajl6q1,NTA,4.0
ajl6q1,NTA,4.0
ajl6q1,NTA,4.0
ajl6q1,NTA,4.0
ajl6q1,YTA,4.0
ajl6q1,NTA,4.0
ajl6q1,NTA,4.0
ajl6q1,ESH,4.0
ajl6q1,NTA,4.0
ajl6q1,NTA,4.0
ajl6q1,NTA,4.0
ajl6q1,NTA,3.0
ajl6q1,NTA,4.0
ajl6q1,YTA,4.0
ajl6q1,NTA,4.0
ajl6q1,NTA,4.0
ajl6q1,NTA,4.0
ajl6q1,NAH,4.0
ajl6q1,ESH,3.0
ajl6q1,YTA,4.0
ajl6q1,NTA,4.0
ajl6q1,NTA,4.0
ajl6q1,NTA,4.0
ajl6q1,YTA,4.0
ajl6q1,ESH,1.0
ajl6q1,ESH,3.0
ajl6q1,NTA,4.0
ajl6q1,NTA,4.0
ajl6q1,YTA,4.0
ajl6q1,YTA,4.0
ajl6q1,NTA,4.0
ajl6q1,NTA,4.0
ajl6q1,YTA,4.0
ajl6q1,NTA,4.0
ajl6q1,ESH,4.0
ajl6q1,NTA,4.0
ajl6q1,ESH,3.0
ajl6q1,NTA,4.0
ajl6q1,NTA,4.0
ajl6q1,YTA,4.0
ajl6q1,NTA,4.0
ajl6q1,ESH,3.0
ajl6q1,NTA,3.0
ajl6q1,NTA,4.0
ajl6q1,NTA,4.0
ajl6q1,NTA,4.0
ajl6q1,YTA,4.0
ajl6q1,NTA,4.0
ajl6q1,NTA,4.0
ajl6q1,NTA,4.0
ajl6q1,NTA,4.0
ajl6q1,ESH,3.0
ajl6q1,NTA,4.0
ajl6q1,NTA,2.0
ajl6q1,ESH,3.0
ajl6q1,NTA,4.0
ajl6q1,ESH,4.0
ajl6q1,NTA,3.0
ajl6q1,NTA,4.0
ajl6q1,NTA,4.0
ajl6q1,NAH,3.0
ajl6q1,NTA,4.0
ajl6q1,NTA,4.0
ajl6q1,NTA,4.0
ajl6q1,NTA,4.0
bsfnag,YTA,3.0
bsfnag,ESH,4.0
bsfnag,YTA,3.0
bsfnag,NTA,4.0
bsfnag,ESH,3.0
bsfnag,YTA,3.0
bsfnag,NTA,4.0
bsfnag,NTA,4.0
bsfnag,NTA,4.0
bsfnag,NTA,4.0
bsfnag,YTA,4.0
bsfnag,YTA,4.0
bsfnag,NAH,3.0
bsfnag,NTA,4.0
bsfnag,NTA,4.0
bsfnag,NTA,4.0
bsfnag,NTA,4.0
bsfnag,YTA,4.0
bsfnag,YTA,4.0
bsfnag,NTA,4.0
bsfnag,ESH,4.0
bsfnag,NTA,4.0
bsfnag,ESH,3.0
bsfnag,NAH,4.0
bsfnag,NTA,4.0
bsfnag,NTA,4.0
bsfnag,NTA,4.0
bsfnag,ESH,3.0
bsfnag,ESH,3.0
bsfnag,YTA,4.0
bsfnag,ESH,3.0
bsfnag,ESH,4.0
bsfnag,ESH,3.0
bsfnag,NTA,4.0
bsfnag,NTA,3.0
bsfnag,ESH,3.0
bsfnag,YTA,4.0
bsfnag,YTA,1.0
bsfnag,NTA,4.0
bsfnag,NTA,4.0
bsfnag,NTA,4.0
bsfnag,ESH,3.0
bsfnag,ESH,3.0
bsfnag,NTA,4.0
bsfnag,ESH,3.0
bsfnag,NTA,4.0
bsfnag,YTA,3.0
bsfnag,NTA,3.0
bsfnag,NTA,4.0
bsfnag,NTA,4.0
bsfnag,YTA,4.0
bsfnag,YTA,4.0
bsfnag,YTA,4.0
bsfnag,NTA,4.0
bsfnag,NAH,4.0
bsfnag,NTA,4.0
bsfnag,NTA,4.0
bsfnag,YTA,4.0
bsfnag,NTA,4.0
bsfnag,NTA,4.0
bsfnag,YTA,3.0
bsfnag,NTA,4.0
bsfnag,YTA,4.0
bsfnag,YTA,4.0
bsfnag,YTA,3.0
bsfnag,NTA,4.0
bsfnag,NTA,4.0
bsfnag,NTA,4.0
bsfnag,YTA,4.0
bsfnag,NTA,4.0
bsfnag,NTA,4.0
bsfnag,NTA,3.0
bsfnag,YTA,4.0
bsfnag,YTA,4.0
bsfnag,YTA,3.0
bsfnag,YTA,4.0
bsfnag,NTA,4.0
bsfnag,NAH,3.0
bsfnag,YTA,4.0
bsfnag,YTA,1.0
bsfnag,YTA,4.0
bsfnag,NTA,4.0
bsfnag,NTA,4.0
bsfnag,NTA,4.0
bsfnag,NTA,4.0
bsfnag,ESH,2.0
bsfnag,ESH,1.0
bsfnag,NTA,4.0
bsfnag,NTA,4.0
bsfnag,NTA,4.0
bsfnag,YTA,3.0
bsfnag,YTA,4.0
bsfnag,NTA,4.0
bsfnag,YTA,4.0
bsfnag,YTA,4.0
bsfnag,NTA,4.0
bsfnag,NTA,4.0
bsfnag,NTA,4.0
bsfnag,NTA,4.0
bsfnag,NTA,4.0
bsfnag,NAH,4.0
bsfnag,YTA,4.0
bsfnag,NTA,4.0
bsfnag,NTA,4.0
bsfnag,YTA,4.0
bsfnag,ESH,3.0
bsfnag,NTA,4.0
bsfnag,ESH,2.0
bsfnag,NTA,4.0
bsfnag,NAH,4.0
bsfnag,NTA,4.0
bsfnag,ESH,3.0
bsfnag,NTA,4.0
bsfnag,ESH,3.0
bsfnag,NTA,3.0
bsfnag,NTA,4.0
bsfnag,YTA,3.0
bsfnag,YTA,4.0
bsfnag,NTA,4.0
bsfnag,NTA,4.0
bsfnag,NTA,2.0
bsfnag,NTA,4.0
bsfnag,NTA,4.0
bsfnag,NTA,4.0
bsfnag,YTA,4.0
bsfnag,NTA,4.0
bsfnag,NTA,4.0
bsfnag,ESH,3.0
bsfnag,ESH,2.0
bsfnag,NTA,4.0
bsfnag,NTA,3.0
bsfnag,NTA,4.0
bsfnag,ESH,3.0
bsfnag,ESH,3.0
bsfnag,YTA,4.0
bsfnag,NAH,3.0
bsfnag,NTA,4.0
bsfnag,NTA,3.0
bsfnag,NTA,1.0
bsfnag,NTA,3.0
bsfnag,NTA,4.0
bsfnag,NTA,4.0
bsfnag,YTA,4.0
bsfnag,NTA,4.0
bsfnag,NTA,4.0
bsfnag,NTA,4.0
bsfnag,NTA,3.0
bsfnag,NTA,4.0
bsfnag,NTA,4.0
bsfnag,NTA,4.0
bsfnag,YTA,4.0
bsfnag,NTA,4.0
bsfnag,NAH,3.0
bsfnag,NTA,4.0
bsfnag,YTA,4.0
bsfnag,NTA,4.0
bsfnag,YTA,4.0
bsfnag,ESH,3.0
bsfnag,NTA,4.0
bsfnag,NTA,4.0
bsfnag,NTA,4.0
bsfnag,ESH,3.0
bsfnag,NTA,4.0
bsfnag,NTA,4.0
bsfnag,YTA,4.0
c4fqqn,YTA,4.0
c4fqqn,NTA,4.0
c4fqqn,YTA,4.0
c4fqqn,YTA,4.0
c4fqqn,NTA,4.0
c4fqqn,NTA,4.0
c4fqqn,YTA,4.0
c4fqqn,NAH,4.0
c4fqqn,YTA,4.0
c4fqqn,YTA,4.0
c4fqqn,YTA,4.0
c4fqqn,NTA,4.0
c4fqqn,YTA,4.0
c4fqqn,NTA,4.0
c4fqqn,NAH,3.0
c4fqqn,YTA,4.0
c4fqqn,NTA,4.0
c4fqqn,NAH,4.0
c4fqqn,NTA,3.0
c4fqqn,YTA,4.0
c4fqqn,NTA,4.0
c4fqqn,YTA,4.0
c4fqqn,YTA,4.0
c4fqqn,YTA,4.0
c4fqqn,NTA,4.0
c4fqqn,YTA,4.0
c4fqqn,YTA,4.0
c4fqqn,YTA,4.0
c4fqqn,NTA,4.0
c4fqqn,YTA,4.0
c4fqqn,ESH,3.0
c4fqqn,YTA,4.0
c4fqqn,NTA,4.0
c4fqqn,NTA,4.0
c4fqqn,YTA,4.0
c4fqqn,NTA,4.0
c4fqqn,YTA,4.0
c4fqqn,YTA,4.0
c4fqqn,YTA,4.0
c4fqqn,NAH,4.0
c4fqqn,NAH,3.0
c4fqqn,ESH,3.0
c4fqqn,NTA,4.0
c4fqqn,YTA,4.0
c4fqqn,NAH,3.0
c4fqqn,YTA,4.0
c4fqqn,YTA,4.0
c4fqqn,NAH,3.0
c4fqqn,NTA,4.0
c4fqqn,NTA,4.0
c4fqqn,NTA,4.0
c4fqqn,NTA,4.0
c4fqqn,YTA,4.0
c4fqqn,NTA,4.0
c4fqqn,YTA,4.0
c4fqqn,NAH,3.0
c4fqqn,NTA,4.0
c4fqqn,YTA,4.0
c4fqqn,YTA,4.0
c4fqqn,NTA,4.0
c4fqqn,YTA,4.0
c4fqqn,YTA,4.0
c4fqqn,YTA,4.0
c4fqqn,NTA,4.0
c4fqqn,YTA,4.0
c4fqqn,YTA,4.0
c4fqqn,YTA,4.0
c4fqqn,YTA,4.0
c4fqqn,YTA,4.0
c4fqqn,YTA,4.0
c4fqqn,NTA,3.0
c4fqqn,NTA,4.0
c4fqqn,YTA,4.0
c4fqqn,YTA,4.0
c4fqqn,NTA,4.0
c4fqqn,NTA,4.0
c4fqqn,YTA,4.0
c4fqqn,ESH,3.0
c4fqqn,NTA,4.0
c4fqqn,NTA,4.0
c4fqqn,YTA,4.0
c4fqqn,YTA,4.0
c4fqqn,NTA,4.0
c4fqqn,NTA,4.0
c4fqqn,NTA,4.0
c4fqqn,YTA,4.0
c4fqqn,NTA,4.0
c4fqqn,YTA,4.0
c4fqqn,YTA,4.0
c4fqqn,YTA,4.0
c4fqqn,YTA,4.0
c4fqqn,NTA,4.0
c4fqqn,YTA,4.0
c4fqqn,YTA,4.0
c4fqqn,YTA,4.0
c4fqqn,YTA,4.0
c4fqqn,NTA,4.0
c4fqqn,NTA,4.0
c4fqqn,YTA,4.0
c4fqqn,NTA,4.0
c4fqqn,YTA,4.0
c4fqqn,YTA,4.0
c4fqqn,NTA,4.0
c4fqqn,NAH,3.0
c4fqqn,YTA,4.0
c4fqqn,YTA,4.0
c4fqqn,NTA,4.0
c4fqqn,NAH,4.0
c4fqqn,NTA,4.0
c4fqqn,NAH,3.0
c4fqqn,NAH,4.0
c4fqqn,NTA,1.0
c4fqqn,YTA,4.0
c4fqqn,YTA,4.0
c4fqqn,YTA,4.0
c4fqqn,YTA,4.0
c4fqqn,YTA,4.0
c4fqqn,NTA,4.0
c4fqqn,NTA,4.0
c4fqqn,NAH,1.0
c4fqqn,YTA,4.0
c4fqqn,YTA,4.0
c4fqqn,NTA,4.0
c4fqqn,NTA,4.0
c4fqqn,YTA,4.0
c4fqqn,NTA,4.0
c4fqqn,YTA,4.0
c4fqqn,YTA,4.0
c4fqqn,YTA,4.0
c4fqqn,YTA,4.0
c4fqqn,YTA,4.0
c4fqqn,NTA,4.0
c4fqqn,YTA,4.0
c4fqqn,YTA,4.0
c4fqqn,YTA,4.0
c4fqqn,YTA,4.0
c4fqqn,YTA,4.0
c4fqqn,YTA,4.0
c4fqqn,NTA,3.0
c4fqqn,NTA,4.0
c4fqqn,YTA,4.0
c4fqqn,YTA,4.0
c4fqqn,NAH,3.0
c4fqqn,YTA,4.0
c4fqqn,NAH,3.0
c4fqqn,YTA,4.0
c4fqqn,YTA,4.0
c4fqqn,NAH,3.0
c4fqqn,YTA,4.0
c4fqqn,YTA,4.0
c4fqqn,YTA,4.0
c4fqqn,NTA,4.0
c4fqqn,YTA,4.0
c4fqqn,NTA,4.0
c4fqqn,YTA,4.0
c4fqqn,ESH,3.0
c4fqqn,YTA,4.0
c4fqqn,YTA,3.0
c4fqqn,YTA,3.0
c4fqqn,NTA,4.0
c4fqqn,YTA,4.0
c4fqqn,NTA,4.0
c4fqqn,YTA,4.0
c4fqqn,NTA,4.0
c4fqqn,YTA,4.0
c4fqqn,YTA,4.0
c4fqqn,YTA,4.0
c4fqqn,YTA,4.0
c4fqqn,YTA,4.0
c4fqqn,YTA,4.0
c4fqqn,YTA,4.0
c4fqqn,YTA,4.0
c4fqqn,YTA,4.0
c4fqqn,YTA,4.0
c4fqqn,NTA,4.0
c4fqqn,YTA,4.0
c4fqqn,YTA,4.0
c4fqqn,NTA,4.0
c4fqqn,NTA,4.0
c4fqqn,NTA,4.0
c4fqqn,NTA,4.0
c4fqqn,YTA,4.0
c4fqqn,YTA,4.0
c4fqqn,NTA,4.0
c4fqqn,NAH,4.0
c4fqqn,NTA,4.0
c4fqqn,YTA,4.0
c4fqqn,NTA,4.0
c4fqqn,ESH,3.0
c4fqqn,YTA,4.0
c4fqqn,YTA,4.0
c4fqqn,NTA,4.0
c4fqqn,NAH,3.0
c4fqqn,YTA,4.0
c4fqqn,NTA,4.0
c4fqqn,NTA,4.0
c4fqqn,NTA,4.0
c4fqqn,YTA,4.0
c4fqqn,YTA,3.0
c4fqqn,NTA,4.0
c4fqqn,NTA,4.0
c4fqqn,NTA,3.0
c4fqqn,YTA,4.0
c4fqqn,YTA,4.0
c4fqqn,YTA,4.0
c4fqqn,YTA,2.0
c4fqqn,NTA,4.0
c4fqqn,NTA,4.0
c4fqqn,YTA,4.0
c4fqqn,YTA,4.0
c4fqqn,YTA,3.0
c4fqqn,YTA,4.0
c4fqqn,NAH,4.0
c4fqqn,YTA,4.0
c4fqqn,YTA,4.0
c4fqqn,YTA,4.0
c4fqqn,YTA,4.0
c4fqqn,YTA,4.0
c4fqqn,NAH,4.0
c4fqqn,YTA,4.0
c4fqqn,ESH,4.0
c4fqqn,YTA,4.0
c4fqqn,YTA,4.0
c4fqqn,YTA,4.0
c4fqqn,NTA,4.0
c4fqqn,YTA,3.0
c4fqqn,YTA,4.0
c4fqqn,YTA,4.0
c4fqqn,NAH,4.0
c4fqqn,YTA,4.0
c4fqqn,YTA,4.0
c4fqqn,NTA,4.0
c4fqqn,YTA,4.0
c4fqqn,NTA,4.0
c4fqqn,NTA,4.0
c4fqqn,YTA,4.0
c4fqqn,YTA,4.0
c4fqqn,YTA,4.0
c4fqqn,NTA,4.0
c4fqqn,YTA,4.0
c4fqqn,NAH,3.0
c4fqqn,YTA,4.0
c4fqqn,NTA,4.0
c4fqqn,ESH,3.0
c4fqqn,YTA,4.0
c4fqqn,NTA,4.0
c4fqqn,YTA,4.0
c4fqqn,YTA,4.0
c4fqqn,YTA,4.0
c4fqqn,YTA,4.0
c4fqqn,YTA,4.0
c4fqqn,NTA,4.0
c4fqqn,YTA,4.0
c4fqqn,YTA,4.0
c4fqqn,NAH,3.0
c4fqqn,YTA,4.0
c4fqqn,YTA,4.0
c4fqqn,NAH,3.0
c4fqqn,YTA,4.0
c4fqqn,NTA,4.0
c4fqqn,NTA,3.0
c4fqqn,YTA,4.0
c4fqqn,ESH,3.0
c4fqqn,NTA,4.0
c4fqqn,YTA,4.0
c4fqqn,YTA,4.0
c4fqqn,NTA,4.0
c4fqqn,YTA,4.0
c4fqqn,YTA,4.0
c4fqqn,NAH,4.0
c4fqqn,YTA,4.0
c4fqqn,YTA,4.0
c4fqqn,YTA,4.0
c4fqqn,NTA,4.0
c4fqqn,YTA,4.0
c4fqqn,NAH,1.0
c4fqqn,YTA,4.0
c4fqqn,NTA,4.0
c4fqqn,YTA,4.0
c4fqqn,YTA,4.0
c4fqqn,YTA,3.0
c4fqqn,YTA,4.0
c4fqqn,NTA,4.0
c4fqqn,YTA,4.0
c4fqqn,YTA,4.0
c4fqqn,YTA,4.0
c4fqqn,NTA,3.0
c4fqqn,NAH,3.0
c4fqqn,ESH,3.0
c4fqqn,YTA,4.0
c4fqqn,YTA,4.0
c4fqqn,YTA,4.0
c4fqqn,YTA,4.0
c4fqqn,NTA,4.0
c4fqqn,YTA,4.0
c4fqqn,NTA,4.0
c4fqqn,YTA,4.0
c4fqqn,ESH,4.0
c4fqqn,YTA,4.0
c4fqqn,ESH,3.0
c4fqqn,YTA,4.0
c4fqqn,NTA,4.0
c4fqqn,NTA,4.0
c4fqqn,YTA,4.0
c4fqqn,YTA,4.0
c4fqqn,NTA,4.0
c4fqqn,YTA,4.0
c4fqqn,NTA,4.0
c4fqqn,YTA,4.0
c4fqqn,NTA,4.0
c4fqqn,ESH,3.0
c4fqqn,YTA,4.0
c4fqqn,YTA,4.0
c4fqqn,YTA,4.0
c4fqqn,NTA,4.0
c4fqqn,YTA,4.0
c4fqqn,YTA,4.0
c4fqqn,YTA,4.0
c4fqqn,NTA,1.0
c4fqqn,YTA,4.0
c4fqqn,NTA,4.0
c4fqqn,NTA,4.0
c4fqqn,NTA,4.0
c4fqqn,YTA,4.0
c4fqqn,NTA,4.0
c4fqqn,YTA,4.0
c4fqqn,YTA,3.0
c4fqqn,NTA,3.0
c4fqqn,NTA,3.0
c4fqqn,NTA,4.0
c4fqqn,YTA,4.0
c4fqqn,NTA,4.0
c4fqqn,YTA,4.0
c4fqqn,YTA,4.0
c4fqqn,YTA,4.0
c4fqqn,YTA,4.0
c4fqqn,NTA,4.0
c4fqqn,NTA,4.0
c4fqqn,YTA,4.0
c4fqqn,NTA,4.0
c4fqqn,ESH,3.0
c4fqqn,NTA,4.0
c4fqqn,YTA,4.0
c4fqqn,ESH,3.0
c4fqqn,NTA,4.0
c4fqqn,YTA,4.0
c4fqqn,YTA,4.0
c4fqqn,YTA,4.0
c4fqqn,ESH,4.0
c4fqqn,YTA,4.0
c4fqqn,YTA,4.0
c4fqqn,NTA,4.0
c4fqqn,NTA,4.0
c4fqqn,YTA,4.0
c4fqqn,NTA,4.0
c4fqqn,YTA,4.0
c4fqqn,YTA,4.0
c4fqqn,YTA,4.0
c4fqqn,YTA,4.0
c4fqqn,YTA,4.0
c4fqqn,YTA,4.0
c4fqqn,NTA,4.0
c4fqqn,NAH,3.0
c4fqqn,NTA,4.0
c4fqqn,NTA,4.0
c4fqqn,YTA,4.0
c4fqqn,NAH,3.0
c4fqqn,YTA,4.0
c4fqqn,NTA,3.0
c4fqqn,NTA,4.0
c4fqqn,NTA,4.0
c4fqqn,YTA,4.0
c4fqqn,NTA,3.0
c4fqqn,NTA,4.0
c4fqqn,NAH,4.0
c4fqqn,YTA,4.0
c4fqqn,YTA,4.0
c4fqqn,YTA,3.0
c4fqqn,YTA,3.0
c4fqqn,YTA,4.0
c4fqqn,NTA,4.0
c4fqqn,NTA,4.0
c4fqqn,NAH,1.0
c4fqqn,ESH,3.0
c4fqqn,YTA,3.0
c4fqqn,NTA,4.0
c4fqqn,YTA,4.0
c4fqqn,YTA,4.0
c4fqqn,YTA,4.0
c4fqqn,YTA,4.0
c4fqqn,YTA,4.0
c4fqqn,NTA,4.0
c4fqqn,YTA,4.0
c4fqqn,YTA,4.0
c4fqqn,YTA,4.0
c4fqqn,YTA,4.0
c4fqqn,NAH,3.0
c4fqqn,NTA,4.0
c4fqqn,YTA,4.0
c4fqqn,NTA,3.0
c4fqqn,NAH,3.0
c4fqqn,NTA,4.0
c4fqqn,YTA,4.0
c4fqqn,YTA,4.0
c4fqqn,NTA,4.0
c4fqqn,NTA,4.0
c4fqqn,YTA,4.0
c4fqqn,YTA,4.0
c4fqqn,NTA,4.0
c4fqqn,ESH,1.0
c4fqqn,NTA,3.0
c4fqqn,YTA,4.0
c4fqqn,NTA,4.0
c4fqqn,NTA,4.0
c4fqqn,YTA,4.0
c4fqqn,YTA,4.0
c4fqqn,NAH,3.0
c4fqqn,NTA,4.0
c4fqqn,YTA,4.0
c4fqqn,YTA,4.0
c4fqqn,YTA,4.0
c4fqqn,YTA,4.0
c4fqqn,YTA,4.0
c4fqqn,YTA,4.0
c4fqqn,NTA,4.0
c4fqqn,NTA,4.0
c4fqqn,YTA,4.0
c4fqqn,NTA,4.0
c4fqqn,NTA,4.0
c4fqqn,YTA,4.0
c4fqqn,NTA,4.0
c4fqqn,NTA,4.0
c4fqqn,YTA,4.0
c4fqqn,NTA,4.0
c4fqqn,YTA,4.0
c4fqqn,NTA,4.0
c4fqqn,YTA,4.0
c4fqqn,YTA,4.0
c4fqqn,YTA,4.0
c4fqqn,YTA,4.0
c4fqqn,NTA,4.0
c4fqqn,YTA,4.0
c4fqqn,YTA,4.0
c4fqqn,YTA,4.0
c4fqqn,NTA,3.0
c4fqqn,YTA,4.0
c4fqqn,YTA,4.0
c4fqqn,YTA,4.0
c4fqqn,NAH,4.0
c4fqqn,NAH,4.0
c4fqqn,YTA,4.0
c4fqqn,YTA,4.0
c4fqqn,YTA,4.0
c4fqqn,YTA,4.0
c4fqqn,NAH,3.0
c4fqqn,YTA,4.0
c4fqqn,NTA,4.0
c4fqqn,YTA,4.0
c4fqqn,YTA,4.0
c4fqqn,YTA,4.0
c4fqqn,NTA,4.0
c4fqqn,YTA,4.0
c4fqqn,NTA,4.0
c4fqqn,NTA,4.0
c4fqqn,NTA,4.0
c4fqqn,YTA,4.0
c4fqqn,YTA,4.0
c4fqqn,NTA,4.0
c4fqqn,NTA,4.0
c4fqqn,YTA,4.0
c4fqqn,NAH,3.0
c4fqqn,YTA,1.0
c4fqqn,YTA,4.0
c4fqqn,NAH,3.0
c4fqqn,YTA,4.0
c4fqqn,NAH,4.0
c4fqqn,YTA,4.0
c4fqqn,YTA,4.0
c4fqqn,NTA,3.0
c4fqqn,YTA,3.0
c4fqqn,YTA,3.0
c4fqqn,YTA,4.0
c4fqqn,YTA,4.0
c4fqqn,NTA,4.0
c4fqqn,YTA,4.0
c4fqqn,YTA,4.0
c4fqqn,YTA,4.0
c4fqqn,YTA,4.0
c4fqqn,YTA,4.0
c4fqqn,NAH,3.0
c4fqqn,NTA,4.0
c4fqqn,YTA,4.0
c4fqqn,NTA,4.0
c4fqqn,NTA,4.0
c4fqqn,YTA,4.0
c4fqqn,YTA,4.0
c4fqqn,NTA,4.0
c4fqqn,YTA,4.0
c4fqqn,YTA,4.0
c4fqqn,YTA,4.0
c4fqqn,YTA,4.0
c4fqqn,NTA,4.0
c4fqqn,YTA,4.0
c4fqqn,NTA,4.0
c4fqqn,YTA,4.0
c4fqqn,NTA,4.0
c4fqqn,YTA,4.0
c4fqqn,YTA,4.0
c4fqqn,NTA,4.0
c4fqqn,NTA,4.0
c4fqqn,NAH,3.0
c4fqqn,YTA,4.0
c4fqqn,YTA,4.0
c4fqqn,YTA,4.0
c4fqqn,YTA,4.0
c4fqqn,YTA,4.0
c4fqqn,YTA,4.0
c4fqqn,YTA,4.0
c4fqqn,YTA,3.0
c4fqqn,YTA,4.0
c4fqqn,NTA,4.0
c4fqqn,YTA,4.0
c4fqqn,NTA,4.0
c4fqqn,YTA,3.0
c4fqqn,YTA,3.0
c4fqqn,YTA,4.0
c4fqqn,NTA,3.0
c4fqqn,NTA,4.0
c4fqqn,NTA,4.0
c4fqqn,YTA,4.0
c4fqqn,NTA,4.0
c4fqqn,NAH,3.0
c4fqqn,YTA,4.0
c4fqqn,YTA,4.0
c4fqqn,NTA,4.0
c4fqqn,YTA,4.0
c4fqqn,NTA,4.0
c4fqqn,NTA,4.0
c4fqqn,YTA,3.0
c4fqqn,NTA,4.0
c4fqqn,YTA,3.0
c4fqqn,NTA,4.0
c4fqqn,NTA,3.0
c4fqqn,NTA,4.0
c4fqqn,YTA,4.0
c4fqqn,YTA,4.0
c4fqqn,YTA,4.0
c4fqqn,YTA,4.0
c4fqqn,YTA,4.0
c4fqqn,NTA,3.0
c4fqqn,YTA,4.0
c4fqqn,NTA,4.0
c4fqqn,NTA,4.0
c4fqqn,NTA,4.0
c4fqqn,YTA,4.0
c4fqqn,YTA,4.0
c4fqqn,NAH,4.0
c4fqqn,YTA,4.0
c4fqqn,NTA,4.0
c4fqqn,YTA,4.0
c4fqqn,YTA,4.0
c4fqqn,NTA,4.0
c4fqqn,NTA,4.0
c4fqqn,NAH,3.0
c4fqqn,YTA,4.0
c4fqqn,NAH,3.0
c4fqqn,NTA,4.0
c4fqqn,YTA,4.0
c4fqqn,YTA,3.0
c4fqqn,NAH,4.0
c4fqqn,NTA,4.0
c4fqqn,NAH,1.0
c4fqqn,YTA,4.0
c4fqqn,NTA,4.0
c4fqqn,YTA,4.0
c4fqqn,NTA,4.0
c4fqqn,NTA,4.0
c4fqqn,YTA,4.0
c4fqqn,NTA,1.0
c4fqqn,NTA,4.0
c4fqqn,NTA,4.0
c4fqqn,NTA,4.0
c4fqqn,YTA,4.0
c4fqqn,YTA,4.0
c4fqqn,YTA,4.0
c4fqqn,YTA,4.0
c4fqqn,YTA,4.0
c4fqqn,YTA,4.0
c4fqqn,NTA,4.0
c4fqqn,NAH,3.0
c4fqqn,NTA,4.0
c4fqqn,NAH,3.0
c4fqqn,YTA,4.0
c4fqqn,NTA,4.0
c4fqqn,YTA,4.0
c4fqqn,ESH,1.0
c4fqqn,NAH,4.0
c4fqqn,YTA,4.0
c4fqqn,YTA,4.0
c4fqqn,NTA,4.0
c4fqqn,YTA,4.0
c4fqqn,NTA,4.0
c4fqqn,NTA,4.0
c4fqqn,NTA,4.0
c4fqqn,YTA,4.0
c4fqqn,YTA,4.0
c4fqqn,YTA,4.0
c4fqqn,YTA,3.0
c4fqqn,NAH,3.0
c4fqqn,YTA,4.0
c4fqqn,YTA,4.0
c4fqqn,NTA,4.0
c4fqqn,YTA,4.0
c4fqqn,NTA,4.0
c4fqqn,YTA,4.0
c4fqqn,YTA,4.0
c4fqqn,YTA,4.0
c4fqqn,YTA,3.0
c4fqqn,NTA,4.0
c4fqqn,NAH,3.0
c4fqqn,YTA,4.0
c4fqqn,YTA,4.0
c4fqqn,NTA,4.0
c4fqqn,YTA,4.0
c4fqqn,YTA,4.0
c4fqqn,NAH,1.0
c4fqqn,YTA,4.0
c4fqqn,YTA,4.0
c4fqqn,YTA,4.0
c4fqqn,YTA,4.0
c4fqqn,NAH,3.0
c4fqqn,YTA,4.0
c4fqqn,YTA,4.0
c4fqqn,ESH,4.0
c4fqqn,NTA,4.0
c4fqqn,YTA,4.0
c4fqqn,YTA,4.0
c4fqqn,YTA,4.0
c4fqqn,YTA,4.0
c4fqqn,YTA,4.0
c4fqqn,NAH,3.0
c4fqqn,YTA,4.0
c4fqqn,YTA,4.0
c4fqqn,NTA,4.0
c4fqqn,YTA,3.0
c4fqqn,YTA,4.0
c4fqqn,YTA,4.0
c4fqqn,NTA,4.0
c4fqqn,YTA,4.0
c4fqqn,NTA,4.0
c4fqqn,YTA,4.0
c4fqqn,YTA,4.0
c4fqqn,YTA,4.0
c4fqqn,YTA,4.0
c4fqqn,NTA,4.0
c4fqqn,NTA,3.0
c4fqqn,NTA,4.0
c4fqqn,YTA,4.0
c4fqqn,YTA,4.0
c4fqqn,ESH,3.0
c4fqqn,ESH,4.0
c4fqqn,NTA,4.0
c4fqqn,YTA,4.0
c4fqqn,NTA,4.0
c4fqqn,NAH,4.0
c4fqqn,YTA,4.0
c4fqqn,YTA,4.0
c4fqqn,YTA,4.0
c4fqqn,YTA,4.0
c4fqqn,YTA,4.0
c4fqqn,YTA,4.0
c4fqqn,NTA,4.0
c4fqqn,YTA,4.0
c4fqqn,NTA,4.0
c4fqqn,NTA,4.0
c4fqqn,NTA,4.0
c4fqqn,YTA,4.0
c4fqqn,NAH,4.0
c4fqqn,NTA,4.0
c4fqqn,YTA,4.0
c4fqqn,NTA,4.0
c4fqqn,YTA,4.0
c4fqqn,YTA,4.0
c4fqqn,YTA,4.0
c4fqqn,YTA,4.0
c4fqqn,YTA,3.0
c4fqqn,NTA,4.0
c4fqqn,YTA,4.0
c4fqqn,NTA,4.0
c4fqqn,NTA,4.0
c4fqqn,YTA,4.0
c4fqqn,YTA,4.0
c4fqqn,NTA,4.0
c4fqqn,YTA,4.0
c4fqqn,NTA,4.0
c4fqqn,NTA,4.0
c4fqqn,NTA,4.0
c4fqqn,NAH,4.0
c4fqqn,NTA,4.0
c4fqqn,NTA,4.0
c4fqqn,YTA,4.0
c4fqqn,NTA,4.0
c4fqqn,YTA,4.0
c4fqqn,NTA,4.0
c4fqqn,NTA,4.0
c4fqqn,YTA,4.0
c4fqqn,YTA,4.0
c4fqqn,NTA,4.0
c4fqqn,YTA,4.0
c4fqqn,NTA,4.0
c4fqqn,NTA,4.0
c4fqqn,YTA,4.0
c4fqqn,YTA,4.0
c4fqqn,YTA,4.0
c4fqqn,NTA,4.0
c4fqqn,NTA,4.0
c4fqqn,ESH,3.0
c4fqqn,NTA,4.0
c4fqqn,ESH,3.0
c4fqqn,NTA,4.0
c4fqqn,YTA,4.0
c4fqqn,YTA,4.0
c4fqqn,YTA,4.0
c4fqqn,YTA,4.0
c4fqqn,YTA,4.0
c4fqqn,YTA,3.0
c4fqqn,NTA,4.0
c4fqqn,NTA,3.0
c4fqqn,YTA,4.0
c4fqqn,YTA,4.0
c4fqqn,NAH,3.0
c4fqqn,NTA,4.0
c4fqqn,NTA,4.0
c4fqqn,NTA,4.0
c4fqqn,YTA,4.0
c4fqqn,YTA,4.0
c4fqqn,NTA,4.0
c4fqqn,NAH,3.0
c4fqqn,NTA,4.0
c4fqqn,YTA,4.0
c4fqqn,NAH,4.0
c4fqqn,YTA,4.0
c4fqqn,NTA,3.0
c4fqqn,YTA,4.0
c4fqqn,YTA,4.0
c4fqqn,YTA,4.0
c4fqqn,YTA,4.0
c4fqqn,YTA,4.0
c4fqqn,YTA,4.0
c4fqqn,YTA,4.0
c4fqqn,YTA,4.0
c4fqqn,YTA,4.0
c4fqqn,NTA,4.0
c4fqqn,YTA,4.0
c4fqqn,YTA,4.0
c4fqqn,YTA,4.0
c4fqqn,NTA,3.0
c4fqqn,NTA,4.0
c4fqqn,YTA,4.0
c4fqqn,NTA,4.0
c4fqqn,NTA,4.0
c4fqqn,YTA,4.0
c4fqqn,YTA,4.0
c4fqqn,YTA,3.0
c4fqqn,YTA,4.0
c4fqqn,NTA,4.0
c4fqqn,YTA,4.0
c4fqqn,NTA,4.0
c4fqqn,NTA,4.0
c4fqqn,NTA,4.0
c4fqqn,NAH,4.0
c4fqqn,NAH,4.0
c4fqqn,NTA,3.0
c4fqqn,ESH,3.0
c4fqqn,NTA,4.0
c4fqqn,YTA,4.0
c4fqqn,YTA,4.0
c4fqqn,YTA,4.0
c4fqqn,YTA,4.0
c4fqqn,YTA,4.0
c4fqqn,YTA,4.0
c4fqqn,YTA,4.0
c4fqqn,YTA,4.0
c4fqqn,YTA,4.0
c4fqqn,YTA,4.0
c4fqqn,NTA,4.0
c4fqqn,NAH,3.0
c4fqqn,YTA,4.0
c4fqqn,YTA,4.0
c4fqqn,YTA,4.0
c4fqqn,YTA,4.0
c4fqqn,YTA,4.0
c4fqqn,YTA,4.0
c4fqqn,YTA,4.0
c4fqqn,NTA,4.0
c4fqqn,YTA,4.0
c4fqqn,YTA,4.0
c4fqqn,YTA,4.0
c4fqqn,YTA,4.0
c4fqqn,YTA,3.0
c4fqqn,NTA,4.0
c4fqqn,YTA,4.0
c4fqqn,YTA,4.0
c4fqqn,NTA,4.0
c4fqqn,YTA,4.0
c4fqqn,NTA,4.0
c4fqqn,NTA,1.0
c4fqqn,YTA,4.0
c4fqqn,NTA,4.0
c4fqqn,NTA,4.0
c4fqqn,YTA,4.0
c4fqqn,ESH,4.0
c4fqqn,YTA,4.0
c4fqqn,YTA,4.0
c4fqqn,YTA,4.0
c4fqqn,NTA,4.0
c4fqqn,NTA,4.0
c4fqqn,NTA,4.0
c4fqqn,NTA,4.0
c4fqqn,NTA,4.0
c4fqqn,NTA,4.0
c4fqqn,ESH,3.0
c4fqqn,NTA,4.0
c4fqqn,NTA,4.0
c4fqqn,YTA,4.0
c4fqqn,ESH,3.0
c4fqqn,YTA,4.0
c4fqqn,YTA,4.0
c4fqqn,NTA,4.0
c4fqqn,NAH,4.0
c4fqqn,YTA,2.0
c4fqqn,NTA,4.0
c4fqqn,NTA,4.0
c4fqqn,YTA,4.0
c4fqqn,NTA,4.0
c4fqqn,YTA,4.0
c4fqqn,NTA,4.0
c4fqqn,YTA,4.0
c4fqqn,NTA,4.0
c4fqqn,NTA,4.0
c4fqqn,YTA,4.0
c4fqqn,ESH,3.0
c4fqqn,NTA,4.0
c4fqqn,NTA,4.0
c4fqqn,YTA,4.0
c4fqqn,NAH,3.0
c4fqqn,YTA,4.0
c4fqqn,YTA,4.0
c4fqqn,YTA,4.0
c4fqqn,YTA,4.0
c4fqqn,YTA,4.0
c4fqqn,NTA,4.0
c4fqqn,YTA,4.0
c4fqqn,YTA,4.0
c4fqqn,NAH,3.0
c58xwh,NAH,3.0
c58xwh,NAH,4.0
c58xwh,NTA,4.0
c58xwh,YTA,4.0
c58xwh,YTA,4.0
c58xwh,NTA,4.0
c58xwh,NAH,3.0
c58xwh,YTA,4.0
c58xwh,NTA,4.0
c58xwh,NTA,4.0
c58xwh,YTA,4.0
c58xwh,NTA,4.0
c58xwh,YTA,3.0
c58xwh,YTA,3.0
c58xwh,NTA,4.0
c58xwh,YTA,4.0
c58xwh,YTA,4.0
c58xwh,YTA,4.0
c58xwh,NTA,4.0
c58xwh,YTA,4.0
c58xwh,YTA,3.0
c58xwh,YTA,4.0
c58xwh,YTA,4.0
c58xwh,ESH,2.0
c58xwh,YTA,3.0
c58xwh,YTA,4.0
c58xwh,NAH,3.0
c58xwh,YTA,4.0
c58xwh,NTA,2.0
c58xwh,NTA,4.0
c58xwh,YTA,4.0
c58xwh,NTA,4.0
c58xwh,NTA,4.0
c58xwh,YTA,4.0
c58xwh,NTA,2.0
c58xwh,YTA,4.0
c58xwh,YTA,4.0
c58xwh,NTA,4.0
c58xwh,NTA,4.0
c58xwh,NTA,4.0
c58xwh,NTA,4.0
c58xwh,NTA,2.0
c58xwh,YTA,4.0
c58xwh,NTA,4.0
c58xwh,YTA,4.0
c58xwh,ESH,4.0
c58xwh,YTA,3.0
c58xwh,NTA,4.0
c58xwh,NTA,4.0
c58xwh,NTA,4.0
c58xwh,YTA,4.0
c58xwh,NTA,4.0
c58xwh,NTA,4.0
c58xwh,NTA,4.0
c58xwh,YTA,4.0
c58xwh,NTA,4.0
c58xwh,YTA,4.0
c58xwh,NTA,4.0
c58xwh,NTA,4.0
c58xwh,NTA,4.0
c58xwh,NTA,4.0
c58xwh,NTA,4.0
c58xwh,YTA,4.0
c58xwh,YTA,4.0
c58xwh,NTA,4.0
c58xwh,NAH,3.0
c58xwh,NTA,4.0
c58xwh,NTA,4.0
c58xwh,NTA,4.0
c58xwh,YTA,4.0
c58xwh,NTA,4.0
c58xwh,YTA,4.0
c58xwh,NTA,4.0
c58xwh,YTA,4.0
c58xwh,NTA,4.0
c58xwh,YTA,4.0
c58xwh,YTA,4.0
c58xwh,NTA,4.0
c58xwh,YTA,4.0
c58xwh,NTA,4.0
c58xwh,NTA,4.0
c58xwh,NTA,4.0
c58xwh,YTA,3.0
c58xwh,NTA,4.0
c58xwh,NTA,4.0
c58xwh,NTA,4.0
c58xwh,YTA,4.0
c58xwh,NTA,4.0
c58xwh,YTA,4.0
c58xwh,YTA,4.0
c58xwh,YTA,4.0
c58xwh,YTA,4.0
c58xwh,YTA,4.0
c58xwh,NTA,4.0
c58xwh,NTA,4.0
c58xwh,YTA,4.0
c58xwh,YTA,4.0
c58xwh,NTA,4.0
c58xwh,NTA,3.0
c58xwh,NAH,4.0
c58xwh,NTA,4.0
c58xwh,NTA,4.0
c58xwh,YTA,4.0
c58xwh,YTA,3.0
c58xwh,NTA,4.0
c58xwh,NTA,4.0
c58xwh,YTA,4.0
c58xwh,NTA,4.0
c58xwh,NTA,4.0
c58xwh,YTA,4.0
c58xwh,NTA,4.0
c58xwh,YTA,4.0
c58xwh,YTA,4.0
c58xwh,NTA,4.0
c58xwh,NTA,4.0
c58xwh,NTA,4.0
c58xwh,YTA,4.0
c58xwh,YTA,4.0
c58xwh,YTA,4.0
c58xwh,NTA,4.0
c58xwh,YTA,4.0
c58xwh,NTA,4.0
c58xwh,NAH,3.0
c58xwh,NTA,4.0
c58xwh,YTA,4.0
c58xwh,NTA,4.0
c58xwh,YTA,4.0
c58xwh,YTA,4.0
c58xwh,YTA,4.0
c58xwh,YTA,4.0
c58xwh,YTA,4.0
c58xwh,YTA,3.0
c58xwh,YTA,4.0
c58xwh,NTA,4.0
c58xwh,YTA,4.0
c58xwh,NTA,4.0
c58xwh,NTA,4.0
c58xwh,NTA,4.0
c58xwh,NTA,4.0
c58xwh,YTA,4.0
c58xwh,YTA,4.0
c58xwh,YTA,4.0
c58xwh,NTA,4.0
c58xwh,NTA,4.0
c58xwh,YTA,4.0
c58xwh,YTA,4.0
c58xwh,YTA,4.0
c58xwh,YTA,4.0
c58xwh,YTA,4.0
c58xwh,YTA,4.0
c58xwh,NTA,4.0
c58xwh,YTA,4.0
c58xwh,YTA,4.0
c58xwh,NAH,4.0
c58xwh,NTA,4.0
c58xwh,YTA,4.0
c58xwh,YTA,4.0
c58xwh,NTA,4.0
c58xwh,NTA,4.0
c58xwh,NTA,4.0
c58xwh,NTA,4.0
c58xwh,YTA,4.0
c58xwh,NTA,4.0
c58xwh,NTA,4.0
c58xwh,NTA,4.0
c58xwh,YTA,3.0
c58xwh,NAH,4.0
c58xwh,YTA,4.0
c58xwh,NTA,4.0
c58xwh,YTA,4.0
c58xwh,YTA,3.0
c58xwh,NTA,4.0
c58xwh,YTA,4.0
c58xwh,NTA,4.0
c58xwh,YTA,4.0
c58xwh,NTA,4.0
c58xwh,YTA,4.0
c58xwh,YTA,4.0
c58xwh,NTA,4.0
c58xwh,NTA,4.0
c58xwh,NTA,4.0
c58xwh,YTA,4.0
c58xwh,YTA,3.0
c58xwh,YTA,4.0
c58xwh,YTA,4.0
c58xwh,YTA,4.0
c58xwh,NTA,4.0
c58xwh,YTA,4.0
c58xwh,NTA,4.0
c58xwh,YTA,4.0
c58xwh,YTA,4.0
c58xwh,NTA,4.0
c58xwh,NTA,4.0
c58xwh,NTA,4.0
c58xwh,YTA,4.0
c58xwh,YTA,4.0
c58xwh,NTA,4.0
c58xwh,NTA,4.0
c58xwh,YTA,4.0
c58xwh,YTA,1.0
c58xwh,NTA,4.0
c58xwh,NTA,4.0
c58xwh,YTA,4.0
c58xwh,NTA,4.0
c58xwh,NTA,4.0
c58xwh,NTA,4.0
c58xwh,YTA,4.0
c58xwh,NTA,4.0
c58xwh,NTA,4.0
c58xwh,NTA,4.0
c58xwh,YTA,4.0
c58xwh,YTA,4.0
c58xwh,YTA,4.0
c58xwh,YTA,4.0
c58xwh,YTA,4.0
c58xwh,NTA,4.0
c58xwh,YTA,4.0
c58xwh,YTA,4.0
c58xwh,YTA,4.0
c58xwh,YTA,4.0
c58xwh,YTA,4.0
c58xwh,NTA,4.0
c58xwh,YTA,4.0
c58xwh,NAH,3.0
c58xwh,NTA,4.0
c58xwh,YTA,4.0
c58xwh,YTA,4.0
c58xwh,YTA,4.0
c58xwh,YTA,1.0
c58xwh,YTA,4.0
c58xwh,NTA,4.0
c58xwh,NTA,4.0
c58xwh,NTA,4.0
c58xwh,NTA,4.0
c58xwh,NAH,4.0
c58xwh,YTA,4.0
c58xwh,YTA,4.0
c58xwh,YTA,4.0
c58xwh,NTA,4.0
c58xwh,NTA,4.0
c58xwh,NTA,4.0
c58xwh,NTA,4.0
c58xwh,YTA,4.0
c58xwh,NTA,4.0
c58xwh,NTA,3.0
c58xwh,YTA,4.0
c58xwh,NTA,4.0
c58xwh,NTA,4.0
c58xwh,YTA,4.0
c58xwh,YTA,4.0
c58xwh,ESH,3.0
c6xdyj,NTA,4.0
c6xdyj,NTA,4.0
c6xdyj,NTA,4.0
c6xdyj,NTA,4.0
c6xdyj,NTA,4.0
c6xdyj,NTA,4.0
c6xdyj,NTA,4.0
c6xdyj,NTA,3.0
c6xdyj,YTA,3.0
c6xdyj,ESH,4.0
c6xdyj,ESH,2.0
c6xdyj,NTA,4.0
c6xdyj,NTA,3.0
c6xdyj,NTA,4.0
c6xdyj,YTA,4.0
c6xdyj,NTA,4.0
c6xdyj,NTA,4.0
c6xdyj,NTA,4.0
c6xdyj,ESH,3.0
c6xdyj,ESH,3.0
c6xdyj,NTA,4.0
c6xdyj,NTA,4.0
c6xdyj,NTA,4.0
c6xdyj,NTA,4.0
c6xdyj,NTA,4.0
c6xdyj,NTA,4.0
c6xdyj,NTA,4.0
c6xdyj,NTA,4.0
c6xdyj,NTA,4.0
c6xdyj,NTA,4.0
c6xdyj,ESH,3.0
c6xdyj,NTA,4.0
c6xdyj,YTA,4.0
c6xdyj,NTA,4.0
c6xdyj,NTA,4.0
c6xdyj,NTA,4.0
c6xdyj,NTA,4.0
c6xdyj,YTA,4.0
c6xdyj,NTA,4.0
c6xdyj,NTA,4.0
c6xdyj,NTA,4.0
c6xdyj,NTA,4.0
c6xdyj,NTA,4.0
c6xdyj,NTA,4.0
c6xdyj,NTA,3.0
c6xdyj,ESH,3.0
c6xdyj,NTA,4.0
c6xdyj,NTA,4.0
c6xdyj,NTA,4.0
c6xdyj,ESH,3.0
c6xdyj,NTA,4.0
c6xdyj,NTA,4.0
c6xdyj,ESH,3.0
c6xdyj,NTA,4.0
c6xdyj,NTA,4.0
c6xdyj,NTA,4.0
c6xdyj,NTA,3.0
c6xdyj,NTA,4.0
c6xdyj,ESH,3.0
c6xdyj,NTA,4.0
c6xdyj,NTA,4.0
c6xdyj,NTA,3.0
c6xdyj,ESH,3.0
c6xdyj,YTA,4.0
c6xdyj,NTA,4.0
c6xdyj,NTA,4.0
c6xdyj,YTA,4.0
c6xdyj,NTA,4.0
c6xdyj,YTA,3.0
c6xdyj,NTA,4.0
c6xdyj,NTA,4.0
c6xdyj,NTA,4.0
c6xdyj,NTA,4.0
c6xdyj,NTA,4.0
c6xdyj,NTA,4.0
c6xdyj,NTA,4.0
c6xdyj,ESH,3.0
c6xdyj,NTA,4.0
c6xdyj,ESH,3.0
c6xdyj,NTA,4.0
c6xdyj,ESH,4.0
c6xdyj,NTA,4.0
c6xdyj,ESH,4.0
c6xdyj,NTA,4.0
c6xdyj,NTA,4.0
c6xdyj,NTA,4.0
c6xdyj,YTA,4.0
c6xdyj,YTA,4.0
c6xdyj,NTA,4.0
c6xdyj,NTA,4.0
c6xdyj,NTA,4.0
c6xdyj,NTA,4.0
c6xdyj,NTA,4.0
c6xdyj,NTA,4.0
c6xdyj,NTA,4.0
c6xdyj,ESH,2.0
c6xdyj,ESH,4.0
c6xdyj,NTA,4.0
c6xdyj,NTA,4.0
c6xdyj,NTA,4.0
c6xdyj,NTA,4.0
c6xdyj,NTA,4.0
c6xdyj,NTA,4.0
c6xdyj,NTA,4.0
c6xdyj,NTA,1.0
c6xdyj,ESH,1.0
c6xdyj,NTA,4.0
c6xdyj,NTA,4.0
c6xdyj,NTA,4.0
c6xdyj,NTA,4.0
c6xdyj,YTA,4.0
c6xdyj,NAH,3.0
c6xdyj,ESH,4.0
c6xdyj,NTA,4.0
c6xdyj,ESH,3.0
c6xdyj,NTA,4.0
c6xdyj,NTA,4.0
c6xdyj,NTA,4.0
c6xdyj,NTA,4.0
c6xdyj,NTA,4.0
c6xdyj,NTA,4.0
c6xdyj,NTA,4.0
c6xdyj,NTA,4.0
c6xdyj,NTA,4.0
c6xdyj,NTA,4.0
c6xdyj,NTA,4.0
c6xdyj,NTA,4.0
c6xdyj,NTA,4.0
c6xdyj,NTA,4.0
c6xdyj,NTA,4.0
c6xdyj,NTA,4.0
c6xdyj,NTA,4.0
c6xdyj,NTA,4.0
c6xdyj,NTA,4.0
c6xdyj,NTA,4.0
c6xdyj,NTA,4.0
c6xdyj,NTA,4.0
c6xdyj,NTA,4.0
c6xdyj,YTA,4.0
c6xdyj,ESH,3.0
c6xdyj,NTA,4.0
c6xdyj,NTA,4.0
c6xdyj,NTA,4.0
c6xdyj,NTA,2.0
c6xdyj,YTA,4.0
c6xdyj,ESH,2.0
c6xdyj,NTA,4.0
c6xdyj,YTA,3.0
c6xdyj,ESH,2.0
c6xdyj,NTA,4.0
c6xdyj,NTA,4.0
c6xdyj,NTA,4.0
c6xdyj,NTA,4.0
c6xdyj,NTA,4.0
c6xdyj,ESH,3.0
c6xdyj,NTA,4.0
c6xdyj,NTA,4.0
c6xdyj,NTA,4.0
c6xdyj,ESH,3.0
c6xdyj,NTA,4.0
c6xdyj,NTA,4.0
c6xdyj,YTA,3.0
c6xdyj,NTA,4.0
c6xdyj,NTA,4.0
c6xdyj,ESH,3.0
c6xdyj,ESH,3.0
c6xdyj,NTA,4.0
c6xdyj,NTA,4.0
c6xdyj,NTA,4.0
c6xdyj,NTA,4.0
c6xdyj,NTA,3.0
c6xdyj,ESH,4.0
c6xdyj,NTA,4.0
c6xdyj,ESH,3.0
c6xdyj,NTA,4.0
c6xdyj,NTA,4.0
c6xdyj,NTA,4.0
c6xdyj,NTA,4.0
c6xdyj,YTA,4.0
c6xdyj,NTA,4.0
c6xdyj,YTA,4.0
c6xdyj,ESH,3.0
c6xdyj,NTA,4.0
c6xdyj,ESH,2.0
c6xdyj,ESH,3.0
c6xdyj,NTA,4.0
c6xdyj,NTA,4.0
c6xdyj,YTA,4.0
c6xdyj,NTA,4.0
c6xdyj,ESH,2.0
c6xdyj,YTA,4.0
c6xdyj,NTA,4.0
c6xdyj,ESH,3.0
c6xdyj,YTA,4.0
c6xdyj,YTA,4.0
c6xdyj,ESH,3.0
c6xdyj,ESH,2.0
c6xdyj,NTA,4.0
c6xdyj,ESH,1.0
c6xdyj,NTA,4.0
c6xdyj,ESH,2.0
c6xdyj,NTA,4.0
c6xdyj,NTA,4.0
c6xdyj,NTA,4.0
c6xdyj,NTA,4.0
c6xdyj,NTA,4.0
c6xdyj,NTA,4.0
c6xdyj,ESH,4.0
c6xdyj,NTA,4.0
c6xdyj,NTA,4.0
c6xdyj,ESH,3.0
c6xdyj,NTA,4.0
c6xdyj,NTA,4.0
c6xdyj,NTA,4.0
c6xdyj,YTA,4.0
c6xdyj,NTA,4.0
c6xdyj,NTA,4.0
c6xdyj,NTA,4.0
c6xdyj,NTA,4.0
c6xdyj,ESH,3.0
c6xdyj,NTA,3.0
c6xdyj,NTA,4.0
c6xdyj,NTA,4.0
c6xdyj,NTA,4.0
c6xdyj,NTA,4.0
c6xdyj,NTA,4.0
c6xdyj,NTA,4.0
c6xdyj,NTA,4.0
c6xdyj,NTA,4.0
c6xdyj,NTA,4.0
c6xdyj,ESH,3.0
c6xdyj,NTA,4.0
c6xdyj,NTA,4.0
c6xdyj,NTA,4.0
c6xdyj,YTA,4.0
c6xdyj,ESH,3.0
c6xdyj,YTA,4.0
c6xdyj,NTA,4.0
c6xdyj,NTA,4.0
c6xdyj,YTA,4.0
c6xdyj,NTA,4.0
c6xdyj,ESH,2.0
c6xdyj,NTA,4.0
c6xdyj,NTA,4.0
c6xdyj,NTA,4.0
c6xdyj,NTA,4.0
c6xdyj,NTA,4.0
c6xdyj,NTA,4.0
c6xdyj,YTA,4.0
c6xdyj,NTA,4.0
c6xdyj,NTA,4.0
c6xdyj,YTA,4.0
c6xdyj,NTA,4.0
c6xdyj,YTA,3.0
c6xdyj,NTA,4.0
c6xdyj,NTA,4.0
c6xdyj,NTA,4.0
c6xdyj,NTA,4.0
c6xdyj,NTA,4.0
c6xdyj,NTA,4.0
c6xdyj,ESH,4.0
c6xdyj,NTA,4.0
c6xdyj,NTA,4.0
c6xdyj,YTA,4.0
c6xdyj,NTA,4.0
c6xdyj,ESH,3.0
c6xdyj,NTA,4.0
c6xdyj,NTA,4.0
c6xdyj,NTA,4.0
c6xdyj,YTA,3.0
c6xdyj,NTA,3.0
c6xdyj,ESH,3.0
c6xdyj,YTA,4.0
c6xdyj,NTA,4.0
c6xdyj,NTA,4.0
c6xdyj,NTA,4.0
c6xdyj,ESH,2.0
c6xdyj,NTA,1.0
c6xdyj,NTA,4.0
c6xdyj,NTA,4.0
c6xdyj,YTA,4.0
c6xdyj,YTA,3.0
c6xdyj,NTA,4.0
c6xdyj,NTA,4.0
c6xdyj,ESH,3.0
c6xdyj,ESH,2.0
c6xdyj,YTA,4.0
c6xdyj,YTA,4.0
c6xdyj,ESH,3.0
c6xdyj,NTA,4.0
c6xdyj,NTA,4.0
c6xdyj,NTA,4.0
c6xdyj,ESH,2.0
c6xdyj,ESH,2.0
c6xdyj,ESH,3.0
c6xdyj,NTA,4.0
c6xdyj,NTA,4.0
c6xdyj,YTA,3.0
c6xdyj,NTA,4.0
c6xdyj,NTA,4.0
c6xdyj,ESH,2.0
c6xdyj,NTA,4.0
c6xdyj,NTA,4.0
c6xdyj,ESH,3.0
c6xdyj,NTA,4.0
c6xdyj,NTA,4.0
c6xdyj,NTA,4.0
c6xdyj,ESH,3.0
c6xdyj,NTA,4.0
c6xdyj,NTA,4.0
c6xdyj,NTA,4.0
c6xdyj,NTA,4.0
c6xdyj,NTA,4.0
c6xdyj,NTA,4.0
c6xdyj,NTA,4.0
c6xdyj,YTA,4.0
c6xdyj,NTA,4.0
c6xdyj,ESH,4.0
c6xdyj,ESH,3.0
c6xdyj,NTA,4.0
c6xdyj,NTA,4.0
c6xdyj,NTA,4.0
c6xdyj,NTA,4.0
c6xdyj,NAH,4.0
c6xdyj,NTA,4.0
c6xdyj,NTA,4.0
c6xdyj,YTA,3.0
c6xdyj,NTA,4.0
c6xdyj,NTA,4.0
c6xdyj,NTA,4.0
c6xdyj,YTA,4.0
c6xdyj,NTA,4.0
c6xdyj,NTA,4.0
c6xdyj,NTA,4.0
c6xdyj,ESH,3.0
c6xdyj,YTA,4.0
c6xdyj,YTA,4.0
c6xdyj,ESH,4.0
c6xdyj,NTA,4.0
c6xdyj,NTA,4.0
c6xdyj,ESH,3.0
c6xdyj,NTA,4.0
c6xdyj,NTA,4.0
c6xdyj,NTA,3.0
c6xdyj,NTA,4.0
c6xdyj,ESH,3.0
c6xdyj,NTA,4.0
c6xdyj,NTA,4.0
c6xdyj,ESH,4.0
c6xdyj,YTA,4.0
c6xdyj,NTA,4.0
c6xdyj,NTA,4.0
c6xdyj,ESH,4.0
c6xdyj,NTA,4.0
c6xdyj,NTA,4.0
c6xdyj,ESH,3.0
c6xdyj,ESH,4.0
c6xdyj,ESH,4.0
c6xdyj,NTA,4.0
c6xdyj,YTA,4.0
c6xdyj,NTA,4.0
c6xdyj,NTA,4.0
c6xdyj,ESH,3.0
c6xdyj,NTA,4.0
c6xdyj,NTA,4.0
c6xdyj,NTA,4.0
c6xdyj,ESH,4.0
c6xdyj,NTA,4.0
c6xdyj,NTA,4.0
c6xdyj,NTA,4.0
c6xdyj,ESH,3.0
c6xdyj,NTA,4.0
c6xdyj,NTA,4.0
c6xdyj,NTA,4.0
c6xdyj,NTA,4.0
c6xdyj,NTA,4.0
c6xdyj,YTA,4.0
c6xdyj,NTA,4.0
c6xdyj,NTA,4.0
c6xdyj,NTA,4.0
c6xdyj,YTA,3.0
c6xdyj,NTA,4.0
c6xdyj,NTA,4.0
c6xdyj,ESH,4.0
c6xdyj,NTA,4.0
c6xdyj,YTA,4.0
c6xdyj,YTA,4.0
c6xdyj,NTA,4.0
c6xdyj,NTA,4.0
c6xdyj,NTA,4.0
c6xdyj,NTA,4.0
c6xdyj,NTA,4.0
c6xdyj,ESH,2.0
c6xdyj,YTA,4.0
c6xdyj,NTA,4.0
c6xdyj,NTA,4.0
c6xdyj,ESH,4.0
c6xdyj,NTA,4.0
c6xdyj,ESH,3.0
c6xdyj,NTA,1.0
c6xdyj,NTA,4.0
c6xdyj,NTA,4.0
c6xdyj,NTA,4.0
c6xdyj,NTA,4.0
c6xdyj,NTA,4.0
c6xdyj,NTA,4.0
c6xdyj,NTA,4.0
c6xdyj,ESH,3.0
c6xdyj,NTA,4.0
c6xdyj,NTA,4.0
c6xdyj,NTA,4.0
c6xdyj,ESH,3.0
c6xdyj,ESH,3.0
c6xdyj,NTA,4.0
c6xdyj,ESH,3.0
c6xdyj,NTA,4.0
cf0rk3,NTA,4.0
cf0rk3,NTA,4.0
cf0rk3,NTA,4.0
cf0rk3,NTA,3.0
cf0rk3,ESH,3.0
cf0rk3,YTA,4.0
cf0rk3,NTA,4.0
cf0rk3,NTA,4.0
cf0rk3,NTA,4.0
cf0rk3,NTA,4.0
cf0rk3,NTA,4.0
cf0rk3,NTA,4.0
cf0rk3,NTA,4.0
cf0rk3,YTA,4.0
cf0rk3,ESH,3.0
cf0rk3,NTA,4.0
cf0rk3,NTA,4.0
cf0rk3,YTA,3.0
cf0rk3,NTA,4.0
cf0rk3,NTA,1.0
cf0rk3,NTA,4.0
cf0rk3,NTA,4.0
cf0rk3,YTA,4.0
cf0rk3,NTA,3.0
cf0rk3,NTA,4.0
cf0rk3,NTA,4.0
cf0rk3,NTA,4.0
cf0rk3,NTA,4.0
cf0rk3,NTA,3.0
cf0rk3,YTA,4.0
cf0rk3,ESH,3.0
cf0rk3,NTA,4.0
cf0rk3,YTA,3.0
cf0rk3,NTA,4.0
cf0rk3,ESH,3.0
cf0rk3,NTA,4.0
cf0rk3,YTA,4.0
cf0rk3,YTA,4.0
cf0rk3,ESH,4.0
cf0rk3,NTA,4.0
cf0rk3,NTA,4.0
cf0rk3,NTA,4.0
cf0rk3,NTA,4.0
cf0rk3,NTA,4.0
cf0rk3,NTA,4.0
cf0rk3,NTA,4.0
cf0rk3,NTA,4.0
cf0rk3,NTA,4.0
cf0rk3,NTA,4.0
cf0rk3,YTA,4.0
cf0rk3,NTA,4.0
cf0rk3,NTA,4.0
cf0rk3,NTA,4.0
cf0rk3,NTA,4.0
cf0rk3,YTA,4.0
cf0rk3,YTA,4.0
cf0rk3,NTA,4.0
cf0rk3,NTA,4.0
cf0rk3,YTA,4.0
cf0rk3,NTA,4.0
cf0rk3,YTA,4.0
cf0rk3,NTA,4.0
cf0rk3,NTA,4.0
cf0rk3,NTA,4.0
cf0rk3,YTA,3.0
cf0rk3,YTA,4.0
cf0rk3,NTA,4.0
cf0rk3,NTA,4.0
cf0rk3,NTA,4.0
cf0rk3,NTA,4.0
cf0rk3,NTA,4.0
cf0rk3,NTA,4.0
cf0rk3,YTA,3.0
cf0rk3,NTA,4.0
cf0rk3,NTA,4.0
cf0rk3,NTA,4.0
cf0rk3,NTA,4.0
cf0rk3,NTA,3.0
cf0rk3,NTA,4.0
cf0rk3,NTA,4.0
cf0rk3,NTA,4.0
cf0rk3,NTA,4.0
cf0rk3,NTA,4.0
cf0rk3,NTA,4.0
cf0rk3,NTA,4.0
cf0rk3,NTA,4.0
cf0rk3,NTA,3.0
cf0rk3,NTA,4.0
cf0rk3,NTA,4.0
cf0rk3,NTA,4.0
cf0rk3,NTA,4.0
cf0rk3,ESH,4.0
cf0rk3,NAH,3.0
cf0rk3,NTA,3.0
cf0rk3,NTA,4.0
cf0rk3,NTA,4.0
cf0rk3,NTA,4.0
cf0rk3,YTA,4.0
cf0rk3,NTA,4.0
cf0rk3,NTA,4.0
cf0rk3,NTA,4.0
cf0rk3,YTA,4.0
cf0rk3,NTA,4.0
cf0rk3,NTA,4.0
cf0rk3,NTA,4.0
cf0rk3,NTA,4.0
cf0rk3,NTA,4.0
cf0rk3,NTA,4.0
cf0rk3,NTA,4.0
cf0rk3,NTA,4.0
cf0rk3,YTA,4.0
cf0rk3,NTA,4.0
cf0rk3,YTA,4.0
cf0rk3,NTA,4.0
cf0rk3,ESH,4.0
cf0rk3,NTA,4.0
cf0rk3,NTA,4.0
cf0rk3,NTA,4.0
cf0rk3,NTA,4.0
cf0rk3,YTA,4.0
cf0rk3,YTA,4.0
cf0rk3,NTA,4.0
cf0rk3,NTA,4.0
cf0rk3,NTA,4.0
cf0rk3,ESH,4.0
cf0rk3,YTA,3.0
cf0rk3,NTA,4.0
cf0rk3,NTA,4.0
cf0rk3,NTA,4.0
cf0rk3,NTA,4.0
cf0rk3,YTA,4.0
cf0rk3,NTA,4.0
cf0rk3,NTA,4.0
cf0rk3,NTA,4.0
cf0rk3,NTA,3.0
cf0rk3,YTA,4.0
cf0rk3,NTA,4.0
cf0rk3,NTA,4.0
cf0rk3,NTA,4.0
cf0rk3,NTA,4.0
cf0rk3,NTA,4.0
cf0rk3,YTA,4.0
cf0rk3,NTA,3.0
cf0rk3,NTA,4.0
cf0rk3,NTA,4.0
cf0rk3,YTA,4.0
cf0rk3,NTA,4.0
cf0rk3,NTA,4.0
cf0rk3,NTA,4.0
cf0rk3,NTA,4.0
cf0rk3,NTA,4.0
cf0rk3,YTA,4.0
cf0rk3,NTA,4.0
cf0rk3,NTA,3.0
cf0rk3,NTA,1.0
cf0rk3,NTA,4.0
cf0rk3,NTA,4.0
cf0rk3,NTA,3.0
cf0rk3,NTA,4.0
cf0rk3,YTA,4.0
cf0rk3,NTA,4.0
cf0rk3,NTA,4.0
cf0rk3,YTA,4.0
cf0rk3,YTA,4.0
cf0rk3,NTA,4.0
cf0rk3,NTA,4.0
cf0rk3,NTA,4.0
cf0rk3,NTA,3.0
cf0rk3,NTA,4.0
cf0rk3,NTA,4.0
cf0rk3,YTA,4.0
cf0rk3,ESH,4.0
cf0rk3,YTA,4.0
cf0rk3,NTA,4.0
cf0rk3,YTA,4.0
cf0rk3,NTA,4.0
cf0rk3,NTA,4.0
cf0rk3,YTA,4.0
cf0rk3,NTA,4.0
cf0rk3,YTA,4.0
cf0rk3,NTA,4.0
cf0rk3,YTA,4.0
cf0rk3,NTA,4.0
cf0rk3,NTA,4.0
cf0rk3,YTA,4.0
cf0rk3,ESH,4.0
cf0rk3,NTA,3.0
cf0rk3,NAH,1.0
cf0rk3,NTA,3.0
cf0rk3,NTA,4.0
cf0rk3,NTA,4.0
cf0rk3,NTA,3.0
cf0rk3,NTA,4.0
cf0rk3,NTA,4.0
cf0rk3,NTA,4.0
cf0rk3,NTA,4.0
cf0rk3,NTA,4.0
cf0rk3,NTA,4.0
cf0rk3,NTA,4.0
cf0rk3,ESH,3.0
cf0rk3,YTA,4.0
cf0rk3,NTA,4.0
cf0rk3,NTA,4.0
cf0rk3,NTA,4.0
cf0rk3,ESH,4.0
cf0rk3,NTA,4.0
cf0rk3,NTA,4.0
cf0rk3,NTA,4.0
cf0rk3,YTA,3.0
cf0rk3,NTA,4.0
cf0rk3,NTA,4.0
cf0rk3,YTA,4.0
cf0rk3,NTA,4.0
cf0rk3,ESH,4.0
cf0rk3,NTA,4.0
cf0rk3,ESH,3.0
cf0rk3,NTA,3.0
cf0rk3,YTA,4.0
cf0rk3,NTA,4.0
cf0rk3,NTA,4.0
cf0rk3,NTA,4.0
cf0rk3,NTA,4.0
cf0rk3,NTA,4.0
cf0rk3,NTA,4.0
cf0rk3,NTA,4.0
cf0rk3,YTA,4.0
cf0rk3,NTA,4.0
cf0rk3,NTA,4.0
cf0rk3,YTA,4.0
cf0rk3,NTA,4.0
cf0rk3,NTA,4.0
cf0rk3,NTA,4.0
cf0rk3,NAH,3.0
cf0rk3,NTA,4.0
cf0rk3,NTA,3.0
cf0rk3,NTA,4.0
cf0rk3,NTA,4.0
cf0rk3,NTA,4.0
cf0rk3,ESH,4.0
cf0rk3,NTA,4.0
cf0rk3,YTA,4.0
cf0rk3,NTA,4.0
cf0rk3,YTA,4.0
cf0rk3,NTA,4.0
cf0rk3,NTA,4.0
cf0rk3,NTA,4.0
cf0rk3,NAH,3.0
cf0rk3,YTA,4.0
cf0rk3,NTA,4.0
cf0rk3,YTA,4.0
cf0rk3,YTA,4.0
cf0rk3,NTA,4.0
cf0rk3,NTA,4.0
cf0rk3,NTA,4.0
cf0rk3,YTA,4.0
cf0rk3,NTA,4.0
cf0rk3,YTA,4.0
cf0rk3,ESH,3.0
cf0rk3,YTA,4.0
cf0rk3,NTA,4.0
cf0rk3,YTA,4.0
cf0rk3,ESH,3.0
cf0rk3,YTA,4.0
cf0rk3,NTA,1.0
cf0rk3,NTA,4.0
cf0rk3,NTA,4.0
cf0rk3,NTA,4.0
cf0rk3,YTA,4.0
cf0rk3,YTA,4.0
cf0rk3,YTA,4.0
cf0rk3,YTA,4.0
cf0rk3,NTA,3.0
cf0rk3,YTA,4.0
cf0rk3,NTA,4.0
cf0rk3,NAH,4.0
cf0rk3,NTA,4.0
cf0rk3,NTA,4.0
cf0rk3,NTA,4.0
cf0rk3,YTA,4.0
cf0rk3,NTA,4.0
cf0rk3,ESH,3.0
cf0rk3,YTA,4.0
cf0rk3,NTA,4.0
cf0rk3,NTA,4.0
cf0rk3,YTA,4.0
cf0rk3,NTA,3.0
cf0rk3,YTA,4.0
cf0rk3,NTA,4.0
cf0rk3,NTA,4.0
cf0rk3,NTA,4.0
cf0rk3,NTA,4.0
cf0rk3,ESH,3.0
cf0rk3,NTA,3.0
cf0rk3,YTA,3.0
cf0rk3,NAH,3.0
cf0rk3,NTA,4.0
cf0rk3,NTA,4.0
cf0rk3,NTA,3.0
cf0rk3,YTA,4.0
cf0rk3,YTA,4.0
cf0rk3,NTA,4.0
cf0rk3,NTA,4.0
cf0rk3,NTA,4.0
cf0rk3,NTA,4.0
cf0rk3,YTA,4.0
cf0rk3,YTA,4.0
cf0rk3,NTA,4.0
cf0rk3,NTA,4.0
cf0rk3,NTA,4.0
cf0rk3,NTA,3.0
cf0rk3,NTA,4.0
cf0rk3,NTA,3.0
cf0rk3,ESH,4.0
cf0rk3,NTA,4.0
cf0rk3,YTA,4.0
cf0rk3,NTA,4.0
cf0rk3,NTA,4.0
cf0rk3,NTA,4.0
cf0rk3,YTA,4.0
cf0rk3,NTA,4.0
cf0rk3,NTA,4.0
cf0rk3,YTA,4.0
cf0rk3,ESH,4.0
cf0rk3,YTA,4.0
cf0rk3,NTA,4.0
cf0rk3,NTA,4.0
cf0rk3,ESH,3.0
cf0rk3,NTA,4.0
cf0rk3,YTA,4.0
cf0rk3,NTA,4.0
cf0rk3,NTA,4.0
cf0rk3,NTA,4.0
cf0rk3,ESH,3.0
cf0rk3,NTA,3.0
cf0rk3,YTA,4.0
cf0rk3,YTA,4.0
cf0rk3,YTA,1.0
cf0rk3,NTA,3.0
cf0rk3,ESH,3.0
cf0rk3,NTA,4.0
cf0rk3,NTA,4.0
cf0rk3,NTA,4.0
cf0rk3,NTA,4.0
cf0rk3,NTA,4.0
cf0rk3,NTA,3.0
cf0rk3,NTA,4.0
cf0rk3,YTA,4.0
cf0rk3,NTA,4.0
cf0rk3,YTA,4.0
cf0rk3,NTA,4.0
cf0rk3,YTA,4.0
cf0rk3,NTA,4.0
cf0rk3,YTA,4.0
cf0rk3,NTA,4.0
cf0rk3,YTA,4.0
cf0rk3,NTA,4.0
cf0rk3,NTA,4.0
cf0rk3,NTA,4.0
cf0rk3,NTA,4.0
cf0rk3,ESH,3.0
cf0rk3,ESH,3.0
cf0rk3,NTA,4.0
cf0rk3,ESH,3.0
cf0rk3,YTA,4.0
cf0rk3,NTA,4.0
cf0rk3,YTA,4.0
cf0rk3,NTA,4.0
cf0rk3,NTA,4.0
cf0rk3,YTA,4.0
cf0rk3,ESH,4.0
cf0rk3,YTA,4.0
cf0rk3,YTA,4.0
cf0rk3,YTA,4.0
cf0rk3,NTA,4.0
cf0rk3,NTA,4.0
cf0rk3,ESH,3.0
cf0rk3,NTA,4.0
cf0rk3,NTA,4.0
cf0rk3,YTA,4.0
cf0rk3,YTA,4.0
cf0rk3,YTA,4.0
cf0rk3,ESH,4.0
cf0rk3,YTA,4.0
cf0rk3,YTA,4.0
cf0rk3,NTA,4.0
cf0rk3,NTA,4.0
cf0rk3,ESH,3.0
cf0rk3,YTA,3.0
cf0rk3,NTA,4.0
cf0rk3,NTA,4.0
cf0rk3,NTA,4.0
cf0rk3,NTA,4.0
cf0rk3,NTA,4.0
cf0rk3,NAH,4.0
cf0rk3,NTA,3.0
cf0rk3,NTA,4.0
cf0rk3,NTA,4.0
cf0rk3,ESH,3.0
cf0rk3,NTA,4.0
cf0rk3,NTA,4.0
cf0rk3,ESH,4.0
cf0rk3,YTA,4.0
cf0rk3,YTA,4.0
cf0rk3,NTA,4.0
cf0rk3,NTA,4.0
cf0rk3,NTA,4.0
cf0rk3,YTA,4.0
cf0rk3,NTA,4.0
cf0rk3,NTA,4.0
cf0rk3,NTA,4.0
cf0rk3,YTA,4.0
cf0rk3,NTA,4.0
cf0rk3,NTA,4.0
cf0rk3,ESH,3.0
cf0rk3,YTA,4.0
cf0rk3,YTA,4.0
cf0rk3,NTA,4.0
cf0rk3,NTA,4.0
cf0rk3,NTA,3.0
cf0rk3,NTA,4.0
cf0rk3,NTA,4.0
cf0rk3,NTA,3.0
cf0rk3,NTA,4.0
cf0rk3,NAH,1.0
cf0rk3,NTA,3.0
cf0rk3,NTA,4.0
cf0rk3,NAH,3.0
cf0rk3,YTA,4.0
cf0rk3,YTA,4.0
cf0rk3,ESH,4.0
cf0rk3,NTA,3.0
cf0rk3,NTA,4.0
cf0rk3,YTA,4.0
cf0rk3,YTA,4.0
cf0rk3,NTA,4.0
cf0rk3,NTA,4.0
cf0rk3,NTA,4.0
cf0rk3,NTA,4.0
cf0rk3,NTA,4.0
cf0rk3,NTA,4.0
cf0rk3,NTA,4.0
cf0rk3,YTA,4.0
cf0rk3,NTA,4.0
cf0rk3,NTA,3.0
cf0rk3,NTA,4.0
cf0rk3,YTA,4.0
cf0rk3,NTA,4.0
cf0rk3,NTA,4.0
cf0rk3,NTA,4.0
cf0rk3,NTA,4.0
cf0rk3,NTA,4.0
cf0rk3,NTA,4.0
cf0rk3,YTA,4.0
cf0rk3,NTA,3.0
cf0rk3,NTA,4.0
cf0rk3,NTA,4.0
cf0rk3,NTA,3.0
cf0rk3,YTA,4.0
cf0rk3,NTA,4.0
cf0rk3,NTA,4.0
cf0rk3,ESH,4.0
cf0rk3,ESH,3.0
cf0rk3,NTA,4.0
cf0rk3,NTA,4.0
cf0rk3,YTA,4.0
cf0rk3,NTA,4.0
cf0rk3,YTA,3.0
cf0rk3,NTA,4.0
cf0rk3,NTA,3.0
cf0rk3,NTA,4.0
cf0rk3,YTA,3.0
cf0rk3,YTA,4.0
cf0rk3,NTA,4.0
cf0rk3,NTA,4.0
cf0rk3,YTA,4.0
cf0rk3,NTA,4.0
cf0rk3,NTA,4.0
cf0rk3,YTA,4.0
cf0rk3,YTA,3.0
cf0rk3,NTA,4.0
cf0rk3,YTA,4.0
cf0rk3,YTA,4.0
cf0rk3,NTA,4.0
cf0rk3,YTA,4.0
cf0rk3,NTA,4.0
cf0rk3,NTA,4.0
cf0rk3,NTA,4.0
cf0rk3,NTA,4.0
cf0rk3,YTA,3.0
cf0rk3,NTA,3.0
cf0rk3,NTA,3.0
cf0rk3,ESH,4.0
cf0rk3,YTA,4.0
cf0rk3,NTA,4.0
cf0rk3,NTA,4.0
cf0rk3,NTA,4.0
cf0rk3,NTA,4.0
cf0rk3,NTA,4.0
cf0rk3,ESH,3.0
cf0rk3,NTA,4.0
cf0rk3,NTA,4.0
cf0rk3,ESH,3.0
cf0rk3,NTA,4.0
cf0rk3,YTA,4.0
cf0rk3,NTA,4.0
cf0rk3,YTA,4.0
cf0rk3,NTA,4.0
cf0rk3,YTA,4.0
cf0rk3,NTA,4.0
cf0rk3,YTA,4.0
cf0rk3,YTA,4.0
cf0rk3,NTA,4.0
cf0rk3,NTA,4.0
cf0rk3,YTA,4.0
cf0rk3,YTA,4.0
cf0rk3,ESH,4.0
cf0rk3,YTA,3.0
cf0rk3,NTA,4.0
cf0rk3,YTA,4.0
cf0rk3,NTA,4.0
cf0rk3,YTA,4.0
cf0rk3,NTA,4.0
cf0rk3,NTA,3.0
cf0rk3,YTA,4.0
cf0rk3,NTA,4.0
cf0rk3,NTA,4.0
cf0rk3,NTA,4.0
cf0rk3,YTA,3.0
cf0rk3,NTA,4.0
cf0rk3,NTA,4.0
cf0rk3,ESH,2.0
cf0rk3,ESH,3.0
cf0rk3,NTA,3.0
cf0rk3,NTA,4.0
cf0rk3,NTA,4.0
cf0rk3,NTA,4.0
cf0rk3,ESH,1.0
cf0rk3,NTA,4.0
cf0rk3,ESH,4.0
cf0rk3,ESH,2.0
cf0rk3,NTA,4.0
cf0rk3,NTA,1.0
cf0rk3,NTA,4.0
cf0rk3,NTA,4.0
cf0rk3,NTA,4.0
cf0rk3,NTA,4.0
cf0rk3,NTA,4.0
cf0rk3,NTA,4.0
cf0rk3,NTA,4.0
cf0rk3,NTA,4.0
cf0rk3,YTA,4.0
cf0rk3,ESH,3.0
cf0rk3,NTA,4.0
cf0rk3,NTA,4.0
cf0rk3,NTA,4.0
cf0rk3,NAH,3.0
cf0rk3,YTA,4.0
cf0rk3,NTA,3.0
cf0rk3,NTA,4.0
cf0rk3,NTA,4.0
cf0rk3,NTA,4.0
cf0rk3,NTA,4.0
cf0rk3,NTA,4.0
cf0rk3,NTA,4.0
cf0rk3,YTA,4.0
cf0rk3,NTA,4.0
cf0rk3,NTA,4.0
cf0rk3,NTA,4.0
cf0rk3,YTA,4.0
cf0rk3,YTA,4.0
cf0rk3,YTA,4.0
cf0rk3,YTA,2.0
cf0rk3,YTA,4.0
cf0rk3,YTA,4.0
cf0rk3,NTA,4.0
cf0rk3,YTA,4.0
cf0rk3,ESH,3.0
cf0rk3,NTA,4.0
cf0rk3,YTA,4.0
cf0rk3,NTA,4.0
cf0rk3,NTA,4.0
cf0rk3,NTA,4.0
cf0rk3,NAH,4.0
cf0rk3,NTA,4.0
cf0rk3,NTA,4.0
cf0rk3,NAH,1.0
cf0rk3,NTA,3.0
cf0rk3,NTA,4.0
cf0rk3,NTA,4.0
cf0rk3,NTA,4.0
cf0rk3,NTA,4.0
cf0rk3,YTA,4.0
cf0rk3,NTA,3.0
cf0rk3,YTA,4.0
cf0rk3,YTA,4.0
cf0rk3,YTA,4.0
cf0rk3,NTA,4.0
cf0rk3,NTA,4.0
cf0rk3,NTA,4.0
cf0rk3,NTA,4.0
cf0rk3,NTA,4.0
cf0rk3,NAH,4.0
cf0rk3,ESH,4.0
cf0rk3,YTA,4.0
cf0rk3,NTA,1.0
cf0rk3,YTA,4.0
cf0rk3,YTA,4.0
cf0rk3,NTA,4.0
cf0rk3,NTA,4.0
cf0rk3,NTA,4.0
cf0rk3,NTA,4.0
cf0rk3,NTA,4.0
cf0rk3,NTA,4.0
cf0rk3,ESH,4.0
cf0rk3,ESH,4.0
cf0rk3,NTA,4.0
cf0rk3,NTA,4.0
cf0rk3,YTA,4.0
cf0rk3,YTA,4.0
cf0rk3,NTA,4.0
cf0rk3,NTA,4.0
cf0rk3,NTA,4.0
cf0rk3,YTA,3.0
cf0rk3,NTA,4.0
cf0rk3,YTA,1.0
cf0rk3,NTA,4.0
cf0rk3,YTA,4.0
cf0rk3,NTA,4.0
cf0rk3,NTA,4.0
cf0rk3,NTA,4.0
cf0rk3,NTA,4.0
cf0rk3,YTA,4.0
cf0rk3,ESH,3.0
cf0rk3,NTA,4.0
cf0rk3,NTA,3.0
cf0rk3,YTA,4.0
cf0rk3,NTA,4.0
cf0rk3,NTA,4.0
cf0rk3,YTA,4.0
cf0rk3,NTA,4.0
cf0rk3,YTA,4.0
cf0rk3,NTA,4.0
cf0rk3,NTA,4.0
cf0rk3,YTA,4.0
cf0rk3,NTA,4.0
cf0rk3,NTA,3.0
cf0rk3,NTA,4.0
cf0rk3,ESH,3.0
cf0rk3,NTA,3.0
cf0rk3,ESH,4.0
cf0rk3,NTA,4.0
cf0rk3,NTA,4.0
cf0rk3,YTA,4.0
cf0rk3,YTA,4.0
cf0rk3,NTA,4.0
cf0rk3,NTA,4.0
cf0rk3,YTA,3.0
cf0rk3,NTA,4.0
cf0rk3,YTA,4.0
cf0rk3,YTA,4.0
cf0rk3,NTA,4.0
cf0rk3,YTA,4.0
cf0rk3,NTA,4.0
cf0rk3,NTA,4.0
cf0rk3,NTA,3.0
cf0rk3,NTA,4.0
cf0rk3,ESH,3.0
cf0rk3,YTA,4.0
cf0rk3,NTA,4.0
cf0rk3,NTA,4.0
cf0rk3,YTA,4.0
cf0rk3,YTA,4.0
cf0rk3,YTA,4.0
cf0rk3,NTA,4.0
cf0rk3,NTA,4.0
cf0rk3,ESH,2.0
cf0rk3,YTA,4.0
cf0rk3,YTA,4.0
cf0rk3,NTA,3.0
cf0rk3,YTA,4.0
cf0rk3,ESH,3.0
cf0rk3,NTA,4.0
cf0rk3,ESH,4.0
cf0rk3,NTA,4.0
cf0rk3,YTA,4.0
cf0rk3,NTA,4.0
cf0rk3,NTA,4.0
cf0rk3,YTA,4.0
cf0rk3,NTA,4.0
cf0rk3,YTA,4.0
cf0rk3,NTA,3.0
cf0rk3,YTA,4.0
cf0rk3,YTA,4.0
cf0rk3,YTA,4.0
cf0rk3,YTA,4.0
cf0rk3,NTA,4.0
cf0rk3,NTA,3.0
cf0rk3,YTA,4.0
cf0rk3,NTA,4.0
cf0rk3,NTA,4.0
cf0rk3,NTA,4.0
cf0rk3,NTA,4.0
cf0rk3,YTA,4.0
cf0rk3,ESH,4.0
cf0rk3,NTA,4.0
cf0rk3,YTA,4.0
cf0rk3,YTA,4.0
cf0rk3,NTA,4.0
cf0rk3,NTA,4.0
cf0rk3,ESH,4.0
cf0rk3,NTA,4.0
cf0rk3,NTA,4.0
cf0rk3,NTA,4.0
cf0rk3,NTA,4.0
cf0rk3,YTA,4.0
cf0rk3,YTA,4.0
cf0rk3,ESH,2.0
cf0rk3,ESH,4.0
cf0rk3,NTA,4.0
cf0rk3,YTA,4.0
cf0rk3,ESH,3.0
cf0rk3,NTA,4.0
cf0rk3,YTA,4.0
cf0rk3,YTA,4.0
cf0rk3,YTA,4.0
cf0rk3,NTA,4.0
cf0rk3,NTA,4.0
cf0rk3,YTA,4.0
cf0rk3,YTA,3.0
cf0rk3,YTA,4.0
cf0rk3,YTA,4.0
cf0rk3,YTA,4.0
cf0rk3,NAH,3.0
cf0rk3,ESH,3.0
cf0rk3,NTA,4.0
cf0rk3,YTA,4.0
cf0rk3,NTA,4.0
cf0rk3,ESH,3.0
cf0rk3,NTA,4.0
cf0rk3,NTA,4.0
cf0rk3,NTA,3.0
cf0rk3,ESH,1.0
cf0rk3,NTA,4.0
cf0rk3,YTA,4.0
cf0rk3,NTA,4.0
cf0rk3,YTA,4.0
cf0rk3,NTA,4.0
cf0rk3,NTA,4.0
cf0rk3,NTA,4.0
cf0rk3,NTA,4.0
cf0rk3,ESH,4.0
cf0rk3,ESH,3.0
cf0rk3,NTA,3.0
cf0rk3,YTA,4.0
cf0rk3,YTA,4.0
cf0rk3,NTA,4.0
cf0rk3,YTA,4.0
cf0rk3,NTA,4.0
cf0rk3,YTA,4.0
cf0rk3,ESH,4.0
cf0rk3,NTA,4.0
cf0rk3,NTA,4.0
cf0rk3,ESH,3.0
cf0rk3,NTA,3.0
cf0rk3,ESH,4.0
cf0rk3,NTA,4.0
cf0rk3,NTA,4.0
cf0rk3,NTA,4.0
cf0rk3,YTA,4.0
cf0rk3,YTA,4.0
cf0rk3,NTA,4.0
cf0rk3,NTA,4.0
cf0rk3,ESH,3.0
cf0rk3,NTA,4.0
cf0rk3,YTA,4.0
cf0rk3,ESH,4.0
cf0rk3,NTA,4.0
cf0rk3,NTA,4.0
cf0rk3,NTA,4.0
cf0rk3,NTA,4.0
cf0rk3,YTA,4.0
cf0rk3,YTA,4.0
cf0rk3,NTA,4.0
cf0rk3,NTA,4.0
cf0rk3,NTA,4.0
cf0rk3,YTA,4.0
cf0rk3,NTA,4.0
cf0rk3,NTA,3.0
cf0rk3,NTA,4.0
cf0rk3,ESH,3.0
cf0rk3,NTA,4.0
cf0rk3,ESH,4.0
cf0rk3,NTA,4.0
cf0rk3,YTA,4.0
cf0rk3,NTA,4.0
cf0rk3,ESH,3.0
cf0rk3,NTA,3.0
cf0rk3,NTA,3.0
cf0rk3,NTA,4.0
cf0rk3,NTA,3.0
cf0rk3,YTA,4.0
cf0rk3,NTA,4.0
cf0rk3,NTA,3.0
cf0rk3,YTA,4.0
cf0rk3,NTA,4.0
cf0rk3,NTA,4.0
cf0rk3,YTA,4.0
cf0rk3,NTA,4.0
cf0rk3,YTA,4.0
cf0rk3,NTA,4.0
cf0rk3,ESH,3.0
cf0rk3,NTA,4.0
cf0rk3,YTA,4.0
cf0rk3,ESH,4.0
cf0rk3,NTA,4.0
cf0rk3,YTA,4.0
cf0rk3,NTA,4.0
cf0rk3,YTA,3.0
cf0rk3,NTA,4.0
cf0rk3,YTA,4.0
cf0rk3,ESH,4.0
cf0rk3,NTA,4.0
cf0rk3,YTA,4.0
cf0rk3,NTA,4.0
cf0rk3,NTA,4.0
cf0rk3,ESH,2.0
cf0rk3,NTA,4.0
cf0rk3,NTA,4.0
cf0rk3,NTA,4.0
cf0rk3,NTA,4.0
cf0rk3,ESH,4.0
cf0rk3,NTA,4.0
cf0rk3,ESH,3.0
cf0rk3,YTA,4.0
cf0rk3,NTA,4.0
cf0rk3,YTA,4.0
cf0rk3,NTA,4.0
cf0rk3,YTA,4.0
cf0rk3,NTA,4.0
cf0rk3,NTA,4.0
cf0rk3,ESH,4.0
cf0rk3,NTA,4.0
cf0rk3,NTA,4.0
cf0rk3,YTA,4.0
cf0rk3,ESH,3.0
cf0rk3,YTA,3.0
cf0rk3,NTA,4.0
cf0rk3,NTA,4.0
cf0rk3,NTA,4.0
cf0rk3,NTA,3.0
cf0rk3,ESH,4.0
cf0rk3,YTA,4.0
cf0rk3,YTA,4.0
cf0rk3,YTA,4.0
cf0rk3,YTA,4.0
cf0rk3,NTA,4.0
cf0rk3,YTA,4.0
cf0rk3,NTA,4.0
cf0rk3,YTA,4.0
cf0rk3,NTA,4.0
cf0rk3,YTA,4.0
cf0rk3,NTA,4.0
cf0rk3,NTA,4.0
cf0rk3,NTA,4.0
cf0rk3,NTA,4.0
cf0rk3,ESH,4.0
cf0rk3,NTA,4.0
cf0rk3,ESH,3.0
cf0rk3,YTA,4.0
cf0rk3,YTA,4.0
cf0rk3,NTA,4.0
cf0rk3,ESH,4.0
cf0rk3,NTA,4.0
cf0rk3,NTA,4.0
cf0rk3,ESH,4.0
cf0rk3,NTA,4.0
cf0rk3,ESH,4.0
cf0rk3,NTA,4.0
cf0rk3,NTA,4.0
cf0rk3,NTA,4.0
cf0rk3,YTA,4.0
cf0rk3,ESH,4.0
cf0rk3,YTA,4.0
cf0rk3,NTA,4.0
cf0rk3,YTA,4.0
cf0rk3,NTA,4.0
cf0rk3,YTA,4.0
cf0rk3,YTA,4.0
cf0rk3,YTA,4.0
cf0rk3,YTA,4.0
cf0rk3,NTA,4.0
cf0rk3,NTA,4.0
cf0rk3,ESH,4.0
cf0rk3,NTA,4.0
cf0rk3,ESH,3.0
cf0rk3,NTA,4.0
cf0rk3,YTA,4.0
cf0rk3,NTA,4.0
cf0rk3,ESH,4.0
cf0rk3,ESH,3.0
cf0rk3,NTA,4.0
cf0rk3,YTA,4.0
cf0rk3,ESH,3.0
cf0rk3,NTA,4.0
cf0rk3,NTA,4.0
cf0rk3,ESH,4.0
cf0rk3,YTA,4.0
cf0rk3,NTA,4.0
cf0rk3,ESH,3.0
cf0rk3,NTA,4.0
cf0rk3,NTA,3.0
cf0rk3,ESH,2.0
cf0rk3,YTA,4.0
cf0rk3,YTA,4.0
cf0rk3,NTA,4.0
cf0rk3,NTA,4.0
cf0rk3,YTA,4.0
cf0rk3,NTA,4.0
cf0rk3,NTA,4.0
cf0rk3,YTA,4.0
cf0rk3,ESH,4.0
cf0rk3,NTA,4.0
cf0rk3,ESH,3.0
cf0rk3,NTA,4.0
cf0rk3,YTA,4.0
cf0rk3,NTA,4.0
cf0rk3,YTA,4.0
cf0rk3,NTA,4.0
cf0rk3,ESH,3.0
cf0rk3,NTA,4.0
cf0rk3,YTA,4.0
cf0rk3,NTA,4.0
cf0rk3,NTA,4.0
cf0rk3,NTA,4.0
cf0rk3,NTA,4.0
cf0rk3,YTA,3.0
cf0rk3,YTA,4.0
cf0rk3,NTA,4.0
cf0rk3,NTA,4.0
cf0rk3,YTA,4.0
cf0rk3,NTA,4.0
cf0rk3,NTA,4.0
cf0rk3,NTA,3.0
cf0rk3,ESH,4.0
cf0rk3,NTA,4.0
cf0rk3,YTA,4.0
cf0rk3,ESH,4.0
cf0rk3,ESH,3.0
cf0rk3,NTA,4.0
cf0rk3,YTA,4.0
cf0rk3,YTA,4.0
cf0rk3,YTA,4.0
cf0rk3,NTA,4.0
cf0rk3,YTA,3.0
cf0rk3,NTA,4.0
cf0rk3,YTA,4.0
cf0rk3,NTA,4.0
cf0rk3,NTA,4.0
cf0rk3,YTA,4.0
cf0rk3,YTA,4.0
cf0rk3,YTA,4.0
cf0rk3,NTA,4.0
cf0rk3,NTA,4.0
cf0rk3,NTA,4.0
cf0rk3,YTA,4.0
cf0rk3,NTA,4.0
cf0rk3,YTA,4.0
cf0rk3,YTA,4.0
cf0rk3,NTA,4.0
cf0rk3,ESH,1.0
cf0rk3,NTA,4.0
cf0rk3,YTA,3.0
cf0rk3,NTA,4.0
cf0rk3,ESH,3.0
cf0rk3,YTA,4.0
cf0rk3,YTA,4.0
cf0rk3,NTA,4.0
cf0rk3,YTA,4.0
cf0rk3,NTA,3.0
cf0rk3,YTA,4.0
cf0rk3,NTA,4.0
cf0rk3,YTA,4.0
cf0rk3,ESH,3.0
cf0rk3,ESH,2.0
cf0rk3,ESH,3.0
cf0rk3,NTA,4.0
cf0rk3,NTA,4.0
cf0rk3,YTA,4.0
cf0rk3,ESH,2.0
cf0rk3,NTA,4.0
cf0rk3,NTA,4.0
cf0rk3,NTA,4.0
cf0rk3,NTA,3.0
cf0rk3,ESH,4.0
cf0rk3,NTA,4.0
cf0rk3,YTA,4.0
cf0rk3,NTA,4.0
cf0rk3,NTA,4.0
cf0rk3,YTA,4.0
cf0rk3,YTA,4.0
cf0rk3,NTA,3.0
cf0rk3,NTA,4.0
cf0rk3,NTA,4.0
cf0rk3,NTA,3.0
cf0rk3,NTA,4.0
cf0rk3,YTA,4.0
cf0rk3,NTA,4.0
cf0rk3,NTA,3.0
cf0rk3,ESH,3.0
cf0rk3,NTA,4.0
cf0rk3,NTA,3.0
cf0rk3,NTA,4.0
cf0rk3,NTA,4.0
cf0rk3,YTA,4.0
cf0rk3,YTA,4.0
cf0rk3,NTA,4.0
cf0rk3,ESH,4.0
cf0rk3,ESH,4.0
cf0rk3,NTA,3.0
cf0rk3,ESH,4.0
cf0rk3,NTA,4.0
cf0rk3,NTA,4.0
cf0rk3,YTA,3.0
cf0rk3,NTA,4.0
cf0rk3,YTA,4.0
cf0rk3,NTA,4.0
cf0rk3,YTA,4.0
cf0rk3,NTA,4.0
cf0rk3,NTA,3.0
cf0rk3,NTA,4.0
cf0rk3,NTA,3.0
cf0rk3,NTA,4.0
cf0rk3,NTA,4.0
cf0rk3,ESH,4.0
cf0rk3,YTA,4.0
cf0rk3,YTA,4.0
cf0rk3,ESH,4.0
cf0rk3,NTA,4.0
cf0rk3,NTA,4.0
cf0rk3,ESH,3.0
cf0rk3,NTA,4.0
cf0rk3,YTA,4.0
cf0rk3,YTA,4.0
cf0rk3,NTA,4.0
cf0rk3,NTA,4.0
cf0rk3,YTA,4.0
cf0rk3,YTA,4.0
cf0rk3,NTA,4.0
cf0rk3,YTA,4.0
cf0rk3,YTA,4.0
cf0rk3,YTA,4.0
cf0rk3,ESH,3.0
cf0rk3,NAH,4.0
cf0rk3,NTA,4.0
cf0rk3,YTA,4.0
cf0rk3,ESH,4.0
cf0rk3,NTA,4.0
cf0rk3,NTA,4.0
cf0rk3,YTA,4.0
cf0rk3,YTA,3.0
cf0rk3,YTA,4.0
cf0rk3,YTA,4.0
cf0rk3,NTA,4.0
cf0rk3,ESH,4.0
cf0rk3,ESH,3.0
cf0rk3,YTA,4.0
cf0rk3,NTA,4.0
cf0rk3,ESH,4.0
cf0rk3,NTA,4.0
cf0rk3,YTA,4.0
cf0rk3,NTA,4.0
cf0rk3,NTA,4.0
cf0rk3,NTA,4.0
cf0rk3,NTA,4.0
cf0rk3,YTA,4.0
cf0rk3,NTA,4.0
cf0rk3,NTA,4.0
cf0rk3,NTA,4.0
cf0rk3,YTA,4.0
cf0rk3,NAH,4.0
cf0rk3,NTA,4.0
cf0rk3,NTA,4.0
cf0rk3,ESH,4.0
cf0rk3,YTA,4.0
cf0rk3,NTA,4.0
cf0rk3,NTA,4.0
cf0rk3,NTA,4.0
cf0rk3,YTA,4.0
cf0rk3,NTA,4.0
cf0rk3,NTA,4.0
chvyp2,NTA,4.0
chvyp2,ESH,3.0
chvyp2,NTA,3.0
chvyp2,ESH,4.0
chvyp2,NTA,4.0
chvyp2,ESH,4.0
chvyp2,NTA,4.0
chvyp2,ESH,3.0
chvyp2,NTA,4.0
chvyp2,ESH,3.0
chvyp2,ESH,4.0
chvyp2,ESH,2.0
chvyp2,ESH,4.0
chvyp2,ESH,4.0
chvyp2,ESH,4.0
chvyp2,YTA,4.0
chvyp2,NTA,4.0
chvyp2,NTA,4.0
chvyp2,ESH,3.0
chvyp2,YTA,3.0
chvyp2,YTA,4.0
chvyp2,NTA,4.0
chvyp2,ESH,4.0
chvyp2,NTA,4.0
chvyp2,NTA,4.0
chvyp2,NTA,4.0
chvyp2,NTA,4.0
chvyp2,NTA,4.0
chvyp2,ESH,2.0
chvyp2,ESH,3.0
chvyp2,ESH,3.0
chvyp2,NTA,4.0
chvyp2,NTA,4.0
chvyp2,ESH,3.0
chvyp2,NTA,3.0
chvyp2,ESH,4.0
chvyp2,NTA,4.0
chvyp2,ESH,4.0
chvyp2,ESH,4.0
chvyp2,NTA,2.0
chvyp2,NTA,4.0
chvyp2,ESH,3.0
chvyp2,ESH,4.0
chvyp2,NTA,4.0
chvyp2,NTA,4.0
chvyp2,ESH,4.0
chvyp2,NTA,4.0
chvyp2,ESH,3.0
chvyp2,NTA,4.0
chvyp2,NTA,4.0
chvyp2,NTA,4.0
chvyp2,ESH,3.0
chvyp2,YTA,3.0
chvyp2,ESH,3.0
chvyp2,ESH,3.0
chvyp2,NTA,4.0
chvyp2,ESH,3.0
chvyp2,ESH,3.0
chvyp2,NTA,4.0
chvyp2,NTA,4.0
chvyp2,NTA,4.0
chvyp2,NTA,4.0
chvyp2,ESH,3.0
chvyp2,NTA,4.0
chvyp2,NTA,4.0
chvyp2,YTA,4.0
chvyp2,ESH,3.0
chvyp2,ESH,3.0
chvyp2,YTA,4.0
chvyp2,NTA,4.0
chvyp2,ESH,4.0
chvyp2,NTA,4.0
chvyp2,NTA,4.0
chvyp2,ESH,3.0
chvyp2,ESH,3.0
chvyp2,NTA,4.0
chvyp2,ESH,4.0
chvyp2,YTA,4.0
chvyp2,ESH,3.0
chvyp2,NTA,4.0
chvyp2,ESH,3.0
chvyp2,NTA,4.0
chvyp2,NTA,4.0
chvyp2,NTA,4.0
chvyp2,ESH,4.0
chvyp2,YTA,4.0
chvyp2,ESH,3.0
chvyp2,ESH,4.0
chvyp2,ESH,4.0
chvyp2,ESH,3.0
chvyp2,ESH,4.0
chvyp2,NTA,4.0
chvyp2,NAH,4.0
chvyp2,NTA,4.0
chvyp2,ESH,3.0
chvyp2,ESH,4.0
chvyp2,NTA,4.0
chvyp2,YTA,4.0
chvyp2,ESH,4.0
chvyp2,ESH,4.0
chvyp2,NTA,4.0
chvyp2,NTA,4.0
chvyp2,YTA,4.0
chvyp2,ESH,3.0
chvyp2,ESH,2.0
chvyp2,ESH,4.0
chvyp2,ESH,4.0
chvyp2,ESH,3.0
chvyp2,ESH,4.0
chvyp2,NTA,4.0
chvyp2,NTA,4.0
chvyp2,ESH,4.0
chvyp2,NTA,4.0
chvyp2,NTA,4.0
chvyp2,ESH,4.0
chvyp2,NTA,4.0
chvyp2,ESH,3.0
chvyp2,ESH,3.0
chvyp2,NTA,4.0
chvyp2,NTA,4.0
chvyp2,ESH,4.0
chvyp2,NTA,4.0
chvyp2,NTA,4.0
chvyp2,NTA,4.0
chvyp2,NTA,4.0
chvyp2,NTA,4.0
chvyp2,ESH,4.0
chvyp2,NTA,4.0
chvyp2,NTA,4.0
chvyp2,NTA,4.0
chvyp2,YTA,4.0
chvyp2,NTA,4.0
chvyp2,ESH,3.0
chvyp2,YTA,4.0
chvyp2,ESH,4.0
chvyp2,YTA,3.0
chvyp2,ESH,2.0
chvyp2,ESH,4.0
chvyp2,ESH,4.0
chvyp2,NTA,4.0
chvyp2,NTA,4.0
chvyp2,ESH,4.0
chvyp2,ESH,3.0
chvyp2,NTA,4.0
chvyp2,YTA,4.0
chvyp2,NTA,4.0
chvyp2,NTA,4.0
chvyp2,ESH,3.0
chvyp2,ESH,3.0
chvyp2,NTA,4.0
chvyp2,ESH,3.0
chvyp2,NTA,4.0
chvyp2,ESH,4.0
chvyp2,NTA,4.0
chvyp2,ESH,3.0
chvyp2,NTA,4.0
chvyp2,NTA,4.0
chvyp2,ESH,4.0
chvyp2,NTA,4.0
chvyp2,NTA,3.0
chvyp2,ESH,3.0
chvyp2,ESH,3.0
chvyp2,ESH,4.0
chvyp2,YTA,4.0
chvyp2,NTA,4.0
chvyp2,NTA,4.0
chvyp2,NTA,4.0
chvyp2,ESH,3.0
chvyp2,YTA,2.0
chvyp2,NTA,4.0
chvyp2,ESH,3.0
chvyp2,ESH,3.0
chvyp2,YTA,4.0
chvyp2,ESH,3.0
chvyp2,ESH,4.0
chvyp2,ESH,4.0
chvyp2,NTA,4.0
chvyp2,ESH,4.0
chvyp2,NTA,4.0
chvyp2,ESH,3.0
chvyp2,ESH,3.0
chvyp2,NTA,4.0
chvyp2,NTA,4.0
chvyp2,NTA,4.0
chvyp2,ESH,4.0
chvyp2,NTA,4.0
chvyp2,NTA,4.0
chvyp2,ESH,3.0
chvyp2,ESH,4.0
chvyp2,ESH,3.0
chvyp2,ESH,4.0
chvyp2,NTA,4.0
chvyp2,YTA,4.0
chvyp2,NTA,4.0
chvyp2,NTA,4.0
chvyp2,ESH,2.0
chvyp2,ESH,4.0
chvyp2,ESH,4.0
chvyp2,NTA,4.0
chvyp2,NTA,4.0
chvyp2,ESH,4.0
chvyp2,NTA,4.0
chvyp2,NTA,3.0
chvyp2,NTA,4.0
chvyp2,NTA,4.0
chvyp2,ESH,3.0
chvyp2,NTA,4.0
chvyp2,NTA,4.0
chvyp2,ESH,3.0
chvyp2,ESH,3.0
chvyp2,ESH,4.0
chvyp2,NTA,4.0
chvyp2,YTA,1.0
chvyp2,ESH,4.0
chvyp2,ESH,3.0
chvyp2,YTA,4.0
chvyp2,ESH,4.0
chvyp2,ESH,3.0
chvyp2,YTA,4.0
chvyp2,ESH,2.0
chvyp2,ESH,4.0
chvyp2,NTA,4.0
chvyp2,ESH,3.0
chvyp2,NTA,4.0
chvyp2,NTA,4.0
chvyp2,ESH,4.0
chvyp2,NTA,4.0
chvyp2,ESH,4.0
chvyp2,ESH,3.0
chvyp2,YTA,4.0
chvyp2,NTA,4.0
chvyp2,NTA,4.0
chvyp2,YTA,4.0
chvyp2,ESH,3.0
chvyp2,YTA,4.0
chvyp2,NTA,4.0
chvyp2,ESH,4.0
chvyp2,NTA,4.0
chvyp2,NTA,4.0
chvyp2,ESH,3.0
chvyp2,NTA,4.0
chvyp2,ESH,3.0
chvyp2,ESH,3.0
chvyp2,NTA,4.0
chvyp2,ESH,3.0
chvyp2,ESH,4.0
chvyp2,NTA,4.0
chvyp2,NTA,4.0
chvyp2,ESH,3.0
chvyp2,ESH,3.0
chvyp2,NTA,4.0
chvyp2,ESH,4.0
chvyp2,ESH,3.0
chvyp2,ESH,3.0
chvyp2,ESH,3.0
chvyp2,NTA,4.0
chvyp2,ESH,4.0
chvyp2,ESH,4.0
chvyp2,ESH,4.0
chvyp2,ESH,3.0
chvyp2,NTA,4.0
chvyp2,ESH,3.0
chvyp2,NTA,4.0
chvyp2,YTA,4.0
chvyp2,ESH,3.0
chvyp2,NTA,4.0
chvyp2,NTA,4.0
chvyp2,ESH,3.0
chvyp2,ESH,4.0
chvyp2,NTA,4.0
chvyp2,ESH,4.0
chvyp2,NTA,4.0
chvyp2,NTA,4.0
chvyp2,NTA,4.0
chvyp2,NTA,4.0
chvyp2,ESH,3.0
chvyp2,NTA,4.0
chvyp2,ESH,3.0
chvyp2,ESH,4.0
chvyp2,ESH,2.0
chvyp2,NTA,4.0
chvyp2,NTA,4.0
chvyp2,NTA,4.0
chvyp2,ESH,3.0
chvyp2,ESH,3.0
chvyp2,YTA,4.0
chvyp2,ESH,4.0
chvyp2,YTA,4.0
chvyp2,NTA,4.0
chvyp2,ESH,4.0
chvyp2,ESH,4.0
chvyp2,ESH,4.0
chvyp2,ESH,4.0
chvyp2,ESH,4.0
chvyp2,ESH,4.0
chvyp2,NTA,4.0
chvyp2,ESH,4.0
chvyp2,YTA,4.0
chvyp2,ESH,4.0
chvyp2,NTA,4.0
chvyp2,ESH,3.0
chvyp2,YTA,1.0
chvyp2,NTA,4.0
chvyp2,NTA,4.0
chvyp2,NTA,4.0
chvyp2,NTA,4.0
chvyp2,NTA,4.0
chvyp2,YTA,4.0
chvyp2,ESH,3.0
chvyp2,NTA,4.0
chvyp2,ESH,4.0
chvyp2,ESH,3.0
chvyp2,NTA,4.0
chvyp2,ESH,4.0
chvyp2,YTA,4.0
chvyp2,NTA,4.0
chvyp2,ESH,4.0
chvyp2,NTA,4.0
chvyp2,NTA,4.0
chvyp2,YTA,4.0
chvyp2,ESH,3.0
chvyp2,NTA,4.0
chvyp2,NTA,4.0
chvyp2,ESH,4.0
chvyp2,NTA,4.0
chvyp2,NTA,4.0
chvyp2,ESH,3.0
chvyp2,NTA,4.0
chvyp2,ESH,3.0
chvyp2,NTA,4.0
chvyp2,NTA,4.0
chvyp2,ESH,3.0
chvyp2,YTA,4.0
chvyp2,YTA,4.0
chvyp2,NTA,4.0
chvyp2,ESH,4.0
chvyp2,ESH,4.0
chvyp2,ESH,3.0
chvyp2,YTA,4.0
chvyp2,NTA,4.0
chvyp2,NTA,4.0
chvyp2,ESH,4.0
chvyp2,ESH,4.0
chvyp2,YTA,4.0
chvyp2,NTA,4.0
chvyp2,NTA,4.0
chvyp2,ESH,4.0
chvyp2,YTA,4.0
chvyp2,ESH,3.0
chvyp2,NTA,4.0
chvyp2,ESH,3.0
chvyp2,ESH,4.0
chvyp2,ESH,3.0
chvyp2,ESH,3.0
chvyp2,NTA,4.0
chvyp2,NTA,4.0
chvyp2,NTA,4.0
chvyp2,ESH,2.0
chvyp2,ESH,3.0
chvyp2,NTA,4.0
chvyp2,ESH,3.0
chvyp2,ESH,3.0
chvyp2,NTA,4.0
chvyp2,ESH,3.0
chvyp2,ESH,3.0
chvyp2,ESH,4.0
chvyp2,NTA,4.0
chvyp2,YTA,4.0
chvyp2,ESH,4.0
chvyp2,NTA,4.0
chvyp2,NTA,4.0
chvyp2,ESH,3.0
chvyp2,NTA,4.0
chvyp2,YTA,4.0
chvyp2,ESH,3.0
chvyp2,ESH,3.0
chvyp2,ESH,3.0
chvyp2,NTA,4.0
chvyp2,NTA,4.0
chvyp2,NTA,4.0
chvyp2,NTA,4.0
chvyp2,NTA,4.0
chvyp2,NTA,4.0
chvyp2,NTA,3.0
chvyp2,YTA,4.0
chvyp2,NTA,4.0
chvyp2,ESH,4.0
chvyp2,NTA,4.0
chvyp2,ESH,4.0
chvyp2,YTA,4.0
chvyp2,ESH,4.0
chvyp2,ESH,3.0
chvyp2,NTA,4.0
chvyp2,NTA,4.0
chvyp2,ESH,4.0
chvyp2,ESH,4.0
chvyp2,YTA,4.0
chvyp2,ESH,4.0
chvyp2,ESH,3.0
chvyp2,ESH,4.0
chvyp2,NTA,4.0
chvyp2,ESH,4.0
chvyp2,NTA,4.0
chvyp2,NTA,4.0
chvyp2,ESH,4.0
chvyp2,NTA,4.0
chvyp2,NTA,4.0
chvyp2,ESH,3.0
chvyp2,NTA,4.0
chvyp2,NTA,4.0
chvyp2,ESH,4.0
chvyp2,NTA,4.0
chvyp2,ESH,4.0
chvyp2,NTA,4.0
chvyp2,YTA,3.0
chvyp2,YTA,4.0
chvyp2,ESH,3.0
chvyp2,ESH,4.0
chvyp2,NTA,4.0
chvyp2,NTA,4.0
chvyp2,ESH,3.0
chvyp2,ESH,3.0
chvyp2,NTA,4.0
chvyp2,ESH,3.0
chvyp2,NTA,2.0
chvyp2,YTA,4.0
chvyp2,NTA,4.0
chvyp2,ESH,4.0
chvyp2,NTA,4.0
chvyp2,YTA,4.0
chvyp2,ESH,3.0
chvyp2,ESH,3.0
chvyp2,NTA,4.0
chvyp2,ESH,4.0
chvyp2,ESH,2.0
chvyp2,NTA,4.0
chvyp2,ESH,2.0
chvyp2,ESH,4.0
chvyp2,ESH,4.0
chvyp2,NTA,4.0
chvyp2,YTA,4.0
chvyp2,NTA,4.0
chvyp2,NTA,4.0
chvyp2,NTA,4.0
chvyp2,ESH,4.0
chvyp2,NTA,4.0
chvyp2,NTA,4.0
chvyp2,NTA,4.0
chvyp2,NTA,4.0
chvyp2,NTA,4.0
chvyp2,ESH,4.0
chvyp2,ESH,4.0
chvyp2,NTA,4.0
chvyp2,NTA,3.0
chvyp2,ESH,4.0
chvyp2,NTA,4.0
chvyp2,ESH,4.0
chvyp2,ESH,4.0
chvyp2,ESH,3.0
chvyp2,ESH,3.0
chvyp2,YTA,4.0
chvyp2,NTA,4.0
chvyp2,NTA,4.0
chvyp2,ESH,4.0
chvyp2,NTA,4.0
chvyp2,ESH,3.0
chvyp2,ESH,4.0
chvyp2,NTA,4.0
chvyp2,ESH,4.0
chvyp2,NTA,4.0
chvyp2,NTA,4.0
chvyp2,ESH,1.0
chvyp2,ESH,3.0
chvyp2,ESH,3.0
chvyp2,NTA,4.0
chvyp2,NTA,4.0
chvyp2,ESH,3.0
chvyp2,NTA,4.0
chvyp2,ESH,3.0
chvyp2,YTA,4.0
chvyp2,NTA,4.0
chvyp2,NTA,4.0
chvyp2,ESH,4.0
chvyp2,NTA,4.0
chvyp2,NTA,4.0
chvyp2,NTA,4.0
chvyp2,NTA,4.0
chvyp2,NTA,4.0
chvyp2,NTA,4.0
chvyp2,NTA,4.0
chvyp2,NTA,4.0
chvyp2,NTA,4.0
chvyp2,NTA,4.0
chvyp2,NTA,4.0
chvyp2,NTA,4.0
chvyp2,NTA,4.0
chvyp2,ESH,2.0
chvyp2,ESH,3.0
chvyp2,YTA,4.0
chvyp2,YTA,4.0
chvyp2,ESH,4.0
chvyp2,NTA,4.0
chvyp2,NTA,4.0
chvyp2,ESH,2.0
chvyp2,NTA,4.0
chvyp2,ESH,4.0
chvyp2,NTA,4.0
chvyp2,NTA,4.0
chvyp2,ESH,4.0
chvyp2,NTA,4.0
chvyp2,ESH,3.0
chvyp2,ESH,3.0
chvyp2,YTA,4.0
chvyp2,NTA,4.0
chvyp2,NTA,4.0
chvyp2,ESH,4.0
chvyp2,NTA,4.0
chvyp2,ESH,4.0
chvyp2,NTA,4.0
chvyp2,NTA,4.0
chvyp2,NTA,4.0
chvyp2,ESH,4.0
chvyp2,NTA,4.0
chvyp2,ESH,2.0
chvyp2,ESH,2.0
chvyp2,ESH,4.0
chvyp2,NTA,4.0
chvyp2,ESH,4.0
chvyp2,NTA,4.0
chvyp2,NTA,4.0
chvyp2,NTA,4.0
chvyp2,NTA,4.0
chvyp2,NTA,4.0
chvyp2,ESH,1.0
chvyp2,ESH,4.0
chvyp2,NTA,4.0
chvyp2,NTA,4.0
chvyp2,NTA,4.0
chvyp2,ESH,4.0
chvyp2,NTA,4.0
chvyp2,ESH,3.0
chvyp2,YTA,4.0
chvyp2,NTA,4.0
chvyp2,NTA,4.0
chvyp2,ESH,3.0
chvyp2,NTA,4.0
chvyp2,NTA,4.0
chvyp2,YTA,4.0
chvyp2,ESH,4.0
chvyp2,ESH,3.0
chvyp2,NTA,4.0
chvyp2,NTA,4.0
chvyp2,NTA,4.0
chvyp2,NTA,4.0
chvyp2,ESH,4.0
chvyp2,ESH,3.0
chvyp2,NTA,4.0
chvyp2,NTA,4.0
chvyp2,ESH,3.0
chvyp2,NTA,4.0
chvyp2,NTA,4.0
chvyp2,NTA,4.0
chvyp2,NTA,4.0
chvyp2,NTA,4.0
chvyp2,ESH,4.0
chvyp2,YTA,4.0
chvyp2,NTA,4.0
chvyp2,ESH,4.0
chvyp2,NTA,4.0
chvyp2,NTA,4.0
chvyp2,ESH,3.0
chvyp2,ESH,4.0
chvyp2,NTA,4.0
chvyp2,NTA,4.0
chvyp2,ESH,3.0
chvyp2,NTA,4.0
chvyp2,ESH,4.0
chvyp2,ESH,3.0
chvyp2,YTA,4.0
chvyp2,NTA,4.0
chvyp2,ESH,4.0
chvyp2,NTA,4.0
chvyp2,NTA,4.0
chvyp2,ESH,1.0
chvyp2,ESH,3.0
chvyp2,NTA,4.0
chvyp2,ESH,4.0
chvyp2,NTA,4.0
chvyp2,YTA,4.0
chvyp2,NTA,4.0
chvyp2,NTA,4.0
chvyp2,NTA,4.0
chvyp2,NTA,4.0
chvyp2,ESH,4.0
chvyp2,NTA,4.0
chvyp2,YTA,4.0
chvyp2,NTA,4.0
chvyp2,ESH,4.0
chvyp2,YTA,4.0
chvyp2,NTA,4.0
chvyp2,ESH,4.0
chvyp2,NTA,4.0
chvyp2,NTA,4.0
chvyp2,ESH,3.0
chvyp2,NTA,4.0
chvyp2,NTA,4.0
chvyp2,ESH,4.0
chvyp2,YTA,4.0
chvyp2,NTA,4.0
chvyp2,NTA,4.0
chvyp2,ESH,4.0
chvyp2,ESH,4.0
chvyp2,ESH,4.0
chvyp2,ESH,4.0
chvyp2,ESH,3.0
chvyp2,YTA,4.0
chvyp2,NTA,4.0
chvyp2,NTA,4.0
chvyp2,NTA,4.0
chvyp2,NTA,4.0
chvyp2,ESH,2.0
chvyp2,ESH,4.0
chvyp2,NTA,4.0
chvyp2,ESH,3.0
chvyp2,ESH,3.0
chvyp2,NTA,4.0
chvyp2,NTA,4.0
chvyp2,NTA,4.0
chvyp2,NTA,4.0
chvyp2,ESH,3.0
chvyp2,NTA,4.0
chvyp2,ESH,3.0
chvyp2,ESH,4.0
chvyp2,NTA,4.0
chvyp2,NTA,4.0
chvyp2,YTA,4.0
chvyp2,ESH,3.0
chvyp2,ESH,4.0
chvyp2,NTA,4.0
chvyp2,NTA,4.0
chvyp2,YTA,4.0
chvyp2,YTA,4.0
chvyp2,NTA,4.0
chvyp2,NTA,4.0
chvyp2,ESH,3.0
chvyp2,ESH,3.0
chvyp2,ESH,4.0
chvyp2,YTA,3.0
chvyp2,NTA,4.0
chvyp2,ESH,4.0
chvyp2,ESH,4.0
chvyp2,ESH,4.0
chvyp2,ESH,3.0
chvyp2,NTA,4.0
chvyp2,NTA,4.0
chvyp2,NTA,4.0
chvyp2,NTA,4.0
chvyp2,NTA,4.0
chvyp2,YTA,4.0
chvyp2,NTA,2.0
chvyp2,ESH,3.0
chvyp2,ESH,4.0
chvyp2,NTA,4.0
chvyp2,ESH,3.0
chvyp2,NTA,4.0
chvyp2,NTA,4.0
chvyp2,YTA,4.0
chvyp2,NTA,4.0
chvyp2,NTA,4.0
chvyp2,ESH,3.0
chvyp2,ESH,1.0
chvyp2,NTA,4.0
chvyp2,NTA,4.0
chvyp2,NTA,4.0
chvyp2,NTA,4.0
chvyp2,NTA,4.0
chvyp2,ESH,4.0
chvyp2,NTA,4.0
chvyp2,NTA,4.0
chvyp2,NTA,4.0
chvyp2,ESH,2.0
chvyp2,NTA,4.0
chvyp2,ESH,4.0
chvyp2,NTA,4.0
chvyp2,ESH,4.0
chvyp2,ESH,3.0
chvyp2,ESH,4.0
chvyp2,YTA,4.0
chvyp2,NTA,4.0
chvyp2,ESH,3.0
chvyp2,ESH,3.0
chvyp2,NTA,4.0
chvyp2,ESH,4.0
chvyp2,NTA,4.0
chvyp2,ESH,4.0
chvyp2,ESH,3.0
chvyp2,NTA,4.0
chvyp2,ESH,4.0
chvyp2,NTA,4.0
chvyp2,ESH,3.0
chvyp2,YTA,3.0
chvyp2,NTA,4.0
chvyp2,NTA,4.0
chvyp2,YTA,4.0
chvyp2,NTA,4.0
chvyp2,ESH,4.0
chvyp2,ESH,4.0
chvyp2,YTA,4.0
chvyp2,ESH,3.0
chvyp2,ESH,4.0
chvyp2,NTA,4.0
chvyp2,ESH,3.0
chvyp2,NTA,4.0
chvyp2,ESH,3.0
chvyp2,NTA,4.0
chvyp2,NTA,4.0
chvyp2,ESH,4.0
chvyp2,ESH,4.0
chvyp2,YTA,4.0
chvyp2,ESH,4.0
chvyp2,YTA,2.0
chvyp2,NTA,4.0
chvyp2,NTA,4.0
chvyp2,ESH,3.0
chvyp2,NTA,4.0
chvyp2,NTA,4.0
chvyp2,NTA,4.0
chvyp2,ESH,4.0
chvyp2,NTA,4.0
chvyp2,YTA,4.0
chvyp2,NTA,4.0
chvyp2,NTA,4.0
chvyp2,ESH,4.0
chvyp2,NTA,4.0
chvyp2,ESH,1.0
chvyp2,NTA,4.0
chvyp2,YTA,4.0
chvyp2,NTA,4.0
chvyp2,ESH,4.0
chvyp2,ESH,3.0
chvyp2,ESH,2.0
chvyp2,ESH,4.0
chvyp2,ESH,4.0
chvyp2,NTA,4.0
chvyp2,ESH,4.0
chvyp2,YTA,4.0
chvyp2,ESH,4.0
chvyp2,NTA,4.0
chvyp2,NTA,4.0
chvyp2,NTA,4.0
chvyp2,NTA,4.0
chvyp2,YTA,4.0
chvyp2,YTA,3.0
chvyp2,ESH,2.0
chvyp2,ESH,2.0
chvyp2,ESH,3.0
chvyp2,NTA,4.0
chvyp2,ESH,4.0
chvyp2,NTA,4.0
chvyp2,YTA,4.0
chvyp2,NTA,4.0
chvyp2,ESH,3.0
chvyp2,NTA,4.0
chvyp2,NTA,4.0
chvyp2,NTA,4.0
chvyp2,ESH,3.0
chvyp2,ESH,3.0
chvyp2,YTA,4.0
chvyp2,NTA,4.0
chvyp2,NTA,4.0
chvyp2,NTA,4.0
chvyp2,NTA,4.0
chvyp2,NTA,4.0
chvyp2,YTA,4.0
chvyp2,ESH,3.0
chvyp2,NTA,4.0
chvyp2,NTA,4.0
chvyp2,ESH,2.0
chvyp2,NTA,4.0
chvyp2,NTA,4.0
chvyp2,NTA,4.0
chvyp2,ESH,3.0
chvyp2,ESH,4.0
chvyp2,NTA,4.0
chvyp2,ESH,4.0
chvyp2,YTA,4.0
chvyp2,ESH,3.0
chvyp2,NTA,4.0
chvyp2,ESH,4.0
chvyp2,ESH,1.0
chvyp2,YTA,4.0
chvyp2,NTA,4.0
chvyp2,ESH,3.0
chvyp2,ESH,4.0
chvyp2,YTA,4.0
chvyp2,ESH,4.0
chvyp2,ESH,3.0
chvyp2,NTA,4.0
chvyp2,ESH,3.0
chvyp2,NTA,4.0
chvyp2,ESH,3.0
chvyp2,NTA,4.0
chvyp2,ESH,4.0
chvyp2,NTA,4.0
chvyp2,NTA,4.0
chvyp2,NTA,4.0
chvyp2,ESH,3.0
chvyp2,NTA,4.0
chvyp2,YTA,4.0
chvyp2,NTA,4.0
chvyp2,NTA,4.0
chvyp2,NTA,4.0
chvyp2,NTA,4.0
chvyp2,NTA,4.0
chvyp2,NTA,4.0
chvyp2,ESH,2.0
chvyp2,ESH,3.0
chvyp2,YTA,4.0
chvyp2,NTA,3.0
chvyp2,ESH,2.0
chvyp2,ESH,4.0
chvyp2,ESH,4.0
chvyp2,ESH,3.0
chvyp2,NTA,4.0
chvyp2,ESH,4.0
chvyp2,NTA,4.0
chvyp2,ESH,3.0
chvyp2,YTA,4.0
chvyp2,NTA,4.0
chvyp2,NTA,4.0
chvyp2,ESH,4.0
chvyp2,NTA,4.0
chvyp2,ESH,3.0
chvyp2,NTA,4.0
chvyp2,ESH,2.0
chvyp2,NTA,4.0
chvyp2,ESH,3.0
chvyp2,NTA,4.0
chvyp2,NTA,4.0
chvyp2,ESH,4.0
chvyp2,NTA,4.0
chvyp2,NTA,4.0
chvyp2,YTA,4.0
chvyp2,NTA,4.0
chvyp2,NTA,4.0
chvyp2,NTA,4.0
chvyp2,NTA,4.0
chvyp2,ESH,3.0
chvyp2,ESH,3.0
chvyp2,NTA,4.0
chvyp2,NTA,4.0
chvyp2,ESH,4.0
chvyp2,NTA,4.0
chvyp2,NTA,4.0
chvyp2,NTA,4.0
chvyp2,ESH,3.0
chvyp2,YTA,4.0
chvyp2,NTA,4.0
chvyp2,ESH,1.0
chvyp2,NTA,4.0
chvyp2,ESH,4.0
chvyp2,NTA,4.0
chvyp2,NTA,4.0
chvyp2,NTA,4.0
chvyp2,ESH,4.0
chvyp2,NTA,4.0
chvyp2,NTA,4.0
chvyp2,NTA,4.0
chvyp2,ESH,3.0
chvyp2,ESH,3.0
chvyp2,ESH,4.0
chvyp2,ESH,4.0
chvyp2,NTA,4.0
chvyp2,ESH,2.0
chvyp2,NTA,4.0
chvyp2,YTA,4.0
chvyp2,ESH,4.0
chvyp2,NTA,4.0
chvyp2,ESH,4.0
chvyp2,ESH,4.0
chvyp2,NTA,4.0
chvyp2,NTA,4.0
chvyp2,ESH,4.0
chvyp2,ESH,3.0
chvyp2,ESH,3.0
chvyp2,NTA,4.0
chvyp2,ESH,4.0
chvyp2,YTA,4.0
chvyp2,NTA,4.0
chvyp2,ESH,3.0
chvyp2,ESH,3.0
chvyp2,YTA,4.0
chvyp2,NTA,4.0
chvyp2,ESH,3.0
chvyp2,NTA,4.0
chvyp2,NTA,4.0
chvyp2,NTA,4.0
chvyp2,NTA,4.0
chvyp2,NTA,4.0
chvyp2,NTA,4.0
chvyp2,ESH,3.0
chvyp2,NTA,4.0
chvyp2,NTA,4.0
chvyp2,ESH,4.0
chvyp2,NTA,4.0
chvyp2,NTA,4.0
chvyp2,YTA,4.0
chvyp2,NTA,4.0
chvyp2,YTA,4.0
chvyp2,YTA,3.0
chvyp2,ESH,4.0
chvyp2,NTA,4.0
chvyp2,ESH,4.0
chvyp2,NTA,4.0
chvyp2,NTA,4.0
chvyp2,ESH,3.0
chvyp2,NTA,4.0
chvyp2,ESH,4.0
chvyp2,YTA,4.0
chvyp2,ESH,1.0
chvyp2,ESH,3.0
chvyp2,NTA,4.0
chvyp2,NTA,4.0
chvyp2,YTA,4.0
chvyp2,YTA,4.0
chvyp2,ESH,4.0
chvyp2,NTA,4.0
chvyp2,NTA,4.0
chvyp2,NTA,4.0
chvyp2,ESH,4.0
chvyp2,NTA,4.0
chvyp2,NTA,4.0
chvyp2,NTA,4.0
chvyp2,NTA,4.0
chvyp2,NTA,4.0
chvyp2,NTA,4.0
chvyp2,NTA,4.0
chvyp2,YTA,4.0
chvyp2,ESH,4.0
chvyp2,NTA,4.0
chvyp2,ESH,1.0
chvyp2,ESH,4.0
chvyp2,ESH,4.0
chvyp2,NTA,4.0
chvyp2,NTA,4.0
chvyp2,NTA,4.0
chvyp2,NTA,4.0
chvyp2,NTA,4.0
chvyp2,ESH,3.0
chvyp2,YTA,4.0
chvyp2,NTA,4.0
chvyp2,ESH,4.0
chvyp2,NTA,4.0
chvyp2,NTA,4.0
chvyp2,NTA,4.0
chvyp2,NTA,4.0
chvyp2,YTA,4.0
chvyp2,NTA,4.0
chvyp2,NTA,4.0
chvyp2,NTA,4.0
chvyp2,ESH,3.0
chvyp2,ESH,4.0
chvyp2,YTA,4.0
chvyp2,NTA,3.0
chvyp2,NTA,4.0
chvyp2,NTA,4.0
chvyp2,NTA,4.0
chvyp2,NTA,4.0
chvyp2,NTA,4.0
chvyp2,YTA,4.0
chvyp2,NTA,4.0
chvyp2,YTA,4.0
chvyp2,NTA,4.0
chvyp2,NTA,4.0
chvyp2,NTA,4.0
chvyp2,ESH,3.0
chvyp2,YTA,4.0
chvyp2,NTA,4.0
chvyp2,ESH,4.0
chvyp2,NTA,4.0
chvyp2,ESH,4.0
chvyp2,ESH,3.0
chvyp2,NTA,4.0
chvyp2,ESH,3.0
chvyp2,ESH,4.0
chvyp2,ESH,4.0
chvyp2,NTA,4.0
chvyp2,YTA,3.0
chvyp2,NTA,4.0
chvyp2,ESH,3.0
chvyp2,ESH,3.0
chvyp2,NTA,4.0
chvyp2,ESH,3.0
chvyp2,NTA,4.0
chvyp2,NTA,2.0
chvyp2,NTA,3.0
chvyp2,NTA,4.0
chvyp2,ESH,3.0
chvyp2,ESH,4.0
chvyp2,NTA,4.0
chvyp2,YTA,4.0
chvyp2,ESH,4.0
chvyp2,ESH,3.0
chvyp2,YTA,4.0
chvyp2,YTA,3.0
chvyp2,YTA,4.0
chvyp2,ESH,3.0
chvyp2,ESH,3.0
chvyp2,NTA,4.0
chvyp2,ESH,3.0
chvyp2,ESH,4.0
chvyp2,ESH,2.0
chvyp2,ESH,4.0
chvyp2,ESH,4.0
chvyp2,ESH,3.0
chvyp2,ESH,3.0
chvyp2,NTA,4.0
chvyp2,ESH,3.0
chvyp2,NTA,4.0
chvyp2,ESH,3.0
chvyp2,NTA,4.0
chvyp2,ESH,3.0
chvyp2,ESH,4.0
chvyp2,ESH,3.0
chvyp2,ESH,4.0
chvyp2,YTA,3.0
chvyp2,ESH,3.0
chvyp2,ESH,3.0
chvyp2,NTA,4.0
chvyp2,NTA,4.0
chvyp2,NTA,4.0
chvyp2,ESH,4.0
chvyp2,NTA,4.0
chvyp2,ESH,4.0
chvyp2,ESH,4.0
chvyp2,ESH,4.0
chvyp2,ESH,4.0
ck8p3u,ESH,4.0
ck8p3u,ESH,4.0
ck8p3u,NTA,4.0
ck8p3u,NTA,4.0
ck8p3u,NTA,4.0
ck8p3u,YTA,3.0
ck8p3u,ESH,2.0
ck8p3u,YTA,4.0
ck8p3u,YTA,4.0
ck8p3u,ESH,2.0
ck8p3u,ESH,3.0
ck8p3u,ESH,3.0
ck8p3u,ESH,3.0
ck8p3u,ESH,2.0
ck8p3u,ESH,3.0
ck8p3u,ESH,3.0
ck8p3u,NTA,4.0
ck8p3u,ESH,2.0
ck8p3u,ESH,2.0
ck8p3u,NTA,4.0
ck8p3u,ESH,3.0
ck8p3u,ESH,3.0
ck8p3u,ESH,2.0
ck8p3u,ESH,4.0
ck8p3u,YTA,4.0
ck8p3u,ESH,2.0
ck8p3u,ESH,1.0
ck8p3u,ESH,3.0
ck8p3u,NTA,4.0
ck8p3u,ESH,2.0
ck8p3u,NTA,4.0
ck8p3u,ESH,3.0
ck8p3u,NTA,4.0
ck8p3u,ESH,3.0
ck8p3u,NTA,4.0
ck8p3u,ESH,3.0
ck8p3u,ESH,3.0
ck8p3u,ESH,3.0
ck8p3u,ESH,3.0
ck8p3u,ESH,4.0
ck8p3u,ESH,4.0
ck8p3u,ESH,3.0
ck8p3u,NAH,4.0
ck8p3u,ESH,4.0
ck8p3u,ESH,1.0
ck8p3u,NTA,4.0
ck8p3u,NTA,4.0
ck8p3u,NTA,4.0
ck8p3u,YTA,4.0
ck8p3u,ESH,3.0
ck8p3u,NTA,4.0
ck8p3u,ESH,2.0
ck8p3u,NTA,4.0
ck8p3u,NTA,4.0
ck8p3u,YTA,3.0
ck8p3u,ESH,4.0
ck8p3u,YTA,4.0
ck8p3u,NTA,4.0
ck8p3u,ESH,1.0
ck8p3u,ESH,3.0
ck8p3u,NTA,4.0
ck8p3u,NTA,4.0
ck8p3u,NTA,4.0
ck8p3u,NTA,4.0
ck8p3u,ESH,2.0
ck8p3u,NAH,4.0
ck8p3u,NTA,4.0
ck8p3u,NTA,4.0
ck8p3u,ESH,3.0
ck8p3u,ESH,3.0
ck8p3u,YTA,4.0
ck8p3u,NTA,4.0
ck8p3u,NTA,4.0
ck8p3u,YTA,4.0
ck8p3u,NTA,4.0
ck8p3u,YTA,4.0
ck8p3u,YTA,4.0
ck8p3u,NTA,4.0
ck8p3u,NTA,4.0
ck8p3u,ESH,3.0
ck8p3u,ESH,3.0
ck8p3u,YTA,2.0
ck8p3u,ESH,3.0
ck8p3u,NTA,4.0
ck8p3u,ESH,3.0
ck8p3u,NTA,4.0
ck8p3u,NTA,4.0
ck8p3u,ESH,3.0
ck8p3u,YTA,4.0
ck8p3u,NTA,4.0
ck8p3u,ESH,4.0
ck8p3u,YTA,4.0
ck8p3u,YTA,4.0
ck8p3u,NTA,4.0
ck8p3u,ESH,4.0
ck8p3u,YTA,4.0
ck8p3u,NTA,4.0
ck8p3u,ESH,2.0
ck8p3u,NTA,4.0
ck8p3u,ESH,4.0
ck8p3u,NTA,4.0
ck8p3u,ESH,3.0
ck8p3u,YTA,3.0
ck8p3u,NTA,4.0
ck8p3u,ESH,3.0
ck8p3u,ESH,2.0
ck8p3u,ESH,4.0
ck8p3u,NTA,4.0
ck8p3u,YTA,4.0
ck8p3u,NTA,3.0
ck8p3u,ESH,3.0
ck8p3u,ESH,3.0
ck8p3u,ESH,2.0
ck8p3u,NTA,4.0
ck8p3u,ESH,4.0
ck8p3u,NTA,4.0
ck8p3u,NTA,4.0
ck8p3u,NTA,4.0
ck8p3u,YTA,4.0
ck8p3u,ESH,3.0
ck8p3u,ESH,4.0
ck8p3u,NTA,4.0
ck8p3u,NTA,4.0
ck8p3u,NTA,4.0
ck8p3u,ESH,4.0
ck8p3u,YTA,4.0
ck8p3u,NTA,4.0
ck8p3u,YTA,4.0
ck8p3u,ESH,4.0
ck8p3u,ESH,2.0
ck8p3u,ESH,2.0
ck8p3u,YTA,3.0
ck8p3u,NTA,4.0
ck8p3u,ESH,3.0
ck8p3u,ESH,3.0
ck8p3u,YTA,4.0
ck8p3u,ESH,3.0
ck8p3u,ESH,3.0
ck8p3u,NTA,4.0
ck8p3u,YTA,4.0
ck8p3u,ESH,3.0
ck8p3u,YTA,4.0
ck8p3u,ESH,4.0
ck8p3u,ESH,3.0
ck8p3u,NTA,4.0
ck8p3u,NTA,4.0
ck8p3u,YTA,3.0
ck8p3u,ESH,1.0
ck8p3u,YTA,4.0
ck8p3u,NTA,4.0
ck8p3u,NTA,3.0
ck8p3u,ESH,4.0
ck8p3u,ESH,4.0
ck8p3u,NTA,4.0
ck8p3u,YTA,4.0
ck8p3u,ESH,4.0
ck8p3u,YTA,4.0
ck8p3u,NTA,4.0
ck8p3u,ESH,2.0
ck8p3u,ESH,4.0
ck8p3u,YTA,4.0
ck8p3u,NTA,4.0
ck8p3u,ESH,3.0
ck8p3u,NTA,4.0
ck8p3u,YTA,4.0
ck8p3u,NTA,4.0
ck8p3u,ESH,4.0
ck8p3u,YTA,4.0
ck8p3u,NTA,4.0
ck8p3u,NTA,4.0
ck8p3u,ESH,3.0
ck8p3u,NTA,4.0
ck8p3u,ESH,4.0
ck8p3u,NTA,4.0
ck8p3u,NTA,4.0
ck8p3u,NTA,4.0
ck8p3u,ESH,3.0
ck8p3u,NTA,4.0
ck8p3u,NTA,4.0
ck8p3u,YTA,4.0
ck8p3u,ESH,3.0
ck8p3u,ESH,4.0
ck8p3u,ESH,2.0
ck8p3u,ESH,3.0
ck8p3u,YTA,4.0
ck8p3u,ESH,4.0
ck8p3u,ESH,2.0
ck8p3u,NTA,3.0
ck8p3u,ESH,2.0
ck8p3u,ESH,3.0
ck8p3u,ESH,3.0
ck8p3u,YTA,4.0
ck8p3u,ESH,3.0
ck8p3u,NTA,4.0
ck8p3u,ESH,4.0
ck8p3u,NTA,4.0
ck8p3u,ESH,3.0
ck8p3u,NTA,4.0
ck8p3u,NTA,4.0
ck8p3u,NTA,4.0
ck8p3u,ESH,3.0
ck8p3u,ESH,3.0
ck8p3u,ESH,3.0
ck8p3u,NTA,4.0
ck8p3u,YTA,4.0
ck8p3u,NTA,4.0
ck8p3u,YTA,4.0
ck8p3u,ESH,3.0
ck8p3u,NTA,4.0
ck8p3u,ESH,1.0
ck8p3u,ESH,3.0
ck8p3u,NTA,3.0
ck8p3u,NTA,4.0
ck8p3u,ESH,4.0
ck8p3u,ESH,3.0
ck8p3u,ESH,3.0
ck8p3u,ESH,3.0
ck8p3u,ESH,4.0
ck8p3u,ESH,2.0
ck8p3u,NTA,4.0
ck8p3u,ESH,3.0
ck8p3u,NTA,4.0
ck8p3u,ESH,3.0
ck8p3u,ESH,3.0
ck8p3u,ESH,3.0
ck8p3u,YTA,4.0
ck8p3u,ESH,4.0
ck8p3u,ESH,4.0
ck8p3u,NTA,4.0
ck8p3u,YTA,4.0
ck8p3u,NTA,4.0
ck8p3u,ESH,3.0
ck8p3u,NTA,4.0
ck8p3u,ESH,3.0
ck8p3u,YTA,4.0
ck8p3u,NTA,4.0
ck8p3u,ESH,2.0
ck8p3u,ESH,3.0
ck8p3u,YTA,3.0
ck8p3u,NTA,4.0
ck8p3u,YTA,4.0
ck8p3u,YTA,4.0
ck8p3u,NTA,4.0
ck8p3u,NTA,4.0
ck8p3u,ESH,3.0
ck8p3u,ESH,3.0
ck8p3u,ESH,3.0
ck8p3u,ESH,3.0
ck8p3u,YTA,4.0
ck8p3u,NTA,4.0
ck8p3u,YTA,4.0
ck8p3u,ESH,2.0
ck8p3u,ESH,3.0
ck8p3u,ESH,4.0
ck8p3u,ESH,3.0
ck8p3u,ESH,3.0
ck8p3u,NTA,4.0
ck8p3u,ESH,3.0
ck8p3u,NTA,4.0
ck8p3u,ESH,3.0
ck8p3u,YTA,4.0
ck8p3u,ESH,3.0
ck8p3u,YTA,3.0
ck8p3u,NTA,4.0
ck8p3u,ESH,4.0
ck8p3u,ESH,4.0
ck8p3u,NTA,4.0
ck8p3u,ESH,1.0
ck8p3u,ESH,3.0
ck8p3u,NTA,4.0
ck8p3u,YTA,4.0
ck8p3u,NTA,4.0
ck8p3u,NTA,4.0
ck8p3u,ESH,3.0
ck8p3u,NTA,4.0
ck8p3u,NTA,4.0
ck8p3u,NTA,4.0
ck8p3u,YTA,3.0
ck8p3u,YTA,4.0
ck8p3u,NTA,4.0
ck8p3u,NTA,4.0
ck8p3u,ESH,3.0
ck8p3u,NTA,4.0
ck8p3u,ESH,4.0
ck8p3u,YTA,4.0
ck8p3u,ESH,3.0
ck8p3u,NTA,4.0
ck8p3u,NTA,4.0
ck8p3u,ESH,3.0
ck8p3u,ESH,2.0
ck8p3u,NTA,4.0
ck8p3u,NTA,4.0
ck8p3u,NTA,4.0
ck8p3u,YTA,4.0
ck8p3u,NTA,3.0
ck8p3u,ESH,4.0
ck8p3u,ESH,2.0
ck8p3u,ESH,4.0
ck8p3u,ESH,4.0
ck8p3u,NTA,4.0
ck8p3u,NTA,3.0
ck8p3u,NTA,4.0
ck8p3u,YTA,3.0
ck8p3u,NTA,4.0
ck8p3u,ESH,3.0
ck8p3u,NTA,4.0
ck8p3u,NTA,4.0
ck8p3u,ESH,2.0
ck8p3u,NTA,4.0
ck8p3u,YTA,3.0
ck8p3u,NTA,4.0
ck8p3u,NTA,4.0
ck8p3u,NTA,3.0
ck8p3u,ESH,3.0
ck8p3u,ESH,3.0
ck8p3u,NTA,4.0
ck8p3u,ESH,3.0
ck8p3u,ESH,1.0
ck8p3u,NTA,4.0
ck8p3u,ESH,4.0
ck8p3u,NTA,4.0
ck8p3u,ESH,3.0
ck8p3u,NTA,4.0
cn7li5,YTA,4.0
cn7li5,YTA,4.0
cn7li5,YTA,4.0
cn7li5,YTA,3.0
cn7li5,ESH,3.0
cn7li5,NTA,4.0
cn7li5,ESH,3.0
cn7li5,NTA,4.0
cn7li5,YTA,1.0
cn7li5,YTA,4.0
cn7li5,YTA,4.0
cn7li5,NTA,4.0
cn7li5,YTA,4.0
cn7li5,ESH,4.0
cn7li5,YTA,4.0
cn7li5,ESH,3.0
cn7li5,ESH,3.0
cn7li5,NTA,4.0
cn7li5,YTA,4.0
cn7li5,YTA,4.0
cn7li5,ESH,4.0
cn7li5,YTA,4.0
cn7li5,YTA,4.0
cn7li5,ESH,4.0
cn7li5,YTA,4.0
cn7li5,ESH,4.0
cn7li5,ESH,4.0
cn7li5,NTA,4.0
cn7li5,NTA,4.0
cn7li5,ESH,4.0
cn7li5,ESH,4.0
cn7li5,YTA,4.0
cn7li5,ESH,4.0
cn7li5,YTA,4.0
cn7li5,YTA,4.0
cn7li5,YTA,4.0
cn7li5,YTA,4.0
cn7li5,YTA,4.0
cn7li5,ESH,3.0
cn7li5,YTA,4.0
cn7li5,ESH,4.0
cn7li5,YTA,4.0
cn7li5,YTA,4.0
cn7li5,YTA,4.0
cn7li5,NTA,4.0
cn7li5,YTA,4.0
cn7li5,YTA,4.0
cn7li5,ESH,2.0
cn7li5,ESH,3.0
cn7li5,YTA,4.0
cn7li5,YTA,4.0
cn7li5,YTA,4.0
cn7li5,NTA,4.0
cn7li5,NTA,4.0
cn7li5,NTA,4.0
cn7li5,YTA,3.0
cn7li5,YTA,4.0
cn7li5,YTA,4.0
cn7li5,YTA,4.0
cn7li5,YTA,4.0
cn7li5,YTA,4.0
cn7li5,YTA,4.0
cn7li5,YTA,4.0
cn7li5,ESH,2.0
cn7li5,YTA,4.0
cn7li5,ESH,3.0
cn7li5,YTA,4.0
cn7li5,YTA,4.0
cn7li5,ESH,4.0
cn7li5,NTA,4.0
cn7li5,YTA,3.0
cn7li5,YTA,4.0
cn7li5,YTA,4.0
cn7li5,NTA,4.0
cn7li5,ESH,3.0
cn7li5,ESH,3.0
cn7li5,YTA,3.0
cn7li5,NTA,4.0
cn7li5,ESH,3.0
cn7li5,YTA,4.0
cn7li5,YTA,4.0
cn7li5,NTA,4.0
cn7li5,YTA,4.0
cn7li5,NTA,4.0
cn7li5,NTA,4.0
cn7li5,NTA,4.0
cn7li5,NTA,4.0
cn7li5,YTA,4.0
cn7li5,ESH,4.0
cn7li5,YTA,4.0
cn7li5,YTA,4.0
cn7li5,NTA,3.0
cn7li5,YTA,4.0
cn7li5,YTA,4.0
cn7li5,YTA,4.0
cn7li5,YTA,4.0
cn7li5,YTA,4.0
cn7li5,ESH,4.0
cn7li5,YTA,4.0
cn7li5,NTA,4.0
cn7li5,NTA,4.0
cn7li5,ESH,3.0
cn7li5,YTA,4.0
cn7li5,YTA,4.0
cn7li5,YTA,4.0
cn7li5,NTA,4.0
cn7li5,NTA,4.0
cn7li5,YTA,4.0
cn7li5,NTA,4.0
cn7li5,NTA,4.0
cn7li5,NTA,4.0
cn7li5,YTA,4.0
cn7li5,YTA,4.0
cn7li5,NTA,4.0
cn7li5,ESH,3.0
cn7li5,YTA,4.0
cn7li5,NTA,4.0
cn7li5,NTA,4.0
cn7li5,ESH,3.0
cn7li5,YTA,4.0
cn7li5,YTA,4.0
cn7li5,YTA,4.0
cn7li5,NTA,4.0
cn7li5,YTA,4.0
cn7li5,YTA,4.0
cn7li5,YTA,4.0
cn7li5,YTA,4.0
cn7li5,YTA,4.0
cn7li5,YTA,4.0
cn7li5,ESH,4.0
cn7li5,YTA,4.0
cn7li5,NTA,4.0
cn7li5,ESH,4.0
cn7li5,NTA,4.0
cn7li5,NTA,4.0
cn7li5,YTA,4.0
cn7li5,YTA,4.0
cn7li5,NTA,4.0
cn7li5,YTA,4.0
cn7li5,ESH,4.0
cn7li5,YTA,4.0
cn7li5,YTA,4.0
cn7li5,NTA,4.0
cn7li5,NTA,4.0
cn7li5,NTA,4.0
cn7li5,YTA,4.0
cn7li5,YTA,4.0
cn7li5,NTA,4.0
cn7li5,NTA,4.0
cn7li5,YTA,4.0
cn7li5,YTA,4.0
cn7li5,YTA,4.0
cn7li5,YTA,4.0
cn7li5,YTA,4.0
cn7li5,YTA,4.0
cn7li5,YTA,3.0
cn7li5,NTA,4.0
cn7li5,YTA,3.0
cn7li5,ESH,4.0
cn7li5,YTA,4.0
cn7li5,YTA,4.0
cn7li5,ESH,4.0
cn7li5,YTA,4.0
cn7li5,YTA,4.0
cn7li5,YTA,4.0
cn7li5,YTA,4.0
cn7li5,YTA,4.0
cn7li5,YTA,4.0
cn7li5,ESH,4.0
cn7li5,ESH,3.0
cn7li5,YTA,4.0
cn7li5,YTA,4.0
cn7li5,YTA,4.0
cn7li5,YTA,4.0
cn7li5,NTA,4.0
cn7li5,YTA,4.0
cn7li5,NTA,4.0
cn7li5,ESH,4.0
cn7li5,YTA,4.0
cn7li5,YTA,4.0
cn7li5,YTA,4.0
cn7li5,NTA,4.0
cn7li5,NTA,4.0
cn7li5,YTA,4.0
cn7li5,YTA,4.0
cn7li5,YTA,4.0
cn7li5,YTA,4.0
cn7li5,ESH,4.0
cn7li5,NTA,4.0
cn7li5,YTA,4.0
cn7li5,NTA,4.0
cn7li5,NTA,4.0
cn7li5,ESH,4.0
cn7li5,ESH,3.0
cn7li5,YTA,4.0
cn7li5,ESH,3.0
cn7li5,YTA,4.0
cn7li5,YTA,4.0
cn7li5,NTA,4.0
cn7li5,YTA,3.0
cn7li5,NTA,3.0
cn7li5,YTA,4.0
cn7li5,ESH,3.0
cn7li5,YTA,4.0
cn7li5,YTA,4.0
cn7li5,ESH,4.0
cn7li5,NAH,4.0
cn7li5,YTA,4.0
cn7li5,ESH,4.0
cn7li5,YTA,4.0
cn7li5,YTA,4.0
cn7li5,YTA,4.0
cn7li5,NTA,4.0
cn7li5,YTA,4.0
cn7li5,ESH,1.0
cn7li5,YTA,4.0
cn7li5,ESH,3.0
cn7li5,YTA,4.0
cn7li5,YTA,4.0
cn7li5,YTA,4.0
cn7li5,NTA,4.0
cn7li5,YTA,4.0
cn7li5,YTA,4.0
cn7li5,YTA,4.0
cn7li5,ESH,4.0
cn7li5,YTA,4.0
cn7li5,NTA,4.0
cn7li5,YTA,4.0
cn7li5,YTA,4.0
cn7li5,YTA,3.0
cn7li5,YTA,4.0
cn7li5,YTA,4.0
cn7li5,NTA,4.0
cn7li5,YTA,4.0
cn7li5,YTA,4.0
cn7li5,YTA,4.0
cn7li5,NTA,4.0
cn7li5,YTA,4.0
cn7li5,NTA,4.0
cn7li5,NTA,4.0
cn7li5,YTA,4.0
cn7li5,NTA,4.0
cn7li5,YTA,4.0
cn7li5,NTA,4.0
cn7li5,YTA,4.0
cn7li5,NTA,4.0
cn7li5,YTA,4.0
cn7li5,NTA,4.0
cn7li5,ESH,3.0
cn7li5,YTA,4.0
cn7li5,NTA,4.0
cn7li5,YTA,4.0
cn7li5,NTA,4.0
cn7li5,YTA,4.0
cn7li5,NTA,4.0
cn7li5,ESH,3.0
cn7li5,YTA,4.0
cn7li5,YTA,4.0
cn7li5,YTA,4.0
cn7li5,YTA,4.0
cn7li5,NTA,4.0
cn7li5,YTA,4.0
cn7li5,NTA,4.0
cn7li5,YTA,4.0
cn7li5,YTA,4.0
cn7li5,NTA,4.0
cn7li5,NTA,4.0
cn7li5,YTA,4.0
cn7li5,YTA,4.0
cn7li5,ESH,3.0
cn7li5,NTA,4.0
cn7li5,YTA,3.0
cn7li5,ESH,3.0
cn7li5,YTA,4.0
cn7li5,ESH,4.0
cn7li5,YTA,3.0
cn7li5,YTA,4.0
cn7li5,NTA,4.0
cn7li5,YTA,4.0
cn7li5,YTA,4.0
cn7li5,NTA,4.0
cn7li5,YTA,4.0
cn7li5,YTA,4.0
cn7li5,NTA,4.0
cn7li5,YTA,4.0
cn7li5,YTA,4.0
cn7li5,YTA,4.0
cn7li5,ESH,4.0
cn7li5,YTA,4.0
cn7li5,NTA,4.0
cn7li5,YTA,4.0
cn7li5,YTA,4.0
cn7li5,YTA,4.0
cn7li5,YTA,4.0
cn7li5,YTA,4.0
cn7li5,NTA,4.0
cn7li5,YTA,4.0
cn7li5,YTA,3.0
cn7li5,YTA,4.0
cn7li5,NTA,4.0
cn7li5,YTA,3.0
cn7li5,YTA,4.0
cn7li5,YTA,4.0
cn7li5,YTA,4.0
cn7li5,YTA,4.0
cn7li5,YTA,4.0
cn7li5,NTA,4.0
cn7li5,NTA,4.0
cn7li5,YTA,4.0
cn7li5,YTA,4.0
cn7li5,YTA,4.0
cn7li5,NTA,4.0
cn7li5,NTA,4.0
cn7li5,NTA,4.0
cn7li5,YTA,4.0
cn7li5,YTA,4.0
cn7li5,ESH,3.0
cn7li5,ESH,4.0
cn7li5,YTA,4.0
cn7li5,YTA,4.0
cn7li5,ESH,4.0
cn7li5,YTA,4.0
cn7li5,YTA,4.0
cn7li5,YTA,4.0
cn7li5,ESH,3.0
cn7li5,YTA,3.0
cn7li5,YTA,4.0
cn7li5,YTA,4.0
cn7li5,YTA,4.0
cn7li5,NTA,4.0
cn7li5,YTA,4.0
cn7li5,YTA,4.0
cn7li5,YTA,4.0
cn7li5,YTA,4.0
cn7li5,YTA,4.0
cn7li5,YTA,4.0
cn7li5,YTA,3.0
cn7li5,YTA,4.0
cn7li5,NTA,4.0
cn7li5,ESH,4.0
cn7li5,YTA,4.0
cn7li5,NTA,4.0
cn7li5,YTA,4.0
cn7li5,YTA,4.0
cn7li5,YTA,4.0
cn7li5,YTA,4.0
cn7li5,NAH,4.0
cn7li5,YTA,4.0
cn7li5,YTA,4.0
cn7li5,NTA,4.0
cn7li5,NTA,4.0
cn7li5,ESH,3.0
cn7li5,YTA,4.0
cn7li5,NTA,4.0
cn7li5,NTA,4.0
cn7li5,YTA,4.0
cn7li5,YTA,4.0
cn7li5,YTA,4.0
cn7li5,YTA,4.0
cn7li5,NTA,3.0
cn7li5,YTA,4.0
cn7li5,YTA,4.0
cn7li5,ESH,4.0
cn7li5,NTA,4.0
cn7li5,NTA,4.0
cn7li5,NTA,4.0
cn7li5,YTA,4.0
cn7li5,YTA,4.0
cn7li5,YTA,4.0
cn7li5,YTA,4.0
cn7li5,YTA,4.0
cn7li5,YTA,4.0
cn7li5,NTA,4.0
cn7li5,NTA,4.0
cn7li5,YTA,4.0
cn7li5,YTA,4.0
cn7li5,NTA,4.0
cn7li5,ESH,3.0
cn7li5,NTA,4.0
cn7li5,ESH,3.0
cn7li5,YTA,4.0
cn7li5,NTA,4.0
cn7li5,ESH,4.0
cn7li5,NTA,4.0
cn7li5,ESH,3.0
cn7li5,YTA,4.0
cn7li5,YTA,4.0
cn7li5,NTA,4.0
cn7li5,YTA,4.0
cn7li5,NTA,4.0
cn7li5,NTA,4.0
cn7li5,YTA,4.0
cn7li5,YTA,4.0
cn7li5,NTA,3.0
cn7li5,YTA,4.0
cn7li5,NTA,4.0
cn7li5,YTA,3.0
cn7li5,NTA,4.0
cn7li5,YTA,4.0
cn7li5,NTA,4.0
cn7li5,NTA,4.0
cn7li5,YTA,3.0
cn7li5,NTA,4.0
cn7li5,YTA,4.0
cn7li5,ESH,4.0
cn7li5,YTA,3.0
cn7li5,YTA,4.0
cn7li5,YTA,4.0
cn7li5,NTA,4.0
cn7li5,NTA,4.0
cn7li5,ESH,3.0
cn7li5,YTA,4.0
cn7li5,YTA,4.0
cn7li5,NTA,4.0
cn7li5,YTA,4.0
cn7li5,YTA,4.0
cn7li5,ESH,2.0
cn7li5,YTA,4.0
cn7li5,NTA,4.0
cn7li5,NTA,4.0
cn7li5,ESH,3.0
cn7li5,NTA,4.0
cn7li5,YTA,4.0
cn7li5,YTA,4.0
cn7li5,YTA,4.0
cn7li5,YTA,4.0
cn7li5,NTA,4.0
cn7li5,YTA,4.0
cn7li5,NTA,4.0
cn7li5,YTA,4.0
cn7li5,NTA,4.0
cn7li5,NTA,4.0
cn7li5,YTA,4.0
cn7li5,NTA,4.0
cn7li5,YTA,4.0
cn7li5,NTA,4.0
cn7li5,ESH,4.0
cn7li5,YTA,4.0
cn7li5,NTA,4.0
cn7li5,NTA,4.0
cn7li5,NTA,3.0
cn7li5,YTA,4.0
cn7li5,YTA,4.0
cn7li5,ESH,4.0
cn7li5,ESH,3.0
cn7li5,YTA,4.0
cn7li5,YTA,4.0
cn7li5,ESH,3.0
cn7li5,YTA,4.0
cn7li5,NTA,4.0
cn7li5,YTA,4.0
cn7li5,YTA,4.0
cn7li5,YTA,4.0
cn7li5,YTA,4.0
cn7li5,YTA,4.0
cn7li5,NAH,4.0
cn7li5,NTA,4.0
cn7li5,YTA,4.0
cn7li5,YTA,3.0
cn7li5,YTA,4.0
cn7li5,NTA,4.0
cn7li5,YTA,4.0
cn7li5,NTA,4.0
cn7li5,NTA,4.0
cn7li5,YTA,4.0
cn7li5,NTA,4.0
cn7li5,YTA,4.0
cn7li5,NTA,4.0
cn7li5,YTA,4.0
cn7li5,YTA,4.0
cn7li5,YTA,4.0
cn7li5,YTA,4.0
cn7li5,YTA,4.0
cn7li5,YTA,4.0
cn7li5,YTA,3.0
cn7li5,NTA,4.0
cn7li5,YTA,4.0
cn7li5,YTA,4.0
cn7li5,YTA,4.0
cn7li5,NTA,4.0
cn7li5,YTA,4.0
cn7li5,YTA,4.0
cn7li5,NTA,4.0
cn7li5,YTA,4.0
cn7li5,YTA,4.0
cn7li5,ESH,4.0
cn7li5,NTA,4.0
cn7li5,NTA,4.0
cn7li5,YTA,3.0
cn7li5,YTA,4.0
cn7li5,YTA,4.0
cn7li5,YTA,4.0
cn7li5,ESH,4.0
cn7li5,NTA,3.0
cn7li5,ESH,3.0
cn7li5,ESH,3.0
cn7li5,YTA,4.0
cn7li5,NTA,4.0
cn7li5,YTA,4.0
cn7li5,YTA,4.0
cn7li5,YTA,4.0
cn7li5,NTA,4.0
cn7li5,YTA,4.0
cn7li5,NTA,4.0
cn7li5,ESH,4.0
cn7li5,NTA,4.0
cn7li5,YTA,4.0
cn7li5,YTA,3.0
cn7li5,NTA,4.0
cn7li5,NTA,4.0
cn7li5,YTA,4.0
cn7li5,NTA,4.0
cn7li5,ESH,3.0
cn7li5,YTA,3.0
cn7li5,NTA,4.0
cn7li5,NTA,4.0
cn7li5,YTA,4.0
cn7li5,YTA,4.0
cn7li5,YTA,4.0
cn7li5,YTA,4.0
cn7li5,YTA,4.0
cn7li5,YTA,4.0
cn7li5,YTA,4.0
cn7li5,YTA,4.0
cn7li5,YTA,4.0
cn7li5,YTA,4.0
cn7li5,ESH,4.0
cn7li5,NTA,4.0
cn7li5,ESH,4.0
cn7li5,ESH,4.0
cn7li5,YTA,3.0
cn7li5,ESH,4.0
cn7li5,NTA,4.0
cn7li5,YTA,4.0
cn7li5,YTA,4.0
cn7li5,YTA,4.0
cn7li5,ESH,3.0
cn7li5,NTA,4.0
cn7li5,NTA,4.0
cn7li5,YTA,4.0
cn7li5,YTA,4.0
cn7li5,YTA,4.0
cn7li5,YTA,4.0
cn7li5,ESH,4.0
cn7li5,YTA,4.0
cn7li5,YTA,4.0
cn7li5,YTA,4.0
cn7li5,YTA,4.0
cn7li5,YTA,4.0
cn7li5,YTA,4.0
cn7li5,YTA,4.0
cn7li5,ESH,4.0
cn7li5,ESH,3.0
cn7li5,NTA,4.0
cn7li5,YTA,4.0
cn7li5,NTA,4.0
cn7li5,YTA,4.0
cn7li5,YTA,4.0
cn7li5,YTA,4.0
cn7li5,YTA,4.0
cn7li5,ESH,4.0
cn7li5,NTA,4.0
cn7li5,NTA,4.0
cn7li5,YTA,4.0
cn7li5,YTA,4.0
cn7li5,YTA,4.0
cn7li5,YTA,4.0
cn7li5,NTA,4.0
cn7li5,NTA,4.0
cn7li5,NTA,4.0
cn7li5,YTA,4.0
cn7li5,YTA,4.0
cn7li5,NTA,4.0
cn7li5,YTA,3.0
cn7li5,YTA,4.0
cn7li5,YTA,4.0
cn7li5,NTA,4.0
cn7li5,ESH,4.0
cn7li5,NTA,4.0
cn7li5,YTA,4.0
cn7li5,YTA,4.0
cn7li5,YTA,4.0
cn7li5,YTA,4.0
cn7li5,YTA,4.0
cn7li5,YTA,4.0
cn7li5,YTA,3.0
cn7li5,ESH,3.0
cn7li5,ESH,4.0
cn7li5,YTA,3.0
cn7li5,YTA,4.0
cn7li5,NTA,4.0
cn7li5,YTA,4.0
cn7li5,YTA,4.0
cn7li5,ESH,3.0
cn7li5,YTA,4.0
cn7li5,NTA,1.0
cn7li5,NTA,4.0
cn7li5,NTA,4.0
cn7li5,NTA,4.0
cn7li5,NTA,4.0
cn7li5,YTA,4.0
cn7li5,YTA,4.0
cn7li5,YTA,4.0
cn7li5,NTA,4.0
cn7li5,NTA,4.0
cn7li5,YTA,4.0
cn7li5,YTA,4.0
cn7li5,YTA,4.0
cn7li5,YTA,4.0
cn7li5,NTA,4.0
cn7li5,NTA,2.0
cn7li5,YTA,4.0
cn7li5,NTA,4.0
cn7li5,YTA,4.0
cn7li5,YTA,4.0
cn7li5,YTA,4.0
cn7li5,YTA,4.0
cn7li5,YTA,4.0
cn7li5,NTA,4.0
cn7li5,YTA,4.0
cn7li5,ESH,3.0
cn7li5,YTA,4.0
cn7li5,YTA,4.0
cn7li5,NTA,4.0
cn7li5,YTA,4.0
cn7li5,YTA,4.0
cn7li5,YTA,4.0
cn7li5,NTA,4.0
cn7li5,ESH,4.0
cn7li5,ESH,3.0
cn7li5,ESH,4.0
cn7li5,YTA,4.0
cn7li5,ESH,3.0
cn7li5,YTA,4.0
cn7li5,NTA,4.0
cn7li5,YTA,4.0
cn7li5,ESH,3.0
cn7li5,YTA,4.0
cn7li5,ESH,4.0
cn7li5,YTA,4.0
cn7li5,NTA,4.0
cn7li5,NTA,4.0
cn7li5,NTA,4.0
cn7li5,ESH,4.0
cn7li5,YTA,4.0
cn7li5,YTA,4.0
cn7li5,YTA,4.0
cn7li5,NTA,4.0
cn7li5,NTA,4.0
cn7li5,YTA,4.0
cn7li5,YTA,4.0
cn7li5,YTA,4.0
cn7li5,YTA,4.0
cn7li5,YTA,4.0
cn7li5,YTA,4.0
cn7li5,YTA,4.0
cn7li5,NTA,4.0
cn7li5,YTA,4.0
cn7li5,NTA,4.0
cn7li5,ESH,4.0
cn7li5,YTA,4.0
cn7li5,YTA,4.0
cn7li5,YTA,4.0
cn7li5,YTA,4.0
cn7li5,YTA,4.0
cn7li5,ESH,4.0
cn7li5,YTA,4.0
cn7li5,ESH,4.0
cn7li5,YTA,4.0
cn7li5,YTA,4.0
cn7li5,ESH,4.0
cn7li5,YTA,4.0
cn7li5,YTA,4.0
cn7li5,NTA,4.0
cn7li5,NTA,4.0
cn7li5,NTA,4.0
cn7li5,YTA,4.0
cn7li5,ESH,3.0
cn7li5,ESH,3.0
cn7li5,YTA,4.0
cn7li5,NTA,4.0
cn7li5,NTA,4.0
cn7li5,NTA,4.0
cn7li5,NTA,4.0
cn7li5,NTA,4.0
cn7li5,YTA,3.0
cn7li5,YTA,4.0
cn7li5,YTA,4.0
cn7li5,YTA,4.0
cn7li5,YTA,4.0
cn7li5,NTA,4.0
cn7li5,ESH,3.0
cn7li5,NTA,4.0
cn7li5,YTA,3.0
cn7li5,ESH,3.0
cn7li5,YTA,4.0
cn7li5,ESH,4.0
cn7li5,YTA,4.0
cn7li5,YTA,4.0
cn7li5,YTA,3.0
cn7li5,ESH,1.0
cn7li5,NTA,4.0
cn7li5,YTA,4.0
cn7li5,NTA,4.0
cn7li5,NTA,4.0
cn7li5,NTA,4.0
cn7li5,NTA,4.0
cn7li5,YTA,4.0
cn7li5,YTA,4.0
cn7li5,YTA,4.0
cn7li5,NTA,4.0
cn7li5,YTA,4.0
cn7li5,YTA,4.0
cn7li5,YTA,4.0
cn7li5,YTA,4.0
cn7li5,YTA,4.0
cn7li5,NTA,4.0
cn7li5,YTA,4.0
cn7li5,NTA,4.0
cn7li5,NTA,4.0
cn7li5,YTA,3.0
cn7li5,YTA,4.0
cn7li5,YTA,4.0
cn7li5,ESH,3.0
cn7li5,NTA,4.0
cn7li5,YTA,4.0
cn7li5,NTA,4.0
cn7li5,YTA,4.0
cn7li5,YTA,4.0
cn7li5,YTA,4.0
cn7li5,NTA,4.0
cn7li5,YTA,4.0
cn7li5,ESH,4.0
cn7li5,YTA,4.0
cn7li5,YTA,4.0
cn7li5,YTA,4.0
cn7li5,ESH,3.0
cn7li5,NTA,4.0
cn7li5,YTA,4.0
cn7li5,YTA,4.0
cn7li5,YTA,4.0
cn7li5,NTA,4.0
cn7li5,ESH,4.0
cn7li5,YTA,4.0
cn7li5,YTA,4.0
cn7li5,YTA,4.0
cn7li5,YTA,4.0
cn7li5,NTA,4.0
cn7li5,YTA,4.0
cn7li5,NAH,4.0
cn7li5,NTA,4.0
cn7li5,YTA,4.0
cn7li5,YTA,4.0
cn7li5,YTA,4.0
cn7li5,ESH,3.0
cn7li5,ESH,4.0
cn7li5,YTA,4.0
cn7li5,NTA,4.0
cn7li5,YTA,4.0
cn7li5,YTA,4.0
cn7li5,NTA,4.0
cn7li5,YTA,4.0
cn7li5,NTA,4.0
cn7li5,YTA,4.0
cn7li5,YTA,4.0
cn7li5,YTA,4.0
cn7li5,NTA,4.0
cn7li5,NTA,3.0
cn7li5,YTA,2.0
cn7li5,NTA,4.0
cn7li5,ESH,4.0
cn7li5,YTA,4.0
cn7li5,YTA,4.0
cn7li5,YTA,4.0
cn7li5,YTA,4.0
cn7li5,ESH,4.0
cn7li5,NTA,4.0
cn7li5,YTA,4.0
cn7li5,YTA,4.0
cn7li5,YTA,4.0
cn7li5,ESH,3.0
cn7li5,NTA,4.0
cn7li5,YTA,4.0
cn7li5,YTA,4.0
cn7li5,NTA,4.0
cn7li5,NTA,4.0
cn7li5,YTA,4.0
cn7li5,NTA,4.0
cn7li5,NTA,4.0
cn7li5,YTA,4.0
cn7li5,NTA,4.0
cn7li5,ESH,1.0
cn7li5,YTA,4.0
cn7li5,YTA,4.0
cn7li5,YTA,4.0
cn7li5,ESH,3.0
cn7li5,YTA,4.0
cn7li5,NTA,4.0
cn7li5,YTA,4.0
cn7li5,YTA,4.0
cn7li5,NTA,4.0
cn7li5,NTA,4.0
cn7li5,YTA,4.0
cn7li5,NTA,4.0
cn7li5,YTA,4.0
cn7li5,ESH,4.0
cn7li5,YTA,4.0
cn7li5,YTA,4.0
cn7li5,NTA,4.0
cn7li5,YTA,4.0
cn7li5,YTA,4.0
cn7li5,YTA,4.0
cn7li5,ESH,3.0
cn7li5,NTA,4.0
cn7li5,YTA,3.0
cn7li5,NTA,4.0
cn7li5,YTA,4.0
cn7li5,NTA,4.0
cn7li5,NTA,4.0
cn7li5,YTA,4.0
cn7li5,YTA,4.0
cn7li5,YTA,3.0
cn7li5,YTA,4.0
cn7li5,NTA,4.0
cn7li5,ESH,4.0
cn7li5,YTA,4.0
cn7li5,YTA,4.0
cn7li5,YTA,4.0
cn7li5,NTA,4.0
cn7li5,YTA,4.0
cn7li5,YTA,4.0
cn7li5,ESH,3.0
cn7li5,YTA,3.0
cn7li5,YTA,4.0
cn7li5,NTA,4.0
cn7li5,NTA,4.0
cn7li5,NTA,4.0
cn7li5,YTA,4.0
cn7li5,YTA,4.0
cn7li5,YTA,4.0
cn7li5,YTA,4.0
cn7li5,YTA,4.0
cn7li5,YTA,4.0
cn7li5,YTA,4.0
cn7li5,YTA,4.0
cn7li5,YTA,4.0
cn7li5,NTA,4.0
cn7li5,YTA,4.0
cn7li5,NAH,4.0
cn7li5,YTA,4.0
cn7li5,YTA,4.0
cn7li5,YTA,4.0
cn7li5,NTA,4.0
cn7li5,YTA,4.0
cn7li5,YTA,4.0
cn7li5,YTA,4.0
cn7li5,YTA,4.0
cn7li5,YTA,4.0
cn7li5,ESH,4.0
cn7li5,YTA,4.0
cn7li5,ESH,3.0
cn7li5,YTA,4.0
cn7li5,YTA,4.0
cn7li5,NTA,4.0
cn7li5,ESH,3.0
cn7li5,YTA,4.0
cn7li5,NTA,4.0
cn7li5,YTA,4.0
cn7li5,YTA,4.0
cn7li5,YTA,4.0
cn7li5,NTA,4.0
cn7li5,NTA,4.0
cn7li5,YTA,4.0
cn7li5,YTA,3.0
cn7li5,NTA,4.0
cn7li5,NTA,4.0
cn7li5,YTA,4.0
cn7li5,YTA,4.0
cn7li5,NTA,4.0
cn7li5,YTA,4.0
cn7li5,YTA,4.0
cn7li5,NTA,4.0
cn7li5,YTA,4.0
cn7li5,NAH,4.0
cn7li5,NTA,4.0
cn7li5,ESH,4.0
cn7li5,YTA,4.0
cn7li5,YTA,4.0
cn7li5,NTA,4.0
cn7li5,NTA,4.0
cn7li5,YTA,4.0
cn7li5,YTA,4.0
cn7li5,YTA,4.0
cn7li5,YTA,4.0
cn7li5,NTA,4.0
cn7li5,ESH,3.0
cn7li5,NTA,4.0
cn7li5,NTA,4.0
cn7li5,YTA,4.0
cn7li5,YTA,4.0
cn7li5,ESH,4.0
cn7li5,NTA,4.0
cn7li5,YTA,4.0
cn7li5,NTA,4.0
cn7li5,YTA,4.0
cn7li5,YTA,3.0
cn7li5,NTA,4.0
cn7li5,YTA,3.0
cn7li5,YTA,4.0
cn7li5,YTA,4.0
cn7li5,YTA,4.0
cn7li5,YTA,4.0
cn7li5,ESH,3.0
cn7li5,NTA,4.0
cn7li5,YTA,4.0
cn7li5,YTA,4.0
cn7li5,YTA,4.0
cn7li5,YTA,4.0
cn7li5,NTA,4.0
cn7li5,YTA,4.0
cn7li5,NTA,4.0
cn7li5,NTA,4.0
cn7li5,ESH,4.0
cn7li5,YTA,4.0
cn7li5,YTA,4.0
cn7li5,YTA,4.0
cn7li5,NTA,4.0
cn7li5,YTA,4.0
cn7li5,NTA,4.0
cn7li5,YTA,4.0
cn7li5,NTA,4.0
cn7li5,ESH,3.0
cn7li5,YTA,4.0
cn7li5,ESH,3.0
cn7li5,YTA,3.0
cn7li5,YTA,4.0
cn7li5,YTA,4.0
cn7li5,YTA,4.0
cn7li5,NTA,4.0
cn7li5,NTA,4.0
cn7li5,NTA,4.0
cn7li5,YTA,4.0
cn7li5,YTA,4.0
cn7li5,NTA,4.0
cn7li5,ESH,3.0
cn7li5,YTA,4.0
cn7li5,NTA,4.0
cn7li5,YTA,4.0
cn7li5,YTA,4.0
cn7li5,YTA,4.0
cn7li5,NTA,4.0
cn7li5,YTA,4.0
cn7li5,ESH,3.0
cn7li5,NTA,4.0
cn7li5,ESH,4.0
cn7li5,YTA,4.0
cn7li5,YTA,4.0
cn7li5,NTA,4.0
cn7li5,YTA,4.0
cn7li5,YTA,4.0
cn7li5,NTA,4.0
cn7li5,YTA,4.0
cn7li5,NTA,4.0
cn7li5,YTA,4.0
cn7li5,NTA,4.0
cn7li5,YTA,4.0
cn7li5,NTA,4.0
cn7li5,YTA,4.0
cn7li5,NTA,4.0
cn7li5,YTA,4.0
cn7li5,YTA,4.0
cn7li5,YTA,3.0
cn7li5,YTA,4.0
cn7li5,ESH,4.0
cn7li5,YTA,4.0
cn7li5,NTA,4.0
cn7li5,NTA,4.0
cn7li5,YTA,4.0
cn7li5,NTA,4.0
cn7li5,NTA,4.0
cn7li5,YTA,4.0
cn7li5,YTA,3.0
cn7li5,YTA,4.0
cn7li5,YTA,4.0
cn7li5,YTA,4.0
cn7li5,NTA,4.0
cn7li5,YTA,4.0
cn7li5,YTA,4.0
cn7li5,YTA,4.0
cn7li5,ESH,3.0
cn7li5,YTA,4.0
cn7li5,YTA,4.0
cn7li5,YTA,4.0
cn7li5,YTA,4.0
cn7li5,NTA,4.0
cn7li5,YTA,4.0
cn7li5,YTA,4.0
cn7li5,NTA,4.0
cn7li5,NTA,4.0
cn7li5,NTA,4.0
cn7li5,YTA,4.0
cn7li5,NTA,4.0
cn7li5,YTA,4.0
cn7li5,YTA,4.0
cn7li5,NTA,4.0
cn7li5,ESH,3.0
cn7li5,NTA,4.0
cn7li5,NTA,4.0
cn7li5,NTA,4.0
cn7li5,YTA,4.0
cn7li5,YTA,3.0
cn7li5,NTA,4.0
cn7li5,NTA,4.0
cn7li5,NTA,4.0
cn7li5,NTA,3.0
cn7li5,YTA,4.0
cn7li5,NTA,4.0
cn7li5,NTA,4.0
cn7li5,ESH,4.0
cn7li5,YTA,4.0
cn7li5,YTA,4.0
cn7li5,YTA,4.0
cn7li5,NTA,4.0
cn7li5,YTA,4.0
cn7li5,YTA,4.0
cn7li5,YTA,4.0
cn7li5,YTA,4.0
cn7li5,YTA,4.0
cn7li5,NTA,4.0
cn7li5,ESH,3.0
cn7li5,YTA,4.0
cn7li5,NTA,4.0
cn7li5,YTA,4.0
cn7li5,YTA,4.0
cn7li5,NTA,4.0
cn7li5,YTA,4.0
cn7li5,NTA,4.0
cn7li5,YTA,4.0
cn7li5,NTA,4.0
cn7li5,NTA,4.0
cn7li5,NTA,4.0
cn7li5,YTA,4.0
cn7li5,NTA,4.0
cn7li5,NTA,4.0
cn7li5,YTA,4.0
cn7li5,ESH,3.0
cn7li5,YTA,4.0
cn7li5,NTA,4.0
cn7li5,NTA,4.0
cn7li5,YTA,3.0
cn7li5,YTA,4.0
cn7li5,YTA,4.0
cn7li5,NTA,4.0
cn7li5,NTA,4.0
cn7li5,ESH,4.0
cn7li5,YTA,4.0
cn7li5,YTA,4.0
cn7li5,ESH,3.0
cn7li5,ESH,4.0
cn7li5,YTA,4.0
cn7li5,YTA,3.0
cn7li5,YTA,3.0
cn7li5,YTA,4.0
cn7li5,NTA,4.0
cn7li5,ESH,4.0
cn7li5,YTA,4.0
cn7li5,YTA,4.0
cn7li5,NTA,4.0
cn7li5,NTA,4.0
cn7li5,ESH,3.0
cn7li5,NTA,4.0
cn7li5,YTA,4.0
cn7li5,NTA,4.0
cn7li5,NTA,4.0
cn7li5,ESH,3.0
cn7li5,YTA,3.0
cn7li5,ESH,4.0
cn7li5,NTA,4.0
cn7li5,YTA,4.0
cn7li5,NTA,4.0
cn7li5,ESH,4.0
cn7li5,ESH,4.0
cn7li5,YTA,4.0
cn7li5,ESH,3.0
cn7li5,NTA,4.0
cn7li5,ESH,3.0
cn7li5,ESH,3.0
cn7li5,NAH,4.0
cn7li5,YTA,4.0
cn7li5,NTA,4.0
cn7li5,NTA,4.0
cn7li5,YTA,3.0
cn7li5,NTA,4.0
cn7li5,YTA,3.0
cn7li5,YTA,4.0
cn7li5,ESH,1.0
cn7li5,YTA,4.0
cn7li5,ESH,3.0
cn7li5,ESH,4.0
cn7li5,YTA,4.0
cn7li5,NTA,4.0
cn7li5,YTA,4.0
cn7li5,NTA,4.0
cn7li5,YTA,4.0
cn7li5,YTA,4.0
cn7li5,YTA,4.0
cn7li5,ESH,3.0
cn7li5,YTA,4.0
cn7li5,YTA,4.0
cn7li5,ESH,4.0
cn7li5,NTA,4.0
cn7li5,ESH,3.0
cn7li5,YTA,3.0
cn7li5,NTA,4.0
cn7li5,YTA,4.0
cn7li5,NTA,4.0
cn7li5,YTA,4.0
cn7li5,YTA,4.0
cn7li5,NTA,4.0
cn7li5,NAH,4.0
cn7li5,YTA,4.0
cn7li5,YTA,4.0
cn7li5,NTA,4.0
cn7li5,YTA,3.0
cn7li5,ESH,3.0
cn7li5,YTA,4.0
cn7li5,ESH,3.0
cn7li5,NTA,4.0
cn7li5,NTA,4.0
cn7li5,YTA,3.0
cn7li5,YTA,4.0
cn7li5,NTA,4.0
cn7li5,YTA,4.0
cn7li5,ESH,3.0
cn7li5,ESH,3.0
cn7li5,NTA,4.0
cn7li5,YTA,4.0
cn7li5,ESH,3.0
cn7li5,NTA,4.0
cn7li5,NTA,4.0
cn7li5,YTA,4.0
cn7li5,YTA,4.0
cn7li5,NTA,4.0
cn7li5,NTA,4.0
cn7li5,YTA,4.0
cn7li5,YTA,4.0
cn7li5,NTA,4.0
cn7li5,YTA,4.0
cn7li5,NTA,4.0
cn7li5,YTA,4.0
cn7li5,YTA,4.0
cn7li5,YTA,4.0
cn7li5,ESH,3.0
cn7li5,NTA,3.0
cn7li5,NTA,4.0
cn7li5,NTA,4.0
cn7li5,YTA,4.0
cn7li5,YTA,4.0
cn7li5,ESH,3.0
cn7li5,YTA,4.0
cn7li5,YTA,4.0
cn7li5,YTA,4.0
cn7li5,ESH,4.0
cn7li5,NTA,4.0
cn7li5,NTA,4.0
cn7li5,YTA,4.0
cn7li5,YTA,4.0
cn7li5,ESH,3.0
cn7li5,YTA,4.0
cn7li5,NTA,4.0
cn7li5,YTA,4.0
cn7li5,NTA,4.0
cn7li5,NTA,4.0
cn7li5,NTA,4.0
cn7li5,NTA,4.0
cn7li5,NTA,3.0
cn7li5,YTA,4.0
cn7li5,ESH,4.0
cn7li5,YTA,4.0
cn7li5,YTA,4.0
cn7li5,NTA,4.0
cn7li5,ESH,4.0
cn7li5,YTA,4.0
cn7li5,YTA,4.0
cn7li5,YTA,4.0
cn7li5,YTA,4.0
cn7li5,ESH,3.0
cn7li5,YTA,4.0
cn7li5,NTA,4.0
cn7li5,YTA,3.0
cn7li5,YTA,4.0
cn7li5,NTA,4.0
cn7li5,YTA,3.0
cn7li5,YTA,4.0
cn7li5,YTA,4.0
cn7li5,NTA,4.0
cn7li5,YTA,4.0
cn7li5,YTA,4.0
cn7li5,YTA,4.0
cn7li5,NTA,4.0
cn7li5,YTA,3.0
cn7li5,NTA,4.0
cn7li5,ESH,4.0
cn7li5,NTA,4.0
cn7li5,YTA,4.0
cn7li5,NTA,4.0
cn7li5,YTA,4.0
cn7li5,YTA,4.0
cn7li5,ESH,4.0
cn7li5,YTA,4.0
cn7li5,NTA,4.0
cn7li5,YTA,4.0
cn7li5,YTA,4.0
cn7li5,YTA,4.0
cn7li5,YTA,4.0
cn7li5,NTA,4.0
cn7li5,YTA,3.0
cn7li5,YTA,4.0
cn7li5,NTA,4.0
cn7li5,ESH,3.0
cn7li5,NTA,4.0
cn7li5,YTA,4.0
cn7li5,YTA,4.0
cn7li5,YTA,4.0
cn7li5,ESH,3.0
cn7li5,ESH,3.0
cn7li5,YTA,4.0
cn7li5,NTA,4.0
cn7li5,YTA,4.0
cn7li5,ESH,4.0
cn7li5,YTA,4.0
cn7li5,NTA,4.0
cn7li5,YTA,4.0
cn7li5,ESH,4.0
cn7li5,YTA,4.0
cn7li5,NTA,4.0
cn7li5,NTA,4.0
cn7li5,YTA,4.0
cn7li5,NTA,4.0
cn7li5,YTA,4.0
cn7li5,YTA,4.0
cn7li5,YTA,4.0
cn7li5,NTA,4.0
cn7li5,ESH,3.0
cn7li5,ESH,3.0
cn7li5,NTA,4.0
cn7li5,YTA,3.0
cn7li5,ESH,4.0
cn7li5,YTA,4.0
cn7li5,NTA,4.0
cn7li5,YTA,4.0
cn7li5,YTA,4.0
cn7li5,NTA,4.0
cn7li5,YTA,4.0
cn7li5,NTA,4.0
cn7li5,YTA,4.0
cn7li5,NTA,4.0
cn7li5,ESH,4.0
cn7li5,ESH,3.0
cn7li5,YTA,4.0
cn7li5,NTA,3.0
cn7li5,YTA,4.0
cn7li5,NTA,4.0
cn7li5,YTA,4.0
cn7li5,NTA,4.0
cn7li5,YTA,4.0
cn7li5,YTA,3.0
cn7li5,YTA,4.0
cn7li5,NTA,4.0
cn7li5,YTA,4.0
cn7li5,YTA,4.0
cn7li5,YTA,4.0
cn7li5,YTA,4.0
cn7li5,YTA,4.0
cn7li5,YTA,4.0
cn7li5,NTA,4.0
cn7li5,ESH,3.0
cn7li5,YTA,4.0
cn7li5,NTA,4.0
cn7li5,ESH,3.0
cn7li5,NTA,4.0
cn7li5,YTA,1.0
cn7li5,YTA,4.0
cn7li5,ESH,3.0
cn7li5,NTA,4.0
cn7li5,YTA,4.0
cn7li5,YTA,4.0
cn7li5,NTA,4.0
cn7li5,YTA,4.0
cn7li5,NTA,4.0
cn7li5,YTA,4.0
cn7li5,YTA,4.0
cn7li5,YTA,4.0
cn7li5,YTA,4.0
cn7li5,YTA,4.0
cn7li5,YTA,4.0
cn7li5,YTA,4.0
cn7li5,ESH,3.0
cn7li5,ESH,3.0
cn7li5,ESH,3.0
cn7li5,ESH,3.0
cn7li5,NTA,4.0
cn7li5,ESH,4.0
cn7li5,YTA,4.0
cn7li5,NTA,4.0
cn7li5,YTA,3.0
cn7li5,ESH,4.0
cn7li5,NTA,4.0
cn7li5,YTA,4.0
cn7li5,NTA,4.0
cn7li5,NTA,4.0
cn7li5,YTA,4.0
cn7li5,YTA,4.0
cn7li5,YTA,4.0
cn7li5,YTA,4.0
cn7li5,NTA,4.0
cn7li5,NTA,4.0
cn7li5,YTA,4.0
cn7li5,YTA,4.0
cn7li5,YTA,4.0
cn7li5,NTA,4.0
cn7li5,YTA,4.0
cn7li5,NTA,4.0
cn7li5,YTA,4.0
cn7li5,YTA,4.0
cn7li5,YTA,4.0
cn7li5,NTA,4.0
cn7li5,YTA,4.0
cn7li5,NTA,4.0
cn7li5,YTA,4.0
cn7li5,NTA,4.0
cn7li5,YTA,4.0
cn7li5,NTA,4.0
cn7li5,NTA,4.0
cn7li5,YTA,4.0
cn7li5,NTA,4.0
cn7li5,NTA,4.0
cn7li5,NTA,4.0
cn7li5,YTA,4.0
cn7li5,YTA,4.0
cn7li5,NTA,4.0
cn7li5,NAH,4.0
cn7li5,ESH,4.0
cn7li5,YTA,4.0
cn7li5,YTA,4.0
cn7li5,YTA,4.0
cn7li5,YTA,4.0
cn7li5,YTA,4.0
cn7li5,NTA,4.0
cn7li5,ESH,3.0
cn7li5,ESH,2.0
cn7li5,ESH,4.0
cn7li5,ESH,4.0
cn7li5,ESH,4.0
cn7li5,YTA,3.0
cn7li5,ESH,4.0
cn7li5,YTA,4.0
cn7li5,NTA,4.0
cn7li5,YTA,4.0
cn7li5,YTA,4.0
cn7li5,YTA,4.0
cn7li5,ESH,4.0
cn7li5,YTA,4.0
cn7li5,YTA,4.0
cn7li5,NTA,4.0
cn7li5,NTA,4.0
cn7li5,ESH,3.0
cn7li5,YTA,4.0
cn7li5,YTA,4.0
cn7li5,NTA,4.0
cn7li5,YTA,4.0
cn7li5,ESH,4.0
cn7li5,YTA,4.0
cn7li5,YTA,4.0
cn7li5,YTA,4.0
cn7li5,YTA,4.0
cn7li5,YTA,4.0
cn7li5,YTA,4.0
cn7li5,YTA,4.0
cn7li5,YTA,4.0
cn7li5,YTA,4.0
cn7li5,YTA,4.0
cn7li5,YTA,4.0
cn7li5,YTA,4.0
cn7li5,YTA,4.0
cn7li5,YTA,4.0
cn7li5,YTA,4.0
cn7li5,YTA,4.0
cn7li5,YTA,4.0
cn7li5,YTA,4.0
cn7li5,NTA,4.0
cn7li5,NTA,4.0
cn7li5,YTA,4.0
cn7li5,YTA,4.0
cn7li5,NTA,4.0
cn7li5,NTA,4.0
cn7li5,YTA,4.0
cn7li5,NTA,4.0
cn7li5,YTA,4.0
cn7li5,YTA,4.0
cn7li5,NTA,4.0
cn7li5,YTA,4.0
cn7li5,YTA,4.0
cn7li5,YTA,4.0
cn7li5,YTA,4.0
cn7li5,NTA,4.0
cn7li5,NTA,4.0
cn7li5,YTA,3.0
cn7li5,YTA,4.0
cn7li5,NTA,4.0
cn7li5,NTA,4.0
cn7li5,YTA,4.0
cn7li5,YTA,4.0
cn7li5,ESH,3.0
cn7li5,YTA,4.0
cn7li5,ESH,3.0
cn7li5,NTA,4.0
cn7li5,ESH,4.0
cn7li5,YTA,4.0
cn7li5,YTA,4.0
cn7li5,YTA,3.0
cn7li5,YTA,3.0
cn7li5,YTA,4.0
cn7li5,ESH,3.0
cn7li5,YTA,4.0
cn7li5,NAH,4.0
cn7li5,YTA,4.0
cn7li5,ESH,3.0
cn7li5,YTA,4.0
cn7li5,YTA,4.0
cn7li5,YTA,4.0
cn7li5,NTA,4.0
cn7li5,NTA,4.0
cn7li5,ESH,3.0
cn7li5,NTA,4.0
cn7li5,YTA,4.0
cn7li5,NTA,4.0
cn7li5,YTA,4.0
cn7li5,YTA,4.0
cn7li5,NTA,4.0
cn7li5,YTA,4.0
cn7li5,YTA,4.0
cn7li5,YTA,4.0
cn7li5,NTA,4.0
cn7li5,NTA,4.0
cn7li5,ESH,4.0
cn7li5,YTA,4.0
cn7li5,NTA,4.0
cn7li5,YTA,4.0
cn7li5,NTA,4.0
cn7li5,NTA,3.0
cn7li5,ESH,3.0
cn7li5,YTA,4.0
cn7li5,NTA,4.0
cn7li5,NTA,4.0
cn7li5,NTA,3.0
cn7li5,NTA,4.0
cn7li5,YTA,4.0
cn7li5,NTA,4.0
cn7li5,YTA,4.0
cn7li5,ESH,2.0
cn7li5,YTA,4.0
cn7li5,NTA,4.0
cn7li5,NTA,4.0
cn7li5,YTA,4.0
cn7li5,YTA,4.0
cn7li5,ESH,4.0
cn7li5,NTA,4.0
cn7li5,NTA,4.0
cn7li5,YTA,4.0
cn7li5,YTA,4.0
cn7li5,YTA,4.0
cn7li5,YTA,4.0
cn7li5,YTA,4.0
cn7li5,NTA,4.0
cn7li5,NTA,4.0
cn7li5,NTA,4.0
cn7li5,YTA,3.0
cn7li5,ESH,4.0
cn7li5,YTA,4.0
cn7li5,NTA,4.0
cn7li5,YTA,4.0
cn7li5,YTA,4.0
cn7li5,YTA,4.0
cn7li5,NTA,4.0
cn7li5,NTA,4.0
cn7li5,YTA,4.0
cn7li5,NTA,4.0
cn7li5,ESH,3.0
cn7li5,NTA,4.0
cn7li5,NTA,4.0
cn7li5,YTA,4.0
cn7li5,YTA,3.0
cn7li5,YTA,4.0
cn7li5,NTA,3.0
cn7li5,ESH,4.0
cn7li5,NTA,4.0
cn7li5,YTA,4.0
cn7li5,YTA,4.0
cn7li5,YTA,4.0
cn7li5,NTA,4.0
cn7li5,YTA,4.0
cn7li5,YTA,4.0
cn7li5,NTA,4.0
cn7li5,NTA,4.0
cn7li5,YTA,4.0
cn7li5,NTA,4.0
cn7li5,YTA,3.0
cn7li5,NTA,4.0
cn7li5,YTA,4.0
cn7li5,NTA,4.0
cn7li5,NTA,4.0
cn7li5,YTA,3.0
cn7li5,NTA,4.0
cn7li5,YTA,4.0
cn7li5,YTA,4.0
cn7li5,NTA,4.0
cn7li5,YTA,4.0
cn7li5,YTA,4.0
cn7li5,NTA,4.0
cn7li5,YTA,4.0
cn7li5,ESH,3.0
cn7li5,NTA,4.0
cn7li5,YTA,4.0
cn7li5,NTA,4.0
cn7li5,YTA,4.0
cn7li5,YTA,4.0
cn7li5,YTA,4.0
cn7li5,YTA,4.0
cn7li5,NTA,4.0
cn7li5,YTA,4.0
cn7li5,ESH,3.0
cn7li5,NTA,3.0
cn7li5,YTA,4.0
cn7li5,YTA,4.0
cn7li5,NTA,4.0
cn7li5,NTA,4.0
cn7li5,YTA,4.0
cn7li5,YTA,4.0
cn7li5,ESH,3.0
cn7li5,YTA,4.0
cn7li5,YTA,4.0
cn7li5,YTA,4.0
cn7li5,NTA,4.0
cn7li5,YTA,4.0
cn7li5,ESH,4.0
cn7li5,NTA,4.0
cn7li5,YTA,4.0
cn7li5,YTA,4.0
cn7li5,NTA,4.0
cn7li5,NTA,4.0
cn7li5,YTA,4.0
cn7li5,YTA,4.0
cn7li5,ESH,4.0
cn7li5,NTA,4.0
cn7li5,YTA,4.0
cn7li5,YTA,4.0
cn7li5,YTA,4.0
cn7li5,NTA,4.0
cn7li5,YTA,4.0
cn7li5,NTA,4.0
cn7li5,NTA,4.0
cn7li5,YTA,4.0
cn7li5,ESH,4.0
cn7li5,NTA,4.0
cn7li5,YTA,4.0
cn7li5,NTA,4.0
cn7li5,YTA,4.0
cn7li5,YTA,1.0
cn7li5,YTA,4.0
cn7li5,YTA,4.0
cn7li5,NTA,3.0
cn7li5,YTA,4.0
cn7li5,YTA,4.0
cn7li5,YTA,4.0
cn7li5,NTA,4.0
cn7li5,YTA,4.0
cn7li5,YTA,4.0
cn7li5,NTA,4.0
cn7li5,YTA,4.0
cn7li5,YTA,4.0
cn7li5,NTA,4.0
cn7li5,YTA,4.0
cn7li5,YTA,4.0
cn7li5,ESH,3.0
cn7li5,YTA,4.0
cn7li5,NTA,4.0
cn7li5,YTA,4.0
cn7li5,NTA,4.0
cn7li5,YTA,4.0
cn7li5,YTA,3.0
cn7li5,NTA,4.0
cn7li5,YTA,3.0
cn7li5,YTA,4.0
cn7li5,NTA,4.0
cn7li5,YTA,4.0
cn7li5,YTA,4.0
cn7li5,YTA,4.0
cn7li5,YTA,4.0
cn7li5,YTA,4.0
cn7li5,YTA,4.0
cn7li5,YTA,3.0
cn7li5,YTA,4.0
cn7li5,YTA,4.0
cn7li5,YTA,4.0
cn7li5,YTA,4.0
cn7li5,NTA,4.0
cn7li5,YTA,4.0
cn7li5,ESH,3.0
cn7li5,YTA,4.0
cn7li5,YTA,4.0
cn7li5,YTA,4.0
cn7li5,YTA,4.0
cn7li5,YTA,1.0
cn7li5,YTA,4.0
cn7li5,NTA,4.0
cn7li5,YTA,4.0
cn7li5,NTA,4.0
cn7li5,YTA,4.0
cn7li5,YTA,4.0
cn7li5,NTA,4.0
cn7li5,YTA,4.0
cn7li5,ESH,4.0
cn7li5,NTA,4.0
cn7li5,NTA,3.0
cn7li5,NTA,4.0
cn7li5,YTA,4.0
cn7li5,YTA,4.0
cn7li5,YTA,3.0
cn7li5,YTA,4.0
cn7li5,ESH,3.0
cn7li5,YTA,4.0
cn7li5,NTA,4.0
cn7li5,ESH,3.0
cn7li5,YTA,4.0
cn7li5,YTA,3.0
cn7li5,YTA,4.0
cn7li5,NTA,4.0
cn7li5,YTA,4.0
cn7li5,NTA,4.0
cn7li5,YTA,4.0
cn7li5,NTA,4.0
cn7li5,YTA,4.0
cn7li5,YTA,4.0
cn7li5,YTA,4.0
cn7li5,NTA,4.0
cn7li5,NTA,4.0
cn7li5,NTA,4.0
cn7li5,NTA,4.0
cn7li5,YTA,4.0
cn7li5,NTA,4.0
cn7li5,NTA,4.0
cn7li5,YTA,4.0
cn7li5,YTA,4.0
cn7li5,YTA,4.0
cn7li5,NTA,3.0
cn7li5,NTA,4.0
cn7li5,NTA,4.0
cn7li5,NTA,4.0
cn7li5,NTA,4.0
cn7li5,NTA,4.0
cn7li5,ESH,3.0
cn7li5,YTA,4.0
cn7li5,NTA,4.0
cn7li5,YTA,4.0
cn7li5,YTA,4.0
cn7li5,NTA,4.0
cn7li5,YTA,4.0
cn7li5,YTA,4.0
cn7li5,YTA,4.0
cn7li5,NAH,3.0
cn7li5,YTA,4.0
cn7li5,NTA,4.0
cn7li5,NTA,4.0
cn7li5,NTA,4.0
cn7li5,YTA,4.0
cn7li5,YTA,4.0
cn7li5,NTA,4.0
cn7li5,YTA,4.0
cn7li5,YTA,4.0
cn7li5,YTA,4.0
cn7li5,NTA,4.0
cn7li5,YTA,4.0
cn7li5,NTA,4.0
cn7li5,YTA,4.0
cn7li5,NTA,4.0
cn7li5,NTA,4.0
cn7li5,YTA,4.0
cn7li5,YTA,4.0
cn7li5,NTA,4.0
cn7li5,NTA,4.0
cn7li5,YTA,4.0
cn7li5,NTA,4.0
cn7li5,NTA,4.0
cn7li5,YTA,4.0
cn7li5,YTA,4.0
cn7li5,NTA,4.0
cn7li5,YTA,4.0
cn7li5,NTA,3.0
cn7li5,YTA,4.0
cn7li5,YTA,4.0
cn7li5,ESH,3.0
cn7li5,YTA,4.0
cn7li5,NTA,4.0
cn7li5,YTA,4.0
cn7li5,NTA,4.0
cn7li5,ESH,3.0
cn7li5,YTA,4.0
cn7li5,NTA,4.0
cn7li5,NTA,4.0
cn7li5,YTA,4.0
cn7li5,NTA,4.0
cn7li5,YTA,4.0
cn7li5,YTA,4.0
cn7li5,ESH,3.0
cn7li5,NTA,4.0
cn7li5,NTA,4.0
cn7li5,NTA,4.0
cn7li5,ESH,4.0
cn7li5,NTA,4.0
cn7li5,ESH,4.0
cn7li5,YTA,4.0
cn7li5,YTA,4.0
cn7li5,ESH,3.0
cn7li5,YTA,4.0
cn7li5,YTA,4.0
cn7li5,YTA,4.0
cn7li5,NTA,4.0
cn7li5,NTA,4.0
cn7li5,YTA,1.0
cn7li5,YTA,4.0
cn7li5,NTA,4.0
cn7li5,NAH,4.0
cn7li5,YTA,4.0
cn7li5,YTA,4.0
cn7li5,ESH,4.0
cn7li5,NTA,4.0
cn7li5,YTA,4.0
cn7li5,NTA,4.0
cn7li5,YTA,4.0
cn7li5,YTA,4.0
cn7li5,YTA,4.0
cn7li5,NTA,4.0
cn7li5,YTA,4.0
cn7li5,NTA,4.0
cn7li5,YTA,4.0
cn7li5,NTA,4.0
cn7li5,YTA,4.0
cn7li5,YTA,4.0
cn7li5,NTA,4.0
cn7li5,YTA,4.0
cn7li5,YTA,4.0
cn7li5,YTA,4.0
cn7li5,NTA,4.0
cn7li5,YTA,4.0
cn7li5,YTA,4.0
cn7li5,YTA,4.0
cn7li5,NTA,4.0
cn7li5,YTA,4.0
cn7li5,YTA,4.0
cn7li5,YTA,4.0
cn7li5,YTA,4.0
cn7li5,YTA,4.0
cn7li5,NTA,4.0
cn7li5,YTA,3.0
cn7li5,NTA,4.0
cn7li5,NTA,4.0
cn7li5,YTA,4.0
cn7li5,ESH,3.0
cn7li5,NTA,4.0
cn7li5,ESH,4.0
cn7li5,NTA,4.0
cn7li5,YTA,4.0
cn7li5,YTA,4.0
cn7li5,NTA,4.0
cn7li5,YTA,4.0
cn7li5,NTA,4.0
cn7li5,NTA,4.0
cn7li5,ESH,4.0
cn7li5,NAH,4.0
cn7li5,NTA,4.0
cn7li5,ESH,4.0
cn7li5,YTA,4.0
cn7li5,NTA,4.0
cn7li5,YTA,4.0
cn7li5,YTA,4.0
cn7li5,NTA,4.0
cn7li5,YTA,4.0
cn7li5,YTA,4.0
cn7li5,NTA,4.0
cn7li5,NTA,4.0
cn7li5,NTA,4.0
cn7li5,YTA,4.0
cn7li5,NTA,4.0
cn7li5,YTA,4.0
cn7li5,YTA,4.0
cn7li5,NTA,4.0
cn7li5,YTA,4.0
cn7li5,ESH,4.0
cn7li5,NTA,4.0
cn7li5,NTA,4.0
cn7li5,ESH,4.0
cn7li5,YTA,4.0
cn7li5,YTA,4.0
cn7li5,NAH,4.0
cn7li5,NTA,4.0
cn7li5,YTA,4.0
cn7li5,ESH,4.0
cn7li5,NTA,4.0
cn7li5,ESH,3.0
cn7li5,YTA,4.0
cn7li5,YTA,4.0
cn7li5,YTA,4.0
cn7li5,YTA,4.0
cn7li5,YTA,4.0
cn7li5,NTA,4.0
cn7li5,YTA,4.0
cn7li5,NTA,4.0
cn7li5,YTA,4.0
cn7li5,YTA,4.0
cn7li5,YTA,4.0
cn7li5,YTA,4.0
cn7li5,YTA,4.0
cn7li5,YTA,4.0
cn7li5,YTA,4.0
cn7li5,NAH,3.0
cn7li5,NTA,4.0
cn7li5,ESH,3.0
cn7li5,NTA,4.0
cn7li5,NTA,4.0
cn7li5,YTA,3.0
cn7li5,YTA,4.0
cn7li5,YTA,4.0
cn7li5,NTA,4.0
cn7li5,NTA,4.0
cn7li5,NTA,4.0
cn7li5,NTA,4.0
cn7li5,YTA,4.0
cn7li5,YTA,3.0
cn7li5,YTA,4.0
cn7li5,YTA,4.0
cn7li5,YTA,4.0
cn7li5,YTA,4.0
cn7li5,YTA,3.0
cn7li5,YTA,4.0
cn7li5,YTA,4.0
cn7li5,YTA,4.0
cn7li5,NTA,4.0
cn7li5,NTA,4.0
cn7li5,YTA,3.0
cn7li5,NTA,4.0
cn7li5,YTA,4.0
cn7li5,YTA,4.0
cn7li5,YTA,4.0
cn7li5,NTA,4.0
cn7li5,NTA,4.0
cn7li5,YTA,4.0
cn7li5,ESH,4.0
cn7li5,YTA,4.0
cn7li5,YTA,4.0
cn7li5,ESH,4.0
cn7li5,YTA,4.0
cn7li5,YTA,4.0
cn7li5,YTA,4.0
cn7li5,NTA,4.0
cn7li5,YTA,4.0
cn7li5,NTA,4.0
cn7li5,YTA,4.0
cn7li5,ESH,4.0
cn7li5,YTA,4.0
cn7li5,NAH,4.0
cn7li5,YTA,4.0
cn7li5,YTA,4.0
cn7li5,NTA,4.0
cn7li5,NTA,4.0
cn7li5,YTA,2.0
cn7li5,NTA,4.0
cn7li5,YTA,4.0
cn7li5,YTA,4.0
cn7li5,YTA,4.0
cn7li5,NTA,4.0
cn7li5,ESH,3.0
cn7li5,YTA,4.0
cn7li5,NTA,4.0
cn7li5,YTA,4.0
cn7li5,NTA,4.0
cn7li5,YTA,3.0
cn7li5,NTA,4.0
cn7li5,NTA,4.0
cn7li5,YTA,4.0
cn7li5,ESH,3.0
cn7li5,NTA,4.0
cn7li5,ESH,3.0
cn7li5,ESH,3.0
cn7li5,ESH,3.0
cn7li5,NTA,4.0
cn7li5,NTA,4.0
cn7li5,YTA,4.0
cn7li5,NTA,4.0
cn7li5,YTA,4.0
cn7li5,YTA,4.0
cn7li5,NTA,4.0
cn7li5,YTA,4.0
cn7li5,YTA,4.0
cn7li5,YTA,4.0
cn7li5,YTA,4.0
cn7li5,YTA,4.0
cn7li5,YTA,4.0
cn7li5,NTA,4.0
cn7li5,YTA,3.0
cn7li5,NTA,4.0
cn7li5,YTA,4.0
cn7li5,YTA,4.0
cn7li5,ESH,3.0
cn7li5,NTA,4.0
cn7li5,NTA,4.0
cn7li5,NTA,4.0
cn7li5,NTA,4.0
cn7li5,YTA,4.0
cn7li5,YTA,4.0
cn7li5,NAH,4.0
cn7li5,NTA,4.0
cn7li5,YTA,4.0
cn7li5,YTA,4.0
cn7li5,NTA,4.0
cn7li5,YTA,4.0
cn7li5,NTA,4.0
cn7li5,NTA,4.0
cn7li5,YTA,4.0
cn7li5,YTA,4.0
cn7li5,NTA,4.0
cn7li5,YTA,4.0
cn7li5,ESH,3.0
cn7li5,NTA,4.0
cn7li5,YTA,4.0
cn7li5,YTA,4.0
cn7li5,NTA,4.0
cn7li5,YTA,4.0
cn7li5,YTA,4.0
cn7li5,NTA,4.0
cn7li5,NTA,4.0
cn7li5,YTA,4.0
cn7li5,NTA,4.0
cn7li5,YTA,4.0
cn7li5,YTA,4.0
cn7li5,NTA,4.0
cn7li5,YTA,4.0
cn7li5,YTA,4.0
cn7li5,YTA,4.0
cn7li5,YTA,4.0
cn7li5,ESH,3.0
cn7li5,NTA,4.0
cn7li5,ESH,3.0
cn7li5,YTA,2.0
cn7li5,ESH,3.0
cn7li5,NTA,4.0
cn7li5,NTA,4.0
cn7li5,NTA,4.0
cn7li5,ESH,4.0
cn7li5,YTA,4.0
cn7li5,NTA,4.0
cn7li5,YTA,4.0
cn7li5,YTA,4.0
cn7li5,NTA,4.0
cn7li5,ESH,3.0
cn7li5,NTA,4.0
cn7li5,YTA,4.0
cn7li5,YTA,4.0
cn7li5,NTA,4.0
cn7li5,YTA,4.0
cn7li5,ESH,4.0
cn7li5,YTA,4.0
cn7li5,YTA,4.0
cn7li5,NTA,4.0
cn7li5,YTA,4.0
cn7li5,NTA,4.0
cn7li5,YTA,4.0
cn7li5,NTA,4.0
cn7li5,YTA,4.0
cn7li5,NTA,3.0
cn7li5,YTA,4.0
cn7li5,NTA,4.0
cn7li5,YTA,4.0
cn7li5,NTA,4.0
cn7li5,YTA,4.0
cn7li5,YTA,4.0
cn7li5,ESH,3.0
cn7li5,YTA,4.0
cn7li5,YTA,4.0
cn7li5,NTA,4.0
cn7li5,NTA,4.0
cn7li5,YTA,4.0
cn7li5,YTA,4.0
cn7li5,ESH,3.0
cn7li5,YTA,4.0
cn7li5,YTA,4.0
cn7li5,YTA,4.0
cn7li5,YTA,4.0
cn7li5,YTA,4.0
cn7li5,YTA,4.0
cn7li5,NTA,4.0
cn7li5,NTA,4.0
cn7li5,YTA,4.0
cn7li5,YTA,4.0
cn7li5,YTA,4.0
cn7li5,NTA,4.0
cn7li5,NTA,4.0
cn7li5,YTA,4.0
cn7li5,YTA,4.0
cn7li5,YTA,4.0
cn7li5,NTA,4.0
cn7li5,YTA,4.0
cn7li5,ESH,3.0
cn7li5,ESH,3.0
cn7li5,YTA,4.0
cn7li5,YTA,4.0
cn7li5,YTA,4.0
cn7li5,YTA,3.0
cn7li5,NTA,4.0
cn7li5,YTA,4.0
cn7li5,YTA,4.0
cn7li5,ESH,3.0
cn7li5,YTA,4.0
cn7li5,NTA,4.0
cn7li5,NAH,3.0
cn7li5,ESH,3.0
cn7li5,YTA,3.0
cn7li5,NTA,4.0
cn7li5,NTA,4.0
cn7li5,NTA,4.0
cn7li5,NTA,4.0
cn7li5,YTA,3.0
cn7li5,ESH,3.0
cn7li5,YTA,4.0
cn7li5,YTA,4.0
cn7li5,YTA,4.0
cn7li5,ESH,4.0
cn7li5,YTA,4.0
cn7li5,YTA,4.0
cn7li5,YTA,4.0
cn7li5,YTA,4.0
cn7li5,YTA,4.0
cn7li5,ESH,1.0
cn7li5,NTA,4.0
cn7li5,ESH,4.0
cn7li5,YTA,4.0
cn7li5,YTA,4.0
cn7li5,ESH,4.0
cn7li5,YTA,4.0
cn7li5,YTA,3.0
cn7li5,YTA,4.0
cn7li5,YTA,4.0
cn7li5,NTA,4.0
cn7li5,NTA,4.0
cn7li5,YTA,4.0
cn7li5,YTA,4.0
cn7li5,YTA,3.0
cn7li5,YTA,4.0
cn7li5,YTA,4.0
cn7li5,YTA,4.0
cn7li5,YTA,4.0
cn7li5,YTA,4.0
cn7li5,ESH,2.0
cn7li5,YTA,4.0
cn7li5,YTA,4.0
cn7li5,YTA,4.0
cn7li5,YTA,4.0
cn7li5,YTA,4.0
cn7li5,YTA,4.0
cn7li5,YTA,4.0
cn7li5,YTA,4.0
cn7li5,NTA,4.0
cn7li5,YTA,4.0
cn7li5,NTA,4.0
cn7li5,YTA,4.0
cn7li5,NTA,4.0
d8o7f9,NTA,4.0
d8o7f9,NTA,4.0
d8o7f9,NTA,4.0
d8o7f9,ESH,3.0
d8o7f9,NAH,3.0
d8o7f9,ESH,3.0
d8o7f9,NTA,4.0
d8o7f9,ESH,4.0
d8o7f9,NTA,4.0
d8o7f9,NTA,4.0
d8o7f9,NTA,4.0
d8o7f9,YTA,3.0
d8o7f9,NTA,4.0
d8o7f9,NTA,4.0
d8o7f9,YTA,3.0
d8o7f9,NTA,4.0
d8o7f9,NTA,3.0
d8o7f9,NTA,4.0
d8o7f9,NTA,4.0
d8o7f9,ESH,3.0
d8o7f9,YTA,4.0
d8o7f9,NTA,4.0
d8o7f9,YTA,4.0
d8o7f9,ESH,2.0
d8o7f9,NTA,4.0
d8o7f9,YTA,4.0
d8o7f9,YTA,4.0
d8o7f9,NTA,4.0
d8o7f9,ESH,3.0
d8o7f9,NTA,4.0
d8o7f9,NAH,3.0
d8o7f9,NTA,4.0
d8o7f9,NTA,4.0
d8o7f9,NTA,4.0
d8o7f9,YTA,3.0
d8o7f9,ESH,3.0
d8o7f9,NTA,4.0
d8o7f9,NTA,4.0
d8o7f9,ESH,4.0
d8o7f9,ESH,3.0
d8o7f9,YTA,4.0
d8o7f9,NTA,4.0
d8o7f9,NTA,4.0
d8o7f9,NTA,4.0
d8o7f9,ESH,3.0
d8o7f9,NTA,3.0
d8o7f9,YTA,3.0
d8o7f9,ESH,3.0
d8o7f9,ESH,4.0
d8o7f9,NTA,4.0
d8o7f9,NTA,4.0
d8o7f9,NTA,4.0
d8o7f9,NTA,4.0
d8o7f9,NTA,4.0
d8o7f9,ESH,3.0
d8o7f9,NTA,4.0
d8o7f9,NTA,4.0
d8o7f9,ESH,2.0
d8o7f9,NTA,4.0
d8o7f9,YTA,4.0
d8o7f9,NTA,4.0
d8o7f9,NTA,4.0
d8o7f9,NTA,4.0
d8o7f9,NTA,4.0
d8o7f9,NTA,4.0
d8o7f9,ESH,3.0
d8o7f9,NTA,4.0
d8o7f9,NTA,4.0
d8o7f9,NTA,4.0
d8o7f9,ESH,4.0
d8o7f9,NTA,4.0
d8o7f9,ESH,2.0
d8o7f9,NTA,4.0
d8o7f9,NTA,4.0
d8o7f9,NTA,4.0
d8o7f9,YTA,4.0
d8o7f9,NTA,4.0
d8o7f9,NTA,4.0
d8o7f9,NTA,4.0
d8o7f9,NTA,4.0
d8o7f9,ESH,3.0
d8o7f9,NTA,4.0
d8o7f9,NTA,4.0
d8o7f9,NTA,4.0
d8o7f9,ESH,3.0
d8o7f9,ESH,3.0
d8o7f9,NTA,4.0
d8o7f9,NTA,4.0
d8o7f9,NTA,4.0
d8o7f9,ESH,4.0
d8o7f9,ESH,4.0
d8o7f9,NTA,4.0
d8o7f9,NTA,4.0
d8o7f9,NTA,4.0
d8o7f9,NTA,4.0
d8o7f9,ESH,1.0
d8o7f9,ESH,4.0
d8o7f9,YTA,4.0
d8o7f9,NTA,4.0
d8o7f9,NTA,4.0
d8o7f9,NTA,4.0
d8o7f9,YTA,3.0
d8o7f9,ESH,3.0
d8o7f9,ESH,3.0
d8o7f9,NTA,4.0
d8o7f9,NTA,4.0
d8o7f9,NTA,4.0
d8o7f9,NTA,4.0
d8o7f9,NTA,4.0
d8o7f9,NTA,4.0
d8o7f9,NTA,4.0
d8o7f9,NTA,4.0
d8o7f9,NTA,4.0
d8o7f9,NTA,4.0
d8o7f9,NTA,4.0
d8o7f9,NTA,4.0
d8o7f9,ESH,2.0
d8o7f9,ESH,4.0
d8o7f9,NTA,3.0
d8o7f9,NTA,4.0
d8o7f9,NTA,4.0
d8o7f9,NTA,4.0
d8o7f9,YTA,2.0
d8o7f9,ESH,3.0
d8o7f9,NTA,4.0
d8o7f9,NTA,4.0
d8o7f9,YTA,4.0
d8o7f9,ESH,4.0
d8o7f9,NTA,4.0
d8o7f9,NTA,4.0
d8o7f9,NTA,4.0
d8o7f9,ESH,1.0
d8o7f9,NTA,4.0
d8o7f9,NTA,4.0
d8o7f9,NTA,4.0
d8o7f9,NTA,4.0
d8o7f9,ESH,2.0
d8o7f9,NTA,4.0
d8o7f9,NAH,3.0
d8o7f9,ESH,3.0
d8o7f9,NTA,4.0
d8o7f9,ESH,3.0
d8o7f9,YTA,3.0
d8o7f9,ESH,4.0
d8o7f9,NTA,4.0
d8o7f9,NTA,4.0
d8o7f9,YTA,4.0
d8o7f9,ESH,3.0
d8o7f9,NTA,4.0
d8o7f9,YTA,4.0
d8o7f9,ESH,3.0
d8o7f9,YTA,4.0
d8o7f9,ESH,4.0
d8o7f9,NTA,4.0
d8o7f9,ESH,3.0
d8o7f9,NTA,4.0
d8o7f9,NTA,4.0
d8o7f9,NTA,4.0
d8o7f9,ESH,4.0
d8o7f9,NTA,3.0
d8o7f9,YTA,3.0
d8o7f9,YTA,3.0
d8o7f9,NTA,4.0
d8o7f9,ESH,4.0
d8o7f9,NTA,4.0
d8o7f9,NTA,4.0
d8o7f9,NTA,4.0
d8o7f9,YTA,4.0
d8o7f9,YTA,4.0
d8o7f9,NTA,4.0
d8o7f9,YTA,4.0
d8o7f9,YTA,4.0
d8o7f9,NTA,4.0
d8o7f9,YTA,4.0
d8o7f9,NTA,4.0
d8o7f9,ESH,2.0
d8o7f9,ESH,3.0
d8o7f9,NTA,4.0
d8o7f9,YTA,3.0
d8o7f9,NTA,3.0
d8o7f9,NTA,4.0
d8o7f9,ESH,4.0
d8o7f9,ESH,3.0
d8o7f9,ESH,2.0
d8o7f9,NTA,4.0
d8o7f9,NTA,4.0
d8o7f9,NTA,4.0
d8o7f9,NTA,4.0
d8o7f9,NTA,4.0
d8o7f9,NTA,4.0
d8o7f9,NTA,2.0
d8o7f9,ESH,3.0
d8o7f9,NTA,4.0
d8o7f9,NTA,4.0
d8o7f9,NTA,4.0
d8o7f9,ESH,3.0
d8o7f9,NTA,4.0
d8o7f9,NTA,4.0
d8o7f9,NTA,4.0
d8o7f9,NTA,4.0
d8o7f9,NTA,4.0
d8o7f9,ESH,3.0
d8o7f9,NTA,4.0
d8o7f9,NTA,4.0
d8o7f9,NTA,4.0
d8o7f9,ESH,3.0
d8o7f9,YTA,4.0
d8o7f9,YTA,1.0
d8o7f9,ESH,3.0
d8o7f9,NTA,3.0
d8o7f9,NTA,4.0
d8o7f9,NTA,4.0
d8o7f9,NTA,4.0
d8o7f9,NAH,3.0
d8o7f9,NTA,4.0
d8o7f9,NAH,1.0
d8o7f9,NTA,4.0
d8o7f9,NTA,4.0
d8o7f9,NTA,4.0
d8o7f9,NTA,4.0
d8o7f9,NTA,4.0
d8o7f9,NTA,3.0
d8o7f9,NTA,4.0
d8o7f9,NTA,4.0
d8o7f9,NTA,4.0
d8o7f9,NTA,4.0
d8o7f9,ESH,4.0
d8o7f9,YTA,3.0
d8o7f9,ESH,3.0
d8o7f9,ESH,2.0
d8o7f9,NTA,4.0
d8o7f9,NTA,4.0
d8o7f9,NTA,4.0
d8o7f9,NTA,4.0
d8o7f9,YTA,3.0
d8o7f9,YTA,4.0
d8o7f9,YTA,4.0
d8o7f9,YTA,4.0
d8o7f9,ESH,1.0
d8o7f9,NTA,4.0
d8o7f9,NTA,3.0
d8o7f9,ESH,3.0
d8o7f9,NTA,4.0
d8o7f9,NTA,4.0
d8o7f9,NTA,4.0
d8o7f9,NTA,4.0
d8o7f9,ESH,3.0
d8o7f9,NTA,4.0
d8o7f9,NTA,4.0
d8o7f9,NTA,4.0
d8o7f9,NTA,4.0
d8o7f9,NTA,4.0
d8o7f9,NTA,4.0
d8o7f9,NAH,4.0
d8o7f9,ESH,4.0
d8o7f9,NTA,4.0
d8o7f9,NTA,4.0
d8o7f9,NTA,4.0
d8o7f9,NTA,4.0
d8o7f9,NTA,4.0
d8o7f9,NTA,4.0
d8o7f9,NTA,4.0
d8o7f9,NTA,4.0
d8o7f9,ESH,3.0
d8o7f9,NTA,4.0
d8o7f9,NTA,4.0
d8o7f9,NTA,4.0
d8o7f9,ESH,4.0
d8o7f9,NTA,4.0
d8o7f9,NAH,3.0
d8o7f9,NTA,4.0
d8o7f9,NTA,4.0
d8o7f9,NTA,4.0
d8o7f9,ESH,3.0
d8o7f9,NTA,4.0
d8o7f9,NTA,4.0
d8o7f9,NTA,4.0
d8o7f9,ESH,4.0
d8o7f9,NTA,4.0
d8o7f9,NTA,3.0
d8o7f9,YTA,4.0
d8o7f9,NTA,4.0
d8o7f9,NTA,4.0
d8o7f9,NTA,4.0
d8o7f9,NTA,4.0
d8o7f9,NTA,4.0
d8o7f9,ESH,3.0
d8o7f9,NTA,4.0
d8o7f9,ESH,3.0
d8o7f9,YTA,4.0
d8o7f9,NTA,3.0
d8o7f9,ESH,4.0
d8o7f9,NTA,4.0
d8o7f9,NTA,4.0
d8o7f9,ESH,4.0
d8o7f9,YTA,4.0
d8o7f9,NTA,4.0
d8o7f9,NTA,4.0
d8o7f9,NTA,4.0
d8o7f9,NTA,4.0
d8o7f9,NTA,4.0
d8o7f9,NTA,4.0
d8o7f9,NTA,4.0
d8o7f9,NTA,4.0
d8o7f9,ESH,3.0
d8o7f9,NTA,4.0
d8o7f9,NTA,4.0
d8o7f9,NTA,4.0
d8o7f9,NTA,4.0
d8o7f9,NTA,4.0
d8o7f9,NTA,4.0
d8o7f9,NTA,4.0
d8o7f9,NTA,4.0
d8o7f9,NTA,4.0
d8o7f9,ESH,3.0
d8o7f9,ESH,4.0
d8o7f9,NTA,4.0
d8o7f9,NTA,4.0
d8o7f9,NTA,4.0
d8o7f9,ESH,3.0
d8o7f9,YTA,4.0
d8o7f9,YTA,4.0
d8o7f9,YTA,4.0
d8o7f9,NTA,4.0
d8o7f9,NTA,4.0
d8o7f9,NTA,4.0
d8o7f9,NAH,3.0
d8o7f9,NTA,4.0
d8o7f9,ESH,4.0
d8o7f9,NTA,4.0
d8o7f9,NTA,3.0
d8o7f9,NTA,4.0
d8o7f9,YTA,4.0
d8o7f9,NTA,3.0
d8o7f9,NTA,4.0
d8o7f9,ESH,4.0
d8o7f9,NTA,4.0
d8o7f9,NTA,4.0
d8o7f9,NTA,4.0
d8o7f9,NAH,3.0
d8o7f9,NAH,4.0
d8o7f9,ESH,4.0
d8o7f9,ESH,4.0
d8o7f9,NTA,4.0
d8o7f9,YTA,4.0
d8o7f9,NTA,4.0
d8o7f9,NTA,3.0
d8o7f9,NTA,3.0
d8o7f9,NTA,4.0
d8o7f9,YTA,4.0
d8o7f9,YTA,4.0
d8o7f9,NTA,4.0
d8o7f9,NTA,4.0
d8o7f9,NTA,4.0
d8o7f9,ESH,4.0
d8o7f9,YTA,4.0
d8o7f9,NTA,4.0
d8o7f9,NTA,4.0
d8o7f9,NTA,4.0
d8o7f9,NTA,4.0
d8o7f9,NTA,4.0
d8o7f9,NTA,4.0
d8o7f9,ESH,3.0
d8o7f9,ESH,3.0
d8o7f9,ESH,3.0
d8o7f9,YTA,4.0
d8o7f9,NTA,4.0
d8o7f9,ESH,3.0
d8o7f9,NTA,4.0
d8o7f9,ESH,3.0
d8o7f9,NTA,4.0
d8o7f9,NTA,4.0
d8o7f9,NTA,4.0
d8o7f9,ESH,2.0
d8o7f9,NTA,4.0
d8o7f9,NTA,4.0
d8o7f9,NTA,4.0
d8o7f9,NTA,4.0
d8o7f9,ESH,3.0
d8o7f9,ESH,4.0
d8o7f9,ESH,4.0
d8o7f9,NTA,4.0
d8o7f9,NTA,1.0
d8o7f9,ESH,3.0
d8o7f9,ESH,4.0
d8o7f9,NTA,4.0
d8o7f9,ESH,4.0
d8o7f9,ESH,2.0
d8o7f9,NTA,4.0
d8o7f9,NTA,4.0
d8o7f9,NAH,3.0
d8o7f9,ESH,4.0
d8o7f9,NTA,4.0
d8o7f9,NTA,4.0
d8o7f9,NTA,3.0
d8o7f9,NTA,4.0
d8o7f9,NTA,4.0
d8o7f9,NAH,4.0
d8o7f9,NTA,4.0
d8o7f9,ESH,3.0
d8o7f9,NTA,4.0
d8o7f9,YTA,4.0
d8o7f9,ESH,4.0
d8o7f9,NTA,4.0
d8o7f9,NTA,4.0
d8o7f9,YTA,4.0
d8o7f9,NTA,4.0
d8o7f9,NTA,4.0
d8o7f9,ESH,3.0
d8o7f9,NTA,4.0
d8o7f9,NTA,4.0
d8o7f9,NTA,4.0
d8o7f9,NTA,4.0
d8o7f9,NAH,3.0
d8o7f9,NTA,4.0
d8o7f9,NTA,4.0
d8o7f9,NTA,4.0
d8o7f9,NTA,4.0
d8o7f9,ESH,3.0
d8o7f9,ESH,1.0
d8o7f9,YTA,4.0
d8o7f9,NTA,3.0
d8o7f9,YTA,4.0
d8o7f9,ESH,3.0
d8o7f9,NTA,4.0
d8o7f9,YTA,3.0
d8o7f9,NTA,4.0
d8o7f9,ESH,3.0
d8o7f9,NTA,3.0
d8o7f9,ESH,3.0
d8o7f9,NTA,4.0
d8o7f9,NTA,4.0
d8o7f9,NAH,1.0
d8o7f9,YTA,3.0
d8o7f9,NTA,4.0
d8o7f9,NTA,3.0
d8o7f9,YTA,3.0
d8o7f9,NTA,4.0
d8o7f9,NTA,3.0
d8o7f9,NTA,4.0
d8o7f9,NTA,4.0
d8o7f9,NTA,4.0
d8o7f9,NTA,4.0
d8o7f9,ESH,4.0
d8o7f9,NTA,4.0
d8o7f9,NTA,4.0
d8o7f9,NTA,4.0
d8o7f9,YTA,4.0
d8o7f9,NTA,4.0
d8o7f9,NAH,4.0
d8o7f9,NTA,3.0
d8o7f9,NTA,4.0
d8o7f9,NTA,4.0
d8o7f9,NTA,4.0
d8o7f9,NTA,4.0
d8o7f9,NTA,4.0
d8o7f9,NTA,4.0
d8o7f9,NTA,4.0
d8o7f9,NTA,4.0
d8o7f9,ESH,3.0
d8o7f9,NTA,4.0
d8o7f9,NTA,4.0
d8o7f9,YTA,4.0
d8o7f9,NTA,4.0
d8o7f9,ESH,3.0
d8o7f9,NTA,4.0
d8o7f9,NTA,4.0
d8o7f9,NTA,4.0
d8o7f9,ESH,3.0
d8o7f9,NTA,4.0
d8o7f9,NAH,3.0
d8o7f9,NTA,4.0
d8o7f9,ESH,2.0
d8o7f9,NTA,4.0
d8o7f9,ESH,2.0
d8o7f9,NTA,4.0
d8o7f9,NTA,4.0
d8o7f9,NTA,4.0
d8o7f9,YTA,3.0
d8o7f9,NTA,4.0
d8o7f9,NAH,3.0
d8o7f9,ESH,4.0
d8o7f9,NTA,4.0
d8o7f9,NTA,4.0
d8o7f9,ESH,2.0
d8o7f9,NTA,4.0
d8o7f9,NTA,4.0
d8o7f9,NTA,4.0
d8o7f9,NTA,4.0
d8o7f9,NAH,4.0
d8o7f9,YTA,4.0
d8o7f9,NTA,4.0
d8o7f9,NTA,4.0
d8o7f9,NTA,4.0
d8o7f9,NTA,4.0
d8o7f9,ESH,2.0
d8o7f9,NTA,4.0
d8o7f9,NTA,4.0
d8o7f9,NTA,4.0
d8o7f9,NTA,4.0
d8o7f9,NTA,4.0
d8o7f9,NTA,4.0
d8o7f9,NTA,4.0
d8o7f9,NTA,4.0
d8o7f9,NTA,4.0
d8o7f9,NTA,4.0
d8o7f9,NTA,4.0
d8o7f9,NTA,4.0
d8o7f9,NTA,4.0
d8o7f9,NTA,4.0
d8o7f9,NTA,3.0
d8o7f9,ESH,3.0
d8o7f9,NTA,4.0
d8o7f9,NTA,4.0
d8o7f9,NTA,4.0
d8o7f9,ESH,3.0
d8o7f9,NTA,3.0
d8o7f9,NTA,4.0
d8o7f9,NTA,4.0
d8o7f9,NTA,4.0
d8o7f9,NTA,4.0
d8o7f9,NTA,4.0
d8o7f9,NTA,4.0
d8o7f9,NTA,4.0
d8o7f9,NTA,3.0
d8o7f9,YTA,4.0
d8o7f9,ESH,4.0
d8o7f9,NTA,4.0
d8o7f9,NTA,4.0
d8o7f9,NTA,4.0
d8o7f9,NAH,4.0
d8o7f9,NTA,4.0
d8o7f9,NTA,4.0
d8o7f9,NAH,3.0
d8o7f9,NTA,4.0
d8o7f9,NTA,4.0
d8o7f9,YTA,4.0
d8o7f9,NTA,4.0
d8o7f9,NTA,4.0
d8o7f9,NTA,4.0
d8o7f9,YTA,4.0
d8o7f9,NTA,3.0
d8o7f9,YTA,4.0
d8o7f9,ESH,3.0
d8o7f9,NTA,4.0
d8o7f9,NTA,4.0
d8o7f9,NTA,4.0
d8o7f9,ESH,3.0
d8o7f9,NTA,4.0
d8o7f9,NTA,4.0
d8o7f9,ESH,3.0
d8o7f9,NTA,4.0
d8o7f9,NTA,4.0
d8o7f9,NTA,4.0
d8o7f9,NTA,4.0
d8o7f9,NTA,4.0
d8o7f9,YTA,3.0
d8o7f9,NTA,4.0
d8o7f9,NTA,4.0
d8o7f9,NTA,4.0
d8o7f9,NTA,3.0
d8o7f9,NTA,4.0
d8o7f9,NTA,4.0
d8o7f9,NTA,4.0
d8o7f9,ESH,3.0
d8o7f9,NAH,3.0
d8o7f9,ESH,4.0
d8o7f9,NTA,4.0
d8o7f9,YTA,4.0
d8o7f9,YTA,4.0
d8o7f9,NTA,4.0
d8o7f9,NTA,4.0
d8o7f9,NTA,4.0
d8o7f9,NTA,4.0
d8o7f9,NAH,1.0
d8o7f9,NTA,4.0
d8o7f9,NTA,4.0
d8o7f9,NTA,4.0
d8o7f9,NTA,2.0
d8o7f9,NTA,4.0
d8o7f9,NTA,4.0
d8o7f9,NTA,4.0
d8o7f9,NTA,4.0
d8o7f9,ESH,3.0
d8o7f9,YTA,4.0
d8o7f9,NTA,4.0
d8o7f9,YTA,3.0
d8o7f9,ESH,3.0
d8o7f9,YTA,4.0
d8o7f9,NTA,3.0
d8o7f9,NTA,4.0
d8o7f9,NTA,4.0
d8o7f9,NTA,4.0
d8o7f9,NTA,4.0
d8o7f9,ESH,3.0
d8o7f9,NTA,4.0
d8o7f9,NTA,4.0
d8o7f9,NTA,4.0
d8o7f9,NTA,4.0
d8o7f9,NTA,4.0
d8o7f9,NTA,3.0
d8o7f9,ESH,4.0
d8o7f9,NTA,4.0
d8o7f9,NTA,4.0
d8o7f9,NTA,4.0
d8o7f9,NTA,4.0
d8o7f9,ESH,4.0
d8o7f9,NTA,4.0
d8o7f9,NTA,4.0
d8o7f9,ESH,3.0
d8o7f9,NTA,4.0
d8o7f9,NTA,4.0
d8o7f9,NTA,4.0
d8o7f9,NTA,4.0
d8o7f9,YTA,4.0
d8o7f9,NTA,4.0
d8o7f9,NTA,4.0
d8o7f9,NTA,4.0
d8o7f9,NTA,4.0
d8o7f9,YTA,3.0
d8o7f9,NTA,4.0
d8o7f9,NAH,3.0
d8o7f9,NTA,4.0
d8o7f9,NTA,4.0
d8o7f9,YTA,4.0
d8o7f9,NTA,4.0
d8o7f9,NTA,4.0
d8o7f9,NTA,4.0
d8o7f9,NTA,4.0
d8o7f9,ESH,3.0
d8o7f9,YTA,3.0
d8o7f9,NTA,4.0
d8o7f9,NTA,4.0
d8o7f9,NTA,3.0
d8o7f9,NTA,4.0
d8o7f9,NTA,4.0
d8o7f9,NTA,4.0
d8o7f9,NTA,4.0
d8o7f9,NTA,4.0
d8o7f9,NTA,4.0
d8o7f9,NTA,4.0
d8o7f9,NTA,4.0
d8o7f9,NTA,4.0
d8o7f9,NTA,4.0
d8o7f9,YTA,4.0
d8o7f9,ESH,4.0
d8o7f9,NTA,4.0
d8o7f9,NTA,4.0
d8o7f9,NTA,4.0
d8o7f9,ESH,3.0
d8o7f9,NTA,4.0
d8o7f9,NTA,4.0
d8o7f9,NTA,4.0
d8o7f9,NTA,4.0
d8o7f9,YTA,4.0
d8o7f9,ESH,4.0
d8o7f9,ESH,4.0
d8o7f9,YTA,4.0
d8o7f9,YTA,4.0
d8o7f9,NTA,4.0
d8o7f9,NTA,4.0
d8o7f9,NTA,4.0
d8o7f9,YTA,4.0
d8o7f9,NAH,4.0
d8o7f9,NTA,4.0
d8o7f9,YTA,4.0
d8o7f9,NTA,4.0
d8o7f9,ESH,3.0
d8o7f9,NTA,4.0
d8o7f9,NTA,4.0
d8o7f9,NTA,4.0
d8o7f9,NAH,4.0
d8o7f9,ESH,4.0
d8o7f9,NTA,4.0
d8o7f9,NTA,4.0
d8o7f9,NTA,4.0
d8o7f9,YTA,4.0
d8o7f9,ESH,3.0
d8o7f9,NTA,4.0
d8o7f9,NTA,3.0
d8o7f9,NTA,4.0
d8o7f9,NTA,4.0
d8o7f9,NTA,4.0
d8o7f9,NTA,4.0
d8o7f9,YTA,4.0
d8o7f9,ESH,4.0
d8o7f9,NTA,4.0
d8o7f9,NTA,4.0
d8o7f9,NTA,4.0
d8o7f9,NTA,3.0
d8o7f9,NTA,4.0
d8o7f9,ESH,1.0
d8o7f9,NTA,4.0
d8o7f9,NTA,4.0
d8o7f9,NTA,4.0
d8o7f9,ESH,3.0
d8o7f9,NTA,4.0
d8o7f9,NTA,4.0
d8o7f9,NTA,4.0
d8o7f9,ESH,3.0
d8o7f9,YTA,4.0
d8o7f9,ESH,4.0
d8o7f9,NTA,3.0
d8o7f9,NTA,4.0
d8o7f9,ESH,3.0
d8o7f9,YTA,4.0
d8o7f9,YTA,4.0
d8o7f9,ESH,4.0
d8o7f9,NTA,3.0
d8o7f9,ESH,3.0
d8o7f9,NTA,4.0
d8o7f9,NTA,3.0
d8o7f9,NAH,3.0
d8o7f9,NTA,4.0
d8o7f9,NTA,4.0
d8o7f9,NTA,4.0
d8o7f9,NTA,3.0
d8o7f9,NTA,4.0
d8o7f9,NAH,2.0
d8o7f9,ESH,3.0
d8o7f9,NTA,4.0
d8o7f9,YTA,4.0
d8o7f9,ESH,4.0
d8o7f9,NTA,4.0
d8o7f9,NTA,4.0
d8o7f9,NTA,4.0
d8o7f9,NTA,4.0
d8o7f9,NTA,4.0
d8o7f9,NTA,4.0
d8o7f9,YTA,4.0
d8o7f9,YTA,4.0
d8o7f9,NTA,4.0
d8o7f9,ESH,4.0
d8o7f9,NTA,4.0
d8o7f9,NTA,4.0
d8o7f9,NTA,4.0
d8o7f9,ESH,3.0
d8o7f9,NTA,4.0
d8o7f9,NTA,4.0
d8o7f9,NTA,4.0
d8o7f9,NTA,4.0
d8o7f9,YTA,3.0
d8o7f9,NAH,3.0
d8o7f9,ESH,4.0
d8o7f9,YTA,4.0
d8o7f9,NTA,4.0
d8o7f9,ESH,3.0
d8o7f9,NAH,4.0
d8o7f9,NTA,4.0
d8o7f9,NTA,4.0
d8o7f9,YTA,3.0
d8o7f9,NAH,3.0
d8o7f9,NTA,4.0
d8o7f9,ESH,3.0
d8o7f9,NTA,4.0
d8o7f9,NTA,4.0
d8o7f9,YTA,4.0
d8o7f9,ESH,3.0
d8o7f9,ESH,3.0
d8o7f9,NTA,4.0
d8o7f9,YTA,4.0
d8o7f9,NTA,4.0
d8o7f9,NTA,3.0
d8o7f9,NTA,4.0
d8o7f9,NTA,4.0
d8o7f9,NTA,4.0
d8o7f9,NTA,4.0
d8o7f9,NTA,4.0
d8o7f9,ESH,4.0
d8o7f9,NTA,4.0
d8o7f9,YTA,3.0
d8o7f9,NTA,4.0
d8o7f9,NTA,4.0
d8o7f9,NTA,4.0
d8o7f9,NTA,4.0
d8o7f9,YTA,4.0
d8o7f9,NTA,4.0
d8o7f9,ESH,4.0
d8o7f9,NTA,4.0
d8o7f9,NTA,4.0
d8o7f9,NTA,4.0
d8o7f9,NTA,4.0
d8o7f9,YTA,4.0
d8o7f9,NTA,4.0
d8o7f9,YTA,4.0
d8o7f9,YTA,4.0
d8o7f9,NTA,4.0
d8o7f9,NTA,4.0
d8o7f9,NTA,4.0
d8o7f9,NTA,4.0
d8o7f9,YTA,4.0
d8o7f9,ESH,4.0
d8o7f9,NTA,4.0
d8o7f9,YTA,4.0
d8o7f9,NTA,4.0
d8o7f9,ESH,4.0
d8o7f9,NTA,4.0
d8o7f9,NTA,4.0
d8o7f9,NTA,4.0
d8o7f9,ESH,4.0
d8o7f9,NTA,3.0
d8o7f9,YTA,3.0
d8o7f9,ESH,3.0
d8o7f9,ESH,3.0
d8o7f9,YTA,4.0
d8o7f9,NTA,4.0
d8o7f9,NTA,4.0
d8o7f9,YTA,4.0
d8o7f9,NTA,3.0
d8o7f9,NTA,4.0
d8o7f9,NTA,4.0
d8o7f9,ESH,3.0
d8o7f9,ESH,3.0
d8o7f9,YTA,3.0
d8o7f9,YTA,4.0
d8o7f9,NTA,4.0
d8o7f9,NTA,4.0
d8o7f9,NTA,4.0
d8o7f9,NAH,4.0
d8o7f9,NTA,4.0
d8o7f9,NTA,4.0
d8o7f9,NTA,4.0
d8o7f9,NTA,4.0
d8o7f9,NTA,3.0
d8o7f9,NTA,4.0
d8o7f9,NTA,4.0
d8o7f9,NTA,3.0
d8o7f9,NTA,4.0
d8o7f9,NTA,4.0
d8o7f9,NTA,4.0
d8o7f9,NAH,3.0
d8o7f9,NTA,4.0
d8o7f9,NTA,4.0
d8o7f9,NTA,4.0
d8o7f9,NTA,4.0
d8o7f9,NTA,4.0
d8o7f9,NTA,3.0
d8o7f9,NTA,4.0
d8o7f9,NTA,4.0
d8o7f9,ESH,3.0
d8o7f9,NTA,4.0
d8o7f9,NTA,4.0
d8o7f9,NTA,4.0
d8o7f9,NTA,4.0
d8o7f9,NTA,4.0
d8o7f9,NTA,4.0
d8o7f9,NTA,4.0
d8o7f9,NTA,4.0
d8o7f9,ESH,1.0
d8o7f9,NTA,3.0
d8o7f9,NTA,4.0
d8o7f9,NTA,4.0
d8o7f9,NTA,4.0
d8o7f9,NTA,4.0
d8o7f9,NTA,4.0
d8o7f9,ESH,3.0
d8o7f9,NTA,4.0
d8o7f9,NTA,4.0
d8o7f9,NTA,4.0
d8o7f9,NTA,4.0
d8o7f9,YTA,4.0
d8o7f9,NTA,4.0
d8o7f9,ESH,4.0
d8o7f9,NTA,4.0
d8o7f9,NTA,4.0
d8o7f9,NAH,4.0
d8o7f9,NTA,4.0
d8o7f9,NTA,4.0
d8o7f9,ESH,3.0
d8o7f9,YTA,3.0
d8o7f9,YTA,4.0
d8o7f9,NTA,4.0
d8o7f9,NAH,3.0
d8o7f9,NTA,4.0
d8o7f9,NTA,4.0
d8o7f9,YTA,4.0
d8o7f9,NTA,4.0
d8o7f9,ESH,3.0
d8o7f9,NTA,4.0
d8o7f9,YTA,4.0
d8o7f9,NTA,4.0
d8o7f9,ESH,1.0
d8o7f9,NTA,4.0
d8o7f9,NTA,4.0
d8o7f9,NTA,4.0
d8o7f9,NTA,4.0
d8o7f9,ESH,4.0
d8o7f9,NTA,4.0
d8o7f9,NTA,4.0
d8o7f9,NTA,4.0
d8o7f9,NTA,4.0
d8o7f9,NTA,3.0
d8o7f9,NTA,4.0
d8o7f9,NTA,4.0
d8o7f9,NTA,4.0
d8o7f9,NTA,4.0
d8o7f9,NAH,3.0
d8o7f9,NTA,3.0
d8o7f9,ESH,3.0
d8o7f9,ESH,3.0
d8o7f9,YTA,3.0
d8o7f9,ESH,3.0
d8o7f9,ESH,3.0
d8o7f9,NTA,4.0
d8o7f9,YTA,4.0
d8o7f9,NTA,4.0
d8o7f9,NTA,4.0
d8o7f9,ESH,3.0
d8o7f9,NTA,4.0
d8o7f9,ESH,3.0
d8o7f9,ESH,4.0
d8o7f9,YTA,3.0
d8o7f9,NTA,4.0
d8o7f9,NTA,4.0
d8o7f9,NTA,4.0
d8o7f9,NTA,4.0
d8o7f9,ESH,4.0
d8o7f9,ESH,1.0
d8o7f9,NTA,3.0
d8o7f9,YTA,4.0
d8o7f9,YTA,4.0
d8o7f9,NAH,3.0
d8o7f9,NTA,4.0
d8o7f9,YTA,4.0
d8o7f9,NTA,4.0
d8o7f9,NTA,4.0
d8o7f9,NTA,4.0
d8o7f9,NTA,4.0
d8o7f9,NTA,4.0
d8o7f9,NTA,4.0
d8o7f9,NTA,4.0
d8o7f9,NTA,4.0
d8o7f9,NTA,3.0
d8o7f9,NTA,4.0
d8o7f9,NTA,4.0
d8o7f9,ESH,3.0
d8o7f9,NTA,4.0
d8o7f9,NTA,4.0
d8o7f9,ESH,3.0
d8o7f9,NTA,4.0
d8o7f9,NTA,4.0
d8o7f9,NTA,3.0
d8o7f9,YTA,4.0
d8o7f9,NTA,4.0
d8o7f9,NTA,4.0
d8o7f9,YTA,4.0
d8o7f9,NTA,4.0
d8o7f9,NTA,4.0
d8o7f9,NAH,3.0
d8o7f9,NTA,4.0
d8o7f9,YTA,3.0
d8o7f9,NTA,4.0
d8o7f9,YTA,4.0
d8o7f9,NTA,4.0
d8o7f9,ESH,4.0
d8o7f9,NTA,4.0
d8o7f9,NTA,3.0
d8o7f9,NTA,4.0
d8o7f9,ESH,3.0
d8o7f9,YTA,3.0
d8o7f9,NTA,4.0
d8o7f9,NTA,4.0
d8o7f9,YTA,3.0
d8o7f9,ESH,1.0
d8o7f9,NTA,3.0
d8o7f9,NTA,4.0
d8o7f9,NTA,4.0
d8o7f9,NTA,3.0
d8o7f9,ESH,4.0
d8o7f9,NTA,4.0
d8o7f9,NTA,4.0
d8o7f9,YTA,4.0
d8o7f9,YTA,4.0
d8o7f9,NTA,4.0
d8o7f9,YTA,4.0
d8o7f9,NTA,4.0
d8o7f9,NTA,3.0
d8o7f9,NTA,4.0
d8o7f9,NTA,4.0
d8o7f9,ESH,3.0
d8o7f9,NTA,4.0
d8o7f9,NTA,4.0
d8o7f9,YTA,4.0
d8o7f9,NTA,4.0
d8o7f9,NTA,4.0
d8o7f9,NTA,4.0
d8o7f9,NTA,4.0
d8o7f9,NTA,4.0
d8o7f9,NTA,4.0
d8o7f9,YTA,3.0
d8o7f9,NTA,4.0
d8o7f9,NAH,3.0
d8o7f9,YTA,4.0
d8o7f9,NTA,3.0
d8o7f9,YTA,4.0
d8o7f9,NTA,4.0
d8o7f9,ESH,3.0
d8o7f9,NTA,4.0
d8o7f9,NTA,4.0
d8o7f9,NTA,4.0
d8o7f9,ESH,4.0
d8o7f9,YTA,4.0
d8o7f9,NTA,4.0
d8o7f9,ESH,4.0
d8o7f9,NTA,4.0
d8o7f9,NTA,3.0
d8o7f9,NTA,4.0
d8o7f9,NTA,4.0
d8o7f9,NTA,4.0
d8o7f9,ESH,4.0
d8o7f9,NTA,4.0
d8o7f9,NTA,4.0
d8o7f9,NTA,4.0
d8o7f9,NTA,4.0
d8o7f9,ESH,4.0
d8o7f9,ESH,3.0
d8o7f9,NTA,4.0
d8o7f9,NTA,4.0
d8o7f9,NTA,4.0
d8o7f9,NTA,3.0
d8o7f9,NTA,4.0
d8o7f9,NTA,4.0
d8o7f9,NTA,4.0
d8o7f9,NTA,4.0
d8o7f9,ESH,3.0
d8o7f9,NTA,3.0
d8o7f9,NAH,4.0
d8o7f9,YTA,2.0
d8o7f9,NTA,4.0
d8o7f9,NAH,2.0
d8o7f9,NTA,4.0
d8o7f9,NTA,4.0
d8o7f9,NTA,4.0
d8o7f9,NTA,4.0
d8o7f9,NAH,1.0
d8o7f9,NTA,4.0
d8o7f9,YTA,4.0
d8o7f9,NTA,4.0
d8o7f9,ESH,4.0
d8o7f9,ESH,3.0
d8o7f9,NTA,4.0
d8o7f9,ESH,3.0
d8o7f9,NTA,4.0
d8o7f9,NTA,4.0
d8o7f9,NTA,4.0
d8o7f9,NTA,4.0
d8o7f9,NTA,4.0
d8o7f9,NTA,4.0
d8o7f9,NTA,3.0
d8o7f9,NTA,4.0
d8o7f9,NTA,4.0
d8o7f9,NTA,4.0
d8o7f9,NTA,4.0
d8o7f9,ESH,4.0
d8o7f9,ESH,3.0
d8o7f9,NTA,4.0
d8o7f9,NTA,3.0
d8o7f9,ESH,2.0
d8o7f9,ESH,3.0
d8o7f9,NTA,4.0
d8o7f9,NTA,4.0
d8o7f9,NTA,4.0
d8o7f9,NTA,4.0
d8o7f9,ESH,3.0
d8o7f9,NTA,4.0
d8o7f9,YTA,4.0
d8o7f9,NTA,4.0
d8o7f9,NTA,4.0
d8o7f9,NTA,4.0
d8o7f9,NTA,4.0
d8o7f9,ESH,3.0
d8o7f9,NTA,4.0
d8o7f9,ESH,3.0
d8o7f9,NTA,4.0
d8o7f9,NAH,4.0
d8o7f9,NTA,4.0
d8o7f9,YTA,4.0
d8o7f9,YTA,4.0
d8o7f9,NTA,4.0
d8o7f9,NTA,4.0
d8o7f9,ESH,4.0
d8o7f9,NTA,4.0
d8o7f9,NTA,4.0
d8o7f9,NTA,4.0
d8o7f9,NTA,4.0
d8o7f9,NTA,4.0
d8o7f9,NTA,4.0
d8o7f9,NTA,4.0
d8o7f9,NTA,4.0
d8o7f9,NTA,4.0
d8o7f9,NTA,4.0
d8o7f9,NTA,4.0
d8o7f9,NTA,4.0
d8o7f9,NTA,4.0
d8o7f9,ESH,3.0
d8o7f9,NTA,4.0
d8o7f9,NTA,4.0
d8o7f9,NTA,4.0
d8o7f9,NTA,4.0
d8o7f9,NTA,4.0
d8o7f9,NTA,4.0
d8o7f9,YTA,4.0
d8o7f9,NTA,4.0
d8o7f9,NTA,4.0
d8o7f9,NTA,4.0
d8o7f9,NTA,4.0
d8o7f9,NTA,3.0
d8o7f9,NAH,4.0
d8o7f9,ESH,4.0
d8o7f9,ESH,4.0
d8o7f9,NTA,4.0
d8o7f9,NTA,1.0
d8o7f9,NTA,4.0
d8o7f9,YTA,4.0
d8o7f9,NTA,4.0
d8o7f9,NTA,4.0
d8o7f9,ESH,3.0
d8o7f9,NTA,4.0
d8o7f9,NTA,4.0
d8o7f9,NTA,4.0
d8o7f9,NTA,4.0
d8o7f9,YTA,4.0
d8o7f9,ESH,3.0
d8o7f9,NTA,4.0
d8o7f9,NTA,4.0
d8o7f9,YTA,3.0
d8o7f9,NAH,3.0
d8o7f9,NTA,4.0
d8o7f9,NTA,4.0
d8o7f9,ESH,4.0
d8o7f9,NTA,4.0
d8o7f9,NTA,4.0
d8o7f9,YTA,4.0
d8o7f9,NTA,4.0
d8o7f9,NTA,3.0
d8o7f9,NTA,3.0
d8o7f9,NTA,4.0
d8o7f9,YTA,4.0
d8o7f9,NTA,3.0
d8o7f9,NTA,3.0
d8o7f9,NTA,4.0
d8o7f9,ESH,4.0
d8o7f9,YTA,3.0
d8o7f9,ESH,3.0
d8o7f9,NAH,3.0
d8o7f9,YTA,4.0
d8o7f9,NTA,4.0
d8o7f9,ESH,3.0
d8o7f9,NTA,4.0
d8o7f9,YTA,2.0
d8o7f9,NTA,4.0
d8o7f9,ESH,3.0
d8o7f9,YTA,4.0
d8o7f9,ESH,3.0
d8o7f9,NTA,4.0
d8o7f9,NTA,4.0
d8o7f9,NTA,4.0
d8o7f9,ESH,4.0
d8o7f9,YTA,4.0
d8o7f9,NTA,4.0
d8o7f9,YTA,3.0
d8o7f9,YTA,4.0
d8o7f9,NTA,4.0
d8o7f9,ESH,2.0
d8o7f9,NTA,4.0
d8o7f9,NAH,1.0
d8o7f9,NTA,4.0
d8o7f9,NTA,4.0
d8o7f9,NTA,4.0
d8o7f9,NTA,4.0
d8o7f9,YTA,4.0
d8o7f9,NTA,4.0
d8o7f9,NTA,4.0
d8o7f9,NTA,4.0
d8o7f9,NTA,4.0
d8o7f9,NTA,3.0
d8o7f9,NTA,4.0
d8o7f9,NTA,4.0
d8o7f9,NTA,4.0
d8o7f9,NTA,4.0
d8o7f9,YTA,4.0
d8o7f9,NTA,4.0
d8o7f9,NTA,4.0
d8o7f9,NTA,4.0
d8o7f9,NTA,4.0
d8o7f9,NTA,4.0
d8o7f9,ESH,4.0
d8o7f9,NTA,4.0
d8o7f9,NTA,4.0
d8o7f9,YTA,4.0
d8o7f9,ESH,4.0
d8o7f9,YTA,4.0
d8o7f9,NTA,4.0
d8o7f9,YTA,4.0
d8o7f9,NTA,4.0
d8o7f9,NTA,4.0
d8o7f9,NTA,4.0
d8o7f9,NTA,4.0
d8o7f9,NTA,4.0
d8o7f9,ESH,4.0
d8o7f9,NTA,4.0
d8o7f9,YTA,4.0
d8o7f9,NTA,4.0
d8o7f9,NTA,4.0
d8o7f9,NTA,4.0
d8o7f9,ESH,4.0
d8o7f9,YTA,4.0
d8o7f9,NTA,4.0
d8o7f9,NTA,4.0
d8o7f9,YTA,4.0
d8o7f9,NTA,4.0
d8o7f9,YTA,4.0
d8o7f9,NTA,4.0
d8o7f9,ESH,4.0
d8o7f9,NTA,4.0
d8o7f9,NTA,4.0
d8o7f9,ESH,4.0
d8o7f9,NTA,4.0
d8o7f9,NTA,4.0
d8o7f9,NTA,4.0
d8o7f9,NTA,4.0
d8o7f9,NTA,4.0
d8o7f9,ESH,4.0
d8o7f9,NTA,4.0
d8o7f9,NTA,4.0
d8o7f9,NTA,4.0
d8o7f9,ESH,4.0
d8o7f9,YTA,4.0
d8o7f9,YTA,4.0
d8o7f9,ESH,3.0
d8o7f9,NTA,4.0
d8o7f9,NTA,4.0
d8o7f9,NTA,3.0
d8o7f9,NTA,4.0
d8o7f9,YTA,4.0
d8o7f9,NAH,1.0
d8o7f9,NTA,3.0
d8o7f9,NTA,4.0
d8o7f9,NTA,4.0
d8o7f9,NTA,4.0
d8o7f9,NTA,4.0
d8o7f9,NTA,4.0
d8o7f9,NTA,4.0
d8o7f9,NTA,4.0
d8o7f9,ESH,3.0
d8o7f9,ESH,4.0
d8o7f9,NTA,4.0
d8o7f9,ESH,3.0
d8o7f9,NTA,4.0
d8o7f9,NTA,4.0
d8o7f9,NTA,4.0
d8o7f9,NTA,4.0
d8o7f9,NTA,3.0
d8o7f9,NTA,4.0
d8o7f9,YTA,2.0
d8o7f9,NTA,4.0
d8o7f9,NTA,4.0
d8o7f9,NTA,4.0
d8o7f9,NTA,4.0
d8o7f9,NTA,4.0
d8o7f9,NTA,4.0
d8o7f9,NAH,3.0
d8o7f9,NTA,3.0
d8o7f9,YTA,4.0
d8o7f9,NTA,4.0
d8o7f9,ESH,3.0
d8o7f9,NTA,4.0
d8o7f9,NTA,4.0
d8o7f9,NTA,4.0
d8o7f9,ESH,1.0
d8o7f9,NTA,4.0
d8o7f9,NAH,4.0
d8o7f9,YTA,4.0
d8o7f9,ESH,4.0
d8o7f9,YTA,2.0
d8o7f9,NTA,4.0
d8o7f9,NAH,4.0
d8o7f9,NTA,4.0
d8o7f9,YTA,4.0
d8o7f9,ESH,3.0
d8o7f9,YTA,4.0
d8o7f9,YTA,4.0
d8o7f9,NTA,4.0
d8o7f9,ESH,4.0
d8o7f9,NTA,4.0
d8o7f9,NTA,4.0
d8o7f9,NTA,4.0
d8o7f9,NTA,4.0
d8o7f9,YTA,4.0
d8o7f9,NTA,4.0
d8o7f9,NTA,4.0
d8o7f9,NTA,4.0
d8o7f9,NTA,4.0
d8o7f9,NTA,4.0
d8o7f9,ESH,3.0
d8o7f9,NTA,3.0
d8o7f9,NTA,4.0
d8o7f9,NAH,3.0
d8o7f9,NTA,4.0
d8o7f9,ESH,4.0
d8o7f9,YTA,4.0
d8o7f9,NTA,4.0
d8o7f9,YTA,4.0
d8o7f9,NTA,4.0
d8o7f9,NTA,4.0
d8o7f9,NTA,4.0
d8o7f9,NAH,3.0
d8o7f9,NTA,4.0
d8o7f9,NTA,4.0
d8o7f9,NTA,4.0
d8o7f9,YTA,4.0
d8o7f9,YTA,4.0
d8o7f9,NTA,4.0
d8o7f9,NTA,3.0
d8o7f9,YTA,4.0
d8o7f9,ESH,3.0
d8o7f9,NTA,4.0
d8o7f9,NAH,4.0
d8o7f9,ESH,3.0
d8o7f9,NTA,4.0
d8o7f9,YTA,4.0
d8o7f9,NTA,4.0
d8o7f9,ESH,3.0
d8o7f9,NTA,4.0
d8o7f9,NTA,4.0
d8o7f9,NTA,4.0
d8o7f9,NTA,4.0
d8o7f9,YTA,4.0
d8o7f9,ESH,1.0
d8o7f9,NTA,4.0
d8o7f9,NTA,4.0
d8o7f9,NTA,4.0
d8o7f9,NTA,4.0
d8o7f9,NTA,4.0
d8o7f9,NTA,4.0
d8o7f9,ESH,2.0
d8o7f9,NTA,4.0
d8o7f9,NTA,4.0
d8o7f9,NTA,4.0
d8o7f9,ESH,3.0
d8o7f9,NTA,4.0
d8o7f9,YTA,4.0
d8o7f9,ESH,4.0
d8o7f9,NTA,4.0
d8o7f9,NTA,4.0
d8o7f9,ESH,3.0
d8o7f9,ESH,3.0
d8o7f9,NTA,4.0
d8o7f9,NTA,4.0
d8o7f9,NTA,3.0
d8o7f9,NTA,4.0
d8o7f9,YTA,4.0
d8o7f9,NTA,4.0
d8o7f9,NTA,4.0
d8o7f9,ESH,2.0
d8o7f9,NTA,4.0
d8o7f9,ESH,3.0
d8o7f9,NAH,4.0
d8o7f9,ESH,3.0
d8o7f9,NTA,4.0
d8o7f9,ESH,3.0
d8o7f9,NTA,3.0
d8o7f9,NTA,3.0
d8o7f9,NTA,4.0
d8o7f9,YTA,4.0
d8o7f9,YTA,4.0
d8o7f9,NTA,4.0
d8o7f9,NTA,3.0
d8o7f9,NTA,4.0
d8o7f9,ESH,3.0
d8o7f9,ESH,3.0
d8o7f9,NTA,4.0
d8o7f9,NTA,4.0
d8o7f9,NTA,4.0
d8o7f9,NTA,4.0
d8o7f9,ESH,4.0
d8o7f9,NTA,4.0
d8o7f9,NTA,4.0
d8o7f9,NTA,3.0
d8o7f9,NTA,4.0
d8o7f9,ESH,3.0
d8o7f9,NTA,4.0
d8o7f9,YTA,4.0
d8o7f9,YTA,3.0
d8o7f9,NTA,4.0
d8o7f9,NTA,4.0
d8o7f9,YTA,4.0
d8o7f9,NTA,4.0
d8o7f9,NTA,3.0
d8o7f9,ESH,3.0
d8o7f9,NTA,4.0
d8o7f9,NTA,4.0
d8o7f9,NAH,4.0
d8o7f9,ESH,3.0
d8o7f9,NTA,4.0
d8o7f9,NTA,4.0
d8o7f9,NTA,4.0
d8o7f9,YTA,4.0
d8o7f9,NTA,4.0
d8o7f9,NTA,4.0
d8o7f9,NAH,3.0
d8o7f9,YTA,4.0
d8o7f9,NTA,4.0
d8o7f9,NTA,3.0
d8o7f9,NTA,4.0
d8o7f9,NTA,4.0
d8o7f9,NTA,4.0
d8o7f9,NTA,4.0
d8o7f9,ESH,3.0
d8o7f9,ESH,3.0
d8o7f9,NTA,4.0
d8o7f9,YTA,3.0
d8o7f9,NTA,4.0
d8o7f9,NTA,4.0
d8o7f9,NTA,4.0
d8o7f9,NAH,4.0
d8o7f9,NTA,4.0
d8o7f9,ESH,3.0
d8o7f9,ESH,4.0
d8o7f9,NTA,4.0
d8o7f9,NTA,4.0
d8o7f9,YTA,3.0
d8o7f9,YTA,3.0
d8o7f9,NTA,4.0
d8o7f9,NTA,3.0
d8o7f9,ESH,3.0
d8o7f9,NTA,2.0
d8o7f9,NTA,4.0
d8o7f9,YTA,3.0
d8o7f9,NTA,4.0
d8o7f9,NTA,4.0
d8o7f9,NAH,1.0
d8o7f9,ESH,3.0
d8o7f9,NTA,4.0
d8o7f9,NTA,4.0
d8o7f9,NTA,4.0
d8o7f9,NTA,4.0
d8o7f9,ESH,3.0
d8o7f9,ESH,4.0
d8o7f9,ESH,2.0
d8o7f9,NTA,4.0
d8o7f9,NTA,4.0
d8o7f9,NTA,4.0
d8o7f9,NAH,4.0
d8o7f9,NTA,4.0
d8o7f9,NTA,3.0
d8o7f9,ESH,3.0
d8o7f9,NTA,4.0
d8o7f9,NTA,4.0
d8o7f9,NTA,4.0
d8o7f9,YTA,4.0
d8o7f9,NTA,4.0
d8o7f9,NTA,4.0
d8o7f9,NAH,2.0
d8o7f9,NTA,4.0
d8o7f9,NTA,4.0
d8o7f9,NTA,4.0
d8o7f9,YTA,4.0
d8o7f9,NAH,1.0
d8o7f9,NAH,3.0
d8o7f9,NTA,4.0
d8o7f9,NTA,4.0
d8o7f9,ESH,3.0
d8o7f9,NTA,4.0
d8o7f9,NTA,4.0
d8o7f9,NTA,4.0
d8o7f9,NTA,4.0
d8o7f9,NTA,4.0
d8o7f9,NTA,4.0
d8o7f9,NAH,4.0
d8o7f9,ESH,3.0
d8o7f9,NTA,3.0
dryek1,NTA,4.0
dryek1,NTA,4.0
dryek1,NTA,4.0
dryek1,ESH,2.0
dryek1,YTA,4.0
dryek1,NTA,4.0
dryek1,NTA,4.0
dryek1,NTA,4.0
dryek1,NTA,4.0
dryek1,NTA,4.0
dryek1,NTA,4.0
dryek1,NAH,3.0
dryek1,ESH,3.0
dryek1,YTA,3.0
dryek1,YTA,4.0
dryek1,YTA,4.0
dryek1,NTA,4.0
dryek1,NAH,3.0
dryek1,NTA,4.0
dryek1,YTA,4.0
dryek1,NTA,4.0
dryek1,YTA,3.0
dryek1,NTA,3.0
dryek1,YTA,3.0
dryek1,NTA,4.0
dryek1,NTA,4.0
dryek1,NAH,4.0
dryek1,NTA,4.0
dryek1,ESH,3.0
dryek1,NTA,4.0
dryek1,NTA,4.0
dryek1,NTA,3.0
dryek1,NTA,4.0
dryek1,NTA,4.0
dryek1,ESH,3.0
dryek1,NTA,4.0
dryek1,YTA,4.0
dryek1,YTA,4.0
dryek1,YTA,3.0
dryek1,ESH,3.0
dryek1,NTA,4.0
dryek1,NAH,4.0
dryek1,YTA,4.0
dryek1,ESH,3.0
dryek1,NTA,4.0
dryek1,NTA,4.0
dryek1,NTA,4.0
dryek1,NTA,4.0
dryek1,NAH,4.0
dryek1,NTA,4.0
dryek1,YTA,3.0
dryek1,NTA,4.0
dryek1,NTA,4.0
dryek1,NTA,4.0
dryek1,NTA,4.0
dryek1,NTA,4.0
dryek1,NTA,4.0
dryek1,YTA,4.0
dryek1,NTA,4.0
dryek1,YTA,3.0
dryek1,NTA,4.0
dryek1,YTA,4.0
dryek1,NAH,3.0
dryek1,NTA,4.0
dryek1,NTA,4.0
dryek1,ESH,3.0
dryek1,YTA,4.0
dryek1,YTA,4.0
dryek1,YTA,4.0
dryek1,NTA,4.0
dryek1,NAH,4.0
dryek1,NTA,4.0
dryek1,NTA,4.0
dryek1,YTA,4.0
dryek1,NAH,4.0
dryek1,NTA,4.0
dryek1,ESH,3.0
dryek1,YTA,4.0
dryek1,YTA,4.0
dryek1,YTA,3.0
dryek1,NTA,4.0
dryek1,NTA,4.0
dryek1,YTA,4.0
dryek1,NTA,4.0
dryek1,YTA,3.0
dryek1,NTA,4.0
dryek1,NTA,3.0
dryek1,ESH,3.0
dryek1,NTA,4.0
dryek1,NTA,4.0
dryek1,NTA,4.0
dryek1,NTA,4.0
dryek1,YTA,4.0
dryek1,NTA,3.0
dryek1,ESH,3.0
dryek1,NTA,3.0
dryek1,NAH,3.0
dryek1,NTA,4.0
dryek1,YTA,4.0
dryek1,NTA,4.0
dryek1,YTA,4.0
dryek1,YTA,4.0
dryek1,NTA,4.0
dryek1,NAH,3.0
dryek1,YTA,3.0
dryek1,NAH,4.0
dryek1,NTA,4.0
dryek1,YTA,4.0
dryek1,YTA,3.0
dryek1,YTA,3.0
dryek1,NTA,4.0
dryek1,YTA,4.0
dryek1,NAH,4.0
dryek1,NTA,4.0
dryek1,NTA,4.0
dryek1,NTA,4.0
dryek1,NTA,4.0
dryek1,ESH,3.0
dryek1,YTA,4.0
dryek1,NTA,4.0
dryek1,YTA,4.0
dryek1,NTA,4.0
dryek1,NAH,4.0
dryek1,NTA,4.0
dryek1,NTA,4.0
dryek1,NTA,4.0
dryek1,YTA,4.0
dryek1,ESH,3.0
dryek1,YTA,4.0
dryek1,YTA,4.0
dryek1,NTA,4.0
dryek1,NTA,4.0
dryek1,NTA,4.0
dryek1,YTA,4.0
dryek1,NTA,4.0
dryek1,NTA,4.0
dryek1,YTA,4.0
dryek1,YTA,4.0
dryek1,NTA,4.0
dryek1,YTA,4.0
dryek1,YTA,4.0
dryek1,NTA,4.0
dryek1,YTA,4.0
dryek1,YTA,4.0
dryek1,YTA,3.0
dryek1,NTA,4.0
dryek1,NAH,3.0
dryek1,NTA,4.0
dryek1,YTA,4.0
dryek1,YTA,4.0
dryek1,ESH,3.0
dryek1,NTA,4.0
dryek1,NTA,4.0
dryek1,NTA,4.0
dryek1,NTA,4.0
dryek1,NTA,4.0
dryek1,NTA,4.0
dryek1,YTA,4.0
dryek1,NAH,3.0
dryek1,NTA,4.0
dryek1,NTA,4.0
dryek1,NTA,4.0
dryek1,ESH,3.0
dryek1,YTA,4.0
dryek1,YTA,4.0
dryek1,NTA,4.0
dryek1,NAH,1.0
dryek1,NTA,4.0
dryek1,YTA,4.0
dryek1,YTA,4.0
dryek1,YTA,4.0
dryek1,YTA,4.0
dryek1,YTA,4.0
dryek1,NTA,4.0
dryek1,NTA,4.0
dryek1,NTA,4.0
dryek1,NTA,4.0
dryek1,NTA,4.0
dryek1,NTA,4.0
dryek1,YTA,4.0
dryek1,NTA,4.0
dryek1,NTA,4.0
dryek1,NTA,4.0
dryek1,ESH,1.0
dryek1,YTA,4.0
dryek1,NTA,4.0
dryek1,NTA,4.0
dryek1,NAH,2.0
dryek1,NTA,4.0
dryek1,YTA,3.0
dryek1,NAH,4.0
dryek1,NTA,4.0
dryek1,YTA,3.0
dryek1,YTA,4.0
dryek1,YTA,4.0
dryek1,NTA,4.0
dryek1,NAH,3.0
dryek1,NTA,4.0
dryek1,YTA,4.0
dryek1,NTA,4.0
dryek1,NTA,4.0
dryek1,NTA,4.0
dryek1,NAH,3.0
dryek1,NTA,4.0
dryek1,NTA,3.0
dryek1,YTA,3.0
dryek1,YTA,4.0
dryek1,ESH,3.0
dryek1,YTA,3.0
dryek1,NTA,4.0
dryek1,NTA,4.0
dryek1,NTA,4.0
dryek1,NTA,3.0
dryek1,ESH,3.0
dryek1,YTA,3.0
dryek1,ESH,3.0
dryek1,YTA,3.0
dryek1,NTA,4.0
dryek1,NTA,4.0
dryek1,YTA,4.0
dryek1,YTA,4.0
dryek1,YTA,4.0
dryek1,ESH,3.0
dryek1,YTA,4.0
dryek1,ESH,3.0
dryek1,YTA,3.0
dryek1,YTA,4.0
dryek1,YTA,2.0
dryek1,YTA,4.0
dryek1,YTA,3.0
dryek1,NTA,4.0
dryek1,NTA,4.0
dryek1,YTA,4.0
dryek1,NTA,4.0
dryek1,ESH,3.0
dryek1,NAH,3.0
dryek1,NTA,4.0
dryek1,ESH,3.0
dryek1,YTA,4.0
dryek1,ESH,4.0
dryek1,NTA,4.0
dryek1,YTA,4.0
dryek1,YTA,4.0
dryek1,YTA,3.0
dryek1,NTA,4.0
dryek1,YTA,4.0
dryek1,NTA,4.0
dryek1,ESH,3.0
dryek1,YTA,3.0
dryek1,NTA,4.0
dryek1,YTA,4.0
dryek1,YTA,3.0
dryek1,YTA,4.0
dryek1,NTA,4.0
dryek1,NTA,4.0
dryek1,YTA,4.0
dryek1,NTA,4.0
dryek1,YTA,4.0
dryek1,YTA,4.0
dryek1,YTA,4.0
dryek1,ESH,1.0
dryek1,NTA,4.0
dryek1,NAH,4.0
dryek1,NTA,3.0
dryek1,NTA,3.0
dryek1,YTA,3.0
dryek1,YTA,4.0
dryek1,NTA,4.0
dryek1,NTA,4.0
dryek1,YTA,4.0
dryek1,YTA,4.0
dryek1,YTA,4.0
dryek1,ESH,3.0
dryek1,YTA,4.0
dryek1,YTA,4.0
dryek1,NTA,4.0
dryek1,YTA,4.0
dryek1,NTA,4.0
dryek1,NTA,4.0
dryek1,YTA,4.0
dryek1,NTA,4.0
dryek1,NAH,3.0
dryek1,NTA,3.0
dryek1,NTA,4.0
dryek1,NTA,4.0
dryek1,NTA,4.0
dryek1,ESH,3.0
dryek1,NTA,4.0
dryek1,YTA,3.0
dryek1,NAH,4.0
dryek1,YTA,4.0
dryek1,NTA,4.0
dryek1,NTA,4.0
dryek1,NTA,4.0
dryek1,NTA,4.0
dryek1,NTA,4.0
dryek1,NTA,4.0
dryek1,NTA,4.0
dryek1,YTA,4.0
dryek1,ESH,4.0
dryek1,YTA,4.0
dryek1,NTA,4.0
dryek1,YTA,4.0
dryek1,NTA,4.0
dryek1,NTA,4.0
dryek1,NTA,4.0
dryek1,NAH,1.0
dryek1,YTA,4.0
dryek1,NTA,4.0
dryek1,NTA,4.0
dryek1,NTA,4.0
dryek1,NTA,4.0
dryek1,NTA,4.0
dryek1,NTA,4.0
dryek1,YTA,4.0
dryek1,NTA,3.0
dryek1,NTA,4.0
dryek1,NTA,4.0
dryek1,YTA,4.0
dryek1,NTA,3.0
dryek1,NAH,3.0
dryek1,YTA,4.0
dryek1,NTA,4.0
dryek1,YTA,4.0
dryek1,NTA,4.0
dryek1,ESH,3.0
dryek1,NTA,4.0
dryek1,NTA,4.0
dryek1,NTA,4.0
dryek1,NTA,4.0
dryek1,YTA,3.0
dryek1,NTA,4.0
dryek1,ESH,3.0
dryek1,NTA,4.0
dryek1,YTA,4.0
dryek1,YTA,4.0
dryek1,NTA,4.0
dryek1,NTA,4.0
dryek1,NTA,4.0
dryek1,YTA,4.0
dryek1,YTA,4.0
dryek1,NTA,4.0
dryek1,YTA,4.0
dryek1,YTA,4.0
dryek1,NTA,4.0
dryek1,NTA,4.0
dryek1,NTA,3.0
dryek1,YTA,4.0
dryek1,YTA,4.0
dryek1,YTA,3.0
dryek1,NTA,3.0
dryek1,NTA,4.0
dryek1,NTA,4.0
dryek1,NTA,4.0
dryek1,NTA,4.0
dryek1,NTA,4.0
dryek1,YTA,4.0
dryek1,YTA,4.0
dryek1,NTA,4.0
dryek1,NTA,4.0
dryek1,YTA,4.0
dryek1,NTA,4.0
dryek1,NTA,4.0
dryek1,NTA,4.0
dryek1,ESH,3.0
dryek1,NTA,3.0
dryek1,YTA,4.0
dryek1,NTA,4.0
dryek1,NTA,4.0
dryek1,YTA,4.0
dryek1,YTA,4.0
dryek1,NTA,4.0
dryek1,ESH,3.0
dryek1,NTA,4.0
dryek1,YTA,4.0
dryek1,NTA,4.0
dryek1,NTA,4.0
dryek1,YTA,4.0
dryek1,YTA,4.0
dryek1,YTA,4.0
dryek1,NTA,4.0
dryek1,NTA,4.0
dryek1,NAH,4.0
dryek1,YTA,4.0
dryek1,YTA,3.0
dryek1,YTA,3.0
dryek1,NTA,4.0
dryek1,NTA,4.0
dryek1,YTA,3.0
dryek1,YTA,3.0
dryek1,YTA,1.0
dryek1,YTA,4.0
dryek1,ESH,3.0
dryek1,NAH,3.0
dryek1,NTA,4.0
dryek1,YTA,4.0
dryek1,NTA,4.0
dryek1,YTA,4.0
dryek1,NTA,4.0
dryek1,NTA,4.0
dryek1,NAH,3.0
dryek1,YTA,3.0
dryek1,YTA,4.0
dryek1,NTA,4.0
dryek1,YTA,4.0
dryek1,ESH,2.0
dryek1,NAH,3.0
dryek1,NTA,4.0
dryek1,YTA,4.0
dryek1,YTA,4.0
dryek1,NTA,4.0
dryek1,NTA,4.0
dryek1,NTA,4.0
dryek1,NTA,4.0
dryek1,ESH,3.0
dryek1,NTA,4.0
dryek1,NTA,4.0
dryek1,NAH,4.0
dryek1,YTA,4.0
dryek1,NTA,4.0
dryek1,NTA,3.0
dryek1,NTA,4.0
dryek1,NTA,4.0
dryek1,YTA,3.0
dryek1,YTA,3.0
dryek1,YTA,4.0
dryek1,NTA,4.0
dryek1,ESH,3.0
dryek1,ESH,4.0
dryek1,NTA,4.0
dryek1,NAH,3.0
dryek1,NTA,3.0
dryek1,YTA,4.0
dryek1,YTA,4.0
dryek1,NTA,4.0
dryek1,YTA,4.0
dryek1,NTA,4.0
dryek1,NTA,4.0
dryek1,NTA,4.0
dryek1,YTA,4.0
dryek1,NTA,4.0
dryek1,ESH,3.0
dryek1,NTA,4.0
dryek1,NTA,4.0
dryek1,YTA,2.0
dryek1,YTA,4.0
dryek1,NTA,4.0
dryek1,NTA,4.0
dryek1,NAH,3.0
dryek1,NTA,4.0
dryek1,YTA,4.0
dryek1,NAH,1.0
dryek1,YTA,3.0
dryek1,YTA,4.0
dryek1,NTA,4.0
dryek1,NTA,3.0
dryek1,YTA,4.0
dryek1,NTA,4.0
dryek1,NTA,4.0
dryek1,NTA,3.0
dryek1,YTA,4.0
dryek1,NTA,4.0
dryek1,ESH,3.0
dryek1,YTA,4.0
dryek1,NTA,4.0
dryek1,ESH,3.0
dryek1,NTA,4.0
dryek1,YTA,4.0
dryek1,NTA,4.0
dryek1,NTA,4.0
dryek1,YTA,3.0
dryek1,YTA,3.0
dryek1,YTA,4.0
dryek1,NTA,4.0
dryek1,NTA,4.0
dryek1,NTA,4.0
dryek1,YTA,3.0
dryek1,NTA,4.0
dryek1,NTA,4.0
dryek1,YTA,4.0
dryek1,NTA,4.0
dryek1,NTA,4.0
dryek1,NTA,4.0
dryek1,NTA,4.0
dryek1,NTA,4.0
dryek1,NTA,4.0
dryek1,NTA,4.0
dryek1,NTA,4.0
dryek1,YTA,3.0
dryek1,NTA,4.0
dryek1,NAH,3.0
dryek1,NTA,4.0
dryek1,NTA,4.0
dryek1,YTA,4.0
dryek1,YTA,4.0
dryek1,NTA,4.0
dryek1,YTA,4.0
dryek1,NTA,4.0
dryek1,NTA,4.0
dryek1,NTA,4.0
dryek1,NTA,4.0
dryek1,NTA,4.0
dryek1,NTA,4.0
dryek1,YTA,4.0
dryek1,NTA,4.0
dryek1,YTA,4.0
dryek1,NTA,4.0
dryek1,NTA,4.0
dryek1,NTA,4.0
dryek1,YTA,4.0
dryek1,NTA,4.0
dryek1,NTA,3.0
dryek1,YTA,3.0
dryek1,NTA,4.0
dryek1,NTA,4.0
dryek1,ESH,1.0
dryek1,NTA,4.0
dryek1,YTA,4.0
dryek1,NTA,4.0
dryek1,NTA,4.0
dryek1,NTA,4.0
dryek1,YTA,4.0
dryek1,YTA,4.0
dryek1,ESH,3.0
dryek1,NTA,4.0
dryek1,YTA,4.0
dryek1,YTA,4.0
dryek1,NTA,4.0
dryek1,NTA,4.0
dryek1,NTA,4.0
dryek1,NTA,4.0
dryek1,YTA,4.0
dryek1,YTA,4.0
dryek1,NAH,3.0
dryek1,NTA,4.0
dryek1,NTA,4.0
dryek1,YTA,4.0
dryek1,NTA,4.0
dryek1,NTA,4.0
dryek1,NAH,4.0
dryek1,NTA,4.0
dryek1,NTA,4.0
dryek1,NTA,4.0
dryek1,YTA,4.0
dryek1,NTA,4.0
dryek1,NTA,4.0
dryek1,NTA,4.0
dryek1,YTA,3.0
dryek1,NTA,4.0
dryek1,YTA,4.0
dryek1,ESH,3.0
dryek1,ESH,2.0
dryek1,NTA,4.0
dryek1,NTA,4.0
dryek1,NTA,4.0
dryek1,YTA,4.0
dryek1,NTA,4.0
dryek1,YTA,4.0
dryek1,YTA,4.0
dryek1,YTA,4.0
dryek1,NTA,4.0
dryek1,YTA,4.0
dryek1,NTA,4.0
dryek1,ESH,3.0
dryek1,YTA,4.0
dryek1,YTA,4.0
dryek1,ESH,1.0
dryek1,YTA,4.0
dryek1,NTA,4.0
dryek1,YTA,4.0
dryek1,NTA,3.0
dryek1,YTA,4.0
dryek1,NTA,4.0
dryek1,YTA,4.0
dryek1,NAH,4.0
dryek1,YTA,4.0
dryek1,YTA,1.0
dryek1,NTA,4.0
dryek1,NTA,4.0
dryek1,NTA,4.0
dryek1,NTA,4.0
dryek1,ESH,3.0
dryek1,YTA,4.0
dryek1,NTA,4.0
dryek1,YTA,4.0
dryek1,NTA,4.0
dryek1,YTA,3.0
dryek1,YTA,3.0
dryek1,NTA,4.0
dryek1,YTA,4.0
dryek1,YTA,3.0
dryek1,NTA,4.0
dryek1,YTA,4.0
dryek1,NTA,4.0
dryek1,YTA,4.0
dryek1,YTA,4.0
dryek1,NTA,3.0
dryek1,NTA,4.0
dryek1,NTA,4.0
dryek1,NTA,4.0
dryek1,YTA,3.0
dryek1,NTA,4.0
dryek1,NTA,4.0
dryek1,NTA,4.0
dryek1,YTA,4.0
dryek1,NTA,4.0
dryek1,NTA,4.0
dryek1,YTA,3.0
dryek1,ESH,3.0
dryek1,NTA,3.0
dryek1,YTA,4.0
dryek1,NTA,4.0
dryek1,ESH,4.0
dryek1,YTA,4.0
dryek1,NTA,4.0
dryek1,YTA,3.0
dryek1,YTA,4.0
dryek1,NTA,4.0
dryek1,NTA,4.0
dryek1,NTA,4.0
dryek1,YTA,4.0
dryek1,NTA,4.0
dryek1,NTA,4.0
dryek1,ESH,3.0
dryek1,NTA,4.0
dryek1,NTA,4.0
dryek1,NAH,3.0
dryek1,YTA,4.0
dryek1,NTA,4.0
dryek1,NTA,4.0
dryek1,NTA,4.0
dryek1,YTA,4.0
dryek1,YTA,4.0
dryek1,NTA,4.0
dryek1,NTA,4.0
dryek1,NTA,4.0
dryek1,ESH,3.0
dryek1,NTA,3.0
dryek1,NAH,3.0
dryek1,NTA,4.0
dryek1,NTA,4.0
dryek1,NTA,4.0
dryek1,NAH,3.0
dryek1,YTA,4.0
dryek1,NTA,4.0
dryek1,NTA,4.0
dryek1,YTA,4.0
dryek1,NTA,4.0
dryek1,NTA,3.0
dryek1,NTA,4.0
dryek1,NTA,4.0
dryek1,NTA,4.0
dryek1,NTA,4.0
dryek1,NTA,4.0
dryek1,NTA,4.0
dryek1,YTA,4.0
dryek1,NTA,4.0
dryek1,YTA,4.0
dryek1,YTA,3.0
dryek1,YTA,4.0
dryek1,YTA,4.0
dryek1,NTA,4.0
dryek1,NTA,4.0
dryek1,NTA,4.0
dryek1,ESH,3.0
dryek1,NTA,4.0
dryek1,NTA,4.0
dryek1,NTA,4.0
dryek1,YTA,3.0
dryek1,YTA,4.0
dryek1,YTA,3.0
dryek1,NAH,4.0
dryek1,NTA,3.0
dryek1,NTA,4.0
dryek1,NTA,4.0
dryek1,NTA,4.0
dryek1,YTA,4.0
dryek1,NAH,3.0
dryek1,YTA,4.0
dryek1,NTA,4.0
dryek1,NTA,4.0
dryek1,NTA,4.0
dryek1,NTA,4.0
dryek1,YTA,4.0
dryek1,YTA,4.0
dryek1,NTA,3.0
dryek1,NTA,4.0
dryek1,YTA,4.0
dryek1,NTA,4.0
dryek1,ESH,3.0
dryek1,NTA,4.0
dryek1,YTA,3.0
e4klee,ESH,3.0
e4klee,YTA,2.0
e4klee,NTA,3.0
e4klee,YTA,4.0
e4klee,ESH,3.0
e4klee,NTA,3.0
e4klee,NTA,4.0
e4klee,YTA,3.0
e4klee,NTA,4.0
e4klee,NTA,4.0
e4klee,YTA,3.0
e4klee,NTA,4.0
e4klee,YTA,3.0
e4klee,NTA,4.0
e4klee,ESH,3.0
e4klee,NTA,4.0
e4klee,YTA,3.0
e4klee,YTA,3.0
e4klee,NTA,3.0
e4klee,YTA,4.0
e4klee,YTA,3.0
e4klee,YTA,4.0
e4klee,ESH,1.0
e4klee,YTA,3.0
e4klee,NTA,3.0
e4klee,YTA,4.0
e4klee,NAH,3.0
e4klee,NAH,3.0
e4klee,NAH,3.0
e4klee,YTA,3.0
e4klee,YTA,4.0
e4klee,NTA,4.0
e4klee,NTA,4.0
e4klee,YTA,3.0
e4klee,NTA,4.0
e4klee,NTA,4.0
e4klee,NTA,4.0
e4klee,ESH,3.0
e4klee,NTA,4.0
e4klee,YTA,4.0
e4klee,NTA,4.0
e4klee,YTA,4.0
e4klee,YTA,1.0
e4klee,NTA,3.0
e4klee,YTA,4.0
e4klee,YTA,4.0
e4klee,YTA,3.0
e4klee,NAH,4.0
e4klee,YTA,4.0
e4klee,NTA,3.0
e4klee,YTA,4.0
e4klee,YTA,2.0
e4klee,YTA,4.0
e4klee,NTA,4.0
e4klee,YTA,4.0
e4klee,NTA,1.0
e4klee,NTA,4.0
e4klee,NTA,4.0
e4klee,YTA,4.0
e4klee,NTA,4.0
e4klee,YTA,4.0
e4klee,NAH,3.0
e4klee,YTA,3.0
e4klee,NTA,4.0
e4klee,YTA,4.0
e4klee,NTA,4.0
e4klee,NTA,3.0
e4klee,YTA,3.0
e4klee,YTA,3.0
e4klee,NTA,4.0
e4klee,YTA,4.0
e4klee,NTA,4.0
e4klee,YTA,3.0
e4klee,YTA,4.0
e4klee,NTA,4.0
e4klee,YTA,3.0
e4klee,YTA,4.0
e4klee,YTA,3.0
e4klee,YTA,4.0
e4klee,YTA,4.0
e4klee,YTA,4.0
e4klee,NTA,4.0
e4klee,YTA,4.0
e4klee,NTA,3.0
e4klee,YTA,3.0
e4klee,NTA,4.0
e4klee,NTA,4.0
e4klee,NTA,4.0
e4klee,YTA,4.0
e4klee,ESH,3.0
e4klee,YTA,4.0
e4klee,YTA,4.0
e4klee,NTA,4.0
e4klee,NTA,4.0
e4klee,NTA,4.0
e4klee,YTA,4.0
e4klee,NTA,4.0
e4klee,YTA,3.0
e4klee,NTA,4.0
e4klee,YTA,3.0
e4klee,NAH,3.0
e4klee,YTA,4.0
e4klee,YTA,3.0
e4klee,NTA,3.0
e4klee,NTA,4.0
e4klee,YTA,3.0
e4klee,NTA,4.0
e4klee,YTA,3.0
e4klee,YTA,4.0
e4klee,YTA,4.0
e4klee,NTA,4.0
e4klee,NTA,4.0
e4klee,NTA,4.0
e4klee,YTA,4.0
e4klee,ESH,3.0
e4klee,ESH,3.0
e4klee,YTA,4.0
e4klee,YTA,3.0
e4klee,YTA,4.0
e4klee,YTA,2.0
e4klee,NTA,4.0
e4klee,NTA,1.0
e4klee,ESH,3.0
e4klee,NTA,4.0
e4klee,ESH,3.0
e4klee,NTA,4.0
e4klee,YTA,3.0
e4klee,NAH,3.0
e4klee,YTA,4.0
e4klee,NTA,4.0
e4klee,YTA,4.0
e4klee,NTA,4.0
e4klee,NTA,4.0
e4klee,NTA,4.0
e4klee,NAH,1.0
e4klee,YTA,3.0
e4klee,YTA,3.0
e4klee,NTA,4.0
e4klee,NTA,4.0
e4klee,NTA,4.0
e4klee,NTA,4.0
e4klee,NTA,4.0
e4klee,NTA,4.0
e4klee,NTA,3.0
e4klee,YTA,3.0
e4klee,YTA,4.0
e4klee,NTA,4.0
e4klee,YTA,1.0
e4klee,NAH,1.0
e4klee,NTA,4.0
e4klee,NTA,4.0
e4klee,YTA,3.0
e4klee,ESH,2.0
e4klee,YTA,3.0
e4klee,NTA,3.0
e4klee,YTA,3.0
e4klee,YTA,4.0
e4klee,NTA,4.0
e4klee,YTA,3.0
e4klee,ESH,3.0
e4klee,YTA,3.0
e4klee,YTA,3.0
e4klee,NAH,3.0
e4klee,YTA,1.0
e4klee,NTA,3.0
e4klee,NTA,4.0
e4klee,NTA,4.0
e4klee,YTA,4.0
e4klee,NTA,4.0
e4klee,YTA,4.0
e4klee,NTA,4.0
e4klee,NTA,4.0
e4klee,YTA,4.0
e4klee,YTA,4.0
e4klee,YTA,3.0
e4klee,YTA,4.0
e4klee,NTA,4.0
e4klee,NTA,4.0
e4klee,YTA,2.0
e4klee,YTA,3.0
e4klee,NTA,4.0
e4klee,YTA,3.0
e4klee,YTA,3.0
e4klee,YTA,3.0
e4klee,NTA,4.0
e4klee,NAH,3.0
e4klee,NTA,3.0
e4klee,NTA,4.0
e4klee,NTA,4.0
e4klee,ESH,3.0
e4klee,NTA,4.0
e4klee,NTA,4.0
e4klee,NTA,3.0
e4klee,ESH,3.0
e4klee,NTA,4.0
e4klee,NTA,4.0
e4klee,YTA,4.0
e4klee,NTA,3.0
e4klee,YTA,4.0
e4klee,YTA,4.0
e4klee,YTA,3.0
e4klee,NAH,2.0
e4klee,NTA,4.0
e4klee,NTA,4.0
e4klee,NTA,4.0
e4klee,NTA,4.0
e4klee,NTA,4.0
e4klee,YTA,2.0
e4klee,YTA,4.0
e4klee,YTA,4.0
e4klee,YTA,4.0
e4klee,NAH,3.0
e4klee,NTA,4.0
e4klee,YTA,3.0
e4klee,NAH,3.0
e4klee,YTA,4.0
e4klee,NTA,4.0
e4klee,NTA,4.0
e4klee,NTA,4.0
e4klee,YTA,3.0
e4klee,YTA,4.0
e4klee,NTA,4.0
e4klee,YTA,4.0
e4klee,YTA,4.0
e4klee,ESH,3.0
e4klee,NTA,4.0
e4klee,YTA,4.0
e4klee,NAH,3.0
e4klee,ESH,3.0
e4klee,YTA,4.0
e4klee,YTA,4.0
e4klee,YTA,2.0
e4klee,NTA,4.0
e4klee,YTA,1.0
e4klee,YTA,3.0
e4klee,ESH,3.0
e4klee,NTA,4.0
e4klee,YTA,4.0
e4klee,YTA,4.0
e4klee,NAH,3.0
e4klee,NTA,4.0
e4klee,NTA,3.0
e4klee,YTA,3.0
e4klee,NTA,3.0
e4klee,NTA,4.0
e4klee,YTA,4.0
e4klee,YTA,3.0
e4klee,NTA,4.0
e4klee,YTA,4.0
e4klee,NTA,3.0
e4klee,YTA,4.0
e4klee,YTA,3.0
e4klee,NTA,4.0
e4klee,NTA,4.0
e4klee,YTA,4.0
e4klee,YTA,4.0
e4klee,YTA,4.0
e4klee,YTA,4.0
e4klee,YTA,4.0
e4klee,NTA,3.0
e4klee,YTA,4.0
e4klee,NTA,4.0
e4klee,YTA,2.0
e4klee,NTA,3.0
e4klee,NTA,4.0
e4klee,YTA,4.0
e4klee,YTA,4.0
e4klee,YTA,4.0
e4klee,NAH,4.0
e4klee,YTA,3.0
e4klee,NTA,4.0
e4klee,YTA,4.0
e4klee,YTA,4.0
e4klee,YTA,4.0
e4klee,YTA,4.0
e4klee,YTA,4.0
e4klee,YTA,4.0
e4klee,YTA,2.0
e4klee,NTA,4.0
e4klee,NTA,4.0
e4klee,YTA,1.0
e4klee,NTA,4.0
e4klee,ESH,3.0
e4klee,YTA,3.0
e4klee,NTA,4.0
e4klee,YTA,1.0
e4klee,NTA,4.0
e4klee,YTA,3.0
e4klee,YTA,4.0
e4klee,YTA,4.0
e4klee,NTA,4.0
e4klee,YTA,3.0
e4klee,YTA,2.0
e4klee,NTA,4.0
e4klee,YTA,3.0
e4klee,NTA,3.0
e4klee,ESH,4.0
e4klee,YTA,4.0
e4klee,NTA,4.0
e4klee,NTA,4.0
e4klee,YTA,4.0
e4klee,YTA,3.0
e4klee,NTA,3.0
e4klee,YTA,4.0
e4klee,YTA,3.0
e4klee,YTA,3.0
e4klee,NTA,3.0
e4klee,YTA,3.0
e4klee,YTA,4.0
e4klee,NTA,4.0
e4klee,NTA,4.0
e4klee,NTA,4.0
e4klee,YTA,3.0
e4klee,NTA,4.0
e4klee,ESH,3.0
e4klee,ESH,3.0
e4klee,YTA,3.0
e4klee,NTA,4.0
e4klee,YTA,4.0
e4klee,NTA,4.0
e4klee,NTA,4.0
e4klee,YTA,4.0
e4klee,NTA,4.0
e4klee,YTA,4.0
e4klee,NTA,4.0
e4klee,YTA,3.0
e4klee,YTA,1.0
e4klee,YTA,4.0
e4klee,YTA,4.0
e4klee,YTA,3.0
e4klee,YTA,4.0
e4klee,ESH,4.0
e4klee,NTA,4.0
e4klee,NAH,3.0
e4klee,YTA,4.0
e4klee,YTA,3.0
e4klee,YTA,4.0
e4klee,YTA,4.0
e4klee,YTA,1.0
e4klee,NTA,3.0
e4klee,ESH,3.0
e4klee,NTA,4.0
e4klee,YTA,4.0
e4klee,ESH,3.0
e4klee,YTA,3.0
e4klee,ESH,1.0
e4klee,YTA,4.0
e4klee,YTA,4.0
e4klee,YTA,3.0
e4klee,NTA,4.0
e4klee,NTA,4.0
e4klee,YTA,4.0
e4klee,YTA,4.0
e4klee,NTA,3.0
e4klee,NTA,4.0
e4klee,YTA,3.0
e4klee,YTA,3.0
e4klee,NTA,4.0
e4klee,YTA,4.0
e4klee,NTA,4.0
e4klee,YTA,4.0
e4klee,YTA,4.0
e4klee,NTA,3.0
e4klee,YTA,4.0
e4klee,NTA,4.0
e4klee,YTA,3.0
e4klee,NTA,4.0
e4klee,YTA,4.0
e4klee,YTA,4.0
e4klee,NTA,4.0
e4klee,YTA,4.0
e4klee,YTA,4.0
e4klee,NTA,3.0
e4klee,YTA,3.0
e4klee,YTA,4.0
e4klee,NTA,4.0
e4klee,YTA,3.0
e4klee,NTA,4.0
e4klee,YTA,4.0
e4klee,YTA,2.0
e4klee,YTA,3.0
e4klee,NTA,4.0
e4klee,YTA,4.0
e4klee,YTA,4.0
e4klee,NTA,4.0
e4klee,YTA,4.0
e4klee,YTA,4.0
e4klee,NTA,4.0
e4klee,NTA,4.0
e4klee,YTA,3.0
e4klee,YTA,3.0
e4klee,YTA,1.0
e4klee,YTA,3.0
e4klee,YTA,3.0
e4klee,NTA,4.0
e4klee,NTA,4.0
e4klee,YTA,4.0
e4klee,YTA,3.0
e4klee,YTA,4.0
e4klee,NTA,4.0
e4klee,NTA,4.0
e4klee,NTA,3.0
e4klee,YTA,4.0
e4klee,YTA,4.0
e4klee,YTA,4.0
e4klee,ESH,3.0
e4klee,YTA,3.0
e4klee,YTA,4.0
e4klee,ESH,3.0
e4klee,NTA,4.0
e4klee,NTA,4.0
e4klee,NAH,4.0
e4klee,YTA,4.0
e4klee,NTA,4.0
e4klee,NTA,4.0
e4klee,ESH,2.0
e4klee,NTA,4.0
e4klee,YTA,4.0
e4klee,ESH,3.0
e4klee,NTA,4.0
e4klee,YTA,4.0
e4klee,NAH,3.0
e4klee,NTA,3.0
e4klee,NTA,4.0
e4klee,YTA,3.0
e4klee,ESH,3.0
e4klee,ESH,3.0
e4klee,NTA,4.0
e4klee,NTA,4.0
e4klee,YTA,4.0
e4klee,NTA,4.0
e4klee,YTA,4.0
e4klee,YTA,4.0
e4klee,NTA,4.0
e4klee,YTA,3.0
e4klee,YTA,4.0
e4klee,NTA,4.0
e4klee,NTA,3.0
e4klee,YTA,4.0
e4klee,NTA,4.0
e4klee,NAH,4.0
e4klee,YTA,4.0
e4klee,YTA,3.0
e4klee,ESH,3.0
e4klee,NAH,3.0
e4klee,YTA,3.0
e4klee,NTA,4.0
e4klee,YTA,4.0
e4klee,NTA,4.0
e4klee,ESH,1.0
e4klee,NTA,4.0
e4klee,YTA,4.0
e4klee,YTA,4.0
e4klee,NTA,4.0
e4klee,NTA,4.0
e4klee,YTA,4.0
e5wp9z,NTA,4.0
e5wp9z,NTA,4.0
e5wp9z,NTA,4.0
e5wp9z,NTA,4.0
e5wp9z,NTA,4.0
e5wp9z,NTA,4.0
e5wp9z,NTA,4.0
e5wp9z,NTA,4.0
e5wp9z,NTA,4.0
e5wp9z,ESH,3.0
e5wp9z,NTA,4.0
e5wp9z,NTA,4.0
e5wp9z,NTA,4.0
e5wp9z,NTA,4.0
e5wp9z,ESH,4.0
e5wp9z,NTA,4.0
e5wp9z,ESH,4.0
e5wp9z,NTA,4.0
e5wp9z,ESH,4.0
e5wp9z,NTA,4.0
e5wp9z,NTA,4.0
e5wp9z,NTA,4.0
e5wp9z,NTA,4.0
e5wp9z,ESH,3.0
e5wp9z,YTA,2.0
e5wp9z,NTA,1.0
e5wp9z,YTA,1.0
e5wp9z,ESH,4.0
e5wp9z,NTA,4.0
e5wp9z,NTA,3.0
e5wp9z,NTA,4.0
e5wp9z,NTA,4.0
e5wp9z,ESH,3.0
e5wp9z,NTA,3.0
e5wp9z,NTA,4.0
e5wp9z,NTA,4.0
e5wp9z,ESH,4.0
e5wp9z,NTA,4.0
e5wp9z,YTA,4.0
e5wp9z,YTA,4.0
e5wp9z,YTA,4.0
e5wp9z,NTA,4.0
e5wp9z,NTA,4.0
e5wp9z,YTA,4.0
e5wp9z,ESH,4.0
e5wp9z,NTA,4.0
e5wp9z,NTA,3.0
e5wp9z,NTA,4.0
e5wp9z,YTA,4.0
e5wp9z,NTA,4.0
e5wp9z,YTA,4.0
e5wp9z,ESH,4.0
e5wp9z,NTA,4.0
e5wp9z,ESH,3.0
e5wp9z,ESH,4.0
e5wp9z,ESH,4.0
e5wp9z,NTA,4.0
e5wp9z,NTA,4.0
e5wp9z,NTA,4.0
e5wp9z,NTA,4.0
e5wp9z,ESH,4.0
e5wp9z,NTA,4.0
e5wp9z,NTA,4.0
e5wp9z,NTA,4.0
e5wp9z,NTA,3.0
e5wp9z,NTA,4.0
e5wp9z,NTA,4.0
e5wp9z,ESH,4.0
e5wp9z,NTA,4.0
e5wp9z,NAH,4.0
e5wp9z,NTA,4.0
e5wp9z,YTA,4.0
e5wp9z,NTA,4.0
e5wp9z,YTA,4.0
e5wp9z,YTA,4.0
e5wp9z,ESH,4.0
e5wp9z,NTA,4.0
e5wp9z,ESH,3.0
e5wp9z,YTA,3.0
e5wp9z,ESH,3.0
e5wp9z,NTA,4.0
e5wp9z,YTA,4.0
e5wp9z,ESH,3.0
e5wp9z,NTA,4.0
e5wp9z,NTA,4.0
e5wp9z,NTA,4.0
e5wp9z,NTA,4.0
e5wp9z,NTA,4.0
e5wp9z,NTA,4.0
e5wp9z,NTA,4.0
e5wp9z,NTA,4.0
e5wp9z,NTA,4.0
e5wp9z,ESH,1.0
e5wp9z,NTA,4.0
e5wp9z,NTA,4.0
e5wp9z,NTA,4.0
e5wp9z,NTA,4.0
e5wp9z,NTA,4.0
e5wp9z,ESH,1.0
e5wp9z,YTA,3.0
e5wp9z,NTA,4.0
e5wp9z,ESH,4.0
e5wp9z,YTA,4.0
e5wp9z,ESH,4.0
e5wp9z,NTA,3.0
e5wp9z,YTA,4.0
e5wp9z,NTA,4.0
e5wp9z,NTA,4.0
e5wp9z,ESH,4.0
e5wp9z,ESH,3.0
e5wp9z,YTA,4.0
e5wp9z,ESH,3.0
e5wp9z,NTA,4.0
e5wp9z,NTA,4.0
e5wp9z,YTA,4.0
e5wp9z,ESH,3.0
e5wp9z,NTA,4.0
e5wp9z,YTA,4.0
e5wp9z,NTA,4.0
e5wp9z,NTA,4.0
e5wp9z,ESH,4.0
e5wp9z,ESH,4.0
e5wp9z,ESH,4.0
e5wp9z,NTA,3.0
e5wp9z,NTA,4.0
e5wp9z,NTA,3.0
e5wp9z,ESH,4.0
e5wp9z,ESH,3.0
e5wp9z,NTA,3.0
e5wp9z,ESH,3.0
e5wp9z,NTA,4.0
e5wp9z,ESH,4.0
e5wp9z,ESH,4.0
e5wp9z,YTA,4.0
e5wp9z,NTA,4.0
e5wp9z,YTA,4.0
e5wp9z,NTA,4.0
e5wp9z,ESH,4.0
e5wp9z,NTA,4.0
e5wp9z,ESH,3.0
e5wp9z,YTA,3.0
e5wp9z,NAH,3.0
e5wp9z,ESH,3.0
e5wp9z,ESH,3.0
e5wp9z,ESH,4.0
e5wp9z,NTA,4.0
e5wp9z,NTA,4.0
e5wp9z,NTA,4.0
e5wp9z,NTA,4.0
e5wp9z,NTA,4.0
e5wp9z,NTA,4.0
e5wp9z,NTA,4.0
e5wp9z,NTA,4.0
e5wp9z,ESH,4.0
e5wp9z,YTA,4.0
e5wp9z,NTA,4.0
e5wp9z,ESH,4.0
e5wp9z,NTA,4.0
e5wp9z,ESH,1.0
e5wp9z,NTA,4.0
e5wp9z,YTA,4.0
e5wp9z,YTA,4.0
e5wp9z,ESH,4.0
e5wp9z,NTA,4.0
e5wp9z,YTA,4.0
e5wp9z,YTA,4.0
e5wp9z,YTA,4.0
e5wp9z,NTA,4.0
e5wp9z,YTA,4.0
e5wp9z,ESH,2.0
e5wp9z,ESH,4.0
e5wp9z,ESH,4.0
e5wp9z,NTA,4.0
e5wp9z,NTA,4.0
e5wp9z,NTA,4.0
e5wp9z,NAH,4.0
e5wp9z,NTA,4.0
e5wp9z,YTA,4.0
e5wp9z,ESH,3.0
e5wp9z,ESH,3.0
e5wp9z,NTA,4.0
e5wp9z,NTA,4.0
e5wp9z,ESH,4.0
e5wp9z,ESH,3.0
e5wp9z,YTA,4.0
e5wp9z,NTA,4.0
e5wp9z,NTA,4.0
e5wp9z,ESH,3.0
e5wp9z,YTA,4.0
e5wp9z,NTA,4.0
e5wp9z,ESH,3.0
e5wp9z,YTA,4.0
e5wp9z,NTA,4.0
e5wp9z,ESH,3.0
e5wp9z,YTA,4.0
e5wp9z,NTA,4.0
e5wp9z,YTA,4.0
e5wp9z,ESH,4.0
e5wp9z,ESH,3.0
e5wp9z,ESH,2.0
e5wp9z,YTA,4.0
e5wp9z,ESH,4.0
e5wp9z,YTA,4.0
e5wp9z,YTA,4.0
e5wp9z,NTA,4.0
e5wp9z,ESH,3.0
e5wp9z,NAH,4.0
e5wp9z,ESH,3.0
e5wp9z,YTA,4.0
e5wp9z,ESH,3.0
e5wp9z,YTA,4.0
e5wp9z,ESH,3.0
e5wp9z,ESH,3.0
e5wp9z,YTA,4.0
e5wp9z,YTA,4.0
e5wp9z,YTA,4.0
e5wp9z,NTA,4.0
e5wp9z,ESH,3.0
e5wp9z,NTA,4.0
e5wp9z,YTA,4.0
e5wp9z,YTA,4.0
e5wp9z,YTA,4.0
e5wp9z,NTA,4.0
e5wp9z,YTA,4.0
e5wp9z,ESH,4.0
e5wp9z,ESH,4.0
e5wp9z,ESH,4.0
e5wp9z,ESH,4.0
e5wp9z,ESH,4.0
e5wp9z,NTA,4.0
e5wp9z,ESH,4.0
e5wp9z,YTA,4.0
e5wp9z,ESH,3.0
e5wp9z,ESH,4.0
e5wp9z,ESH,3.0
e5wp9z,NTA,4.0
e5wp9z,NTA,4.0
e5wp9z,ESH,3.0
e5wp9z,ESH,4.0
e5wp9z,NTA,4.0
e5wp9z,YTA,4.0
e5wp9z,ESH,4.0
e5wp9z,ESH,4.0
e5wp9z,NTA,4.0
e5wp9z,YTA,4.0
e5wp9z,NAH,1.0
e5wp9z,NTA,4.0
e5wp9z,ESH,3.0
e5wp9z,NTA,3.0
e5wp9z,YTA,4.0
e5wp9z,ESH,3.0
e5wp9z,ESH,3.0
e5wp9z,YTA,4.0
e5wp9z,NTA,4.0
e5wp9z,NTA,4.0
e5wp9z,NTA,4.0
e5wp9z,NTA,4.0
e5wp9z,ESH,3.0
e5wp9z,ESH,4.0
e5wp9z,ESH,4.0
e5wp9z,NTA,4.0
e5wp9z,YTA,4.0
e5wp9z,NTA,4.0
e5wp9z,ESH,4.0
e5wp9z,NTA,3.0
e5wp9z,NTA,3.0
e5wp9z,NTA,4.0
e5wp9z,NTA,4.0
e5wp9z,NTA,4.0
e5wp9z,ESH,4.0
e5wp9z,YTA,4.0
e5wp9z,ESH,4.0
e5wp9z,YTA,4.0
e5wp9z,ESH,4.0
e5wp9z,NTA,4.0
e5wp9z,NTA,4.0
e5wp9z,ESH,4.0
e5wp9z,YTA,4.0
e5wp9z,ESH,3.0
e5wp9z,YTA,4.0
e5wp9z,NTA,4.0
e5wp9z,NTA,3.0
e5wp9z,YTA,4.0
e5wp9z,ESH,3.0
e5wp9z,ESH,4.0
e5wp9z,YTA,4.0
e5wp9z,NTA,4.0
e5wp9z,YTA,4.0
e5wp9z,YTA,4.0
e5wp9z,ESH,4.0
e5wp9z,YTA,3.0
e5wp9z,ESH,4.0
e5wp9z,YTA,4.0
e5wp9z,ESH,3.0
e5wp9z,ESH,3.0
e5wp9z,NTA,4.0
e5wp9z,YTA,4.0
e5wp9z,NTA,4.0
e5wp9z,YTA,4.0
e5wp9z,ESH,4.0
e5wp9z,YTA,4.0
e5wp9z,YTA,4.0
e5wp9z,ESH,4.0
e5wp9z,YTA,4.0
e5wp9z,YTA,4.0
e5wp9z,NTA,4.0
e5wp9z,YTA,4.0
e5wp9z,YTA,4.0
e5wp9z,YTA,4.0
e5wp9z,YTA,4.0
e5wp9z,YTA,4.0
e5wp9z,NTA,3.0
e5wp9z,ESH,3.0
e5wp9z,NTA,4.0
e5wp9z,ESH,4.0
e5wp9z,NTA,4.0
e5wp9z,NTA,4.0
e5wp9z,NTA,4.0
e5wp9z,NTA,4.0
e5wp9z,NTA,4.0
e5wp9z,NTA,4.0
e5wp9z,NTA,4.0
e5wp9z,YTA,4.0
e5wp9z,ESH,4.0
e5wp9z,NTA,4.0
e5wp9z,NTA,4.0
e5wp9z,YTA,4.0
e5wp9z,YTA,3.0
e5wp9z,ESH,4.0
e5wp9z,NTA,4.0
e5wp9z,YTA,4.0
e5wp9z,ESH,4.0
e5wp9z,ESH,3.0
e5wp9z,NAH,4.0
e5wp9z,NTA,4.0
e5wp9z,ESH,3.0
e5wp9z,YTA,4.0
e5wp9z,NTA,4.0
e5wp9z,YTA,4.0
e5wp9z,YTA,4.0
e5wp9z,YTA,4.0
e5wp9z,ESH,3.0
e5wp9z,ESH,4.0
e5wp9z,NTA,4.0
e5wp9z,YTA,4.0
e5wp9z,ESH,4.0
e5wp9z,ESH,3.0
e5wp9z,ESH,4.0
e5wp9z,ESH,3.0
e5wp9z,ESH,4.0
e5wp9z,NTA,4.0
e5wp9z,ESH,4.0
e5wp9z,YTA,3.0
e5wp9z,ESH,3.0
e5wp9z,ESH,4.0
e5wp9z,ESH,2.0
e5wp9z,ESH,4.0
e5wp9z,NTA,4.0
e5wp9z,ESH,3.0
e5wp9z,YTA,3.0
e5wp9z,YTA,4.0
e5wp9z,YTA,4.0
e5wp9z,YTA,4.0
e5wp9z,NTA,4.0
e5wp9z,YTA,4.0
e5wp9z,NTA,4.0
e5wp9z,NTA,4.0
e5wp9z,ESH,3.0
e5wp9z,NTA,4.0
e5wp9z,NTA,4.0
e5wp9z,NTA,4.0
e5wp9z,YTA,4.0
e5wp9z,YTA,4.0
e5wp9z,YTA,4.0
e5wp9z,YTA,4.0
e5wp9z,NTA,4.0
e5wp9z,YTA,4.0
e5wp9z,YTA,4.0
e5wp9z,NTA,4.0
e5wp9z,NTA,4.0
e5wp9z,YTA,3.0
e5wp9z,NTA,4.0
e5wp9z,ESH,4.0
e5wp9z,YTA,4.0
e5wp9z,NTA,4.0
e5wp9z,ESH,3.0
e5wp9z,YTA,4.0
e5wp9z,YTA,3.0
e5wp9z,YTA,3.0
e5wp9z,NTA,4.0
e5wp9z,YTA,4.0
e5wp9z,NTA,4.0
e5wp9z,YTA,4.0
e5wp9z,NAH,4.0
e5wp9z,YTA,4.0
e5wp9z,NTA,4.0
e5wp9z,NTA,3.0
e5wp9z,ESH,3.0
e5wp9z,ESH,3.0
e5wp9z,YTA,4.0
e5wp9z,NTA,4.0
e5wp9z,ESH,4.0
e5wp9z,NAH,3.0
e5wp9z,YTA,4.0
e5wp9z,YTA,4.0
e5wp9z,ESH,3.0
e5wp9z,YTA,4.0
e5wp9z,NTA,4.0
e5wp9z,YTA,4.0
e5wp9z,NTA,4.0
e5wp9z,YTA,4.0
e5wp9z,YTA,4.0
e5wp9z,YTA,4.0
e5wp9z,ESH,3.0
e5wp9z,ESH,4.0
e5wp9z,YTA,4.0
e5wp9z,NTA,4.0
e5wp9z,ESH,4.0
e5wp9z,YTA,4.0
e5wp9z,YTA,4.0
e5wp9z,NTA,4.0
e5wp9z,YTA,4.0
e5wp9z,NTA,4.0
e5wp9z,NAH,4.0
e5wp9z,YTA,4.0
e5wp9z,NTA,4.0
e5wp9z,NTA,4.0
e5wp9z,YTA,4.0
e5wp9z,NTA,4.0
e5wp9z,NTA,4.0
e5wp9z,NTA,4.0
e5wp9z,NTA,4.0
e5wp9z,YTA,3.0
e5wp9z,YTA,4.0
e5wp9z,YTA,4.0
e5wp9z,NTA,4.0
e5wp9z,ESH,4.0
e5wp9z,ESH,3.0
e5wp9z,ESH,4.0
e5wp9z,ESH,4.0
e5wp9z,NTA,4.0
e5wp9z,YTA,4.0
e5wp9z,NTA,3.0
e5wp9z,ESH,3.0
e5wp9z,ESH,4.0
e5wp9z,NTA,4.0
e5wp9z,NTA,4.0
e5wp9z,NTA,4.0
e5wp9z,NTA,4.0
e5wp9z,ESH,3.0
e5wp9z,NTA,4.0
e5wp9z,ESH,4.0
e5wp9z,NAH,4.0
e5wp9z,YTA,4.0
e5wp9z,YTA,4.0
e5wp9z,ESH,4.0
e5wp9z,ESH,3.0
e5wp9z,ESH,3.0
e5wp9z,ESH,4.0
e5wp9z,NTA,3.0
e5wp9z,ESH,3.0
e5wp9z,ESH,3.0
e5wp9z,YTA,4.0
e5wp9z,YTA,4.0
e5wp9z,ESH,4.0
e5wp9z,YTA,4.0
e5wp9z,ESH,2.0
e5wp9z,NTA,4.0
e5wp9z,NTA,4.0
e5wp9z,NTA,4.0
e5wp9z,YTA,4.0
e5wp9z,YTA,4.0
e5wp9z,NTA,4.0
e5wp9z,NTA,4.0
e5wp9z,NAH,3.0
e5wp9z,ESH,4.0
e5wp9z,YTA,4.0
e5wp9z,YTA,4.0
e5wp9z,ESH,4.0
e5wp9z,ESH,4.0
e5wp9z,YTA,4.0
e5wp9z,NTA,4.0
e5wp9z,NTA,4.0
e5wp9z,YTA,4.0
e5wp9z,YTA,4.0
e5wp9z,YTA,4.0
e5wp9z,ESH,3.0
e5wp9z,ESH,3.0
e5wp9z,NTA,4.0
e5wp9z,ESH,3.0
e5wp9z,NTA,4.0
e5wp9z,YTA,4.0
e5wp9z,ESH,4.0
e5wp9z,NTA,4.0
e5wp9z,YTA,4.0
e5wp9z,NTA,4.0
e5wp9z,ESH,3.0
e5wp9z,NTA,4.0
e5wp9z,NTA,4.0
e5wp9z,ESH,4.0
e5wp9z,ESH,4.0
e5wp9z,ESH,1.0
e5wp9z,ESH,3.0
e5wp9z,NTA,4.0
e5wp9z,YTA,4.0
e5wp9z,NTA,4.0
e5wp9z,ESH,4.0
e5wp9z,ESH,3.0
e5wp9z,NTA,4.0
e5wp9z,YTA,4.0
e5wp9z,NTA,4.0
e5wp9z,ESH,4.0
e5wp9z,NTA,4.0
e5wp9z,ESH,3.0
e5wp9z,YTA,4.0
e5wp9z,ESH,3.0
e5wp9z,YTA,4.0
e5wp9z,ESH,3.0
e5wp9z,YTA,4.0
e5wp9z,YTA,3.0
e5wp9z,NAH,1.0
e5wp9z,NAH,3.0
e5wp9z,YTA,4.0
e5wp9z,NTA,3.0
e5wp9z,YTA,4.0
e5wp9z,YTA,4.0
e5wp9z,NTA,3.0
e5wp9z,YTA,4.0
e5wp9z,NTA,4.0
e5wp9z,ESH,4.0
e5wp9z,YTA,3.0
e5wp9z,NTA,4.0
e5wp9z,ESH,4.0
e5wp9z,ESH,3.0
e5wp9z,YTA,3.0
e5wp9z,ESH,4.0
e5wp9z,NTA,4.0
e5wp9z,YTA,4.0
e5wp9z,NTA,4.0
e5wp9z,YTA,4.0
e5wp9z,YTA,4.0
e5wp9z,YTA,4.0
e5wp9z,ESH,4.0
e5wp9z,NTA,3.0
e5wp9z,ESH,3.0
e5wp9z,ESH,4.0
e5wp9z,ESH,3.0
e5wp9z,YTA,4.0
e5wp9z,ESH,3.0
e5wp9z,ESH,3.0
e5wp9z,NTA,4.0
e5wp9z,NAH,3.0
e5wp9z,ESH,4.0
e5wp9z,YTA,4.0
e5wp9z,NTA,4.0
e5wp9z,YTA,4.0
e5wp9z,NAH,4.0
e5wp9z,YTA,4.0
e5wp9z,NTA,4.0
e5wp9z,ESH,3.0
e5wp9z,NTA,4.0
e5wp9z,YTA,4.0
e5wp9z,NTA,4.0
e5wp9z,YTA,4.0
e5wp9z,YTA,4.0
e5wp9z,YTA,4.0
e5wp9z,ESH,4.0
e5wp9z,NTA,4.0
e5wp9z,NTA,4.0
e5wp9z,YTA,4.0
e5wp9z,NTA,4.0
e5wp9z,NTA,4.0
e5wp9z,ESH,3.0
e5wp9z,YTA,3.0
e5wp9z,ESH,3.0
e5wp9z,YTA,4.0
e5wp9z,YTA,4.0
e5wp9z,ESH,4.0
e5wp9z,YTA,4.0
e5wp9z,YTA,4.0
e5wp9z,ESH,4.0
e5wp9z,YTA,4.0
e5wp9z,YTA,4.0
e5wp9z,YTA,4.0
e5wp9z,NAH,4.0
e5wp9z,ESH,2.0
e5wp9z,NTA,4.0
e5wp9z,NTA,4.0
e5wp9z,NTA,4.0
e5wp9z,YTA,4.0
e5wp9z,YTA,4.0
e5wp9z,NTA,4.0
e5wp9z,YTA,4.0
e5wp9z,NTA,4.0
e5wp9z,YTA,4.0
e5wp9z,NAH,4.0
e5wp9z,YTA,4.0
e5wp9z,YTA,4.0
e5wp9z,ESH,4.0
e5wp9z,YTA,4.0
e5wp9z,NTA,4.0
e5wp9z,ESH,4.0
e5wp9z,ESH,3.0
e5wp9z,YTA,4.0
e5wp9z,ESH,3.0
e5wp9z,NTA,4.0
e5wp9z,YTA,4.0
e5wp9z,ESH,3.0
e5wp9z,YTA,4.0
e5wp9z,NTA,4.0
e5wp9z,ESH,3.0
e5wp9z,YTA,4.0
e5wp9z,YTA,4.0
e5wp9z,ESH,4.0
e5wp9z,NTA,4.0
e5wp9z,YTA,4.0
e5wp9z,NTA,4.0
e5wp9z,ESH,3.0
e5wp9z,YTA,4.0
e5wp9z,ESH,3.0
e5wp9z,ESH,3.0
e5wp9z,NTA,4.0
e5wp9z,NAH,3.0
e5wp9z,YTA,4.0
e5wp9z,NTA,3.0
e5wp9z,YTA,4.0
e5wp9z,YTA,4.0
e5wp9z,ESH,3.0
e5wp9z,ESH,3.0
e5wp9z,NTA,4.0
e5wp9z,NAH,4.0
e5wp9z,NTA,4.0
e5wp9z,YTA,4.0
e5wp9z,NAH,4.0
e5wp9z,NTA,4.0
e5wp9z,NTA,4.0
e5wp9z,ESH,3.0
e5wp9z,NTA,4.0
e5wp9z,ESH,3.0
e5wp9z,NTA,4.0
e5wp9z,YTA,4.0
e5wp9z,NTA,1.0
e5wp9z,NTA,4.0
e5wp9z,NTA,4.0
e5wp9z,ESH,2.0
e5wp9z,YTA,4.0
e5wp9z,YTA,4.0
e5wp9z,NTA,4.0
e5wp9z,ESH,3.0
e5wp9z,ESH,3.0
e5wp9z,ESH,2.0
e5wp9z,NTA,4.0
e5wp9z,ESH,4.0
e5wp9z,ESH,4.0
e5wp9z,YTA,4.0
e5wp9z,YTA,4.0
e5wp9z,NTA,4.0
e5wp9z,ESH,4.0
e5wp9z,YTA,4.0
e5wp9z,YTA,4.0
e5wp9z,ESH,3.0
e5wp9z,YTA,4.0
e5wp9z,YTA,4.0
e5wp9z,YTA,4.0
e5wp9z,YTA,4.0
e5wp9z,ESH,3.0
e5wp9z,NTA,4.0
e5wp9z,ESH,3.0
e5wp9z,NTA,4.0
e5wp9z,ESH,3.0
e5wp9z,NTA,4.0
e5wp9z,YTA,4.0
e5wp9z,NTA,4.0
e5wp9z,NTA,4.0
e5wp9z,YTA,4.0
e5wp9z,NTA,4.0
e5wp9z,YTA,4.0
e5wp9z,ESH,1.0
e5wp9z,ESH,4.0
e5wp9z,NTA,4.0
e5wp9z,YTA,4.0
e5wp9z,NTA,4.0
e5wp9z,NTA,4.0
e5wp9z,YTA,4.0
e5wp9z,NTA,4.0
e5wp9z,NTA,4.0
e5wp9z,ESH,3.0
e5wp9z,NTA,4.0
e5wp9z,YTA,4.0
e5wp9z,YTA,4.0
e5wp9z,YTA,4.0
e5wp9z,YTA,4.0
e5wp9z,NTA,4.0
e5wp9z,NTA,4.0
e5wp9z,NTA,4.0
e5wp9z,ESH,3.0
e5wp9z,NTA,4.0
e5wp9z,NTA,4.0
e5wp9z,ESH,4.0
e5wp9z,YTA,3.0
e5wp9z,ESH,3.0
e5wp9z,NTA,4.0
e5wp9z,YTA,4.0
e5wp9z,NTA,4.0
e5wp9z,NTA,4.0
e5wp9z,ESH,4.0
e5wp9z,NTA,4.0
e5wp9z,YTA,4.0
e5wp9z,YTA,4.0
e5wp9z,YTA,4.0
e5wp9z,YTA,1.0
e5wp9z,NTA,4.0
e5wp9z,YTA,4.0
e5wp9z,NTA,4.0
e5wp9z,NTA,4.0
e5wp9z,ESH,4.0
e5wp9z,YTA,4.0
e5wp9z,ESH,4.0
e5wp9z,YTA,4.0
e5wp9z,NTA,4.0
e5wp9z,ESH,3.0
e5wp9z,YTA,4.0
e5wp9z,YTA,4.0
e5wp9z,NAH,4.0
e5wp9z,NTA,4.0
e5wp9z,NTA,4.0
e5wp9z,NTA,4.0
e5wp9z,NTA,4.0
e5wp9z,ESH,4.0
e5wp9z,ESH,4.0
e5wp9z,YTA,4.0
e5wp9z,NTA,4.0
e5wp9z,ESH,3.0
e5wp9z,NAH,3.0
e5wp9z,ESH,4.0
e5wp9z,NTA,4.0
e5wp9z,NTA,4.0
e5wp9z,NAH,4.0
e5wp9z,ESH,1.0
e5wp9z,NTA,4.0
e5wp9z,ESH,4.0
e5wp9z,YTA,4.0
e5wp9z,NTA,4.0
e5wp9z,NTA,4.0
e5wp9z,NTA,4.0
e5wp9z,YTA,4.0
e5wp9z,YTA,4.0
e5wp9z,NTA,4.0
e5wp9z,NTA,4.0
e5wp9z,NTA,4.0
e5wp9z,NTA,3.0
e5wp9z,NTA,4.0
e5wp9z,NTA,4.0
e5wp9z,NTA,4.0
e5wp9z,YTA,4.0
e5wp9z,YTA,4.0
e5wp9z,NTA,4.0
e5wp9z,NTA,4.0
e5wp9z,NTA,4.0
e5wp9z,ESH,4.0
e5wp9z,ESH,2.0
e5wp9z,NTA,4.0
e5wp9z,YTA,4.0
e5wp9z,ESH,1.0
e5wp9z,NTA,4.0
e5wp9z,YTA,4.0
e5wp9z,YTA,4.0
e5wp9z,YTA,4.0
e5wp9z,YTA,2.0
e5wp9z,YTA,4.0
amo24t,NTA,4.0
amo24t,NTA,4.0
amo24t,NTA,4.0
amo24t,NAH,4.0
amo24t,NTA,4.0
amo24t,NTA,4.0
amo24t,NTA,4.0
amo24t,NTA,4.0
amo24t,NTA,4.0
amo24t,NTA,4.0
amo24t,NTA,4.0
amo24t,NTA,4.0
amo24t,NTA,4.0
amo24t,NTA,4.0
amo24t,NTA,4.0
amo24t,NTA,4.0
amo24t,NTA,4.0
amo24t,NTA,4.0
amo24t,NAH,3.0
amo24t,NTA,4.0
amo24t,NTA,4.0
amo24t,NTA,4.0
amo24t,NTA,4.0
amo24t,NTA,4.0
amo24t,NTA,4.0
amo24t,NTA,4.0
amo24t,NTA,4.0
amo24t,NTA,4.0
amo24t,NTA,4.0
amo24t,NAH,4.0
amo24t,NTA,4.0
amo24t,NTA,4.0
amo24t,YTA,4.0
amo24t,NTA,4.0
amo24t,NTA,4.0
amo24t,NTA,4.0
amo24t,NTA,4.0
amo24t,NAH,4.0
amo24t,NTA,4.0
amo24t,NTA,4.0
amo24t,NTA,4.0
amo24t,NTA,4.0
amo24t,NTA,3.0
amo24t,NTA,4.0
amo24t,NTA,4.0
amo24t,NTA,4.0
amo24t,NTA,4.0
amo24t,NTA,4.0
amo24t,NTA,4.0
amo24t,NTA,4.0
amo24t,NTA,4.0
amo24t,NTA,4.0
amo24t,NAH,3.0
amo24t,NTA,4.0
amo24t,NTA,4.0
amo24t,NTA,4.0
amo24t,NTA,4.0
amo24t,NTA,4.0
amo24t,NTA,4.0
amo24t,NTA,4.0
amo24t,NTA,4.0
amo24t,NTA,4.0
amo24t,NTA,4.0
amo24t,NTA,4.0
amo24t,NTA,4.0
amo24t,NTA,4.0
amo24t,NTA,4.0
amo24t,NTA,4.0
amo24t,NAH,4.0
amo24t,NTA,4.0
amo24t,NTA,4.0
amo24t,NAH,4.0
amo24t,NTA,4.0
amo24t,NTA,4.0
amo24t,NTA,4.0
amo24t,NTA,4.0
amo24t,NAH,4.0
amo24t,NTA,4.0
amo24t,NTA,4.0
amo24t,ESH,1.0
amo24t,NTA,4.0
amo24t,NTA,4.0
amo24t,NTA,4.0
amo24t,NTA,4.0
amo24t,NTA,4.0
amo24t,NTA,4.0
amo24t,NTA,4.0
amo24t,NTA,4.0
amo24t,NTA,4.0
amo24t,NTA,4.0
amo24t,NTA,4.0
amo24t,ESH,3.0
amo24t,NTA,4.0
amo24t,NTA,4.0
amo24t,NTA,4.0
amo24t,NTA,4.0
amo24t,NTA,4.0
amo24t,NTA,4.0
amo24t,NTA,4.0
amo24t,NTA,4.0
amo24t,NTA,4.0
amo24t,NTA,4.0
amo24t,NTA,4.0
amo24t,NTA,4.0
amo24t,NTA,4.0
amo24t,NTA,4.0
amo24t,NTA,4.0
amo24t,NTA,4.0
amo24t,NAH,4.0
amo24t,NTA,4.0
amo24t,NAH,3.0
amo24t,NTA,4.0
amo24t,NTA,4.0
amo24t,NAH,4.0
amo24t,NTA,4.0
amo24t,NTA,4.0
amo24t,NTA,3.0
amo24t,NTA,4.0
amo24t,NTA,4.0
amo24t,NTA,4.0
amo24t,NTA,4.0
amo24t,NTA,4.0
amo24t,NTA,4.0
amo24t,NTA,4.0
amo24t,NTA,4.0
amo24t,NTA,1.0
amo24t,NTA,4.0
amo24t,NTA,4.0
amo24t,NTA,4.0
amo24t,NAH,4.0
amo24t,YTA,4.0
amo24t,NTA,4.0
amo24t,NTA,4.0
amo24t,NTA,4.0
amo24t,NTA,4.0
amo24t,NTA,4.0
amo24t,NTA,4.0
amo24t,NTA,4.0
amo24t,NTA,4.0
amo24t,NTA,4.0
amo24t,NTA,4.0
amo24t,NTA,4.0
amo24t,NAH,4.0
amo24t,NTA,4.0
amo24t,NTA,4.0
amo24t,NTA,4.0
amo24t,NTA,4.0
amo24t,NTA,4.0
amo24t,NTA,4.0
amo24t,NTA,4.0
amo24t,NTA,4.0
amo24t,NTA,4.0
amo24t,NTA,4.0
amo24t,NTA,4.0
amo24t,NTA,4.0
amo24t,NTA,4.0
amo24t,NAH,4.0
amo24t,NAH,3.0
amo24t,NTA,4.0
amo24t,NTA,4.0
amo24t,NTA,4.0
amo24t,NTA,4.0
amo24t,NAH,4.0
amo24t,NTA,4.0
amo24t,NTA,4.0
amo24t,NTA,4.0
amo24t,NTA,4.0
amo24t,NTA,4.0
amo24t,NTA,4.0
amo24t,NAH,3.0
amo24t,NTA,4.0
amo24t,NTA,4.0
amo24t,NTA,4.0
amo24t,NTA,4.0
amo24t,NTA,4.0
amo24t,NTA,4.0
amo24t,NAH,4.0
amo24t,NTA,4.0
amo24t,NTA,4.0
amo24t,NTA,4.0
amo24t,NTA,4.0
amo24t,NTA,4.0
amo24t,NTA,4.0
amo24t,NTA,4.0
amo24t,NTA,4.0
amo24t,NTA,4.0
amo24t,NTA,4.0
amo24t,NTA,4.0
amo24t,NTA,4.0
amo24t,NTA,4.0
amo24t,NTA,4.0
amo24t,NTA,4.0
amo24t,NTA,4.0
amo24t,NAH,3.0
amo24t,NTA,3.0
amo24t,NTA,4.0
amo24t,NTA,4.0
amo24t,NTA,4.0
amo24t,NTA,4.0
amo24t,NTA,4.0
amo24t,NTA,4.0
amo24t,NTA,4.0
amo24t,NTA,4.0
amo24t,NTA,4.0
amo24t,NTA,4.0
amo24t,NTA,4.0
amo24t,NTA,4.0
amo24t,NTA,4.0
amo24t,NTA,4.0
amo24t,NTA,4.0
amo24t,NTA,4.0
amo24t,NTA,4.0
amo24t,NTA,4.0
amo24t,NTA,4.0
amo24t,NTA,4.0
amo24t,NTA,4.0
amo24t,NTA,4.0
amo24t,NTA,4.0
amo24t,YTA,3.0
amo24t,NTA,4.0
amo24t,NTA,4.0
amo24t,NTA,4.0
amo24t,NTA,4.0
amo24t,NTA,4.0
amo24t,NTA,4.0
amo24t,NTA,4.0
amo24t,NTA,4.0
amo24t,NTA,4.0
amo24t,NTA,4.0
amo24t,YTA,4.0
amo24t,NTA,4.0
amo24t,NTA,4.0
amo24t,NTA,4.0
amo24t,NTA,4.0
amo24t,NTA,4.0
amo24t,NTA,4.0
amo24t,NTA,4.0
amo24t,NTA,4.0
amo24t,NTA,4.0
amo24t,NTA,4.0
amo24t,NTA,4.0
amo24t,NTA,4.0
amo24t,NTA,4.0
amo24t,NTA,4.0
amo24t,NAH,4.0
amo24t,NTA,4.0
amo24t,NTA,4.0
amo24t,NTA,4.0
amo24t,NTA,4.0
amo24t,NTA,3.0
amo24t,NTA,4.0
amo24t,NTA,4.0
amo24t,NTA,4.0
amo24t,NTA,4.0
amo24t,NTA,4.0
amo24t,NAH,4.0
amo24t,NTA,4.0
amo24t,NTA,4.0
amo24t,NTA,4.0
amo24t,NAH,4.0
amo24t,NTA,4.0
amo24t,NTA,4.0
amo24t,NTA,4.0
amo24t,NTA,4.0
amo24t,NTA,4.0
amo24t,NTA,4.0
amo24t,NTA,4.0
amo24t,NTA,4.0
amo24t,ESH,4.0
amo24t,NTA,4.0
amo24t,NTA,4.0
amo24t,NTA,4.0
amo24t,NTA,4.0
amo24t,NTA,4.0
amo24t,NAH,4.0
amo24t,NTA,4.0
amo24t,NTA,4.0
amo24t,NTA,4.0
amo24t,NTA,4.0
amo24t,NAH,3.0
amo24t,NTA,4.0
amo24t,NTA,4.0
amo24t,NTA,4.0
amo24t,NTA,4.0
amo24t,NTA,4.0
amo24t,NTA,4.0
amo24t,NTA,4.0
amo24t,NAH,4.0
amo24t,NTA,4.0
amo24t,NTA,4.0
amo24t,NTA,4.0
amo24t,NTA,4.0
amo24t,NTA,4.0
amo24t,NTA,4.0
amo24t,NTA,4.0
amo24t,NTA,4.0
amo24t,NTA,4.0
amo24t,NTA,4.0
amo24t,NTA,4.0
amo24t,NTA,4.0
amo24t,NTA,4.0
amo24t,NTA,4.0
amo24t,NTA,4.0
amo24t,NAH,4.0
amo24t,NTA,4.0
amo24t,NTA,4.0
amo24t,NTA,4.0
amo24t,NTA,4.0
amo24t,NTA,4.0
amo24t,NTA,4.0
amo24t,NTA,4.0
amo24t,NTA,4.0
amo24t,YTA,4.0
amo24t,NTA,4.0
amo24t,NTA,4.0
amo24t,NTA,4.0
amo24t,NTA,4.0
amo24t,NTA,4.0
amo24t,NAH,4.0
amo24t,NTA,4.0
amo24t,NTA,4.0
amo24t,NAH,4.0
amo24t,NTA,4.0
amo24t,NAH,3.0
amo24t,NTA,4.0
amo24t,NTA,4.0
amo24t,NTA,4.0
amo24t,NTA,4.0
amo24t,NAH,3.0
amo24t,YTA,4.0
amo24t,NTA,4.0
amo24t,NTA,4.0
amo24t,YTA,4.0
amo24t,NTA,4.0
amo24t,NTA,4.0
amo24t,NTA,4.0
amo24t,NTA,4.0
amo24t,NTA,4.0
amo24t,NTA,4.0
amo24t,NTA,4.0
amo24t,NTA,4.0
amo24t,NTA,4.0
amo24t,NAH,3.0
amo24t,NTA,4.0
amo24t,NTA,4.0
amo24t,NTA,4.0
amo24t,NTA,4.0
amo24t,NTA,4.0
amo24t,NTA,4.0
amo24t,NTA,4.0
amo24t,NTA,4.0
amo24t,NTA,4.0
amo24t,NTA,4.0
amo24t,YTA,4.0
amo24t,NTA,4.0
amo24t,NTA,4.0
amo24t,NTA,4.0
amo24t,NTA,4.0
amo24t,NTA,4.0
amo24t,NTA,4.0
amo24t,NTA,4.0
amo24t,NTA,4.0
amo24t,NTA,4.0
amo24t,NTA,4.0
amo24t,NTA,4.0
amo24t,NTA,4.0
amo24t,NTA,4.0
amo24t,NTA,4.0
amo24t,NTA,4.0
amo24t,NTA,4.0
amo24t,NTA,4.0
amo24t,NAH,4.0
amo24t,NTA,4.0
amo24t,NTA,4.0
amo24t,NTA,4.0
amo24t,NTA,4.0
amo24t,NTA,4.0
amo24t,NTA,4.0
amo24t,NTA,4.0
amo24t,NTA,4.0
amo24t,NTA,4.0
amo24t,NTA,4.0
amo24t,NTA,4.0
amo24t,NTA,4.0
amo24t,NTA,4.0
amo24t,NTA,4.0
amo24t,NTA,4.0
amo24t,NTA,4.0
amo24t,NTA,4.0
amo24t,NTA,4.0
amo24t,NTA,4.0
amo24t,NTA,4.0
amo24t,NTA,4.0
amo24t,NTA,4.0
amo24t,NTA,4.0
amo24t,NTA,4.0
amo24t,NTA,4.0
amo24t,NTA,4.0
amo24t,NTA,4.0
amo24t,NTA,4.0
amo24t,NTA,4.0
amo24t,NTA,4.0
amo24t,NTA,4.0
amo24t,NTA,4.0
amo24t,NTA,4.0
amo24t,NTA,4.0
amo24t,NTA,4.0
amo24t,NTA,4.0
amo24t,NAH,4.0
amo24t,NTA,3.0
amo24t,NTA,4.0
amo24t,NTA,4.0
amo24t,NTA,4.0
amo24t,NAH,4.0
amo24t,NTA,4.0
amo24t,NTA,4.0
amo24t,NTA,4.0
amo24t,NTA,4.0
amo24t,NTA,4.0
amo24t,NTA,4.0
amo24t,NTA,4.0
amo24t,NTA,4.0
amo24t,YTA,4.0
amo24t,NTA,4.0
amo24t,NTA,4.0
amo24t,NTA,4.0
amo24t,NAH,4.0
amo24t,NAH,3.0
amo24t,NTA,4.0
amo24t,NTA,4.0
amo24t,NTA,4.0
amo24t,NTA,4.0
amo24t,NTA,4.0
amo24t,NTA,4.0
amo24t,NTA,4.0
amo24t,NTA,4.0
amo24t,NTA,4.0
amo24t,NTA,4.0
amo24t,NTA,4.0
amo24t,YTA,3.0
amo24t,NTA,3.0
amo24t,NTA,4.0
amo24t,NTA,4.0
amo24t,NTA,4.0
amo24t,NTA,4.0
amo24t,NTA,4.0
amo24t,NAH,3.0
amo24t,NTA,4.0
amo24t,NTA,4.0
amo24t,NTA,4.0
amo24t,NTA,4.0
amo24t,NTA,4.0
amo24t,NTA,4.0
amo24t,NTA,4.0
amo24t,NTA,4.0
amo24t,NTA,4.0
amo24t,NAH,3.0
amo24t,NTA,4.0
amo24t,NTA,4.0
amo24t,NTA,4.0
amo24t,NTA,4.0
amo24t,NTA,4.0
amo24t,NTA,4.0
amo24t,NTA,4.0
amo24t,NTA,4.0
amo24t,NTA,4.0
amo24t,NTA,4.0
amo24t,NTA,4.0
amo24t,NTA,4.0
amo24t,NTA,4.0
amo24t,NTA,4.0
amo24t,NTA,4.0
amo24t,NTA,4.0
amo24t,NTA,4.0
amo24t,NTA,4.0
amo24t,NTA,4.0
amo24t,NTA,4.0
amo24t,NAH,4.0
amo24t,NTA,3.0
amo24t,NTA,4.0
amo24t,NTA,4.0
amo24t,NTA,4.0
amo24t,NTA,4.0
amo24t,NTA,4.0
amo24t,NTA,4.0
amo24t,NTA,4.0
amo24t,NTA,4.0
amo24t,NTA,4.0
amo24t,NTA,4.0
amo24t,NTA,4.0
amo24t,NTA,4.0
amo24t,NTA,4.0
amo24t,NTA,4.0
amo24t,NTA,4.0
amo24t,YTA,3.0
amo24t,NTA,4.0
amo24t,NTA,4.0
amo24t,NAH,3.0
amo24t,NTA,4.0
amo24t,NTA,4.0
amo24t,NTA,4.0
amo24t,NTA,4.0
amo24t,NTA,4.0
amo24t,NTA,4.0
amo24t,NTA,4.0
amo24t,NTA,4.0
amo24t,NTA,4.0
amo24t,NTA,4.0
amo24t,NTA,4.0
amo24t,NAH,4.0
amo24t,NTA,4.0
amo24t,NTA,4.0
amo24t,NTA,4.0
amo24t,NTA,4.0
amo24t,NTA,4.0
amo24t,NTA,4.0
amo24t,NTA,4.0
amo24t,NTA,4.0
amo24t,NTA,4.0
amo24t,NTA,4.0
amo24t,NTA,4.0
amo24t,NAH,3.0
amo24t,NTA,4.0
amo24t,NTA,4.0
amo24t,NTA,4.0
amo24t,NTA,4.0
amo24t,NTA,4.0
amo24t,NTA,4.0
amo24t,NTA,4.0
amo24t,NTA,4.0
amo24t,NTA,4.0
amo24t,NTA,4.0
amo24t,NTA,4.0
amo24t,NTA,4.0
amo24t,NTA,4.0
amo24t,NTA,4.0
amo24t,NTA,4.0
amo24t,NTA,4.0
amo24t,NTA,4.0
amo24t,NTA,4.0
amo24t,NTA,4.0
amo24t,NTA,3.0
amo24t,NTA,4.0
amo24t,NTA,4.0
amo24t,NTA,4.0
amo24t,NTA,3.0
amo24t,NTA,4.0
amo24t,NTA,4.0
amo24t,NTA,4.0
amo24t,NTA,4.0
amo24t,NTA,4.0
amo24t,NTA,4.0
amo24t,NTA,4.0
amo24t,NTA,4.0
amo24t,NTA,4.0
amo24t,NTA,4.0
amo24t,NTA,4.0
amo24t,NTA,4.0
amo24t,NTA,4.0
amo24t,NTA,4.0
amo24t,NTA,4.0
amo24t,NTA,4.0
amo24t,NTA,4.0
b6jnee,NAH,3.0
b6jnee,YTA,4.0
b6jnee,YTA,4.0
b6jnee,NAH,3.0
b6jnee,YTA,3.0
b6jnee,YTA,4.0
b6jnee,YTA,4.0
b6jnee,YTA,4.0
b6jnee,YTA,4.0
b6jnee,YTA,3.0
b6jnee,YTA,4.0
b6jnee,YTA,4.0
b6jnee,YTA,4.0
b6jnee,YTA,4.0
b6jnee,YTA,4.0
b6jnee,YTA,4.0
b6jnee,YTA,4.0
b6jnee,YTA,4.0
b6jnee,YTA,4.0
b6jnee,YTA,4.0
b6jnee,YTA,4.0
b6jnee,YTA,4.0
b6jnee,YTA,4.0
b6jnee,YTA,4.0
b6jnee,NTA,4.0
b6jnee,YTA,4.0
b6jnee,YTA,4.0
b6jnee,YTA,4.0
b6jnee,YTA,4.0
b6jnee,YTA,4.0
b6jnee,YTA,4.0
b6jnee,YTA,4.0
b6jnee,YTA,4.0
b6jnee,YTA,4.0
b6jnee,YTA,4.0
b6jnee,YTA,4.0
b6jnee,YTA,4.0
b6jnee,YTA,4.0
b6jnee,YTA,4.0
b6jnee,YTA,4.0
b6jnee,YTA,4.0
b6jnee,YTA,4.0
b6jnee,YTA,4.0
b6jnee,YTA,4.0
b6jnee,YTA,4.0
b6jnee,YTA,4.0
b6jnee,YTA,4.0
b6jnee,YTA,4.0
b6jnee,YTA,4.0
b6jnee,NTA,3.0
b6jnee,YTA,4.0
b6jnee,YTA,4.0
b6jnee,YTA,4.0
b6jnee,YTA,4.0
b6jnee,NAH,3.0
b6jnee,YTA,4.0
b6jnee,YTA,4.0
b6jnee,YTA,4.0
b6jnee,YTA,4.0
b6jnee,YTA,4.0
b6jnee,YTA,4.0
b6jnee,YTA,4.0
b6jnee,YTA,3.0
b6jnee,YTA,4.0
b6jnee,YTA,4.0
b6jnee,YTA,4.0
b6jnee,YTA,4.0
b6jnee,YTA,4.0
b6jnee,YTA,4.0
b6jnee,YTA,4.0
b6jnee,YTA,4.0
b6jnee,YTA,4.0
b6jnee,YTA,4.0
b6jnee,YTA,4.0
b6jnee,YTA,4.0
b6jnee,YTA,4.0
b6jnee,YTA,4.0
b6jnee,YTA,4.0
b6jnee,YTA,4.0
b6jnee,YTA,4.0
b6jnee,YTA,4.0
b6jnee,YTA,4.0
b6jnee,YTA,4.0
b6jnee,YTA,4.0
b6jnee,NTA,2.0
b6jnee,NTA,4.0
b6jnee,YTA,4.0
b6jnee,NTA,4.0
b6jnee,YTA,4.0
b6jnee,YTA,4.0
b6jnee,YTA,4.0
b6jnee,YTA,4.0
b6jnee,YTA,4.0
b6jnee,YTA,4.0
b6jnee,YTA,4.0
b6jnee,ESH,4.0
b6jnee,YTA,4.0
b6jnee,YTA,4.0
b6jnee,YTA,4.0
b6jnee,YTA,4.0
b6jnee,YTA,4.0
b6jnee,YTA,4.0
b6jnee,YTA,4.0
b6jnee,YTA,4.0
b6jnee,NAH,3.0
b6jnee,YTA,4.0
b6jnee,YTA,4.0
b6jnee,YTA,4.0
b6jnee,YTA,4.0
b6jnee,YTA,4.0
b6jnee,YTA,4.0
b6jnee,YTA,4.0
b6jnee,YTA,4.0
b6jnee,YTA,4.0
b6jnee,YTA,4.0
b6jnee,YTA,4.0
b6jnee,YTA,4.0
b6jnee,YTA,4.0
b6jnee,YTA,4.0
b6jnee,YTA,3.0
b6jnee,YTA,4.0
b6jnee,YTA,4.0
b6jnee,YTA,4.0
b6jnee,YTA,4.0
b6jnee,YTA,4.0
b6jnee,YTA,4.0
b6jnee,YTA,4.0
b6jnee,YTA,3.0
b6jnee,YTA,4.0
b6jnee,YTA,4.0
b6jnee,YTA,4.0
b6jnee,YTA,4.0
b6jnee,YTA,4.0
b6jnee,YTA,4.0
b6jnee,YTA,4.0
b6jnee,YTA,4.0
b6jnee,YTA,4.0
b6jnee,YTA,4.0
b6jnee,YTA,4.0
b6jnee,YTA,4.0
b6jnee,YTA,4.0
b6jnee,YTA,1.0
b6jnee,YTA,4.0
b6jnee,YTA,4.0
b6jnee,YTA,3.0
b6jnee,YTA,4.0
b6jnee,YTA,4.0
b6jnee,YTA,4.0
b6jnee,YTA,3.0
b6jnee,YTA,4.0
b6jnee,YTA,4.0
b6jnee,YTA,4.0
b6jnee,NTA,4.0
b6jnee,YTA,4.0
b6jnee,YTA,4.0
b6jnee,YTA,4.0
b6jnee,YTA,4.0
b6jnee,YTA,4.0
b6jnee,YTA,4.0
b6jnee,YTA,4.0
b6jnee,YTA,4.0
b6jnee,YTA,4.0
b6jnee,YTA,4.0
b6jnee,YTA,4.0
b6jnee,YTA,4.0
b6jnee,YTA,4.0
b6jnee,YTA,4.0
b6jnee,NTA,4.0
b6jnee,YTA,4.0
b6jnee,YTA,4.0
b6jnee,YTA,4.0
b6jnee,YTA,4.0
b6jnee,YTA,4.0
b6jnee,YTA,4.0
b6jnee,YTA,3.0
b6jnee,YTA,4.0
b6jnee,YTA,4.0
b6jnee,YTA,4.0
b6jnee,YTA,4.0
b6jnee,YTA,4.0
b6jnee,YTA,4.0
b6jnee,YTA,4.0
b6jnee,YTA,4.0
b6jnee,YTA,4.0
b6jnee,YTA,4.0
b6jnee,YTA,4.0
b6jnee,YTA,4.0
b6jnee,YTA,4.0
b6jnee,YTA,4.0
b6jnee,YTA,4.0
b6jnee,YTA,4.0
b6jnee,YTA,4.0
b6jnee,YTA,4.0
b6jnee,NTA,4.0
b6jnee,YTA,4.0
b6jnee,YTA,4.0
b6jnee,YTA,4.0
b6jnee,YTA,4.0
b6jnee,YTA,4.0
b6jnee,YTA,4.0
b6jnee,YTA,4.0
b6jnee,YTA,4.0
b6jnee,YTA,4.0
b6jnee,YTA,4.0
b6jnee,NAH,4.0
b6jnee,YTA,4.0
b6jnee,YTA,4.0
b6jnee,YTA,4.0
b6jnee,YTA,4.0
b6jnee,YTA,4.0
b6jnee,YTA,4.0
b6jnee,YTA,4.0
b6jnee,YTA,4.0
b6jnee,YTA,4.0
b6jnee,YTA,4.0
b6jnee,YTA,4.0
b6jnee,YTA,4.0
b6jnee,YTA,4.0
b6jnee,YTA,4.0
b6jnee,YTA,4.0
b6jnee,YTA,4.0
b6jnee,YTA,1.0
b6jnee,YTA,4.0
b6jnee,YTA,4.0
b6jnee,YTA,4.0
b6jnee,YTA,4.0
b6jnee,YTA,4.0
b6jnee,YTA,4.0
b6jnee,YTA,4.0
b6jnee,YTA,4.0
b6jnee,YTA,4.0
b6jnee,YTA,4.0
b6jnee,YTA,4.0
b6jnee,YTA,4.0
b6jnee,YTA,4.0
b6jnee,YTA,4.0
b6jnee,YTA,4.0
b6jnee,YTA,4.0
b6jnee,YTA,4.0
b6jnee,YTA,4.0
b6jnee,YTA,4.0
b6jnee,YTA,4.0
b6jnee,YTA,4.0
b6jnee,NTA,3.0
b6jnee,YTA,4.0
b6jnee,YTA,4.0
b6jnee,YTA,4.0
b6jnee,YTA,4.0
b6jnee,YTA,4.0
b6jnee,YTA,1.0
b6jnee,YTA,4.0
b6jnee,YTA,4.0
b6jnee,YTA,4.0
b6jnee,YTA,4.0
b6jnee,YTA,4.0
b6jnee,YTA,4.0
b6jnee,YTA,4.0
b6jnee,YTA,4.0
b6jnee,YTA,4.0
b6jnee,NAH,3.0
b6jnee,YTA,3.0
b6jnee,YTA,4.0
b6jnee,YTA,4.0
b6jnee,YTA,4.0
b6jnee,YTA,4.0
b6jnee,YTA,4.0
b6jnee,YTA,4.0
b6jnee,YTA,4.0
b6jnee,YTA,3.0
b6jnee,YTA,4.0
b6jnee,YTA,4.0
b6jnee,YTA,4.0
b6jnee,YTA,4.0
b6jnee,YTA,4.0
b6jnee,YTA,4.0
b6jnee,YTA,4.0
b6jnee,YTA,4.0
b6jnee,YTA,4.0
b6jnee,YTA,4.0
b6jnee,YTA,4.0
b6jnee,YTA,4.0
b6jnee,YTA,4.0
b6jnee,YTA,4.0
b6jnee,YTA,4.0
b6jnee,YTA,4.0
b6jnee,YTA,4.0
b6jnee,YTA,4.0
b6jnee,YTA,4.0
b6jnee,YTA,4.0
b6jnee,YTA,4.0
b6jnee,YTA,4.0
b6jnee,NAH,3.0
b6jnee,YTA,4.0
b6jnee,YTA,4.0
b6jnee,YTA,4.0
b6jnee,YTA,4.0
b6jnee,YTA,4.0
b6jnee,NAH,3.0
b6jnee,YTA,4.0
b6jnee,YTA,4.0
b6jnee,YTA,4.0
b6jnee,YTA,4.0
b7lluf,YTA,4.0
b7lluf,YTA,4.0
b7lluf,YTA,4.0
b7lluf,YTA,4.0
b7lluf,YTA,4.0
b7lluf,YTA,4.0
b7lluf,NTA,4.0
b7lluf,YTA,4.0
b7lluf,YTA,3.0
b7lluf,YTA,4.0
b7lluf,YTA,4.0
b7lluf,YTA,4.0
b7lluf,NTA,4.0
b7lluf,YTA,4.0
b7lluf,YTA,4.0
b7lluf,YTA,4.0
b7lluf,YTA,3.0
b7lluf,YTA,4.0
b7lluf,YTA,3.0
b7lluf,YTA,4.0
b7lluf,YTA,4.0
b7lluf,YTA,4.0
b7lluf,YTA,4.0
b7lluf,YTA,4.0
b7lluf,YTA,4.0
b7lluf,YTA,4.0
b7lluf,YTA,4.0
b7lluf,NTA,4.0
b7lluf,YTA,4.0
b7lluf,YTA,3.0
b7lluf,YTA,4.0
b7lluf,NTA,4.0
b7lluf,YTA,3.0
b7lluf,YTA,4.0
b7lluf,YTA,4.0
b7lluf,YTA,4.0
b7lluf,YTA,4.0
b7lluf,YTA,4.0
b7lluf,YTA,4.0
b7lluf,YTA,4.0
b7lluf,NTA,4.0
b7lluf,NTA,4.0
b7lluf,NTA,4.0
b7lluf,YTA,4.0
b7lluf,YTA,4.0
b7lluf,NTA,4.0
b7lluf,YTA,4.0
b7lluf,YTA,3.0
b7lluf,YTA,4.0
b7lluf,YTA,4.0
b7lluf,YTA,4.0
b7lluf,YTA,4.0
b7lluf,YTA,4.0
b7lluf,YTA,4.0
b7lluf,YTA,4.0
b7lluf,YTA,4.0
b7lluf,YTA,4.0
b7lluf,YTA,4.0
b7lluf,YTA,4.0
b7lluf,YTA,4.0
b7lluf,YTA,4.0
b7lluf,YTA,4.0
b7lluf,YTA,4.0
b7lluf,YTA,4.0
b7lluf,YTA,4.0
b7lluf,YTA,4.0
b7lluf,YTA,4.0
b7lluf,YTA,4.0
b7lluf,YTA,4.0
b7lluf,NTA,4.0
b7lluf,YTA,4.0
b7lluf,YTA,4.0
b7lluf,YTA,4.0
b7lluf,YTA,4.0
b7lluf,YTA,4.0
b7lluf,YTA,4.0
b7lluf,YTA,4.0
b7lluf,YTA,4.0
b7lluf,YTA,4.0
b7lluf,YTA,4.0
b7lluf,YTA,4.0
b7lluf,YTA,4.0
b7lluf,ESH,4.0
b7lluf,YTA,3.0
b7lluf,YTA,4.0
b7lluf,YTA,4.0
b7lluf,YTA,4.0
b7lluf,NTA,4.0
b7lluf,YTA,4.0
b7lluf,YTA,4.0
b7lluf,YTA,4.0
b7lluf,YTA,4.0
b7lluf,YTA,4.0
b7lluf,YTA,4.0
b7lluf,YTA,4.0
b7lluf,YTA,4.0
b7lluf,YTA,3.0
b7lluf,YTA,3.0
b7lluf,YTA,4.0
b7lluf,YTA,4.0
b7lluf,YTA,4.0
b7lluf,YTA,4.0
b7lluf,NTA,4.0
b7lluf,NTA,4.0
b7lluf,YTA,4.0
b7lluf,YTA,4.0
b7lluf,YTA,4.0
b7lluf,YTA,4.0
b7lluf,NTA,4.0
b7lluf,YTA,4.0
b7lluf,YTA,4.0
b7lluf,YTA,4.0
b7lluf,YTA,4.0
b7lluf,YTA,4.0
b7lluf,YTA,4.0
b7lluf,YTA,4.0
b7lluf,YTA,4.0
b7lluf,YTA,3.0
b7lluf,YTA,4.0
b7lluf,YTA,4.0
b7lluf,YTA,4.0
b7lluf,NTA,4.0
b7lluf,YTA,4.0
b7lluf,NTA,4.0
b7lluf,YTA,4.0
b7lluf,YTA,4.0
b7lluf,YTA,4.0
b7lluf,NTA,4.0
b7lluf,YTA,4.0
b7lluf,NTA,4.0
b7lluf,YTA,3.0
b7lluf,YTA,4.0
b7lluf,NTA,4.0
b7lluf,YTA,4.0
b7lluf,YTA,4.0
b7lluf,YTA,4.0
b7lluf,YTA,4.0
b7lluf,YTA,4.0
b7lluf,YTA,4.0
b7lluf,NTA,4.0
b7lluf,YTA,4.0
b7lluf,NTA,4.0
b7lluf,YTA,4.0
b7lluf,YTA,4.0
b7lluf,YTA,4.0
b7lluf,YTA,4.0
b7lluf,NTA,4.0
b7lluf,YTA,4.0
b7lluf,NAH,4.0
b7lluf,YTA,4.0
b7lluf,YTA,4.0
b7lluf,YTA,4.0
b7lluf,YTA,4.0
b7lluf,YTA,4.0
b7lluf,YTA,4.0
b7lluf,YTA,4.0
b7lluf,YTA,4.0
b7lluf,YTA,3.0
b7lluf,YTA,4.0
b7lluf,YTA,4.0
b7lluf,YTA,4.0
b7lluf,NTA,4.0
b7lluf,YTA,4.0
b7lluf,YTA,4.0
b7lluf,YTA,4.0
b7lluf,NTA,1.0
b7lluf,YTA,3.0
b7lluf,YTA,4.0
b7lluf,YTA,4.0
b7lluf,NTA,4.0
b7lluf,NTA,4.0
b7lluf,YTA,4.0
b7lluf,YTA,4.0
b7lluf,YTA,4.0
b7lluf,YTA,4.0
b7lluf,YTA,4.0
b7lluf,NTA,4.0
b7lluf,NTA,4.0
b7lluf,YTA,4.0
b7lluf,NAH,3.0
b7lluf,YTA,4.0
b7lluf,YTA,4.0
b7lluf,YTA,4.0
b7lluf,YTA,4.0
b7lluf,YTA,4.0
b7lluf,YTA,4.0
b7lluf,NTA,4.0
b7lluf,YTA,4.0
b7lluf,YTA,4.0
b7lluf,YTA,4.0
b7lluf,YTA,4.0
b7lluf,YTA,4.0
b7lluf,YTA,4.0
b7lluf,NTA,4.0
b7lluf,YTA,4.0
b7lluf,YTA,4.0
b7lluf,NTA,4.0
b7lluf,YTA,3.0
b7lluf,YTA,4.0
b7lluf,YTA,4.0
b7lluf,YTA,4.0
b7lluf,YTA,4.0
b7lluf,YTA,4.0
b7lluf,NTA,4.0
b7lluf,YTA,4.0
b7lluf,NTA,4.0
b7lluf,YTA,4.0
b7lluf,YTA,4.0
b7lluf,YTA,4.0
b7lluf,YTA,4.0
b7lluf,YTA,4.0
b7lluf,YTA,4.0
b7lluf,YTA,4.0
b7lluf,NTA,4.0
b7lluf,YTA,4.0
b7lluf,YTA,4.0
b7lluf,YTA,4.0
b7lluf,NTA,4.0
b7lluf,YTA,4.0
b7lluf,YTA,4.0
b7lluf,NTA,4.0
b7lluf,YTA,4.0
b7lluf,YTA,4.0
b7lluf,YTA,4.0
b7lluf,YTA,4.0
b7lluf,NTA,4.0
b7lluf,YTA,4.0
b7lluf,YTA,3.0
b7lluf,NTA,4.0
b7lluf,YTA,4.0
b7lluf,YTA,4.0
b7lluf,YTA,4.0
b7lluf,YTA,3.0
b7lluf,YTA,4.0
b7lluf,YTA,4.0
b7lluf,YTA,4.0
b7lluf,YTA,4.0
b7lluf,YTA,4.0
b7lluf,NTA,4.0
b7lluf,YTA,4.0
b7lluf,YTA,4.0
b7lluf,YTA,4.0
b7lluf,YTA,4.0
b7lluf,YTA,4.0
b7lluf,YTA,4.0
b7lluf,YTA,4.0
b7lluf,NTA,4.0
b7lluf,YTA,4.0
b7lluf,YTA,4.0
b7lluf,YTA,4.0
b7lluf,YTA,4.0
b7lluf,YTA,4.0
b7lluf,YTA,4.0
b7lluf,YTA,3.0
b7lluf,YTA,4.0
b7lluf,YTA,4.0
b7lluf,YTA,4.0
b7lluf,NTA,3.0
b7lluf,NTA,4.0
b7lluf,YTA,4.0
b7lluf,YTA,4.0
b7lluf,YTA,4.0
b7lluf,NTA,4.0
b7lluf,NTA,4.0
b7lluf,YTA,4.0
b7lluf,YTA,4.0
b7lluf,YTA,4.0
b7lluf,YTA,4.0
b7lluf,YTA,4.0
b7lluf,YTA,4.0
b7lluf,YTA,4.0
b7lluf,NTA,4.0
b7lluf,YTA,4.0
b7lluf,NTA,4.0
b7lluf,YTA,2.0
b7lluf,YTA,4.0
b7lluf,YTA,4.0
b7lluf,YTA,4.0
b7lluf,NTA,4.0
b7lluf,ESH,3.0
b7lluf,NTA,4.0
b7lluf,YTA,3.0
b7lluf,YTA,4.0
b7lluf,YTA,3.0
b7lluf,YTA,4.0
b7lluf,YTA,4.0
b7lluf,YTA,4.0
b7lluf,NAH,3.0
b7lluf,YTA,4.0
b7lluf,YTA,4.0
b7lluf,YTA,4.0
b7lluf,YTA,4.0
b7lluf,YTA,4.0
b7lluf,YTA,4.0
b7lluf,YTA,4.0
b7lluf,YTA,4.0
b7lluf,YTA,4.0
b7lluf,YTA,4.0
b7lluf,YTA,4.0
b7lluf,YTA,4.0
b7lluf,YTA,3.0
b7lluf,YTA,4.0
b7lluf,YTA,4.0
b7lluf,YTA,4.0
b7lluf,YTA,4.0
b7lluf,NTA,4.0
b7lluf,YTA,4.0
b7lluf,NAH,4.0
b7lluf,NTA,4.0
b7lluf,YTA,4.0
b7lluf,YTA,4.0
b7lluf,YTA,4.0
b7lluf,NTA,4.0
b7lluf,NTA,4.0
b7lluf,NTA,4.0
b7lluf,NTA,4.0
b7lluf,YTA,4.0
b7lluf,YTA,4.0
b7lluf,NTA,1.0
b7lluf,NTA,4.0
b7lluf,NTA,4.0
b7lluf,YTA,4.0
b7lluf,YTA,4.0
b7lluf,YTA,4.0
b7lluf,YTA,4.0
b7lluf,YTA,4.0
b7lluf,YTA,4.0
b7lluf,YTA,4.0
b7lluf,YTA,4.0
b7lluf,YTA,4.0
b7lluf,YTA,4.0
b7lluf,YTA,4.0
b7lluf,YTA,4.0
b7lluf,YTA,4.0
b7lluf,YTA,4.0
b7lluf,YTA,4.0
b7lluf,YTA,4.0
b7lluf,YTA,4.0
b7lluf,YTA,4.0
b7lluf,NAH,4.0
b7lluf,YTA,4.0
b7lluf,YTA,3.0
b7lluf,NTA,4.0
b7lluf,YTA,4.0
b7lluf,YTA,3.0
b7lluf,NTA,4.0
b7lluf,YTA,4.0
b7lluf,YTA,3.0
b7lluf,NTA,4.0
b7lluf,YTA,4.0
b7lluf,ESH,3.0
b7lluf,YTA,4.0
b7lluf,YTA,4.0
b7lluf,NTA,4.0
b7lluf,YTA,4.0
b7lluf,YTA,4.0
b7lluf,YTA,3.0
b7lluf,YTA,4.0
b7lluf,YTA,4.0
b7lluf,ESH,3.0
b7lluf,YTA,4.0
b7lluf,NTA,4.0
b7lluf,YTA,4.0
b7lluf,NTA,3.0
b7lluf,NTA,4.0
b7lluf,YTA,4.0
b7lluf,NTA,4.0
b7lluf,YTA,4.0
b7lluf,YTA,4.0
b7lluf,NTA,4.0
b7lluf,NTA,4.0
b7lluf,YTA,4.0
b7lluf,YTA,4.0
b7lluf,YTA,4.0
b7lluf,YTA,4.0
b7lluf,YTA,4.0
b7lluf,YTA,4.0
b7lluf,YTA,3.0
b7lluf,YTA,4.0
b7lluf,YTA,4.0
b7lluf,NTA,4.0
b7lluf,YTA,4.0
b7lluf,YTA,4.0
b7lluf,YTA,4.0
b7lluf,NTA,4.0
b7lluf,YTA,3.0
b7lluf,YTA,4.0
b7lluf,YTA,4.0
b7lluf,YTA,4.0
b7lluf,YTA,4.0
b7lluf,YTA,4.0
b7lluf,NTA,4.0
b7lluf,YTA,4.0
b7lluf,YTA,4.0
b7lluf,YTA,4.0
b7lluf,YTA,4.0
b7lluf,YTA,4.0
b7lluf,NTA,4.0
b7lluf,YTA,4.0
b7lluf,YTA,4.0
b7lluf,YTA,4.0
b7lluf,YTA,4.0
b7lluf,YTA,4.0
b7lluf,YTA,4.0
b7lluf,YTA,4.0
b7lluf,YTA,4.0
b7lluf,YTA,4.0
b7lluf,NTA,4.0
b7lluf,YTA,4.0
b7lluf,NTA,4.0
b7lluf,NTA,4.0
b7lluf,YTA,4.0
b7lluf,YTA,4.0
b7lluf,YTA,4.0
b7lluf,NTA,4.0
b7lluf,YTA,4.0
b7lluf,NTA,4.0
b7lluf,YTA,4.0
b7lluf,YTA,4.0
b7lluf,YTA,4.0
b7lluf,YTA,4.0
b7lluf,YTA,4.0
b7lluf,YTA,4.0
b7lluf,YTA,3.0
b7lluf,YTA,4.0
b7lluf,YTA,4.0
b7lluf,YTA,4.0
b7lluf,YTA,4.0
b7lluf,YTA,4.0
b7lluf,YTA,4.0
b7lluf,YTA,4.0
b7lluf,NTA,4.0
b7lluf,YTA,4.0
b7lluf,NTA,4.0
b7lluf,YTA,4.0
b7lluf,NTA,4.0
b7lluf,YTA,4.0
b7lluf,YTA,4.0
b7lluf,YTA,4.0
b7lluf,YTA,4.0
b7lluf,YTA,4.0
b7lluf,YTA,4.0
b7lluf,YTA,3.0
b7lluf,YTA,4.0
b7lluf,NTA,4.0
b7lluf,YTA,4.0
b7lluf,YTA,4.0
b7lluf,YTA,4.0
b7lluf,YTA,4.0
b7lluf,YTA,3.0
b7lluf,YTA,4.0
b7lluf,YTA,4.0
b7lluf,YTA,4.0
b7lluf,NTA,4.0
b7lluf,YTA,3.0
b7lluf,YTA,4.0
b7lluf,YTA,4.0
b7lluf,YTA,4.0
b7lluf,YTA,4.0
b7lluf,YTA,4.0
b7lluf,YTA,4.0
b7lluf,YTA,4.0
b7lluf,YTA,4.0
b7lluf,YTA,4.0
b7lluf,YTA,4.0
b7lluf,YTA,3.0
b7lluf,NTA,4.0
b7lluf,YTA,4.0
b7lluf,YTA,4.0
b7lluf,YTA,4.0
b7lluf,YTA,4.0
b7lluf,NTA,4.0
b7lluf,YTA,4.0
b7lluf,NTA,4.0
b7lluf,YTA,4.0
b7lluf,YTA,4.0
b7lluf,YTA,4.0
b7lluf,NTA,4.0
b7lluf,YTA,4.0
b7lluf,YTA,4.0
b7lluf,NTA,4.0
b7lluf,YTA,4.0
b7lluf,YTA,4.0
b7lluf,YTA,4.0
b7lluf,NTA,4.0
b7lluf,YTA,4.0
b7lluf,YTA,4.0
b7lluf,YTA,4.0
b7lluf,NTA,4.0
b7lluf,YTA,4.0
b7lluf,NTA,4.0
b7lluf,YTA,4.0
b7lluf,YTA,4.0
b7lluf,NTA,4.0
b7lluf,YTA,4.0
b7lluf,YTA,4.0
b7lluf,YTA,4.0
b7lluf,ESH,3.0
b7lluf,NTA,4.0
b7lluf,YTA,4.0
b7lluf,YTA,4.0
b7lluf,YTA,4.0
b7lluf,YTA,4.0
b7lluf,YTA,4.0
b7lluf,YTA,4.0
b7lluf,YTA,4.0
b7lluf,YTA,4.0
b7lluf,YTA,3.0
b7lluf,NTA,4.0
b7lluf,NTA,3.0
b7lluf,NTA,4.0
b7lluf,YTA,4.0
b7lluf,YTA,4.0
b7lluf,ESH,3.0
b7lluf,NTA,4.0
b7lluf,YTA,4.0
b7lluf,YTA,4.0
b7lluf,YTA,4.0
b7lluf,YTA,4.0
b7lluf,YTA,4.0
b7lluf,YTA,4.0
b7lluf,YTA,4.0
b7lluf,YTA,4.0
b7lluf,YTA,4.0
b7lluf,YTA,3.0
b7lluf,YTA,4.0
b7lluf,YTA,1.0
b7lluf,NTA,4.0
b7lluf,YTA,4.0
b7lluf,YTA,4.0
b7lluf,YTA,4.0
b7lluf,YTA,4.0
b7lluf,YTA,4.0
b7lluf,YTA,4.0
b7lluf,NAH,3.0
b7lluf,NTA,4.0
b7lluf,NTA,1.0
b7lluf,NTA,3.0
b7lluf,NTA,4.0
b7lluf,YTA,4.0
b7lluf,YTA,4.0
b7lluf,YTA,3.0
b7lluf,YTA,4.0
b7lluf,NTA,4.0
b7lluf,YTA,4.0
b7lluf,NTA,4.0
b7lluf,NTA,4.0
b7lluf,YTA,4.0
b7lluf,YTA,4.0
b7lluf,NTA,4.0
b7lluf,YTA,3.0
b7lluf,YTA,4.0
b7lluf,YTA,4.0
b7lluf,YTA,4.0
b7lluf,YTA,4.0
b7lluf,NTA,4.0
b7lluf,YTA,4.0
b7lluf,YTA,4.0
b7lluf,YTA,4.0
b7lluf,YTA,4.0
b7lluf,YTA,4.0
b7lluf,YTA,4.0
b7lluf,YTA,4.0
b7lluf,YTA,4.0
b7lluf,YTA,4.0
b7lluf,YTA,4.0
b7lluf,YTA,4.0
b7lluf,YTA,4.0
b7lluf,NTA,4.0
b7lluf,NTA,4.0
b7lluf,YTA,4.0
b7lluf,YTA,4.0
b7lluf,NTA,4.0
b7lluf,YTA,4.0
b7lluf,YTA,4.0
b7lluf,NTA,4.0
b7lluf,NTA,4.0
b7lluf,YTA,4.0
b7lluf,YTA,4.0
b7lluf,YTA,4.0
b7lluf,YTA,4.0
b7lluf,YTA,2.0
b7lluf,YTA,4.0
b7lluf,NTA,4.0
b7lluf,YTA,4.0
b7lluf,YTA,4.0
b7lluf,YTA,4.0
b7lluf,YTA,4.0
b7lluf,YTA,4.0
b7lluf,NTA,4.0
b7lluf,YTA,3.0
b7lluf,NTA,4.0
b7lluf,YTA,4.0
b7lluf,YTA,4.0
b7lluf,YTA,4.0
b7lluf,YTA,4.0
b7lluf,YTA,4.0
b7lluf,YTA,4.0
b7lluf,YTA,4.0
b7lluf,YTA,4.0
b7lluf,YTA,4.0
b7lluf,YTA,4.0
b7lluf,YTA,4.0
b7lluf,NTA,4.0
b7lluf,YTA,4.0
b7lluf,YTA,4.0
b7lluf,YTA,4.0
b7lluf,YTA,4.0
b7lluf,YTA,4.0
b7lluf,YTA,4.0
b7lluf,YTA,4.0
b7lluf,NTA,4.0
b7lluf,YTA,4.0
b7lluf,NTA,4.0
b7lluf,NTA,4.0
b7lluf,YTA,4.0
b7lluf,YTA,4.0
b7lluf,NTA,4.0
b7lluf,YTA,4.0
b7lluf,NTA,4.0
b7lluf,YTA,4.0
b7lluf,YTA,2.0
b7lluf,NTA,4.0
b7lluf,YTA,4.0
b7lluf,YTA,3.0
b7lluf,YTA,4.0
b7lluf,YTA,4.0
b7lluf,YTA,4.0
b7lluf,YTA,4.0
b7lluf,YTA,4.0
b7lluf,YTA,4.0
b7lluf,YTA,4.0
b7lluf,NTA,4.0
b7lluf,NTA,4.0
b7lluf,YTA,4.0
b7lluf,YTA,4.0
b7lluf,YTA,4.0
b7lluf,YTA,4.0
b7lluf,NTA,3.0
b7lluf,YTA,4.0
b7lluf,YTA,4.0
b7lluf,YTA,4.0
b7lluf,YTA,4.0
b7lluf,YTA,4.0
b7lluf,YTA,4.0
b7lluf,YTA,4.0
b7lluf,YTA,4.0
b7lluf,YTA,4.0
b7lluf,YTA,3.0
b7lluf,YTA,4.0
b7lluf,YTA,4.0
b7lluf,YTA,4.0
b7lluf,YTA,4.0
b7lluf,YTA,4.0
b7lluf,NTA,4.0
b7lluf,YTA,4.0
b7lluf,YTA,4.0
b7lluf,NTA,4.0
b7lluf,YTA,4.0
b7lluf,YTA,3.0
b7lluf,YTA,4.0
b7lluf,YTA,4.0
b7lluf,NTA,4.0
b7lluf,YTA,4.0
b7lluf,YTA,4.0
b7lluf,YTA,4.0
b7lluf,YTA,4.0
b7lluf,NTA,4.0
b7lluf,YTA,3.0
b7lluf,NTA,4.0
b7lluf,YTA,4.0
b7lluf,NTA,3.0
b7lluf,YTA,4.0
b7lluf,NTA,4.0
b7lluf,NTA,4.0
b7lluf,YTA,4.0
b7lluf,YTA,4.0
b7lluf,NTA,4.0
b7lluf,YTA,4.0
b7lluf,YTA,4.0
b7lluf,NAH,4.0
b7lluf,NTA,4.0
b7lluf,NTA,4.0
b7lluf,YTA,4.0
b7lluf,YTA,4.0
b7lluf,YTA,4.0
b7lluf,NTA,4.0
b7lluf,YTA,4.0
b7lluf,YTA,4.0
b7lluf,YTA,4.0
b7lluf,YTA,3.0
b7lluf,NTA,4.0
b7lluf,YTA,4.0
b7lluf,NTA,4.0
b7lluf,YTA,4.0
b7lluf,YTA,4.0
b7lluf,YTA,4.0
b7lluf,NTA,4.0
b7lluf,NTA,4.0
b7lluf,NTA,4.0
b7lluf,YTA,4.0
b7lluf,YTA,4.0
b7lluf,NTA,4.0
b7lluf,YTA,4.0
b7lluf,YTA,4.0
b7lluf,YTA,4.0
b7lluf,YTA,4.0
b7lluf,ESH,4.0
b7lluf,YTA,4.0
b7lluf,NTA,4.0
b7lluf,NTA,4.0
b7lluf,NTA,4.0
b7lluf,YTA,4.0
b7lluf,YTA,4.0
b7lluf,NTA,4.0
b7lluf,YTA,4.0
b7lluf,YTA,4.0
b7lluf,NTA,4.0
b7lluf,YTA,4.0
b7lluf,YTA,4.0
b7lluf,YTA,4.0
b7lluf,YTA,4.0
b7lluf,YTA,4.0
b7lluf,YTA,4.0
b7lluf,YTA,4.0
b7lluf,YTA,4.0
b7lluf,YTA,4.0
b7lluf,YTA,3.0
b7lluf,NTA,4.0
b7lluf,YTA,4.0
b7lluf,YTA,4.0
b7lluf,YTA,4.0
b7lluf,YTA,4.0
b7lluf,YTA,4.0
b7lluf,NTA,4.0
b7lluf,NTA,4.0
b7lluf,YTA,4.0
b7lluf,NTA,4.0
b7lluf,YTA,4.0
b7lluf,YTA,4.0
b7lluf,ESH,3.0
b7lluf,YTA,4.0
b7lluf,YTA,4.0
b7lluf,YTA,4.0
b7lluf,YTA,4.0
b7lluf,YTA,4.0
b7lluf,NAH,4.0
b7lluf,ESH,2.0
b7lluf,YTA,4.0
b7lluf,YTA,4.0
b7lluf,NAH,3.0
b7lluf,NTA,4.0
b7lluf,YTA,4.0
b7lluf,NTA,4.0
b7lluf,YTA,4.0
b7lluf,YTA,4.0
b7lluf,YTA,4.0
b7lluf,YTA,4.0
b7lluf,ESH,3.0
b7lluf,YTA,4.0
b7lluf,YTA,4.0
b7lluf,NTA,4.0
b7lluf,NTA,4.0
b7lluf,NTA,4.0
b7lluf,YTA,4.0
b7lluf,YTA,4.0
b7lluf,YTA,4.0
b7lluf,NTA,4.0
b7lluf,YTA,4.0
b7lluf,YTA,4.0
b7lluf,NTA,4.0
b7lluf,NTA,4.0
b7lluf,YTA,4.0
b7lluf,YTA,4.0
b7lluf,YTA,4.0
b7lluf,YTA,4.0
b7lluf,YTA,4.0
b7lluf,NTA,4.0
b7lluf,YTA,4.0
b7lluf,NTA,4.0
b7lluf,YTA,4.0
b7lluf,YTA,4.0
b7lluf,YTA,4.0
b7lluf,YTA,4.0
b7lluf,YTA,4.0
b7lluf,NTA,4.0
b7lluf,YTA,4.0
b7lluf,NTA,4.0
b7lluf,YTA,4.0
b7lluf,NTA,4.0
b7lluf,YTA,4.0
b7lluf,YTA,4.0
b7lluf,YTA,4.0
b7lluf,YTA,4.0
b7lluf,YTA,4.0
b7lluf,YTA,4.0
b7lluf,YTA,4.0
b7lluf,YTA,4.0
b7lluf,NTA,4.0
b7lluf,YTA,4.0
b7lluf,ESH,3.0
b7lluf,YTA,4.0
b7lluf,YTA,4.0
b7lluf,YTA,4.0
b7lluf,YTA,4.0
b7lluf,YTA,4.0
b7lluf,YTA,4.0
b7lluf,YTA,4.0
b7lluf,YTA,4.0
b7lluf,NTA,4.0
b7lluf,YTA,4.0
b7lluf,YTA,4.0
b7lluf,YTA,4.0
b7lluf,NTA,4.0
b7lluf,YTA,4.0
b7lluf,YTA,4.0
b7lluf,YTA,4.0
b7lluf,NTA,4.0
b7lluf,YTA,4.0
b7lluf,YTA,4.0
b7lluf,YTA,4.0
b7lluf,YTA,4.0
b7lluf,YTA,4.0
b7lluf,YTA,4.0
b7lluf,NTA,4.0
b7lluf,YTA,4.0
b7lluf,YTA,4.0
b7lluf,YTA,4.0
b7lluf,YTA,4.0
b7na9w,YTA,4.0
b7na9w,NTA,4.0
b7na9w,YTA,4.0
b7na9w,NTA,4.0
b7na9w,NAH,4.0
b7na9w,NAH,4.0
b7na9w,NTA,3.0
b7na9w,NTA,4.0
b7na9w,YTA,4.0
b7na9w,YTA,4.0
b7na9w,YTA,4.0
b7na9w,NTA,4.0
b7na9w,NTA,4.0
b7na9w,NTA,4.0
b7na9w,ESH,1.0
b7na9w,NTA,4.0
b7na9w,YTA,4.0
b7na9w,NTA,4.0
b7na9w,NTA,4.0
b7na9w,NTA,4.0
b7na9w,NTA,4.0
b7na9w,NTA,4.0
b7na9w,NTA,3.0
b7na9w,NTA,4.0
b7na9w,NTA,4.0
b7na9w,NTA,3.0
b7na9w,YTA,4.0
b7na9w,NTA,4.0
b7na9w,YTA,4.0
b7na9w,NTA,4.0
b7na9w,YTA,3.0
b7na9w,NTA,4.0
b7na9w,NAH,3.0
b7na9w,NAH,3.0
b7na9w,NTA,4.0
b7na9w,YTA,4.0
b7na9w,NTA,4.0
b7na9w,NTA,4.0
b7na9w,NTA,4.0
b7na9w,NTA,4.0
b7na9w,YTA,4.0
b7na9w,NAH,3.0
b7na9w,NAH,3.0
b7na9w,NTA,4.0
b7na9w,NTA,4.0
b7na9w,NTA,4.0
b7na9w,NTA,4.0
b7na9w,NTA,4.0
b7na9w,NTA,4.0
b7na9w,NTA,4.0
b7na9w,NTA,4.0
b7na9w,YTA,4.0
b7na9w,NTA,4.0
b7na9w,NTA,4.0
b7na9w,NTA,4.0
b7na9w,NTA,4.0
b7na9w,ESH,1.0
b7na9w,YTA,4.0
b7na9w,NTA,3.0
b7na9w,NTA,4.0
b7na9w,NTA,4.0
b7na9w,NAH,3.0
b7na9w,NTA,4.0
b7na9w,NTA,4.0
b7na9w,NTA,4.0
b7na9w,YTA,4.0
b7na9w,NTA,4.0
b7na9w,NAH,4.0
b7na9w,NAH,3.0
b7na9w,YTA,4.0
b7na9w,NAH,4.0
b7na9w,NTA,4.0
b7na9w,NAH,4.0
b7na9w,NTA,4.0
b7na9w,NTA,4.0
b7na9w,NTA,4.0
b7na9w,NTA,4.0
b7na9w,NTA,4.0
b7na9w,NTA,4.0
b7na9w,NAH,3.0
b7na9w,NAH,4.0
b7na9w,NTA,4.0
b7na9w,NTA,4.0
b7na9w,NTA,4.0
b7na9w,NTA,4.0
b7na9w,YTA,4.0
b7na9w,NTA,4.0
b7na9w,NTA,4.0
b7na9w,NTA,4.0
b7na9w,NTA,4.0
b7na9w,NAH,3.0
b7na9w,NTA,3.0
b7na9w,NTA,4.0
b7na9w,NTA,4.0
b7na9w,NTA,4.0
b7na9w,NAH,3.0
b7na9w,NTA,4.0
b7na9w,NTA,4.0
b7na9w,YTA,4.0
b7na9w,YTA,4.0
b7na9w,NTA,4.0
b7na9w,NTA,3.0
b7na9w,NAH,4.0
b7na9w,NTA,4.0
b7na9w,NAH,4.0
b7na9w,NTA,4.0
b7na9w,NTA,4.0
b7na9w,NTA,4.0
b7na9w,NTA,4.0
b7na9w,YTA,3.0
b7na9w,YTA,4.0
b7na9w,NTA,4.0
b7na9w,NAH,3.0
b7na9w,NTA,4.0
b7na9w,NTA,4.0
b7na9w,YTA,4.0
b7na9w,NTA,4.0
b7na9w,YTA,4.0
b7na9w,NAH,4.0
b7na9w,NTA,4.0
b7na9w,NTA,4.0
b7na9w,NTA,4.0
b7na9w,YTA,4.0
b7na9w,NTA,4.0
b7na9w,NTA,4.0
b7na9w,NTA,4.0
b7na9w,NTA,4.0
b7na9w,NTA,4.0
b7txyk,ESH,4.0
b7txyk,YTA,4.0
b7txyk,NAH,3.0
b7txyk,YTA,4.0
b7txyk,YTA,4.0
b7txyk,YTA,4.0
b7txyk,YTA,4.0
b7txyk,YTA,4.0
b7txyk,YTA,4.0
b7txyk,YTA,2.0
b7txyk,YTA,4.0
b7txyk,YTA,4.0
b7txyk,YTA,4.0
b7txyk,YTA,4.0
b7txyk,YTA,4.0
b7txyk,YTA,4.0
b7txyk,YTA,4.0
b7txyk,YTA,3.0
b7txyk,YTA,4.0
b7txyk,YTA,4.0
b7txyk,YTA,4.0
b7txyk,YTA,4.0
b7txyk,YTA,4.0
b7txyk,YTA,4.0
b7txyk,YTA,4.0
b7txyk,YTA,4.0
b7txyk,YTA,4.0
b7txyk,ESH,3.0
b7txyk,YTA,4.0
b7txyk,YTA,4.0
b7txyk,YTA,4.0
b7txyk,YTA,4.0
b7txyk,NTA,4.0
b7txyk,YTA,4.0
b7txyk,YTA,4.0
b7txyk,YTA,4.0
b7txyk,YTA,4.0
b7txyk,YTA,4.0
b7txyk,NTA,4.0
b7txyk,YTA,4.0
b7txyk,YTA,4.0
b7txyk,YTA,4.0
b7txyk,YTA,4.0
b7txyk,YTA,4.0
b7txyk,YTA,4.0
b7txyk,YTA,4.0
b7txyk,YTA,4.0
b7txyk,YTA,4.0
b7txyk,YTA,4.0
b7txyk,YTA,4.0
b7txyk,YTA,3.0
b7txyk,YTA,4.0
b7txyk,YTA,4.0
b7txyk,NTA,4.0
b7txyk,YTA,4.0
b7txyk,NTA,4.0
b7txyk,ESH,1.0
b7txyk,NTA,4.0
b7txyk,YTA,4.0
b7txyk,NAH,4.0
b7txyk,YTA,4.0
b7txyk,YTA,4.0
b7txyk,YTA,4.0
b7txyk,YTA,4.0
b7txyk,YTA,4.0
b7txyk,YTA,4.0
b7txyk,YTA,4.0
b7txyk,YTA,4.0
b7txyk,YTA,3.0
b7txyk,YTA,4.0
b7txyk,NTA,4.0
b7txyk,NAH,1.0
b7txyk,YTA,4.0
b7txyk,YTA,4.0
b7txyk,YTA,4.0
b7txyk,YTA,4.0
b7txyk,YTA,4.0
b7txyk,NTA,4.0
b7txyk,YTA,4.0
b7txyk,NAH,4.0
b7txyk,YTA,4.0
b7txyk,NTA,4.0
b7txyk,YTA,4.0
b7txyk,YTA,4.0
b7txyk,NAH,3.0
b7txyk,NTA,4.0
b7txyk,YTA,4.0
b7txyk,YTA,4.0
b7txyk,YTA,4.0
b7txyk,YTA,4.0
b7txyk,YTA,4.0
b7txyk,NTA,4.0
b7txyk,YTA,4.0
b7txyk,YTA,4.0
b7txyk,YTA,4.0
b7txyk,YTA,4.0
b7txyk,YTA,3.0
b7txyk,NAH,4.0
b7txyk,YTA,4.0
b7txyk,YTA,4.0
b7txyk,YTA,4.0
b7txyk,YTA,4.0
b7txyk,YTA,4.0
b7txyk,YTA,4.0
b7txyk,NTA,4.0
b7txyk,ESH,3.0
b7txyk,YTA,4.0
b7txyk,YTA,3.0
b7txyk,YTA,4.0
b7txyk,YTA,4.0
b7txyk,YTA,4.0
b7txyk,YTA,4.0
b7txyk,YTA,4.0
b7txyk,YTA,4.0
b7txyk,YTA,4.0
b7txyk,YTA,4.0
b7txyk,YTA,4.0
b7txyk,YTA,4.0
b7txyk,YTA,4.0
b7txyk,YTA,4.0
b7txyk,NTA,3.0
b7txyk,NAH,4.0
b7txyk,YTA,4.0
b7txyk,NAH,4.0
b7txyk,NTA,4.0
b7txyk,YTA,4.0
b7txyk,NTA,4.0
b7txyk,YTA,4.0
b7txyk,YTA,4.0
b7txyk,YTA,4.0
b7txyk,YTA,4.0
b7txyk,YTA,4.0
b7txyk,ESH,1.0
b7txyk,NAH,4.0
b7txyk,YTA,4.0
b7txyk,NTA,3.0
b7txyk,YTA,4.0
b7txyk,YTA,4.0
b7txyk,YTA,3.0
b7txyk,YTA,3.0
b7txyk,NTA,4.0
b7txyk,YTA,4.0
b7txyk,NAH,4.0
b7txyk,YTA,4.0
b7txyk,YTA,4.0
b7txyk,YTA,4.0
b7txyk,NTA,4.0
b7txyk,NTA,4.0
b7txyk,YTA,4.0
b7txyk,NTA,4.0
b7txyk,YTA,4.0
b7txyk,YTA,4.0
barg6e,NTA,4.0
barg6e,NTA,4.0
barg6e,NTA,4.0
barg6e,NTA,4.0
barg6e,NTA,4.0
barg6e,NTA,4.0
barg6e,NTA,4.0
barg6e,NTA,3.0
barg6e,NTA,4.0
barg6e,NTA,3.0
barg6e,NTA,4.0
barg6e,NTA,3.0
barg6e,NTA,4.0
barg6e,NTA,3.0
barg6e,NTA,4.0
barg6e,NTA,3.0
barg6e,NTA,4.0
barg6e,NTA,4.0
barg6e,NTA,4.0
barg6e,NTA,4.0
barg6e,NTA,4.0
barg6e,ESH,3.0
barg6e,NTA,4.0
barg6e,NTA,4.0
barg6e,NTA,4.0
barg6e,NTA,4.0
barg6e,NTA,4.0
barg6e,NTA,3.0
barg6e,NTA,3.0
barg6e,NTA,4.0
barg6e,NTA,4.0
barg6e,NTA,4.0
barg6e,NTA,4.0
barg6e,NTA,4.0
barg6e,NTA,4.0
barg6e,NTA,4.0
barg6e,NTA,4.0
barg6e,NTA,4.0
barg6e,NTA,4.0
barg6e,NTA,4.0
barg6e,NTA,4.0
barg6e,NTA,3.0
barg6e,NTA,4.0
barg6e,NTA,4.0
barg6e,NTA,4.0
barg6e,NTA,4.0
barg6e,NTA,4.0
barg6e,NTA,3.0
barg6e,NTA,4.0
barg6e,NTA,4.0
barg6e,YTA,4.0
barg6e,NTA,4.0
barg6e,NTA,4.0
barg6e,NTA,3.0
barg6e,NTA,4.0
barg6e,NTA,4.0
barg6e,NTA,4.0
barg6e,NTA,4.0
barg6e,NTA,4.0
barg6e,NTA,4.0
barg6e,NTA,4.0
barg6e,NTA,4.0
barg6e,NTA,4.0
barg6e,NTA,3.0
barg6e,NTA,4.0
barg6e,NAH,4.0
barg6e,NTA,4.0
barg6e,NTA,4.0
barg6e,NTA,4.0
barg6e,NTA,4.0
barg6e,NTA,4.0
barg6e,NTA,4.0
barg6e,NTA,4.0
barg6e,NTA,3.0
barg6e,NTA,4.0
barg6e,NTA,4.0
barg6e,NTA,4.0
barg6e,NTA,4.0
barg6e,NTA,4.0
barg6e,NTA,4.0
barg6e,NTA,4.0
barg6e,NTA,4.0
barg6e,ESH,1.0
barg6e,NTA,4.0
barg6e,NTA,4.0
barg6e,NTA,4.0
barg6e,NTA,4.0
barg6e,NTA,4.0
barg6e,NTA,3.0
barg6e,NTA,4.0
barg6e,NTA,4.0
barg6e,NTA,3.0
barg6e,NTA,4.0
barg6e,NTA,4.0
barg6e,NTA,4.0
barg6e,NTA,4.0
barg6e,NTA,4.0
barg6e,YTA,4.0
barg6e,NTA,4.0
barg6e,NTA,4.0
barg6e,NTA,3.0
barg6e,NTA,4.0
barg6e,NTA,3.0
barg6e,NTA,4.0
barg6e,NTA,4.0
barg6e,NTA,4.0
barg6e,NTA,4.0
barg6e,NTA,4.0
barg6e,NTA,4.0
barg6e,NTA,4.0
barg6e,NTA,4.0
barg6e,NTA,4.0
barg6e,NTA,4.0
barg6e,NTA,4.0
barg6e,ESH,2.0
barg6e,NTA,4.0
barg6e,NTA,4.0
barg6e,NTA,4.0
barg6e,NTA,4.0
barg6e,NTA,4.0
barg6e,NTA,4.0
barg6e,NTA,4.0
barg6e,NTA,4.0
barg6e,NTA,4.0
barg6e,NTA,4.0
barg6e,NTA,4.0
barg6e,NTA,4.0
barg6e,NTA,4.0
barg6e,NTA,4.0
barg6e,NTA,4.0
barg6e,NTA,4.0
barg6e,NTA,4.0
barg6e,NTA,4.0
barg6e,NAH,3.0
barg6e,NTA,4.0
barg6e,NTA,4.0
barg6e,NTA,4.0
barg6e,YTA,4.0
barg6e,NTA,3.0
barg6e,NTA,3.0
barg6e,NTA,4.0
barg6e,NTA,4.0
barg6e,NTA,4.0
barg6e,NTA,4.0
barg6e,NTA,4.0
barg6e,NTA,4.0
barg6e,NTA,4.0
barg6e,NTA,4.0
barg6e,NTA,4.0
barg6e,NTA,4.0
barg6e,NTA,4.0
barg6e,NTA,4.0
barg6e,NTA,4.0
barg6e,NTA,4.0
barg6e,NTA,4.0
barg6e,NTA,4.0
barg6e,NTA,4.0
barg6e,ESH,4.0
barg6e,NTA,4.0
barg6e,NTA,4.0
barg6e,NTA,3.0
barg6e,YTA,4.0
barg6e,NTA,3.0
barg6e,NTA,4.0
barg6e,NTA,3.0
barg6e,NTA,4.0
barg6e,NTA,4.0
barg6e,ESH,3.0
barg6e,NTA,4.0
barg6e,NTA,4.0
barg6e,NTA,4.0
barg6e,NTA,4.0
barg6e,NAH,3.0
barg6e,NTA,4.0
barg6e,NTA,4.0
barg6e,NTA,4.0
barg6e,NTA,4.0
barg6e,NTA,4.0
barg6e,NTA,4.0
barg6e,NTA,4.0
barg6e,NTA,4.0
barg6e,NTA,4.0
barg6e,NTA,4.0
barg6e,NTA,4.0
barg6e,NTA,4.0
barg6e,NTA,4.0
barg6e,NTA,4.0
barg6e,NTA,3.0
barg6e,NTA,4.0
barg6e,NTA,3.0
barg6e,NTA,4.0
barg6e,NTA,4.0
barg6e,NTA,4.0
barg6e,NTA,4.0
barg6e,NTA,4.0
barg6e,NTA,4.0
barg6e,NTA,4.0
barg6e,NTA,4.0
barg6e,NTA,4.0
barg6e,NTA,4.0
barg6e,NTA,4.0
barg6e,NTA,4.0
barg6e,NTA,4.0
barg6e,NTA,4.0
barg6e,NTA,4.0
barg6e,NTA,4.0
barg6e,NTA,4.0
barg6e,NTA,4.0
barg6e,NAH,1.0
barg6e,NTA,4.0
barg6e,YTA,4.0
barg6e,YTA,4.0
barg6e,NTA,4.0
barg6e,NTA,3.0
barg6e,NTA,4.0
barg6e,NTA,4.0
barg6e,NTA,4.0
barg6e,NTA,4.0
barg6e,NTA,4.0
barg6e,NTA,4.0
barg6e,NTA,4.0
barg6e,NTA,4.0
barg6e,NTA,4.0
barg6e,NTA,3.0
barg6e,NTA,3.0
barg6e,NTA,4.0
barg6e,NTA,4.0
barg6e,NTA,4.0
barg6e,NTA,4.0
barg6e,NAH,3.0
barg6e,NTA,4.0
barg6e,NTA,4.0
barg6e,NTA,4.0
barg6e,NTA,4.0
barg6e,NTA,4.0
barg6e,NTA,3.0
barg6e,NTA,4.0
barg6e,NTA,4.0
barg6e,NTA,4.0
barg6e,NTA,4.0
barg6e,NTA,4.0
barg6e,NTA,4.0
barg6e,NTA,3.0
barg6e,NTA,4.0
barg6e,NTA,4.0
barg6e,NTA,3.0
barg6e,NTA,4.0
barg6e,NAH,3.0
barg6e,ESH,3.0
barg6e,ESH,3.0
barg6e,NTA,4.0
barg6e,NTA,4.0
barg6e,NTA,4.0
barg6e,NTA,4.0
barg6e,NTA,4.0
barg6e,NTA,4.0
barg6e,NTA,4.0
barg6e,NTA,4.0
barg6e,NTA,4.0
barg6e,NTA,4.0
barg6e,NTA,4.0
barg6e,NTA,4.0
barg6e,NTA,4.0
barg6e,NTA,4.0
barg6e,NTA,4.0
barg6e,NTA,4.0
barg6e,NTA,4.0
barg6e,NTA,1.0
barg6e,NTA,4.0
barg6e,NTA,4.0
barg6e,NTA,4.0
barg6e,NTA,4.0
barg6e,NTA,4.0
barg6e,NTA,4.0
barg6e,NTA,4.0
barg6e,NTA,4.0
barg6e,NTA,4.0
barg6e,NTA,4.0
barg6e,NTA,4.0
barg6e,NTA,4.0
barg6e,NTA,4.0
barg6e,NTA,3.0
barg6e,NTA,4.0
barg6e,NTA,4.0
barg6e,NTA,4.0
barg6e,NTA,4.0
barg6e,NTA,4.0
barg6e,NTA,3.0
barg6e,NTA,4.0
barg6e,NTA,4.0
barg6e,NTA,4.0
barg6e,NTA,4.0
barg6e,NAH,3.0
barg6e,NTA,3.0
barg6e,NTA,4.0
barg6e,NTA,4.0
barg6e,NTA,4.0
barg6e,NTA,4.0
barg6e,NTA,4.0
barg6e,NTA,4.0
barg6e,NTA,4.0
barg6e,NTA,4.0
barg6e,NTA,4.0
barg6e,NTA,4.0
barg6e,NTA,3.0
barg6e,NTA,4.0
barg6e,NTA,4.0
barg6e,NTA,4.0
barg6e,NTA,4.0
barg6e,NAH,4.0
barg6e,NTA,4.0
barg6e,NTA,4.0
barg6e,NTA,4.0
barg6e,NTA,4.0
barg6e,NTA,4.0
barg6e,NTA,4.0
barg6e,NTA,4.0
barg6e,YTA,4.0
barg6e,NTA,4.0
barg6e,NTA,4.0
barg6e,NTA,4.0
barg6e,NTA,4.0
barg6e,NTA,4.0
barg6e,NTA,4.0
barg6e,NTA,4.0
barg6e,NTA,4.0
barg6e,NTA,4.0
barg6e,NTA,4.0
barg6e,NTA,4.0
barg6e,NTA,4.0
barg6e,NTA,4.0
barg6e,NTA,4.0
barg6e,NTA,4.0
barg6e,NTA,4.0
barg6e,NTA,3.0
barg6e,NTA,4.0
barg6e,NTA,4.0
barg6e,NTA,4.0
barg6e,NTA,4.0
barg6e,NTA,4.0
barg6e,NTA,4.0
barg6e,NTA,4.0
barg6e,NTA,4.0
barg6e,NTA,4.0
barg6e,NTA,4.0
barg6e,NTA,3.0
barg6e,NTA,4.0
barg6e,NTA,4.0
barg6e,NTA,4.0
barg6e,NTA,4.0
barg6e,NTA,4.0
barg6e,NTA,4.0
barg6e,NTA,4.0
barg6e,NTA,3.0
barg6e,NAH,3.0
barg6e,NTA,4.0
barg6e,NTA,4.0
barg6e,NTA,4.0
barg6e,NTA,4.0
barg6e,NTA,4.0
barg6e,NTA,4.0
barg6e,NTA,4.0
barg6e,NTA,4.0
barg6e,NTA,4.0
barg6e,NTA,4.0
barg6e,NTA,4.0
barg6e,NTA,4.0
barg6e,NTA,4.0
barg6e,NTA,4.0
barg6e,NTA,3.0
barg6e,NTA,4.0
barg6e,NTA,4.0
barg6e,NTA,4.0
barg6e,NTA,4.0
barg6e,NTA,4.0
barg6e,NTA,4.0
barg6e,NTA,4.0
barg6e,NTA,4.0
barg6e,NTA,4.0
barg6e,NTA,4.0
barg6e,NTA,4.0
barg6e,YTA,4.0
barg6e,NTA,4.0
barg6e,NTA,4.0
barg6e,NTA,4.0
barg6e,ESH,1.0
barg6e,NTA,4.0
barg6e,NTA,4.0
barg6e,NTA,4.0
barg6e,NTA,4.0
barg6e,NTA,4.0
barg6e,NTA,4.0
barg6e,NTA,4.0
barg6e,NTA,3.0
barg6e,NTA,4.0
barg6e,NAH,4.0
barg6e,NTA,4.0
barg6e,NTA,4.0
barg6e,NTA,4.0
barg6e,NTA,4.0
barg6e,NTA,4.0
barg6e,NTA,4.0
barg6e,NTA,4.0
barg6e,NTA,3.0
barg6e,NTA,4.0
barg6e,NTA,4.0
barg6e,NTA,4.0
barg6e,NTA,4.0
barg6e,NTA,4.0
barg6e,NTA,4.0
barg6e,NTA,4.0
barg6e,NTA,4.0
barg6e,YTA,4.0
barg6e,NTA,1.0
barg6e,NTA,4.0
barg6e,NTA,4.0
barg6e,NTA,4.0
barg6e,NTA,4.0
barg6e,NTA,3.0
barg6e,NTA,4.0
barg6e,NTA,4.0
barg6e,NTA,4.0
barg6e,NTA,4.0
barg6e,NTA,4.0
barg6e,NTA,4.0
barg6e,NAH,1.0
barg6e,NTA,4.0
barg6e,NTA,3.0
barg6e,NTA,4.0
barg6e,NTA,4.0
barg6e,NTA,4.0
barg6e,NTA,4.0
barg6e,NTA,4.0
barg6e,NTA,4.0
barg6e,NTA,4.0
barg6e,NTA,4.0
barg6e,NTA,4.0
barg6e,NTA,4.0
barg6e,NTA,4.0
barg6e,NTA,4.0
barg6e,NTA,4.0
barg6e,NTA,4.0
barg6e,NTA,3.0
barg6e,NTA,4.0
barg6e,NTA,4.0
barg6e,NTA,4.0
barg6e,NTA,4.0
barg6e,NTA,4.0
barg6e,NTA,4.0
barg6e,NTA,4.0
barg6e,NTA,3.0
barg6e,NTA,4.0
barg6e,NTA,4.0
barg6e,NTA,4.0
barg6e,NTA,4.0
barg6e,NTA,4.0
barg6e,NTA,3.0
barg6e,YTA,3.0
barg6e,NTA,4.0
barg6e,NTA,4.0
barg6e,NAH,3.0
barg6e,NTA,4.0
barg6e,NTA,4.0
barg6e,NTA,4.0
barg6e,NTA,4.0
barg6e,NTA,4.0
barg6e,NTA,4.0
barg6e,NTA,4.0
barg6e,NTA,4.0
barg6e,NTA,3.0
barg6e,NTA,4.0
barg6e,NTA,4.0
barg6e,NTA,4.0
barg6e,NTA,4.0
barg6e,NTA,4.0
barg6e,NTA,4.0
barg6e,NTA,4.0
barg6e,NTA,4.0
barg6e,NTA,4.0
barg6e,NTA,4.0
barg6e,NTA,4.0
barg6e,NTA,4.0
barg6e,NTA,4.0
barg6e,NTA,4.0
barg6e,NAH,3.0
barg6e,NTA,4.0
barg6e,NTA,4.0
barg6e,NTA,4.0
barg6e,ESH,4.0
barg6e,NTA,3.0
barg6e,NTA,4.0
barg6e,NTA,4.0
barg6e,NTA,4.0
barg6e,NTA,4.0
barg6e,NTA,4.0
barg6e,NTA,4.0
barg6e,NTA,4.0
barg6e,NTA,4.0
barg6e,NTA,4.0
barg6e,NTA,4.0
barg6e,ESH,4.0
barg6e,YTA,3.0
barg6e,NTA,4.0
barg6e,NTA,4.0
barg6e,NTA,4.0
barg6e,NTA,4.0
barg6e,NTA,4.0
barg6e,NTA,4.0
barg6e,NTA,3.0
barg6e,NTA,3.0
barg6e,NTA,4.0
barg6e,YTA,4.0
barg6e,NTA,4.0
barg6e,NTA,4.0
barg6e,NTA,4.0
barg6e,NTA,4.0
barg6e,NTA,4.0
barg6e,NTA,4.0
barg6e,NTA,3.0
barg6e,NTA,4.0
barg6e,ESH,4.0
barg6e,ESH,3.0
barg6e,ESH,3.0
barg6e,NTA,4.0
barg6e,NTA,4.0
barg6e,NTA,3.0
barg6e,NTA,4.0
barg6e,NTA,4.0
barg6e,NTA,4.0
barg6e,NTA,4.0
barg6e,NTA,3.0
barg6e,NTA,4.0
barg6e,NTA,4.0
barg6e,NTA,4.0
barg6e,NTA,4.0
barg6e,NTA,4.0
barg6e,NTA,4.0
barg6e,NTA,4.0
barg6e,NTA,4.0
barg6e,NTA,4.0
barg6e,NTA,4.0
barg6e,NTA,4.0
barg6e,NTA,4.0
barg6e,NTA,4.0
barg6e,NTA,4.0
barg6e,NTA,4.0
barg6e,NTA,4.0
barg6e,NTA,4.0
barg6e,NTA,4.0
barg6e,NTA,4.0
barg6e,NTA,4.0
barg6e,NAH,4.0
barg6e,NTA,3.0
barg6e,NTA,4.0
barg6e,NTA,4.0
barg6e,NTA,4.0
barg6e,NTA,4.0
barg6e,NTA,4.0
barg6e,NTA,4.0
barg6e,NTA,4.0
barg6e,NTA,4.0
barg6e,NTA,4.0
barg6e,NTA,4.0
barg6e,NTA,4.0
barg6e,NTA,4.0
barg6e,NTA,4.0
barg6e,NTA,4.0
barg6e,NTA,4.0
barg6e,NAH,4.0
barg6e,NTA,4.0
barg6e,NTA,4.0
barg6e,NTA,4.0
barg6e,NTA,4.0
barg6e,NTA,4.0
barg6e,NTA,4.0
barg6e,NTA,4.0
barg6e,NTA,4.0
barg6e,NTA,4.0
barg6e,NTA,3.0
barg6e,NTA,4.0
barg6e,NTA,4.0
barg6e,NTA,4.0
barg6e,NTA,4.0
barg6e,NTA,4.0
barg6e,NTA,4.0
barg6e,NTA,4.0
barg6e,NTA,4.0
barg6e,NTA,4.0
barg6e,NTA,4.0
barg6e,NTA,4.0
barg6e,NTA,4.0
barg6e,NTA,4.0
barg6e,NTA,4.0
barg6e,NTA,4.0
barg6e,NTA,4.0
barg6e,NTA,4.0
barg6e,NTA,4.0
barg6e,NAH,4.0
barg6e,NTA,4.0
barg6e,NTA,3.0
barg6e,YTA,4.0
barg6e,NTA,4.0
barg6e,NTA,4.0
barg6e,NTA,4.0
barg6e,NTA,4.0
barg6e,NTA,4.0
barg6e,NTA,4.0
barg6e,NTA,3.0
barg6e,NTA,4.0
barg6e,ESH,3.0
barg6e,NTA,4.0
barg6e,NTA,4.0
barg6e,NTA,4.0
barg6e,NTA,4.0
barg6e,NTA,4.0
barg6e,NTA,4.0
barg6e,ESH,3.0
barg6e,NTA,4.0
barg6e,NTA,4.0
barg6e,NTA,4.0
barg6e,NTA,4.0
barg6e,NTA,4.0
barg6e,NTA,4.0
barg6e,NTA,4.0
barg6e,NTA,4.0
barg6e,NTA,4.0
barg6e,NTA,4.0
barg6e,NTA,4.0
barg6e,NTA,4.0
barg6e,NTA,4.0
barg6e,NTA,3.0
barg6e,NTA,3.0
barg6e,NTA,4.0
barg6e,NTA,4.0
barg6e,NTA,4.0
barg6e,NTA,4.0
barg6e,NAH,4.0
barg6e,NTA,4.0
barg6e,NTA,3.0
barg6e,NTA,3.0
barg6e,NTA,4.0
barg6e,YTA,4.0
barg6e,NTA,4.0
barg6e,ESH,1.0
barg6e,ESH,3.0
barg6e,NTA,4.0
barg6e,NTA,3.0
barg6e,NTA,4.0
barg6e,NTA,4.0
barg6e,NTA,4.0
barg6e,NTA,4.0
barg6e,NTA,4.0
barg6e,NTA,4.0
barg6e,NTA,3.0
barg6e,NTA,4.0
barg6e,NTA,4.0
barg6e,NTA,4.0
barg6e,NTA,4.0
barg6e,NTA,4.0
barg6e,NTA,4.0
barg6e,NTA,4.0
barg6e,NAH,4.0
barg6e,NTA,4.0
barg6e,NTA,4.0
barg6e,NTA,3.0
barg6e,NAH,4.0
barg6e,NTA,4.0
barg6e,NTA,4.0
barg6e,NTA,4.0
barg6e,NTA,4.0
barg6e,NTA,4.0
barg6e,NTA,4.0
barg6e,NTA,4.0
barg6e,NTA,4.0
barg6e,NTA,4.0
barg6e,NTA,4.0
barg6e,NTA,4.0
barg6e,NTA,3.0
barg6e,NTA,3.0
barg6e,NTA,3.0
barg6e,NTA,3.0
barg6e,NTA,4.0
barg6e,NTA,4.0
barg6e,NTA,4.0
barg6e,NTA,4.0
barg6e,NTA,3.0
barg6e,NTA,3.0
barg6e,NTA,4.0
barg6e,NTA,4.0
barg6e,NTA,4.0
barg6e,NTA,4.0
barg6e,NTA,4.0
barg6e,NTA,4.0
barg6e,NTA,4.0
barg6e,NTA,4.0
barg6e,NTA,4.0
barg6e,ESH,3.0
barg6e,NTA,4.0
barg6e,NTA,3.0
barg6e,NTA,4.0
barg6e,NTA,4.0
barg6e,NTA,4.0
barg6e,NTA,4.0
barg6e,NTA,4.0
barg6e,NTA,4.0
barg6e,NTA,4.0
barg6e,NTA,4.0
barg6e,NTA,4.0
barg6e,YTA,4.0
barg6e,NTA,4.0
barg6e,NTA,4.0
barg6e,NTA,4.0
barg6e,NTA,4.0
barg6e,NTA,4.0
barg6e,NTA,4.0
barg6e,NTA,4.0
barg6e,NTA,4.0
barg6e,NTA,3.0
barg6e,NTA,4.0
barg6e,ESH,2.0
barg6e,NTA,4.0
barg6e,NTA,4.0
barg6e,ESH,3.0
barg6e,NTA,4.0
barg6e,NTA,3.0
barg6e,NTA,4.0
barg6e,NTA,4.0
barg6e,NTA,4.0
barg6e,NTA,3.0
barg6e,NAH,3.0
barg6e,NTA,4.0
barg6e,NTA,3.0
barg6e,NTA,4.0
barg6e,NTA,4.0
barg6e,NTA,4.0
barg6e,NAH,3.0
barg6e,NTA,4.0
barg6e,NTA,4.0
barg6e,NTA,4.0
barg6e,NTA,4.0
barg6e,NTA,4.0
barg6e,NTA,4.0
barg6e,NTA,4.0
barg6e,NTA,4.0
barg6e,NTA,4.0
barg6e,NTA,4.0
barg6e,NTA,3.0
barg6e,NTA,4.0
barg6e,NTA,4.0
barg6e,NTA,4.0
barg6e,NTA,3.0
barg6e,NAH,4.0
barg6e,NTA,4.0
barg6e,NTA,4.0
barg6e,NTA,4.0
barg6e,NTA,4.0
barg6e,NTA,4.0
barg6e,NTA,4.0
barg6e,NTA,4.0
barg6e,NTA,4.0
barg6e,ESH,3.0
barg6e,YTA,4.0
barg6e,NTA,4.0
barg6e,NTA,3.0
barg6e,NTA,3.0
barg6e,NTA,4.0
barg6e,NTA,4.0
barg6e,NTA,4.0
barg6e,NTA,4.0
barg6e,NTA,4.0
barg6e,NTA,4.0
barg6e,NTA,4.0
barg6e,NTA,4.0
barg6e,NTA,4.0
barg6e,NTA,4.0
barg6e,YTA,3.0
barg6e,NTA,4.0
barg6e,NTA,4.0
barg6e,NTA,4.0
barg6e,NTA,4.0
barg6e,NTA,3.0
barg6e,NTA,4.0
barg6e,NTA,4.0
barg6e,NTA,4.0
barg6e,NTA,4.0
barg6e,NTA,3.0
barg6e,NTA,4.0
barg6e,NTA,4.0
barg6e,NTA,4.0
barg6e,NTA,4.0
barg6e,NTA,3.0
barg6e,NTA,4.0
barg6e,NTA,4.0
barg6e,NTA,4.0
barg6e,NTA,4.0
barg6e,NTA,4.0
barg6e,NTA,4.0
barg6e,NTA,4.0
barg6e,NTA,4.0
barg6e,NTA,4.0
barg6e,NTA,4.0
barg6e,NTA,4.0
barg6e,NTA,4.0
barg6e,NTA,4.0
barg6e,NTA,4.0
barg6e,NTA,4.0
barg6e,NTA,4.0
barg6e,NTA,4.0
barg6e,NTA,4.0
barg6e,NTA,4.0
barg6e,NTA,4.0
barg6e,NTA,4.0
barg6e,NTA,4.0
barg6e,NTA,4.0
barg6e,NTA,4.0
barg6e,NTA,4.0
barg6e,NTA,4.0
barg6e,NTA,4.0
barg6e,NTA,4.0
barg6e,NTA,3.0
barg6e,NTA,4.0
barg6e,NTA,4.0
barg6e,ESH,3.0
barg6e,NTA,4.0
barg6e,NAH,4.0
barg6e,NTA,4.0
barg6e,NTA,4.0
barg6e,NTA,4.0
barg6e,NTA,4.0
barg6e,NTA,4.0
barg6e,NTA,4.0
barg6e,NTA,4.0
barg6e,NTA,4.0
barg6e,NTA,4.0
barg6e,NTA,4.0
barg6e,NTA,4.0
barg6e,NTA,4.0
barg6e,YTA,4.0
barg6e,NTA,4.0
barg6e,NTA,3.0
barg6e,NTA,4.0
barg6e,NTA,4.0
barg6e,NTA,4.0
barg6e,NTA,4.0
barg6e,NTA,4.0
barg6e,NTA,4.0
barg6e,NTA,4.0
barg6e,NTA,4.0
barg6e,NTA,4.0
barg6e,NTA,4.0
barg6e,NTA,4.0
barg6e,NTA,4.0
barg6e,NTA,4.0
barg6e,NTA,4.0
barg6e,NTA,4.0
barg6e,NTA,4.0
barg6e,NTA,4.0
barg6e,NTA,4.0
barg6e,NTA,4.0
barg6e,NTA,4.0
barg6e,NTA,4.0
barg6e,YTA,4.0
barg6e,NTA,4.0
barg6e,NTA,4.0
barg6e,NTA,3.0
barg6e,NTA,4.0
barg6e,NTA,4.0
barg6e,YTA,3.0
barg6e,YTA,4.0
barg6e,NTA,4.0
barg6e,NTA,3.0
barg6e,NTA,4.0
barg6e,NTA,4.0
barg6e,NTA,4.0
barg6e,NTA,4.0
barg6e,NTA,4.0
barg6e,ESH,3.0
barg6e,NAH,4.0
barg6e,NTA,4.0
barg6e,NTA,4.0
barg6e,NTA,4.0
barg6e,NTA,4.0
barg6e,NTA,4.0
barg6e,NTA,4.0
barg6e,NTA,4.0
barg6e,NTA,4.0
barg6e,NTA,4.0
barg6e,NTA,4.0
barg6e,NTA,4.0
barg6e,NTA,4.0
barg6e,NTA,4.0
barg6e,NTA,3.0
barg6e,NTA,4.0
barg6e,NTA,4.0
barg6e,NTA,4.0
barg6e,ESH,3.0
barg6e,NTA,4.0
barg6e,NTA,4.0
barg6e,NTA,4.0
barg6e,ESH,3.0
barg6e,NAH,3.0
barg6e,NTA,4.0
barg6e,NTA,4.0
barg6e,NTA,4.0
barg6e,NTA,4.0
barg6e,NTA,3.0
barg6e,NTA,4.0
barg6e,NTA,3.0
barg6e,NTA,4.0
barg6e,NTA,4.0
barg6e,NTA,4.0
barg6e,NTA,4.0
barg6e,NTA,4.0
barg6e,NTA,4.0
barg6e,NTA,4.0
barg6e,NTA,3.0
barg6e,YTA,4.0
barg6e,NTA,4.0
barg6e,NTA,4.0
barg6e,NTA,4.0
barg6e,NTA,4.0
barg6e,NTA,4.0
barg6e,NTA,4.0
barg6e,NTA,4.0
barg6e,NAH,3.0
barg6e,NTA,4.0
barg6e,NTA,3.0
barg6e,NTA,4.0
barg6e,NTA,4.0
barg6e,NTA,4.0
barg6e,NTA,4.0
barg6e,NTA,3.0
barg6e,NAH,4.0
barg6e,NTA,4.0
barg6e,NTA,3.0
barg6e,NTA,4.0
barg6e,NTA,4.0
barg6e,NTA,3.0
barg6e,NAH,4.0
barg6e,NTA,4.0
barg6e,NTA,4.0
barg6e,NTA,4.0
barg6e,NTA,4.0
barg6e,NTA,4.0
barg6e,NTA,4.0
barg6e,NTA,4.0
barg6e,NTA,4.0
barg6e,NTA,4.0
barg6e,YTA,4.0
barg6e,NTA,4.0
barg6e,NTA,4.0
barg6e,NTA,4.0
barg6e,NTA,4.0
barg6e,ESH,3.0
barg6e,NTA,3.0
barg6e,NTA,4.0
barg6e,NTA,4.0
barg6e,NTA,4.0
barg6e,NTA,4.0
barg6e,NTA,4.0
barg6e,NTA,4.0
barg6e,NTA,4.0
barg6e,NTA,4.0
barg6e,NTA,4.0
barg6e,NTA,4.0
barg6e,NTA,4.0
barg6e,NTA,4.0
barg6e,NTA,4.0
barg6e,NTA,4.0
barg6e,NTA,4.0
barg6e,NTA,4.0
barg6e,NTA,4.0
barg6e,YTA,4.0
barg6e,NTA,4.0
barg6e,ESH,3.0
barg6e,NTA,4.0
barg6e,NTA,4.0
barg6e,NTA,4.0
barg6e,NTA,4.0
barg6e,NTA,4.0
barg6e,NTA,4.0
barg6e,NTA,4.0
barg6e,NTA,3.0
barg6e,NTA,4.0
barg6e,NTA,3.0
barg6e,NTA,4.0
barg6e,NTA,4.0
barg6e,NTA,4.0
barg6e,NTA,4.0
barg6e,NTA,4.0
barg6e,NTA,4.0
barg6e,NTA,4.0
barg6e,NTA,4.0
barg6e,NTA,4.0
barg6e,NTA,4.0
barg6e,NTA,4.0
barg6e,NTA,4.0
barg6e,NTA,4.0
barg6e,NTA,4.0
barg6e,NTA,4.0
barg6e,ESH,4.0
barg6e,NTA,4.0
barg6e,NTA,4.0
barg6e,NTA,4.0
barg6e,NTA,4.0
barg6e,NTA,4.0
barg6e,NTA,4.0
barg6e,NTA,4.0
barg6e,NTA,4.0
barg6e,NTA,4.0
barg6e,NAH,4.0
barg6e,NTA,4.0
barg6e,NTA,4.0
barg6e,NTA,4.0
barg6e,NTA,4.0
barg6e,NTA,4.0
barg6e,YTA,4.0
barg6e,NTA,4.0
barg6e,NTA,4.0
barg6e,YTA,4.0
barg6e,NTA,3.0
barg6e,NTA,4.0
barg6e,NTA,4.0
barg6e,NTA,4.0
barg6e,NTA,4.0
barg6e,NTA,4.0
barg6e,ESH,3.0
barg6e,NTA,4.0
barg6e,NTA,4.0
barg6e,NTA,4.0
barg6e,NTA,4.0
barg6e,NTA,4.0
barg6e,NTA,4.0
barg6e,NTA,4.0
barg6e,NTA,4.0
barg6e,NTA,4.0
barg6e,NTA,3.0
barg6e,NTA,4.0
barg6e,NTA,4.0
barg6e,NTA,4.0
barg6e,NTA,4.0
barg6e,NTA,4.0
barg6e,NTA,4.0
barg6e,NTA,3.0
barg6e,NTA,4.0
barg6e,NTA,4.0
barg6e,NTA,4.0
barg6e,NTA,4.0
barg6e,NTA,4.0
barg6e,NTA,4.0
barg6e,NTA,4.0
barg6e,NTA,4.0
barg6e,NTA,4.0
barg6e,NTA,4.0
barg6e,NTA,4.0
barg6e,NTA,4.0
barg6e,NTA,4.0
barg6e,NTA,4.0
barg6e,NTA,4.0
barg6e,NTA,4.0
barg6e,NTA,4.0
barg6e,NTA,4.0
barg6e,NTA,4.0
barg6e,NTA,4.0
barg6e,NTA,4.0
barg6e,NTA,4.0
barg6e,NTA,4.0
barg6e,NAH,4.0
barg6e,NTA,4.0
barg6e,YTA,4.0
barg6e,NTA,4.0
barg6e,NTA,4.0
barg6e,NTA,4.0
barg6e,NTA,4.0
barg6e,NTA,4.0
barg6e,NTA,4.0
barg6e,NTA,4.0
barg6e,NTA,4.0
barg6e,NTA,4.0
barg6e,ESH,3.0
barg6e,NTA,3.0
barg6e,NTA,4.0
barg6e,NTA,4.0
barg6e,NTA,4.0
barg6e,NTA,4.0
barg6e,NTA,4.0
barg6e,NTA,4.0
barg6e,NTA,3.0
barg6e,YTA,2.0
barg6e,NTA,4.0
barg6e,NTA,4.0
barg6e,NTA,3.0
barg6e,NTA,4.0
barg6e,NTA,3.0
barg6e,NTA,4.0
barg6e,NTA,4.0
barg6e,NTA,4.0
barg6e,NTA,3.0
barg6e,NTA,4.0
barg6e,NTA,4.0
barg6e,NAH,4.0
barg6e,NTA,4.0
barg6e,NTA,4.0
barg6e,NTA,4.0
barg6e,ESH,3.0
barg6e,NTA,4.0
barg6e,NTA,4.0
barg6e,NTA,4.0
barg6e,NTA,3.0
barg6e,NTA,4.0
barg6e,NTA,4.0
barg6e,NTA,4.0
barg6e,NTA,4.0
barg6e,NTA,4.0
barg6e,NTA,4.0
barg6e,NTA,4.0
barg6e,NTA,4.0
barg6e,NTA,4.0
barg6e,NTA,4.0
barg6e,NTA,4.0
barg6e,NTA,4.0
barg6e,NTA,4.0
barg6e,NTA,4.0
barg6e,NTA,4.0
barg6e,NTA,4.0
barg6e,ESH,1.0
barg6e,NTA,4.0
barg6e,NTA,4.0
barg6e,NTA,4.0
barg6e,NTA,4.0
barg6e,NTA,4.0
barg6e,NTA,4.0
barg6e,NTA,4.0
barg6e,NTA,4.0
barg6e,NTA,4.0
barg6e,NTA,3.0
barg6e,NTA,4.0
barg6e,NTA,4.0
barg6e,NTA,4.0
barg6e,NTA,4.0
barg6e,NTA,4.0
barg6e,NTA,4.0
barg6e,NTA,4.0
barg6e,NTA,4.0
barg6e,ESH,3.0
barg6e,NTA,4.0
barg6e,NTA,4.0
barg6e,NTA,4.0
barg6e,NTA,4.0
barg6e,NTA,3.0
barg6e,NTA,4.0
barg6e,NTA,4.0
barg6e,NTA,4.0
barg6e,NTA,4.0
barg6e,NTA,4.0
barg6e,NTA,4.0
barg6e,NTA,4.0
barg6e,NTA,4.0
barg6e,NTA,4.0
barg6e,NTA,4.0
barg6e,NTA,4.0
barg6e,NTA,4.0
barg6e,NTA,4.0
barg6e,NTA,4.0
barg6e,NTA,4.0
barg6e,YTA,4.0
barg6e,NTA,4.0
barg6e,NTA,4.0
barg6e,NTA,4.0
barg6e,NTA,4.0
barg6e,NTA,3.0
barg6e,NTA,4.0
barg6e,NTA,4.0
barg6e,NTA,4.0
barg6e,NTA,4.0
barg6e,NTA,4.0
barg6e,NTA,4.0
barg6e,NTA,4.0
barg6e,NTA,4.0
barg6e,NTA,4.0
barg6e,NTA,4.0
barg6e,NTA,4.0
barg6e,NTA,4.0
barg6e,NTA,4.0
barg6e,NTA,4.0
barg6e,NTA,4.0
barg6e,NTA,4.0
barg6e,NTA,4.0
barg6e,NTA,4.0
barg6e,NTA,4.0
barg6e,NTA,4.0
barg6e,NTA,4.0
barg6e,NTA,3.0
barg6e,NAH,4.0
barg6e,NTA,4.0
barg6e,NTA,4.0
barg6e,NTA,4.0
barg6e,NTA,4.0
barg6e,NTA,3.0
barg6e,NTA,4.0
barg6e,NTA,4.0
barg6e,NTA,4.0
barg6e,NTA,4.0
barg6e,NTA,4.0
barg6e,NTA,4.0
barg6e,NTA,4.0
barg6e,NTA,4.0
barg6e,NTA,3.0
barg6e,NTA,4.0
barg6e,NTA,3.0
barg6e,NTA,4.0
barg6e,NTA,4.0
barg6e,NTA,4.0
barg6e,NTA,4.0
barg6e,YTA,4.0
barg6e,YTA,1.0
barg6e,NTA,4.0
barg6e,NTA,4.0
barg6e,NTA,4.0
barg6e,NTA,4.0
barg6e,NTA,4.0
barg6e,NTA,4.0
barg6e,NTA,4.0
barg6e,NTA,3.0
barg6e,NTA,4.0
barg6e,NTA,4.0
barg6e,NTA,4.0
barg6e,YTA,4.0
barg6e,NTA,4.0
barg6e,NTA,4.0
barg6e,NTA,4.0
barg6e,NTA,4.0
barg6e,NTA,4.0
barg6e,NTA,4.0
barg6e,NTA,4.0
barg6e,NTA,4.0
barg6e,NTA,4.0
barg6e,NTA,4.0
barg6e,NTA,4.0
barg6e,NTA,4.0
barg6e,NTA,4.0
barg6e,NTA,4.0
barg6e,NTA,4.0
barg6e,NTA,4.0
barg6e,NTA,4.0
barg6e,NTA,4.0
barg6e,NTA,4.0
barg6e,NTA,4.0
barg6e,NTA,4.0
barg6e,NTA,4.0
barg6e,YTA,4.0
barg6e,NAH,4.0
barg6e,NTA,4.0
barg6e,NTA,4.0
barg6e,NTA,4.0
barg6e,NTA,4.0
barg6e,NTA,4.0
barg6e,NAH,4.0
barg6e,NTA,4.0
barg6e,NTA,4.0
barg6e,NTA,4.0
barg6e,YTA,3.0
barg6e,NTA,3.0
barg6e,NTA,4.0
barg6e,NTA,4.0
barg6e,NTA,4.0
barg6e,NTA,4.0
barg6e,NTA,4.0
barg6e,NTA,4.0
barg6e,NTA,4.0
barg6e,NTA,4.0
barg6e,NTA,4.0
barg6e,NTA,4.0
barg6e,NTA,4.0
barg6e,NTA,4.0
barg6e,NTA,4.0
barg6e,NTA,4.0
barg6e,NTA,4.0
barg6e,NTA,4.0
barg6e,NTA,4.0
barg6e,NTA,4.0
barg6e,NTA,4.0
barg6e,NTA,4.0
barg6e,NTA,4.0
barg6e,NTA,4.0
barg6e,NTA,3.0
barg6e,NTA,4.0
barg6e,NTA,4.0
barg6e,NTA,4.0
barg6e,NTA,4.0
barg6e,NTA,3.0
barg6e,NTA,4.0
barg6e,NTA,4.0
barg6e,NTA,4.0
barg6e,NTA,4.0
barg6e,NTA,4.0
barg6e,NTA,4.0
barg6e,NTA,4.0
barg6e,NTA,1.0
barg6e,NTA,4.0
barg6e,NTA,4.0
barg6e,NTA,4.0
barg6e,NTA,3.0
barg6e,NTA,4.0
barg6e,NTA,4.0
barg6e,NTA,4.0
barg6e,NTA,4.0
barg6e,NTA,3.0
barg6e,NTA,4.0
barg6e,ESH,3.0
barg6e,YTA,4.0
barg6e,NTA,4.0
barg6e,NTA,4.0
barg6e,YTA,2.0
barg6e,NTA,4.0
barg6e,NTA,4.0
barg6e,NTA,3.0
barg6e,NTA,4.0
barg6e,NTA,4.0
barg6e,NTA,4.0
barg6e,NTA,4.0
barg6e,NTA,4.0
barg6e,NTA,4.0
barg6e,NTA,4.0
barg6e,NTA,4.0
barg6e,NTA,4.0
barg6e,NTA,4.0
barg6e,NTA,3.0
barg6e,NTA,2.0
barg6e,NTA,4.0
barg6e,NTA,4.0
barg6e,NTA,4.0
barg6e,YTA,4.0
barg6e,YTA,3.0
barg6e,YTA,4.0
barg6e,NTA,3.0
barg6e,NTA,4.0
barg6e,NTA,4.0
barg6e,NTA,4.0
barg6e,NTA,4.0
barg6e,NTA,4.0
barg6e,NTA,4.0
barg6e,NTA,4.0
barg6e,NTA,4.0
barg6e,NTA,4.0
barg6e,NTA,4.0
barg6e,NTA,4.0
barg6e,NTA,4.0
barg6e,YTA,3.0
barg6e,NTA,4.0
barg6e,NTA,4.0
barg6e,NTA,4.0
barg6e,NTA,4.0
barg6e,NTA,4.0
barg6e,NTA,4.0
barg6e,NTA,4.0
barg6e,ESH,3.0
barg6e,NTA,4.0
barg6e,NTA,4.0
barg6e,NTA,4.0
barg6e,NTA,4.0
barg6e,NTA,3.0
barg6e,NTA,4.0
barg6e,NTA,4.0
barg6e,NTA,4.0
barg6e,NTA,4.0
barg6e,NTA,4.0
barg6e,NTA,4.0
barg6e,NTA,4.0
barg6e,ESH,4.0
barg6e,NTA,4.0
barg6e,NTA,3.0
barg6e,YTA,4.0
barg6e,NTA,4.0
barg6e,NTA,4.0
barg6e,NTA,4.0
barg6e,NTA,4.0
barg6e,NTA,4.0
barg6e,NTA,4.0
barg6e,NTA,4.0
barg6e,NTA,4.0
barg6e,NTA,4.0
barg6e,NTA,4.0
barg6e,NTA,4.0
barg6e,NAH,4.0
barg6e,NTA,4.0
barg6e,NTA,4.0
barg6e,NTA,4.0
barg6e,NTA,4.0
barg6e,NTA,4.0
barg6e,NTA,4.0
barg6e,NTA,4.0
barg6e,NTA,4.0
barg6e,NTA,4.0
barg6e,NAH,4.0
barg6e,YTA,4.0
barg6e,NTA,4.0
barg6e,NTA,4.0
barg6e,NTA,4.0
barg6e,NTA,4.0
barg6e,NTA,4.0
barg6e,NTA,4.0
barg6e,NTA,4.0
barg6e,NTA,4.0
barg6e,NAH,3.0
barg6e,NTA,4.0
barg6e,NTA,4.0
barg6e,NTA,4.0
barg6e,NTA,4.0
barg6e,NTA,4.0
barg6e,NTA,4.0
barg6e,NTA,4.0
barg6e,NTA,4.0
barg6e,NTA,4.0
barg6e,NTA,4.0
barg6e,NTA,4.0
barg6e,NTA,4.0
barg6e,NTA,4.0
barg6e,NTA,4.0
barg6e,NTA,4.0
barg6e,NTA,4.0
barg6e,NTA,4.0
barg6e,ESH,3.0
barg6e,NTA,4.0
barg6e,NTA,4.0
barg6e,NTA,4.0
barg6e,NTA,4.0
barg6e,NTA,3.0
barg6e,NTA,4.0
barg6e,NTA,4.0
barg6e,NAH,3.0
barg6e,NTA,4.0
barg6e,NTA,4.0
barg6e,ESH,3.0
barg6e,NTA,4.0
barg6e,NTA,4.0
barg6e,YTA,3.0
barg6e,NTA,4.0
barg6e,NTA,4.0
barg6e,NTA,4.0
barg6e,NTA,4.0
barg6e,NTA,3.0
barg6e,NTA,4.0
barg6e,NTA,3.0
barg6e,NTA,4.0
barg6e,NTA,4.0
barg6e,NTA,4.0
barg6e,NTA,4.0
barg6e,NTA,4.0
barg6e,NTA,4.0
barg6e,NTA,4.0
barg6e,YTA,4.0
barg6e,NTA,4.0
barg6e,NTA,4.0
barg6e,NTA,4.0
barg6e,NTA,3.0
barg6e,NTA,4.0
barg6e,NTA,4.0
barg6e,NTA,4.0
barg6e,NTA,4.0
barg6e,NAH,4.0
barg6e,NTA,4.0
barg6e,NTA,4.0
barg6e,YTA,4.0
barg6e,YTA,4.0
barg6e,YTA,4.0
barg6e,NTA,4.0
barg6e,NTA,4.0
barg6e,NTA,4.0
barg6e,YTA,4.0
barg6e,NTA,4.0
barg6e,NTA,4.0
barg6e,NTA,4.0
barg6e,NTA,4.0
barg6e,NTA,4.0
barg6e,NTA,4.0
barg6e,NAH,4.0
barg6e,NTA,4.0
barg6e,NTA,4.0
barg6e,NTA,4.0
barg6e,NTA,3.0
barg6e,YTA,4.0
barg6e,NTA,4.0
barg6e,NTA,4.0
barg6e,NTA,4.0
barg6e,NTA,4.0
barg6e,YTA,4.0
barg6e,NTA,4.0
barg6e,NTA,4.0
barg6e,NTA,4.0
barg6e,NTA,4.0
barg6e,NTA,4.0
barg6e,NTA,4.0
barg6e,NTA,4.0
barg6e,NTA,4.0
barg6e,NTA,4.0
barg6e,NTA,4.0
barg6e,NTA,4.0
barg6e,NTA,4.0
barg6e,NTA,4.0
barg6e,NTA,4.0
barg6e,NTA,4.0
barg6e,NTA,4.0
barg6e,NTA,3.0
barg6e,NTA,4.0
barg6e,NTA,4.0
barg6e,NTA,4.0
barg6e,NTA,4.0
barg6e,NTA,4.0
barg6e,NTA,3.0
barg6e,YTA,3.0
barg6e,NTA,4.0
barg6e,NTA,4.0
barg6e,NTA,4.0
barg6e,NTA,4.0
barg6e,NTA,4.0
barg6e,NTA,4.0
barg6e,YTA,4.0
barg6e,NTA,4.0
barg6e,NTA,3.0
barg6e,NTA,4.0
barg6e,NTA,4.0
barg6e,NTA,4.0
barg6e,NTA,3.0
barg6e,NTA,4.0
barg6e,NTA,4.0
barg6e,NTA,4.0
barg6e,NTA,4.0
barg6e,NTA,4.0
barg6e,NAH,1.0
barg6e,NTA,4.0
barg6e,NTA,4.0
barg6e,NTA,4.0
barg6e,NTA,4.0
barg6e,NTA,4.0
barg6e,NTA,3.0
barg6e,NTA,4.0
barg6e,NTA,4.0
barg6e,NTA,4.0
barg6e,NTA,4.0
barg6e,NTA,4.0
barg6e,NTA,4.0
barg6e,NTA,4.0
barg6e,YTA,4.0
barg6e,NTA,3.0
barg6e,NTA,3.0
barg6e,NTA,4.0
barg6e,NTA,3.0
barg6e,NTA,4.0
barg6e,NTA,3.0
barg6e,NTA,3.0
barg6e,NTA,4.0
barg6e,NTA,4.0
barg6e,YTA,4.0
barg6e,NTA,4.0
barg6e,NTA,4.0
barg6e,ESH,3.0
barg6e,NTA,4.0
barg6e,NTA,4.0
barg6e,NTA,4.0
barg6e,NTA,4.0
barg6e,NTA,4.0
barg6e,NTA,4.0
barg6e,NTA,4.0
barg6e,NTA,4.0
barg6e,NTA,4.0
barg6e,NTA,4.0
barg6e,NTA,4.0
barg6e,NTA,4.0
barg6e,NTA,4.0
barg6e,NTA,4.0
barg6e,NTA,4.0
barg6e,NTA,4.0
barg6e,NTA,4.0
barg6e,YTA,3.0
barg6e,NTA,4.0
barg6e,NTA,4.0
barg6e,NTA,4.0
barg6e,YTA,4.0
barg6e,NTA,3.0
barg6e,NAH,4.0
barg6e,NTA,4.0
barg6e,NTA,4.0
barg6e,NTA,4.0
barg6e,NTA,4.0
barg6e,NTA,4.0
barg6e,NTA,4.0
barg6e,NTA,4.0
barg6e,NTA,3.0
barg6e,NAH,4.0
barg6e,YTA,4.0
barg6e,NAH,3.0
barg6e,NTA,4.0
barg6e,NTA,4.0
barg6e,NTA,4.0
barg6e,NTA,4.0
barg6e,NTA,4.0
barg6e,YTA,4.0
barg6e,YTA,4.0
barg6e,NTA,4.0
barg6e,NTA,4.0
barg6e,NTA,4.0
barg6e,NTA,4.0
barg6e,NTA,4.0
barg6e,NTA,4.0
barg6e,NTA,4.0
barg6e,NTA,4.0
barg6e,NTA,4.0
barg6e,NTA,4.0
barg6e,NTA,4.0
barg6e,NTA,4.0
barg6e,NTA,4.0
barg6e,NTA,3.0
barg6e,NTA,4.0
barg6e,NTA,4.0
barg6e,NTA,4.0
barg6e,NTA,4.0
barg6e,NTA,4.0
barg6e,NTA,3.0
barg6e,ESH,4.0
barg6e,NTA,4.0
barg6e,ESH,3.0
barg6e,NTA,4.0
barg6e,NTA,4.0
barg6e,NTA,4.0
barg6e,NTA,4.0
barg6e,NTA,4.0
barg6e,NTA,4.0
barg6e,NTA,4.0
barg6e,NTA,4.0
barg6e,NTA,4.0
barg6e,ESH,3.0
barg6e,NTA,3.0
barg6e,NTA,4.0
barg6e,NTA,4.0
barg6e,NAH,4.0
barg6e,NTA,4.0
barg6e,NTA,4.0
barg6e,NTA,4.0
barg6e,NTA,4.0
barg6e,NTA,4.0
barg6e,NTA,4.0
barg6e,NTA,4.0
barg6e,NTA,4.0
barg6e,NTA,3.0
barg6e,NTA,4.0
barg6e,NTA,4.0
barg6e,NTA,3.0
barg6e,NTA,4.0
barg6e,NTA,4.0
barg6e,NTA,4.0
barg6e,NTA,4.0
barg6e,NTA,4.0
barg6e,NTA,4.0
barg6e,NTA,4.0
barg6e,NTA,4.0
barg6e,NTA,4.0
barg6e,NTA,4.0
barg6e,NTA,4.0
barg6e,NTA,4.0
barg6e,NTA,4.0
barg6e,NTA,4.0
barg6e,NTA,4.0
barg6e,NTA,4.0
barg6e,NTA,4.0
barg6e,NTA,4.0
barg6e,NTA,4.0
barg6e,NTA,4.0
barg6e,NAH,3.0
barg6e,NTA,4.0
barg6e,NTA,4.0
barg6e,NTA,4.0
barg6e,NTA,4.0
barg6e,NTA,4.0
barg6e,NTA,4.0
barg6e,NTA,4.0
barg6e,NTA,4.0
barg6e,NTA,4.0
barg6e,NTA,4.0
barg6e,NTA,4.0
barg6e,YTA,4.0
barg6e,NTA,4.0
barg6e,NTA,4.0
barg6e,NTA,4.0
barg6e,NTA,4.0
barg6e,NAH,3.0
barg6e,NTA,4.0
barg6e,NTA,3.0
barg6e,NTA,4.0
barg6e,NTA,4.0
barg6e,NTA,4.0
barg6e,NTA,4.0
barg6e,NTA,4.0
barg6e,NTA,4.0
barg6e,NTA,4.0
barg6e,NTA,4.0
barg6e,NTA,4.0
barg6e,NTA,4.0
barg6e,NTA,4.0
barg6e,NTA,4.0
barg6e,NTA,3.0
barg6e,NTA,4.0
barg6e,NTA,4.0
barg6e,NTA,4.0
barg6e,NTA,4.0
barg6e,NTA,3.0
barg6e,NTA,4.0
barg6e,NTA,4.0
barg6e,ESH,3.0
barg6e,NTA,4.0
barg6e,NTA,4.0
barg6e,NTA,4.0
barg6e,NTA,4.0
barg6e,NTA,4.0
barg6e,NTA,4.0
barg6e,ESH,3.0
barg6e,NTA,4.0
barg6e,NTA,4.0
barg6e,NTA,4.0
barg6e,NTA,4.0
barg6e,NTA,4.0
barg6e,YTA,3.0
barg6e,ESH,3.0
barg6e,NTA,3.0
barg6e,NTA,4.0
barg6e,NTA,4.0
barg6e,NTA,4.0
barg6e,YTA,4.0
barg6e,ESH,3.0
barg6e,NTA,4.0
barg6e,NTA,4.0
barg6e,NTA,4.0
barg6e,NTA,4.0
barg6e,NTA,4.0
barg6e,NTA,4.0
barg6e,NTA,4.0
barg6e,YTA,4.0
barg6e,NTA,4.0
barg6e,NTA,4.0
barg6e,NTA,4.0
barg6e,NTA,4.0
barg6e,NTA,4.0
barg6e,NTA,4.0
barg6e,NTA,4.0
barg6e,NTA,4.0
barg6e,NTA,4.0
barg6e,NTA,4.0
barg6e,NTA,4.0
barg6e,NTA,4.0
barg6e,NTA,4.0
barg6e,NTA,4.0
barg6e,NTA,4.0
barg6e,NTA,4.0
barg6e,NTA,4.0
barg6e,NTA,4.0
barg6e,NTA,3.0
barg6e,NTA,4.0
barg6e,NTA,3.0
barg6e,NTA,4.0
barg6e,NTA,4.0
barg6e,NTA,4.0
barg6e,NTA,4.0
barg6e,NTA,4.0
barg6e,ESH,3.0
barg6e,NTA,4.0
barg6e,NTA,4.0
barg6e,NTA,4.0
barg6e,NTA,4.0
barg6e,NTA,4.0
barg6e,NTA,4.0
barg6e,NTA,4.0
barg6e,NTA,4.0
barg6e,NTA,4.0
barg6e,NTA,4.0
barg6e,NTA,4.0
barg6e,NTA,4.0
barg6e,NTA,4.0
barg6e,NTA,4.0
barg6e,NTA,3.0
barg6e,NTA,4.0
barg6e,NTA,4.0
barg6e,NTA,4.0
barg6e,NAH,3.0
barg6e,NTA,4.0
barg6e,NTA,4.0
barg6e,NTA,3.0
barg6e,NTA,4.0
barg6e,NTA,4.0
barg6e,NTA,4.0
barg6e,ESH,2.0
barg6e,NTA,4.0
barg6e,YTA,4.0
barg6e,NTA,4.0
barg6e,NTA,4.0
barg6e,NTA,4.0
barg6e,NTA,3.0
barg6e,NTA,4.0
barg6e,NTA,4.0
barg6e,NTA,4.0
barg6e,YTA,4.0
barg6e,NTA,4.0
barg6e,NTA,3.0
barg6e,NTA,1.0
barg6e,NTA,4.0
barg6e,NTA,4.0
barg6e,NTA,4.0
barg6e,NTA,4.0
barg6e,NTA,4.0
barg6e,NTA,4.0
barg6e,NTA,4.0
barg6e,NTA,4.0
barg6e,NTA,4.0
barg6e,NTA,4.0
barg6e,NTA,4.0
barg6e,NTA,4.0
barg6e,NTA,4.0
barg6e,NTA,4.0
barg6e,NTA,4.0
barg6e,NTA,4.0
barg6e,NTA,4.0
barg6e,NTA,4.0
barg6e,NTA,4.0
barg6e,NTA,4.0
barg6e,NTA,4.0
barg6e,NTA,4.0
barg6e,NTA,3.0
barg6e,NTA,4.0
barg6e,NTA,4.0
barg6e,NTA,4.0
barg6e,NTA,4.0
barg6e,NTA,4.0
barg6e,NTA,3.0
barg6e,NTA,4.0
barg6e,NTA,4.0
barg6e,NTA,4.0
barg6e,NTA,4.0
barg6e,NTA,4.0
barg6e,NTA,4.0
barg6e,NTA,4.0
barg6e,NTA,4.0
barg6e,NTA,4.0
barg6e,NTA,4.0
barg6e,NTA,4.0
barg6e,NTA,4.0
barg6e,NTA,4.0
barg6e,NTA,4.0
barg6e,NTA,4.0
barg6e,NTA,3.0
barg6e,NTA,4.0
barg6e,YTA,4.0
barg6e,NTA,4.0
barg6e,NTA,4.0
barg6e,NTA,4.0
barg6e,NTA,4.0
barg6e,NTA,4.0
barg6e,NTA,4.0
barg6e,NTA,4.0
barg6e,NTA,4.0
barg6e,NTA,4.0
barg6e,NTA,4.0
barg6e,NTA,4.0
barg6e,NTA,3.0
barg6e,NTA,4.0
barg6e,NTA,4.0
barg6e,NTA,4.0
barg6e,NTA,4.0
barg6e,NTA,4.0
barg6e,NTA,4.0
barg6e,NTA,4.0
barg6e,NTA,3.0
barg6e,NTA,4.0
barg6e,NTA,4.0
barg6e,ESH,2.0
barg6e,NTA,4.0
barg6e,NTA,4.0
barg6e,NTA,4.0
barg6e,NTA,4.0
barg6e,NTA,4.0
barg6e,NTA,4.0
barg6e,NTA,4.0
barg6e,NTA,4.0
barg6e,NTA,4.0
barg6e,NTA,4.0
barg6e,NTA,4.0
barg6e,NTA,4.0
barg6e,NTA,4.0
barg6e,NTA,4.0
barg6e,NTA,4.0
barg6e,NTA,4.0
bbejw1,YTA,4.0
bbejw1,YTA,4.0
bbejw1,NTA,4.0
bbejw1,NTA,4.0
bbejw1,NTA,4.0
bbejw1,NTA,3.0
bbejw1,NAH,3.0
bbejw1,NTA,4.0
bbejw1,NTA,4.0
bbejw1,NTA,4.0
bbejw1,NTA,4.0
bbejw1,ESH,4.0
bbejw1,NTA,4.0
bbejw1,YTA,4.0
bbejw1,NTA,4.0
bbejw1,YTA,4.0
bbejw1,YTA,4.0
bbejw1,NTA,4.0
bbejw1,YTA,4.0
bbejw1,NTA,4.0
bbejw1,NTA,4.0
bbejw1,NTA,4.0
bbejw1,NTA,4.0
bbejw1,NTA,3.0
bbejw1,NTA,3.0
bbejw1,ESH,3.0
bbejw1,NTA,4.0
bbejw1,NTA,4.0
bbejw1,NTA,4.0
bbejw1,NTA,4.0
bbejw1,NAH,4.0
bbejw1,NTA,4.0
bbejw1,NTA,4.0
bbejw1,NTA,4.0
bbejw1,NTA,4.0
bbejw1,NTA,4.0
bbejw1,NTA,4.0
bbejw1,ESH,3.0
bbejw1,NTA,4.0
bbejw1,NTA,4.0
bbejw1,NTA,4.0
bbejw1,NTA,4.0
bbejw1,NTA,4.0
bbejw1,NTA,4.0
bbejw1,NTA,4.0
bbejw1,ESH,3.0
bbejw1,NTA,4.0
bbejw1,YTA,4.0
bbejw1,YTA,4.0
bbejw1,NTA,4.0
bbejw1,NTA,4.0
bbejw1,NTA,4.0
bbejw1,NTA,4.0
bbejw1,NTA,4.0
bbejw1,NTA,4.0
bbejw1,YTA,4.0
bbejw1,NTA,4.0
bbejw1,NTA,4.0
bbejw1,NTA,4.0
bbejw1,NTA,4.0
bbejw1,NTA,4.0
bbejw1,NTA,4.0
bbejw1,NTA,4.0
bbejw1,NTA,4.0
bbejw1,NTA,4.0
bbejw1,NTA,4.0
bbejw1,NTA,4.0
bbejw1,NTA,4.0
bbejw1,NTA,4.0
bbejw1,NTA,4.0
bbejw1,NTA,4.0
bbejw1,NTA,4.0
bbejw1,NTA,4.0
bbejw1,NTA,4.0
bbejw1,NTA,4.0
bbejw1,NTA,4.0
bbejw1,ESH,3.0
bbejw1,ESH,4.0
bbejw1,YTA,4.0
bbejw1,NAH,3.0
bbejw1,NTA,4.0
bbejw1,NTA,3.0
bbejw1,NTA,4.0
bbejw1,ESH,3.0
bbejw1,NTA,4.0
bbejw1,NTA,4.0
bbejw1,NTA,4.0
bbejw1,NTA,4.0
bbejw1,NTA,3.0
bbejw1,NTA,4.0
bbejw1,NTA,4.0
bbejw1,NAH,4.0
bbejw1,NTA,4.0
bbejw1,NTA,4.0
bbejw1,NTA,4.0
bbejw1,NTA,4.0
bbejw1,NAH,4.0
bbejw1,NTA,4.0
bbejw1,NTA,3.0
bbejw1,NTA,4.0
bbejw1,NTA,4.0
bbejw1,NTA,4.0
bbejw1,NTA,4.0
bbejw1,NTA,4.0
bbejw1,ESH,4.0
bbejw1,NTA,4.0
bbejw1,NTA,4.0
bbejw1,NTA,4.0
bbejw1,YTA,4.0
bbejw1,ESH,4.0
bbejw1,NTA,4.0
bbejw1,NTA,4.0
bbejw1,NTA,4.0
bbejw1,NTA,4.0
bbejw1,NTA,4.0
bbejw1,NTA,4.0
bbejw1,NTA,4.0
bbejw1,NTA,4.0
bbejw1,NTA,4.0
bbejw1,NTA,4.0
bbejw1,NTA,4.0
bbejw1,NTA,4.0
bbejw1,NTA,4.0
bbejw1,NTA,4.0
bbejw1,NAH,1.0
bbejw1,NTA,4.0
bbejw1,NTA,4.0
bbejw1,NTA,4.0
bbejw1,NTA,4.0
bbejw1,NTA,4.0
bbejw1,NTA,4.0
bbejw1,ESH,4.0
bbejw1,NTA,4.0
bbejw1,NTA,4.0
bbejw1,NTA,4.0
bbejw1,NTA,4.0
bbejw1,NTA,4.0
bbejw1,NTA,4.0
bbejw1,NTA,4.0
bbejw1,NTA,4.0
bbejw1,ESH,4.0
bbejw1,NTA,4.0
bbejw1,NTA,4.0
bbejw1,ESH,4.0
bbejw1,NTA,4.0
bbejw1,NTA,4.0
bbejw1,NTA,4.0
bbejw1,NTA,4.0
bbejw1,NTA,4.0
bbejw1,NTA,4.0
bbejw1,NTA,4.0
bbejw1,NTA,4.0
bbejw1,NTA,4.0
bbejw1,NTA,4.0
bbejw1,NTA,4.0
bbejw1,NTA,4.0
bbejw1,NTA,4.0
bbejw1,NTA,4.0
bbejw1,NTA,4.0
bbejw1,YTA,4.0
bbejw1,ESH,4.0
bbejw1,NTA,4.0
bbejw1,NTA,4.0
bbejw1,NTA,4.0
bbejw1,ESH,4.0
bbejw1,NTA,4.0
bbejw1,ESH,4.0
bbejw1,NTA,4.0
bbejw1,NTA,4.0
bbejw1,NTA,4.0
bbejw1,NAH,3.0
bbejw1,NTA,3.0
bbejw1,ESH,4.0
bbejw1,NTA,4.0
bbejw1,NTA,4.0
bbejw1,NTA,4.0
bbejw1,NTA,4.0
bbejw1,NTA,4.0
bbejw1,NTA,4.0
bbejw1,NTA,4.0
bbejw1,NTA,4.0
bbejw1,NTA,4.0
bbejw1,NTA,4.0
bbejw1,NTA,4.0
bbejw1,NTA,4.0
bbejw1,NTA,4.0
bbejw1,ESH,3.0
bbejw1,NTA,4.0
bbejw1,NTA,4.0
bbejw1,YTA,3.0
bbejw1,NTA,4.0
bbejw1,NTA,4.0
bbejw1,NAH,3.0
bbejw1,NTA,4.0
bbejw1,NTA,4.0
bbejw1,NTA,4.0
bbejw1,NTA,4.0
bbejw1,NTA,4.0
bbejw1,NTA,4.0
bbejw1,NTA,4.0
bbejw1,NTA,4.0
bbejw1,NTA,4.0
bbejw1,NTA,4.0
bbejw1,NTA,4.0
bbejw1,NTA,4.0
bbejw1,NTA,3.0
bbejw1,NTA,4.0
bbejw1,NTA,4.0
bbejw1,NTA,3.0
bbejw1,NTA,4.0
bbejw1,NTA,4.0
bbejw1,NTA,4.0
bbejw1,NTA,4.0
bbejw1,NTA,4.0
bbejw1,NTA,4.0
bbejw1,NTA,4.0
bbejw1,ESH,3.0
bbejw1,NTA,4.0
bbejw1,NTA,3.0
bbejw1,NTA,4.0
bbejw1,NTA,4.0
bbejw1,NTA,3.0
bbejw1,ESH,4.0
bbejw1,NAH,3.0
bbejw1,NTA,4.0
bbejw1,NTA,4.0
bbejw1,NTA,4.0
bbejw1,NTA,4.0
bbejw1,NAH,3.0
bbejw1,NTA,4.0
bbejw1,YTA,3.0
bbejw1,NTA,4.0
bbejw1,NTA,4.0
bbejw1,NTA,4.0
bbejw1,NTA,4.0
bbejw1,NTA,4.0
bbejw1,NTA,4.0
bbejw1,NTA,4.0
bbejw1,NTA,4.0
bbejw1,YTA,4.0
bbejw1,NTA,4.0
bbejw1,ESH,4.0
bbejw1,NTA,4.0
bbejw1,NTA,4.0
bbejw1,NTA,4.0
bbejw1,NAH,3.0
bbejw1,ESH,3.0
bbejw1,NTA,4.0
bbejw1,NTA,4.0
bbejw1,NTA,4.0
bbejw1,NAH,4.0
bbejw1,NTA,4.0
bbejw1,NTA,4.0
bbejw1,NTA,4.0
bbejw1,NTA,4.0
bbejw1,YTA,3.0
bbejw1,NTA,4.0
bbejw1,YTA,4.0
bbejw1,NTA,4.0
bbejw1,NTA,4.0
bbejw1,NTA,4.0
bbejw1,ESH,4.0
bbejw1,NTA,4.0
bbejw1,NTA,4.0
bbejw1,NTA,4.0
bcpptq,NTA,4.0
bcpptq,ESH,1.0
bcpptq,ESH,4.0
bcpptq,ESH,4.0
bcpptq,NTA,4.0
bcpptq,NTA,4.0
bcpptq,ESH,4.0
bcpptq,NTA,4.0
bcpptq,NTA,4.0
bcpptq,NTA,4.0
bcpptq,ESH,4.0
bcpptq,NTA,4.0
bcpptq,NTA,4.0
bcpptq,ESH,3.0
bcpptq,NTA,4.0
bcpptq,ESH,4.0
bcpptq,NTA,4.0
bcpptq,ESH,4.0
bcpptq,ESH,3.0
bcpptq,NTA,4.0
bcpptq,ESH,2.0
bcpptq,NTA,4.0
bcpptq,NTA,4.0
bcpptq,ESH,3.0
bcpptq,NTA,4.0
bcpptq,NTA,4.0
bcpptq,NTA,4.0
bcpptq,NTA,4.0
bcpptq,ESH,4.0
bcpptq,NTA,4.0
bcpptq,NTA,4.0
bcpptq,NTA,4.0
bcpptq,ESH,1.0
bcpptq,NTA,4.0
bcpptq,NTA,4.0
bcpptq,ESH,4.0
bcpptq,NTA,4.0
bcpptq,ESH,4.0
bcpptq,NTA,4.0
bcpptq,ESH,3.0
bcpptq,NTA,4.0
bcpptq,NTA,4.0
bcpptq,NTA,4.0
bcpptq,NTA,4.0
bcpptq,NTA,3.0
bcpptq,NTA,4.0
bcpptq,NTA,4.0
bcpptq,NTA,4.0
bcpptq,NTA,4.0
bcpptq,NTA,4.0
bcpptq,ESH,4.0
bcpptq,ESH,4.0
bcpptq,NTA,4.0
bcpptq,NTA,4.0
bcpptq,NTA,4.0
bcpptq,NTA,4.0
bcpptq,NTA,4.0
bcpptq,ESH,3.0
bcpptq,NTA,4.0
bcpptq,YTA,4.0
bcpptq,NTA,4.0
bcpptq,NTA,4.0
bcpptq,NTA,4.0
bcpptq,NTA,4.0
bcpptq,NTA,4.0
bcpptq,ESH,3.0
bcpptq,NTA,4.0
bcpptq,NTA,4.0
bcpptq,NTA,4.0
bcpptq,NTA,4.0
bcpptq,NTA,4.0
bcpptq,NTA,4.0
bcpptq,NTA,4.0
bcpptq,NTA,4.0
bcpptq,NTA,4.0
bcpptq,NTA,4.0
bcpptq,NTA,4.0
bcpptq,ESH,3.0
bcpptq,NTA,4.0
bcpptq,NTA,4.0
bcpptq,NTA,3.0
bcpptq,ESH,3.0
bcpptq,NTA,4.0
bcpptq,NTA,4.0
bcpptq,NTA,4.0
bcpptq,NTA,4.0
bcpptq,NTA,4.0
bcpptq,NTA,4.0
bcpptq,NTA,4.0
bcpptq,NTA,4.0
bcpptq,NTA,4.0
bcpptq,NTA,4.0
bcpptq,ESH,4.0
bcpptq,NTA,4.0
bcpptq,ESH,4.0
bcpptq,NTA,4.0
bcpptq,NTA,4.0
bcpptq,ESH,4.0
bcpptq,ESH,4.0
bcpptq,ESH,2.0
bcpptq,NTA,4.0
bcpptq,NTA,4.0
bcpptq,NTA,3.0
bcpptq,NTA,4.0
bcpptq,NTA,4.0
bcpptq,NTA,3.0
bcpptq,NTA,4.0
bcpptq,ESH,4.0
bcpptq,NTA,4.0
bcpptq,NTA,4.0
bcpptq,NTA,4.0
bcpptq,NTA,4.0
bcpptq,ESH,4.0
bcpptq,NTA,4.0
bcpptq,ESH,3.0
bcpptq,NTA,4.0
bcpptq,NTA,4.0
bcpptq,NTA,4.0
bcpptq,NTA,4.0
bcpptq,NTA,4.0
bcpptq,ESH,3.0
bcpptq,NTA,4.0
bcpptq,NTA,4.0
bcpptq,NTA,4.0
bcpptq,YTA,3.0
bcpptq,NTA,4.0
bcpptq,NTA,3.0
bcpptq,NTA,4.0
bcpptq,NTA,4.0
bcpptq,NTA,4.0
bcpptq,NTA,4.0
bcpptq,ESH,3.0
bcpptq,NTA,4.0
bcpptq,ESH,2.0
bcpptq,NTA,4.0
bcpptq,NTA,4.0
bcpptq,NTA,4.0
bcpptq,NTA,4.0
bcpptq,NTA,4.0
bcpptq,NTA,4.0
bcpptq,ESH,3.0
bcpptq,NTA,4.0
bcpptq,NTA,4.0
bcpptq,NTA,4.0
bcpptq,NTA,4.0
bcpptq,ESH,4.0
bcpptq,NTA,4.0
bcpptq,NTA,4.0
bcpptq,NTA,4.0
bcpptq,NTA,4.0
bcpptq,YTA,3.0
bcpptq,NTA,4.0
bcpptq,ESH,4.0
bcpptq,NTA,4.0
bcpptq,NTA,4.0
bcpptq,NTA,4.0
bcpptq,NTA,4.0
bcpptq,NTA,4.0
bcpptq,ESH,4.0
bcpptq,NTA,4.0
bcpptq,NTA,4.0
bcpptq,NTA,4.0
bcpptq,NTA,4.0
bcpptq,ESH,3.0
bcpptq,NTA,4.0
bcpptq,ESH,3.0
bcpptq,NTA,4.0
bcpptq,NAH,4.0
bcpptq,NTA,4.0
bcpptq,NTA,4.0
bcpptq,NTA,4.0
bcpptq,ESH,3.0
bcpptq,NTA,4.0
bcpptq,ESH,3.0
bcpptq,NTA,4.0
bcpptq,NTA,4.0
bcpptq,NTA,4.0
bcpptq,ESH,3.0
bcpptq,NTA,4.0
bcpptq,NTA,4.0
bcpptq,NTA,4.0
bcpptq,NTA,4.0
bcpptq,NTA,4.0
bcpptq,ESH,4.0
bcpptq,NTA,4.0
bcpptq,YTA,4.0
bcpptq,NTA,4.0
bcpptq,NTA,4.0
bcpptq,NTA,4.0
bcpptq,NTA,4.0
bcpptq,NTA,4.0
bcpptq,NTA,4.0
bcpptq,ESH,4.0
bcpptq,NTA,4.0
bcpptq,NTA,4.0
bcpptq,NTA,4.0
bcpptq,NTA,4.0
bcpptq,YTA,3.0
bcpptq,ESH,4.0
bcpptq,NTA,4.0
bcpptq,NTA,4.0
bcpptq,NTA,4.0
bcpptq,YTA,4.0
bcpptq,ESH,3.0
bcpptq,NTA,4.0
bcpptq,NTA,4.0
bcpptq,NTA,4.0
bcpptq,NTA,4.0
bcpptq,NTA,4.0
bcpptq,NTA,4.0
bcpptq,YTA,4.0
bcpptq,ESH,4.0
bcpptq,NTA,4.0
bcpptq,NTA,4.0
bcpptq,NTA,4.0
bcpptq,NTA,4.0
bcpptq,NTA,4.0
bcpptq,NTA,4.0
bcpptq,NTA,4.0
bcpptq,NTA,4.0
bcpptq,ESH,1.0
bcpptq,NAH,4.0
bcpptq,NTA,3.0
bcpptq,NTA,4.0
bcpptq,NTA,4.0
bsymv3,YTA,4.0
bsymv3,YTA,4.0
bsymv3,YTA,4.0
bsymv3,YTA,4.0
bsymv3,YTA,4.0
bsymv3,YTA,4.0
bsymv3,YTA,4.0
bsymv3,YTA,4.0
bsymv3,YTA,4.0
bsymv3,YTA,4.0
bsymv3,YTA,4.0
bsymv3,YTA,4.0
bsymv3,YTA,4.0
bsymv3,YTA,4.0
bsymv3,YTA,4.0
bsymv3,YTA,4.0
bsymv3,YTA,4.0
bsymv3,YTA,4.0
bsymv3,YTA,4.0
bsymv3,YTA,4.0
bsymv3,YTA,4.0
bsymv3,YTA,4.0
bsymv3,YTA,4.0
bsymv3,YTA,4.0
bsymv3,YTA,4.0
bsymv3,YTA,4.0
bsymv3,YTA,4.0
bsymv3,YTA,4.0
bsymv3,YTA,4.0
bsymv3,YTA,4.0
bsymv3,YTA,4.0
bsymv3,YTA,4.0
bsymv3,YTA,4.0
bsymv3,YTA,4.0
bsymv3,YTA,4.0
bsymv3,YTA,4.0
bsymv3,YTA,4.0
bsymv3,YTA,4.0
bsymv3,YTA,4.0
bsymv3,YTA,4.0
bsymv3,YTA,4.0
bsymv3,YTA,4.0
bsymv3,YTA,4.0
bsymv3,YTA,4.0
bsymv3,YTA,4.0
bsymv3,YTA,4.0
bsymv3,YTA,4.0
bsymv3,YTA,4.0
bsymv3,YTA,4.0
bsymv3,YTA,4.0
bsymv3,YTA,4.0
bsymv3,YTA,4.0
bsymv3,YTA,4.0
bsymv3,YTA,4.0
bsymv3,YTA,4.0
bsymv3,YTA,4.0
bsymv3,YTA,4.0
bsymv3,YTA,4.0
bsymv3,YTA,4.0
bsymv3,YTA,4.0
bsymv3,YTA,4.0
bsymv3,YTA,4.0
bsymv3,YTA,4.0
bsymv3,YTA,4.0
bsymv3,YTA,4.0
bsymv3,YTA,4.0
bsymv3,YTA,4.0
bsymv3,YTA,4.0
bsymv3,YTA,4.0
bsymv3,YTA,4.0
bsymv3,YTA,4.0
bsymv3,YTA,4.0
bsymv3,YTA,4.0
bsymv3,YTA,4.0
bsymv3,YTA,4.0
bsymv3,YTA,4.0
bsymv3,YTA,4.0
bsymv3,YTA,4.0
bsymv3,YTA,4.0
bsymv3,YTA,4.0
bsymv3,YTA,4.0
bsymv3,YTA,4.0
bsymv3,YTA,4.0
bsymv3,NAH,4.0
bsymv3,YTA,4.0
bsymv3,YTA,4.0
bsymv3,YTA,4.0
bsymv3,YTA,4.0
bsymv3,YTA,4.0
bsymv3,YTA,4.0
bsymv3,YTA,4.0
bsymv3,YTA,4.0
bsymv3,YTA,4.0
bsymv3,YTA,4.0
bsymv3,YTA,4.0
bsymv3,YTA,4.0
bsymv3,YTA,4.0
bsymv3,YTA,4.0
bsymv3,YTA,4.0
bsymv3,YTA,4.0
bsymv3,YTA,4.0
bsymv3,YTA,4.0
bsymv3,YTA,4.0
bsymv3,YTA,4.0
bsymv3,YTA,4.0
bsymv3,YTA,4.0
bsymv3,NTA,4.0
bsymv3,YTA,4.0
bsymv3,YTA,4.0
bsymv3,YTA,4.0
bsymv3,YTA,4.0
bsymv3,YTA,4.0
bsymv3,YTA,4.0
bsymv3,YTA,4.0
bsymv3,YTA,4.0
bsymv3,YTA,4.0
bsymv3,YTA,4.0
bsymv3,YTA,4.0
bsymv3,YTA,4.0
bsymv3,YTA,4.0
bsymv3,YTA,4.0
bsymv3,YTA,4.0
bsymv3,YTA,4.0
bsymv3,YTA,4.0
bsymv3,YTA,4.0
bsymv3,YTA,4.0
bsymv3,YTA,4.0
bsymv3,YTA,4.0
bsymv3,YTA,4.0
bsymv3,YTA,4.0
bsymv3,YTA,4.0
bsymv3,YTA,4.0
bsymv3,YTA,4.0
bsymv3,YTA,4.0
bsymv3,YTA,4.0
bsymv3,YTA,4.0
bsymv3,YTA,4.0
bsymv3,YTA,4.0
bsymv3,YTA,4.0
bsymv3,YTA,4.0
bsymv3,YTA,4.0
bsymv3,YTA,4.0
bsymv3,YTA,4.0
bsymv3,YTA,4.0
bsymv3,YTA,4.0
bsymv3,YTA,4.0
bsymv3,YTA,4.0
bsymv3,YTA,4.0
bsymv3,YTA,4.0
bsymv3,YTA,4.0
bsymv3,YTA,4.0
bsymv3,YTA,4.0
bsymv3,YTA,4.0
bsymv3,YTA,1.0
bsymv3,YTA,4.0
bsymv3,YTA,4.0
bsymv3,YTA,4.0
bsymv3,YTA,4.0
bsymv3,YTA,4.0
bsymv3,YTA,4.0
bsymv3,YTA,4.0
bsymv3,NAH,4.0
bsymv3,YTA,4.0
bsymv3,YTA,4.0
bsymv3,YTA,4.0
bsymv3,YTA,4.0
bsymv3,YTA,4.0
bsymv3,YTA,4.0
bsymv3,YTA,4.0
bsymv3,YTA,4.0
bsymv3,YTA,4.0
bsymv3,YTA,4.0
bsymv3,YTA,4.0
bsymv3,YTA,4.0
bsymv3,YTA,4.0
bsymv3,YTA,4.0
bsymv3,YTA,4.0
bsymv3,YTA,4.0
bsymv3,YTA,4.0
bsymv3,YTA,4.0
bsymv3,YTA,4.0
bsymv3,YTA,4.0
bsymv3,YTA,4.0
bsymv3,YTA,4.0
bsymv3,YTA,4.0
bsymv3,YTA,4.0
bsymv3,YTA,4.0
bsymv3,YTA,4.0
bsymv3,YTA,4.0
bsymv3,YTA,4.0
bsymv3,YTA,4.0
bsymv3,YTA,4.0
bsymv3,YTA,4.0
bsymv3,YTA,4.0
bsymv3,YTA,4.0
bsymv3,YTA,4.0
bsymv3,YTA,4.0
bsymv3,YTA,4.0
bsymv3,YTA,4.0
bsymv3,YTA,4.0
bsymv3,YTA,4.0
bsymv3,YTA,4.0
bsymv3,YTA,4.0
bsymv3,YTA,4.0
bsymv3,YTA,4.0
bsymv3,YTA,4.0
bsymv3,YTA,4.0
bsymv3,YTA,4.0
bsymv3,YTA,4.0
bsymv3,YTA,4.0
bsymv3,YTA,4.0
bsymv3,YTA,4.0
bsymv3,YTA,4.0
bsymv3,YTA,4.0
bsymv3,YTA,4.0
bsymv3,YTA,4.0
bsymv3,YTA,4.0
bsymv3,YTA,4.0
bsymv3,YTA,4.0
bsymv3,YTA,4.0
bsymv3,YTA,4.0
bsymv3,YTA,4.0
bsymv3,YTA,4.0
bsymv3,YTA,4.0
bsymv3,YTA,4.0
bsymv3,YTA,4.0
bsymv3,YTA,4.0
bsymv3,YTA,4.0
bsymv3,YTA,4.0
bsymv3,YTA,4.0
bsymv3,YTA,4.0
bsymv3,YTA,4.0
bsymv3,YTA,4.0
bsymv3,YTA,4.0
bsymv3,YTA,4.0
bsymv3,YTA,4.0
bsymv3,YTA,4.0
bsymv3,YTA,4.0
bsymv3,YTA,4.0
bsymv3,YTA,4.0
bsymv3,YTA,4.0
bsymv3,YTA,4.0
bsymv3,YTA,4.0
bsymv3,YTA,3.0
bsymv3,YTA,4.0
bsymv3,YTA,4.0
bsymv3,YTA,4.0
bsymv3,YTA,4.0
bsymv3,YTA,4.0
bsymv3,YTA,4.0
bsymv3,YTA,4.0
bsymv3,YTA,4.0
bsymv3,YTA,4.0
bsymv3,YTA,4.0
bsymv3,YTA,4.0
bsymv3,YTA,4.0
bsymv3,YTA,4.0
bsymv3,YTA,4.0
bsymv3,YTA,4.0
bsymv3,YTA,4.0
bsymv3,YTA,4.0
bsymv3,YTA,4.0
bsymv3,YTA,4.0
bsymv3,YTA,4.0
bsymv3,YTA,4.0
bsymv3,YTA,4.0
bsymv3,YTA,4.0
bsymv3,YTA,4.0
bsymv3,YTA,4.0
bsymv3,YTA,4.0
bsymv3,YTA,4.0
bsymv3,YTA,4.0
bsymv3,YTA,4.0
bsymv3,YTA,4.0
bsymv3,YTA,4.0
bsymv3,YTA,4.0
bsymv3,YTA,4.0
bsymv3,YTA,4.0
bsymv3,YTA,4.0
bsymv3,YTA,4.0
bsymv3,YTA,4.0
bsymv3,YTA,4.0
bsymv3,YTA,4.0
bsymv3,YTA,4.0
bsymv3,YTA,4.0
bsymv3,YTA,4.0
bsymv3,YTA,4.0
bsymv3,YTA,4.0
bsymv3,YTA,4.0
bsymv3,YTA,4.0
bsymv3,YTA,4.0
bsymv3,YTA,4.0
bsymv3,YTA,4.0
bsymv3,YTA,4.0
bsymv3,YTA,4.0
bsymv3,YTA,4.0
bsymv3,YTA,4.0
bsymv3,YTA,4.0
bsymv3,YTA,4.0
bsymv3,YTA,4.0
bsymv3,YTA,4.0
bsymv3,YTA,4.0
bsymv3,YTA,4.0
bsymv3,YTA,4.0
bsymv3,YTA,4.0
bsymv3,YTA,4.0
bsymv3,YTA,4.0
bsymv3,YTA,4.0
bsymv3,YTA,4.0
bsymv3,ESH,1.0
bsymv3,ESH,4.0
bsymv3,YTA,4.0
bsymv3,YTA,4.0
bsymv3,YTA,4.0
bsymv3,YTA,4.0
bsymv3,YTA,4.0
bsymv3,YTA,4.0
bsymv3,YTA,4.0
bsymv3,YTA,4.0
bsymv3,YTA,4.0
bsymv3,YTA,4.0
bsymv3,YTA,4.0
bsymv3,YTA,4.0
bsymv3,YTA,4.0
bsymv3,YTA,4.0
bsymv3,YTA,4.0
bsymv3,YTA,4.0
bsymv3,YTA,4.0
bsymv3,YTA,4.0
bsymv3,YTA,4.0
bsymv3,YTA,4.0
bsymv3,YTA,4.0
bsymv3,YTA,4.0
bsymv3,YTA,4.0
bsymv3,YTA,4.0
bsymv3,YTA,4.0
bsymv3,YTA,4.0
bsymv3,YTA,4.0
bsymv3,YTA,4.0
bsymv3,YTA,4.0
bsymv3,YTA,4.0
bsymv3,YTA,4.0
bsymv3,YTA,4.0
bsymv3,YTA,4.0
bsymv3,YTA,4.0
bsymv3,YTA,4.0
bsymv3,YTA,4.0
bsymv3,YTA,4.0
bsymv3,YTA,4.0
bsymv3,YTA,4.0
bsymv3,YTA,4.0
bsymv3,YTA,4.0
bsymv3,NTA,3.0
bsymv3,YTA,4.0
bsymv3,YTA,4.0
bsymv3,YTA,4.0
bsymv3,YTA,4.0
bsymv3,YTA,4.0
bsymv3,YTA,4.0
bsymv3,YTA,4.0
bsymv3,YTA,4.0
bsymv3,YTA,4.0
bsymv3,YTA,4.0
bsymv3,YTA,4.0
bsymv3,YTA,4.0
bsymv3,YTA,4.0
bsymv3,YTA,4.0
bsymv3,YTA,4.0
bsymv3,YTA,4.0
bsymv3,YTA,4.0
bsymv3,YTA,4.0
bsymv3,YTA,4.0
bsymv3,YTA,4.0
bsymv3,YTA,4.0
bsymv3,YTA,4.0
bsymv3,YTA,4.0
bsymv3,YTA,4.0
bsymv3,YTA,4.0
bsymv3,YTA,4.0
bsymv3,YTA,4.0
bsymv3,YTA,4.0
bsymv3,YTA,4.0
bsymv3,YTA,4.0
bsymv3,YTA,4.0
bsymv3,YTA,4.0
bsymv3,YTA,4.0
bsymv3,YTA,4.0
bsymv3,YTA,4.0
bsymv3,YTA,4.0
bsymv3,YTA,4.0
bsymv3,YTA,4.0
bsymv3,YTA,4.0
bsymv3,YTA,4.0
bsymv3,YTA,4.0
bsymv3,YTA,4.0
bsymv3,YTA,4.0
bsymv3,YTA,4.0
bsymv3,YTA,4.0
bsymv3,YTA,4.0
bsymv3,YTA,4.0
bsymv3,YTA,4.0
bsymv3,YTA,4.0
bsymv3,YTA,4.0
bsymv3,YTA,4.0
bsymv3,YTA,4.0
bsymv3,YTA,4.0
bsymv3,YTA,4.0
bsymv3,YTA,4.0
bsymv3,YTA,4.0
bsymv3,YTA,4.0
bsymv3,YTA,4.0
bsymv3,YTA,4.0
bsymv3,YTA,4.0
bsymv3,YTA,4.0
bsymv3,YTA,4.0
bsymv3,YTA,4.0
bsymv3,YTA,4.0
bsymv3,YTA,4.0
bsymv3,YTA,4.0
bsymv3,YTA,4.0
bsymv3,YTA,4.0
bsymv3,YTA,4.0
bsymv3,YTA,4.0
bsymv3,YTA,4.0
bsymv3,YTA,4.0
bsymv3,YTA,4.0
bsymv3,YTA,4.0
bsymv3,YTA,4.0
bsymv3,YTA,4.0
bsymv3,YTA,4.0
bsymv3,YTA,4.0
bsymv3,YTA,4.0
bsymv3,YTA,4.0
bsymv3,YTA,4.0
bsymv3,YTA,4.0
bsymv3,YTA,4.0
bsymv3,YTA,4.0
bsymv3,YTA,4.0
bsymv3,YTA,4.0
bsymv3,YTA,4.0
bsymv3,YTA,4.0
bsymv3,YTA,4.0
bsymv3,YTA,4.0
bsymv3,YTA,4.0
bsymv3,YTA,3.0
bsymv3,YTA,4.0
bsymv3,YTA,4.0
bsymv3,YTA,4.0
bsymv3,YTA,4.0
bsymv3,YTA,4.0
bsymv3,YTA,4.0
bsymv3,YTA,4.0
bsymv3,YTA,4.0
bsymv3,YTA,4.0
bsymv3,YTA,4.0
bsymv3,YTA,4.0
bsymv3,YTA,4.0
bsymv3,YTA,4.0
bsymv3,YTA,4.0
bsymv3,YTA,4.0
bsymv3,YTA,4.0
bsymv3,YTA,4.0
bsymv3,YTA,4.0
bsymv3,YTA,4.0
bsymv3,YTA,3.0
bsymv3,YTA,4.0
bsymv3,YTA,4.0
bsymv3,YTA,4.0
bsymv3,YTA,4.0
bsymv3,YTA,4.0
bsymv3,YTA,4.0
bsymv3,YTA,4.0
bsymv3,YTA,4.0
bsymv3,YTA,4.0
bsymv3,ESH,3.0
bsymv3,YTA,4.0
bsymv3,YTA,4.0
bsymv3,YTA,4.0
bsymv3,YTA,4.0
bsymv3,YTA,4.0
bsymv3,YTA,4.0
bsymv3,NTA,4.0
bsymv3,YTA,4.0
bsymv3,YTA,4.0
bsymv3,YTA,4.0
bsymv3,YTA,4.0
bsymv3,YTA,4.0
bsymv3,YTA,4.0
bsymv3,YTA,4.0
bsymv3,YTA,4.0
bsymv3,YTA,4.0
bsymv3,NTA,4.0
bsymv3,YTA,4.0
bsymv3,NTA,4.0
bsymv3,YTA,4.0
bsymv3,YTA,4.0
bsymv3,YTA,4.0
bsymv3,YTA,4.0
bsymv3,YTA,4.0
bsymv3,YTA,4.0
bsymv3,YTA,4.0
bsymv3,YTA,4.0
bsymv3,YTA,4.0
bsymv3,YTA,4.0
bsymv3,YTA,1.0
bsymv3,YTA,4.0
bsymv3,YTA,4.0
bsymv3,YTA,4.0
bsymv3,YTA,4.0
bsymv3,YTA,4.0
bsymv3,YTA,4.0
bsymv3,YTA,4.0
bsymv3,YTA,4.0
bsymv3,YTA,4.0
bsymv3,YTA,4.0
bsymv3,YTA,4.0
bsymv3,YTA,4.0
bsymv3,YTA,4.0
bsymv3,YTA,4.0
bsymv3,YTA,4.0
bsymv3,YTA,4.0
bsymv3,YTA,4.0
bsymv3,YTA,4.0
bsymv3,YTA,4.0
bsymv3,YTA,4.0
bsymv3,YTA,4.0
bsymv3,YTA,4.0
bsymv3,YTA,4.0
bsymv3,YTA,4.0
bsymv3,YTA,4.0
bsymv3,YTA,4.0
bsymv3,YTA,4.0
bsymv3,NAH,4.0
bsymv3,YTA,4.0
bsymv3,YTA,4.0
bsymv3,YTA,4.0
bsymv3,YTA,4.0
bsymv3,YTA,4.0
bsymv3,YTA,4.0
bsymv3,YTA,4.0
bsymv3,YTA,4.0
bsymv3,YTA,4.0
bsymv3,YTA,4.0
bsymv3,YTA,4.0
bsymv3,YTA,4.0
bsymv3,YTA,4.0
bsymv3,YTA,4.0
bsymv3,YTA,4.0
bsymv3,YTA,4.0
bsymv3,ESH,3.0
bsymv3,YTA,4.0
bsymv3,YTA,4.0
bsymv3,YTA,4.0
bsymv3,YTA,4.0
bsymv3,YTA,4.0
bsymv3,YTA,4.0
bsymv3,YTA,4.0
bsymv3,YTA,4.0
bsymv3,YTA,4.0
bsymv3,YTA,4.0
bsymv3,YTA,4.0
bsymv3,YTA,4.0
bsymv3,YTA,4.0
bsymv3,YTA,4.0
bsymv3,YTA,4.0
bsymv3,YTA,4.0
bsymv3,YTA,4.0
bsymv3,YTA,4.0
bsymv3,YTA,4.0
bsymv3,YTA,4.0
bsymv3,YTA,4.0
bsymv3,YTA,4.0
bsymv3,YTA,4.0
bsymv3,YTA,4.0
bsymv3,YTA,4.0
bsymv3,YTA,4.0
bsymv3,YTA,4.0
bsymv3,NAH,3.0
bsymv3,YTA,4.0
bsymv3,YTA,4.0
bsymv3,YTA,4.0
bsymv3,YTA,4.0
bsymv3,NTA,4.0
bsymv3,YTA,4.0
bsymv3,YTA,4.0
bsymv3,YTA,4.0
bsymv3,YTA,4.0
bsymv3,YTA,4.0
bsymv3,YTA,4.0
bsymv3,YTA,4.0
bsymv3,YTA,4.0
bsymv3,YTA,4.0
bsymv3,YTA,4.0
bsymv3,YTA,4.0
bsymv3,YTA,4.0
bsymv3,YTA,4.0
bsymv3,YTA,4.0
bsymv3,YTA,4.0
bsymv3,YTA,4.0
bsymv3,YTA,4.0
bsymv3,YTA,4.0
bsymv3,YTA,4.0
bsymv3,ESH,4.0
bsymv3,YTA,4.0
bsymv3,YTA,4.0
bsymv3,YTA,4.0
bsymv3,YTA,4.0
bsymv3,YTA,4.0
bsymv3,YTA,4.0
bsymv3,YTA,4.0
bsymv3,YTA,4.0
bsymv3,YTA,4.0
bsymv3,YTA,4.0
bsymv3,YTA,4.0
bsymv3,YTA,4.0
bsymv3,YTA,4.0
bsymv3,NTA,4.0
bsymv3,YTA,4.0
bsymv3,YTA,4.0
bsymv3,NTA,4.0
bsymv3,YTA,4.0
bsymv3,YTA,4.0
bsymv3,YTA,4.0
bsymv3,YTA,4.0
bsymv3,YTA,4.0
bsymv3,YTA,4.0
bsymv3,YTA,4.0
bsymv3,YTA,4.0
bsymv3,YTA,4.0
bsymv3,YTA,4.0
bsymv3,ESH,3.0
bsymv3,YTA,4.0
bsymv3,YTA,1.0
bsymv3,YTA,4.0
bsymv3,YTA,4.0
bsymv3,YTA,4.0
bsymv3,YTA,4.0
bsymv3,YTA,4.0
bsymv3,YTA,4.0
bsymv3,YTA,4.0
bsymv3,YTA,4.0
bsymv3,YTA,4.0
bsymv3,YTA,4.0
bsymv3,YTA,4.0
bsymv3,YTA,4.0
bsymv3,YTA,4.0
bsymv3,YTA,4.0
bsymv3,YTA,4.0
bsymv3,YTA,4.0
bsymv3,YTA,4.0
bsymv3,YTA,4.0
bsymv3,YTA,4.0
bsymv3,YTA,4.0
bsymv3,YTA,4.0
bsymv3,NAH,3.0
bsymv3,YTA,4.0
bsymv3,YTA,4.0
bsymv3,NAH,4.0
bsymv3,YTA,4.0
bsymv3,YTA,4.0
bsymv3,YTA,4.0
bsymv3,YTA,4.0
bsymv3,YTA,4.0
bsymv3,YTA,4.0
bsymv3,YTA,4.0
bsymv3,YTA,4.0
bsymv3,YTA,4.0
bsymv3,YTA,4.0
bsymv3,YTA,4.0
bsymv3,YTA,4.0
bsymv3,YTA,4.0
bsymv3,YTA,4.0
bsymv3,YTA,4.0
bsymv3,YTA,4.0
bsymv3,YTA,4.0
bsymv3,YTA,4.0
bsymv3,YTA,4.0
bsymv3,YTA,4.0
bsymv3,YTA,4.0
bsymv3,YTA,4.0
bsymv3,YTA,4.0
bsymv3,YTA,4.0
bsymv3,YTA,4.0
bsymv3,YTA,4.0
bsymv3,YTA,4.0
bsymv3,YTA,4.0
bsymv3,YTA,4.0
bsymv3,YTA,4.0
bsymv3,YTA,4.0
bsymv3,YTA,4.0
bsymv3,YTA,4.0
bsymv3,NAH,3.0
bsymv3,YTA,4.0
bsymv3,YTA,4.0
bsymv3,YTA,4.0
bsymv3,YTA,4.0
bsymv3,YTA,4.0
bsymv3,YTA,4.0
bsymv3,YTA,4.0
bsymv3,YTA,4.0
bsymv3,YTA,4.0
bsymv3,YTA,4.0
bsymv3,YTA,4.0
bsymv3,YTA,4.0
bsymv3,YTA,4.0
bsymv3,ESH,4.0
bsymv3,YTA,4.0
bsymv3,YTA,4.0
bsymv3,YTA,4.0
bsymv3,YTA,4.0
bsymv3,YTA,4.0
bsymv3,YTA,4.0
bsymv3,YTA,4.0
bsymv3,YTA,4.0
bsymv3,YTA,4.0
bsymv3,YTA,4.0
bsymv3,YTA,4.0
bsymv3,YTA,4.0
bsymv3,YTA,4.0
bsymv3,YTA,4.0
bsymv3,YTA,4.0
bsymv3,YTA,4.0
bsymv3,YTA,4.0
bsymv3,YTA,4.0
bsymv3,YTA,4.0
bsymv3,YTA,4.0
bsymv3,YTA,4.0
bsymv3,YTA,4.0
bsymv3,YTA,4.0
bsymv3,YTA,4.0
bsymv3,YTA,4.0
bsymv3,YTA,4.0
bsymv3,YTA,4.0
bsymv3,YTA,4.0
bsymv3,YTA,4.0
bsymv3,YTA,4.0
bsymv3,YTA,4.0
bsymv3,YTA,4.0
bsymv3,YTA,4.0
bsymv3,YTA,4.0
bsymv3,YTA,4.0
bsymv3,YTA,4.0
bsymv3,YTA,4.0
bsymv3,YTA,4.0
bsymv3,YTA,4.0
bsymv3,YTA,4.0
bsymv3,YTA,4.0
bsymv3,YTA,4.0
bsymv3,YTA,4.0
bsymv3,YTA,4.0
bsymv3,YTA,4.0
bsymv3,YTA,4.0
bsymv3,YTA,4.0
bsymv3,YTA,4.0
bsymv3,YTA,4.0
bsymv3,NTA,4.0
bsymv3,YTA,4.0
bsymv3,YTA,4.0
bsymv3,YTA,4.0
bsymv3,YTA,4.0
bsymv3,YTA,4.0
bsymv3,YTA,4.0
bsymv3,YTA,4.0
bsymv3,YTA,4.0
bsymv3,YTA,4.0
bsymv3,YTA,4.0
bsymv3,YTA,4.0
bsymv3,YTA,4.0
bsymv3,YTA,4.0
bsymv3,YTA,4.0
bsymv3,YTA,4.0
bsymv3,YTA,4.0
bsymv3,YTA,4.0
bsymv3,YTA,4.0
bsymv3,YTA,4.0
bsymv3,YTA,4.0
bsymv3,YTA,4.0
bsymv3,YTA,4.0
bsymv3,YTA,4.0
bsymv3,YTA,4.0
bsymv3,YTA,4.0
bsymv3,YTA,4.0
bsymv3,YTA,4.0
bsymv3,YTA,4.0
bsymv3,YTA,4.0
bsymv3,YTA,4.0
bsymv3,YTA,4.0
bsymv3,YTA,4.0
bsymv3,YTA,4.0
bsymv3,YTA,4.0
bsymv3,YTA,4.0
bsymv3,YTA,4.0
bsymv3,YTA,4.0
bsymv3,YTA,4.0
bsymv3,YTA,4.0
bsymv3,YTA,4.0
bsymv3,YTA,4.0
bsymv3,YTA,4.0
bsymv3,YTA,4.0
bsymv3,YTA,4.0
bsymv3,YTA,4.0
bsymv3,YTA,4.0
bsymv3,YTA,4.0
bsymv3,YTA,4.0
bsymv3,YTA,4.0
bsymv3,YTA,4.0
bsymv3,YTA,4.0
bsymv3,YTA,4.0
bsymv3,YTA,4.0
bsymv3,NTA,4.0
bsymv3,YTA,4.0
bsymv3,YTA,4.0
bsymv3,YTA,4.0
bsymv3,YTA,4.0
bsymv3,YTA,4.0
bsymv3,YTA,4.0
bsymv3,YTA,4.0
bsymv3,YTA,4.0
bsymv3,YTA,4.0
bsymv3,YTA,4.0
bsymv3,YTA,4.0
bsymv3,YTA,4.0
bsymv3,YTA,4.0
bsymv3,YTA,4.0
bsymv3,YTA,4.0
bsymv3,YTA,4.0
bsymv3,YTA,4.0
bsymv3,YTA,4.0
bsymv3,YTA,4.0
bsymv3,YTA,4.0
bsymv3,YTA,4.0
bsymv3,YTA,4.0
bsymv3,YTA,4.0
bsymv3,YTA,4.0
bsymv3,YTA,4.0
bsymv3,YTA,4.0
bsymv3,YTA,4.0
bsymv3,YTA,4.0
bsymv3,YTA,4.0
bsymv3,YTA,4.0
bsymv3,YTA,4.0
bsymv3,YTA,4.0
bucfkc,NTA,4.0
bucfkc,NTA,4.0
bucfkc,NTA,4.0
bucfkc,NTA,4.0
bucfkc,NTA,4.0
bucfkc,NTA,4.0
bucfkc,NTA,4.0
bucfkc,NTA,3.0
bucfkc,NTA,4.0
bucfkc,NAH,4.0
bucfkc,NTA,4.0
bucfkc,NTA,4.0
bucfkc,NTA,3.0
bucfkc,NTA,4.0
bucfkc,NTA,4.0
bucfkc,NTA,4.0
bucfkc,NTA,4.0
bucfkc,NTA,4.0
bucfkc,NTA,4.0
bucfkc,NTA,4.0
bucfkc,NTA,4.0
bucfkc,YTA,4.0
bucfkc,NTA,4.0
bucfkc,NTA,4.0
bucfkc,NTA,4.0
bucfkc,NTA,4.0
bucfkc,NTA,4.0
bucfkc,NTA,4.0
bucfkc,NTA,4.0
bucfkc,NTA,4.0
bucfkc,NTA,3.0
bucfkc,NTA,4.0
bucfkc,NTA,4.0
bucfkc,NTA,4.0
bucfkc,NAH,4.0
bucfkc,NTA,4.0
bucfkc,NTA,3.0
bucfkc,NTA,3.0
bucfkc,NTA,4.0
bucfkc,NTA,4.0
bucfkc,NAH,4.0
bucfkc,NTA,4.0
bucfkc,NTA,4.0
bucfkc,NTA,3.0
bucfkc,NTA,4.0
bucfkc,NTA,4.0
bucfkc,NTA,4.0
bucfkc,NTA,4.0
bucfkc,NTA,3.0
bucfkc,NTA,4.0
bucfkc,NTA,4.0
bucfkc,NTA,4.0
bucfkc,NTA,4.0
bucfkc,NTA,4.0
bucfkc,NTA,4.0
bucfkc,NTA,3.0
bucfkc,NAH,4.0
bucfkc,NTA,3.0
bucfkc,NTA,4.0
bucfkc,NTA,4.0
bucfkc,NTA,4.0
bucfkc,NTA,4.0
bucfkc,NTA,3.0
bucfkc,NTA,3.0
bucfkc,NAH,4.0
bucfkc,NTA,4.0
bucfkc,NTA,4.0
bucfkc,NAH,3.0
bucfkc,NTA,4.0
bucfkc,NTA,4.0
bucfkc,NTA,4.0
bucfkc,NAH,4.0
bucfkc,NTA,4.0
bucfkc,NAH,4.0
bucfkc,NTA,4.0
bucfkc,NTA,4.0
bucfkc,NTA,4.0
bucfkc,NAH,4.0
bucfkc,NTA,4.0
bucfkc,NTA,4.0
bucfkc,NTA,4.0
bucfkc,NTA,4.0
bucfkc,YTA,4.0
bucfkc,NTA,4.0
bucfkc,NAH,3.0
bucfkc,NTA,4.0
bucfkc,NAH,3.0
bucfkc,NTA,4.0
bucfkc,NTA,4.0
bucfkc,NTA,4.0
bucfkc,NTA,4.0
bucfkc,NTA,4.0
bucfkc,NAH,4.0
bucfkc,NTA,3.0
bucfkc,NAH,4.0
bucfkc,NTA,4.0
bucfkc,NTA,4.0
bucfkc,NTA,4.0
bucfkc,YTA,4.0
bucfkc,NTA,4.0
bucfkc,NTA,4.0
bucfkc,NAH,4.0
bucfkc,NAH,4.0
bucfkc,NAH,4.0
bucfkc,NTA,4.0
bucfkc,NTA,4.0
bucfkc,NTA,4.0
bucfkc,NTA,4.0
bucfkc,NTA,4.0
bucfkc,NAH,4.0
bucfkc,NTA,4.0
bucfkc,NTA,4.0
bucfkc,NTA,4.0
bucfkc,NAH,4.0
bucfkc,NTA,4.0
bucfkc,NTA,4.0
bucfkc,NTA,4.0
bucfkc,NTA,4.0
bucfkc,NTA,4.0
bucfkc,NAH,4.0
bucfkc,NAH,4.0
bucfkc,NTA,4.0
bucfkc,NAH,4.0
bucfkc,NAH,4.0
bucfkc,NTA,4.0
bucfkc,NTA,4.0
bucfkc,NAH,4.0
bucfkc,NTA,4.0
bucfkc,NTA,4.0
bucfkc,ESH,3.0
bucfkc,NAH,3.0
bucfkc,NTA,4.0
bucfkc,NTA,4.0
bucfkc,NTA,4.0
bucfkc,NTA,4.0
bucfkc,NTA,4.0
bucfkc,NTA,4.0
bucfkc,YTA,4.0
bucfkc,NAH,4.0
bucfkc,NTA,4.0
bucfkc,NAH,4.0
bucfkc,NAH,4.0
bucfkc,NTA,4.0
bucfkc,NTA,4.0
bucfkc,NAH,4.0
bucfkc,NAH,3.0
bucfkc,NAH,4.0
bucfkc,NTA,3.0
bucfkc,NTA,4.0
bucfkc,NTA,4.0
bucfkc,NAH,4.0
bucfkc,NTA,4.0
bucfkc,NTA,4.0
bucfkc,NAH,4.0
bucfkc,NTA,4.0
bucfkc,NTA,4.0
bucfkc,NTA,4.0
bucfkc,NAH,4.0
bucfkc,NTA,1.0
bucfkc,NAH,4.0
bucfkc,YTA,4.0
bucfkc,NAH,3.0
bucfkc,NAH,4.0
bucfkc,NTA,4.0
bucfkc,NTA,4.0
bucfkc,NTA,4.0
bucfkc,YTA,4.0
bucfkc,NAH,4.0
bucfkc,NAH,4.0
bucfkc,NTA,3.0
bucfkc,NTA,4.0
bucfkc,NTA,4.0
bucfkc,NTA,4.0
bucfkc,NTA,4.0
bucfkc,NAH,4.0
bucfkc,NAH,4.0
bucfkc,NTA,4.0
bucfkc,NTA,4.0
bucfkc,NTA,4.0
bucfkc,NAH,4.0
bucfkc,NAH,4.0
bucfkc,NTA,4.0
bucfkc,NAH,4.0
bucfkc,NAH,4.0
bucfkc,NTA,4.0
bucfkc,NAH,4.0
bucfkc,NTA,4.0
bucfkc,NAH,4.0
bucfkc,NTA,4.0
bucfkc,NAH,4.0
bucfkc,NTA,4.0
bucfkc,NAH,3.0
bucfkc,NTA,4.0
bucfkc,NAH,4.0
bucfkc,NTA,4.0
bucfkc,NTA,4.0
bucfkc,NAH,4.0
bucfkc,NAH,4.0
bucfkc,NTA,4.0
bucfkc,YTA,4.0
bucfkc,NTA,4.0
bucfkc,NTA,4.0
bx34vw,NTA,4.0
bx34vw,ESH,3.0
bx34vw,NTA,4.0
bx34vw,NTA,4.0
bx34vw,NTA,4.0
bx34vw,NTA,4.0
bx34vw,YTA,4.0
bx34vw,NTA,4.0
bx34vw,NTA,4.0
bx34vw,NTA,3.0
bx34vw,NTA,4.0
bx34vw,NTA,4.0
bx34vw,NTA,4.0
bx34vw,YTA,4.0
bx34vw,NTA,4.0
bx34vw,YTA,4.0
bx34vw,NTA,4.0
bx34vw,NTA,4.0
bx34vw,NTA,4.0
bx34vw,YTA,4.0
bx34vw,NTA,4.0
bx34vw,YTA,4.0
bx34vw,NTA,4.0
bx34vw,NAH,3.0
bx34vw,NTA,4.0
bx34vw,NTA,4.0
bx34vw,NTA,4.0
bx34vw,NTA,4.0
bx34vw,NTA,4.0
bx34vw,NTA,4.0
bx34vw,NTA,4.0
bx34vw,YTA,3.0
bx34vw,NTA,4.0
bx34vw,NTA,4.0
bx34vw,NTA,4.0
bx34vw,NTA,4.0
bx34vw,NTA,4.0
bx34vw,NTA,4.0
bx34vw,NTA,4.0
bx34vw,NTA,4.0
bx34vw,NTA,4.0
bx34vw,NTA,4.0
bx34vw,NTA,4.0
bx34vw,NTA,4.0
bx34vw,NTA,4.0
bx34vw,NTA,4.0
bx34vw,NTA,4.0
bx34vw,NTA,4.0
bx34vw,YTA,4.0
bx34vw,NTA,4.0
bx34vw,NTA,4.0
bx34vw,NTA,4.0
bx34vw,NTA,4.0
bx34vw,NTA,4.0
bx34vw,NTA,4.0
bx34vw,NTA,4.0
bx34vw,NTA,4.0
bx34vw,NAH,4.0
bx34vw,NTA,4.0
bx34vw,NTA,4.0
bx34vw,NTA,4.0
bx34vw,NAH,4.0
bx34vw,NTA,4.0
bx34vw,NTA,4.0
bx34vw,NTA,4.0
bx34vw,NTA,4.0
bx34vw,NTA,4.0
bx34vw,NTA,4.0
bx34vw,NAH,4.0
bx34vw,YTA,1.0
bx34vw,ESH,3.0
bx34vw,NTA,4.0
bx34vw,YTA,4.0
bx34vw,NTA,4.0
bx34vw,NTA,1.0
bx34vw,NTA,4.0
bx34vw,NTA,4.0
bx34vw,NTA,4.0
bx34vw,NTA,4.0
bx34vw,NTA,3.0
bx34vw,NTA,3.0
bx34vw,NTA,4.0
bx34vw,NTA,4.0
bx34vw,NTA,4.0
bx34vw,NTA,4.0
bx34vw,NTA,4.0
bx34vw,NTA,4.0
bx34vw,NTA,4.0
bx34vw,NTA,4.0
bx34vw,NTA,4.0
bx34vw,NTA,4.0
bx34vw,NTA,4.0
bx34vw,NTA,4.0
bx34vw,NTA,4.0
bx34vw,NTA,4.0
bx34vw,NTA,4.0
bx34vw,NTA,4.0
bx34vw,NTA,4.0
bx34vw,NTA,3.0
bx34vw,NTA,4.0
bx34vw,NTA,4.0
bx34vw,YTA,4.0
bx34vw,YTA,4.0
bx34vw,NTA,4.0
bx34vw,NTA,4.0
bx34vw,NTA,4.0
bx34vw,NTA,4.0
bx34vw,NTA,4.0
bx34vw,NTA,4.0
bx34vw,NTA,4.0
bx34vw,NTA,4.0
bx34vw,ESH,3.0
bx34vw,ESH,4.0
bx34vw,NTA,4.0
bx34vw,NTA,4.0
bx34vw,NTA,4.0
bx34vw,NTA,4.0
bx34vw,YTA,4.0
bx34vw,NTA,4.0
bx34vw,YTA,4.0
bx34vw,NTA,4.0
bx34vw,NTA,4.0
bx34vw,NTA,4.0
bx34vw,YTA,4.0
bx34vw,NTA,4.0
bx34vw,YTA,4.0
bx34vw,YTA,4.0
bx34vw,NTA,4.0
bx34vw,NTA,4.0
bx34vw,NTA,4.0
bx34vw,NTA,4.0
bx34vw,NTA,4.0
bx34vw,NTA,4.0
bx34vw,NTA,4.0
bx34vw,NTA,4.0
bx34vw,YTA,4.0
bx34vw,NTA,4.0
bx34vw,NTA,4.0
bx34vw,NTA,4.0
bx34vw,NTA,4.0
bx34vw,YTA,4.0
bx34vw,NTA,4.0
bx34vw,NTA,4.0
bx34vw,NTA,4.0
bx34vw,NTA,4.0
bx34vw,NAH,4.0
bx34vw,NTA,4.0
bx34vw,NTA,4.0
bx34vw,NTA,4.0
bx34vw,NTA,4.0
bx34vw,NAH,4.0
bx34vw,YTA,4.0
bx34vw,YTA,4.0
bx34vw,NTA,4.0
bx34vw,NTA,4.0
bx34vw,NTA,4.0
bx34vw,NTA,4.0
bx34vw,NTA,4.0
bx34vw,NTA,4.0
bx34vw,ESH,3.0
bx34vw,NTA,4.0
bx34vw,YTA,4.0
bx34vw,YTA,4.0
bx34vw,NTA,4.0
bx34vw,NTA,4.0
bx34vw,NTA,4.0
bx34vw,NTA,4.0
bx34vw,NTA,4.0
bx34vw,NTA,4.0
bx34vw,YTA,4.0
bx34vw,NTA,4.0
bx34vw,NTA,4.0
bx34vw,YTA,4.0
bx34vw,YTA,3.0
bx34vw,YTA,4.0
bx34vw,NTA,4.0
bx34vw,NTA,4.0
bx34vw,NTA,4.0
bx34vw,NTA,4.0
bx34vw,NTA,4.0
bx34vw,NTA,4.0
bx34vw,YTA,4.0
bx34vw,NTA,4.0
bx34vw,NTA,4.0
bx34vw,NTA,4.0
bx34vw,NTA,4.0
bx34vw,YTA,4.0
bx34vw,NTA,4.0
bx34vw,NTA,3.0
bx34vw,NTA,4.0
bx34vw,NTA,4.0
bx34vw,NAH,3.0
bx34vw,NTA,4.0
bx34vw,NTA,4.0
bx34vw,YTA,1.0
bx34vw,NTA,4.0
bx34vw,ESH,3.0
bx34vw,NTA,4.0
bx34vw,NTA,4.0
bx34vw,NTA,4.0
bx34vw,NTA,4.0
bx34vw,NTA,4.0
bx34vw,YTA,4.0
bx34vw,NAH,3.0
bx34vw,NTA,4.0
bx34vw,NTA,4.0
bx34vw,NTA,4.0
bx34vw,NTA,4.0
bx34vw,YTA,4.0
bx34vw,NTA,4.0
bx34vw,YTA,4.0
bx34vw,YTA,4.0
bx34vw,NTA,4.0
bx34vw,NAH,4.0
bx34vw,NTA,4.0
bx34vw,YTA,4.0
bx34vw,NTA,4.0
bx34vw,YTA,4.0
bx34vw,NTA,4.0
bx34vw,YTA,3.0
bx34vw,NTA,4.0
bx34vw,NTA,4.0
bx34vw,NTA,4.0
bx34vw,NTA,4.0
bx34vw,NTA,4.0
bx34vw,ESH,4.0
bx34vw,NTA,4.0
bx34vw,NTA,4.0
bx34vw,NTA,4.0
bx34vw,NTA,4.0
bx34vw,YTA,4.0
bx34vw,NTA,4.0
bx34vw,NAH,3.0
bx34vw,ESH,4.0
bx34vw,NTA,4.0
bx34vw,NTA,4.0
bx34vw,NTA,4.0
bx34vw,NTA,4.0
bx34vw,NTA,4.0
bx34vw,NTA,4.0
bx34vw,NTA,4.0
bx34vw,YTA,4.0
bx34vw,NTA,4.0
bx34vw,NTA,4.0
bx34vw,YTA,4.0
bx34vw,NTA,4.0
bx34vw,YTA,3.0
bx34vw,YTA,4.0
bx34vw,YTA,4.0
bx34vw,NTA,4.0
bx34vw,NTA,4.0
bx34vw,NTA,4.0
bx34vw,NTA,4.0
bx34vw,YTA,2.0
bx34vw,YTA,4.0
bx34vw,NTA,4.0
bx34vw,NTA,4.0
bx34vw,NTA,4.0
bx34vw,NTA,4.0
bx34vw,YTA,4.0
bx34vw,NTA,4.0
bx34vw,ESH,3.0
bx34vw,NAH,4.0
bx34vw,NAH,4.0
bx34vw,YTA,4.0
bx34vw,NTA,4.0
bx34vw,NTA,4.0
bx34vw,NTA,4.0
bx34vw,NTA,4.0
bx34vw,NTA,4.0
bx34vw,NTA,4.0
bx34vw,YTA,4.0
bx34vw,NTA,4.0
bx34vw,NAH,4.0
bx34vw,NTA,4.0
bx34vw,NTA,4.0
bx34vw,NTA,4.0
bx34vw,NTA,4.0
bx34vw,ESH,3.0
bx34vw,NTA,4.0
bx34vw,YTA,4.0
bx34vw,NTA,4.0
bx34vw,YTA,4.0
bx34vw,NTA,4.0
bx34vw,NTA,4.0
bx34vw,NTA,4.0
bx34vw,NTA,4.0
bx34vw,NTA,4.0
bx34vw,YTA,4.0
bx34vw,NAH,4.0
bx34vw,NTA,4.0
bx34vw,NTA,4.0
bx34vw,NTA,4.0
bx34vw,NTA,4.0
bx34vw,YTA,4.0
bx34vw,NTA,4.0
bx34vw,NTA,4.0
bx34vw,NTA,4.0
bx34vw,NTA,4.0
bx34vw,ESH,4.0
bx34vw,YTA,4.0
bx34vw,NTA,4.0
bx34vw,NTA,4.0
bx34vw,NTA,4.0
bx34vw,NTA,4.0
bx34vw,NAH,4.0
bx34vw,NTA,4.0
bx34vw,NAH,4.0
bx34vw,NTA,4.0
bx34vw,NTA,4.0
bx34vw,NTA,4.0
bx34vw,YTA,4.0
bx34vw,NTA,4.0
bx34vw,NTA,4.0
bx34vw,NTA,4.0
bx34vw,YTA,4.0
bx34vw,NTA,4.0
bx34vw,YTA,4.0
bx34vw,NTA,4.0
bx34vw,NTA,4.0
bx34vw,ESH,3.0
bx34vw,NTA,4.0
bx34vw,NTA,4.0
bx34vw,NTA,4.0
bx34vw,YTA,4.0
bx34vw,NTA,4.0
bx34vw,NTA,4.0
bx34vw,NTA,4.0
bx34vw,NAH,4.0
bx34vw,NTA,4.0
bx34vw,NAH,3.0
bx34vw,YTA,4.0
bx34vw,NTA,4.0
bx34vw,YTA,4.0
bx34vw,NTA,4.0
bx34vw,YTA,4.0
bx34vw,NTA,4.0
bx34vw,NTA,4.0
bx34vw,YTA,4.0
bx34vw,NTA,4.0
bx34vw,YTA,4.0
bx34vw,YTA,4.0
bx34vw,NTA,4.0
bx34vw,YTA,4.0
bx34vw,YTA,4.0
bx34vw,YTA,4.0
bx34vw,NTA,4.0
bx34vw,NTA,4.0
bx34vw,NTA,4.0
bx34vw,NTA,1.0
bx34vw,ESH,3.0
bx34vw,NTA,4.0
bx34vw,YTA,4.0
bx34vw,NTA,4.0
bx34vw,NAH,4.0
bx34vw,YTA,4.0
bx34vw,YTA,4.0
bx34vw,NTA,4.0
bx34vw,YTA,4.0
bx34vw,YTA,3.0
bx34vw,YTA,4.0
bx34vw,YTA,4.0
bx34vw,YTA,3.0
bx34vw,NTA,4.0
bx34vw,NTA,4.0
bx34vw,NTA,4.0
bx34vw,NTA,4.0
bx34vw,NTA,4.0
bx34vw,NTA,4.0
bx34vw,NTA,4.0
bx34vw,NTA,4.0
bx34vw,YTA,4.0
bx34vw,NAH,4.0
bx34vw,NTA,4.0
bx34vw,YTA,4.0
bx34vw,NTA,4.0
bx34vw,NTA,4.0
bx34vw,NTA,4.0
bx34vw,NTA,4.0
bx34vw,YTA,4.0
bx34vw,NTA,4.0
bx34vw,NAH,1.0
bx34vw,YTA,4.0
bx34vw,YTA,4.0
bx34vw,NTA,4.0
bx34vw,NTA,4.0
bx34vw,NTA,4.0
bx34vw,YTA,4.0
bx34vw,NTA,4.0
bx34vw,YTA,4.0
bx34vw,NTA,4.0
bx34vw,NTA,4.0
bx496s,NAH,3.0
bx496s,NTA,4.0
bx496s,YTA,4.0
bx496s,NAH,3.0
bx496s,YTA,4.0
bx496s,NTA,4.0
bx496s,YTA,4.0
bx496s,YTA,4.0
bx496s,YTA,4.0
bx496s,NTA,4.0
bx496s,YTA,3.0
bx496s,ESH,3.0
bx496s,NAH,4.0
bx496s,YTA,4.0
bx496s,YTA,3.0
bx496s,YTA,4.0
bx496s,NTA,4.0
bx496s,NTA,4.0
bx496s,YTA,4.0
bx496s,YTA,4.0
bx496s,YTA,3.0
bx496s,YTA,4.0
bx496s,YTA,3.0
bx496s,YTA,4.0
bx496s,NAH,4.0
bx496s,YTA,4.0
bx496s,NTA,4.0
bx496s,YTA,4.0
bx496s,YTA,4.0
bx496s,YTA,4.0
bx496s,YTA,4.0
bx496s,YTA,4.0
bx496s,YTA,4.0
bx496s,YTA,4.0
bx496s,YTA,4.0
bx496s,YTA,4.0
bx496s,YTA,4.0
bx496s,YTA,4.0
bx496s,YTA,4.0
bx496s,YTA,4.0
bx496s,YTA,4.0
bx496s,YTA,4.0
bx496s,NTA,4.0
bx496s,YTA,4.0
bx496s,YTA,4.0
bx496s,YTA,4.0
bx496s,YTA,4.0
bx496s,YTA,4.0
bx496s,YTA,4.0
bx496s,YTA,4.0
bx496s,YTA,4.0
bx496s,YTA,3.0
bx496s,YTA,4.0
bx496s,YTA,4.0
bx496s,YTA,4.0
bx496s,YTA,4.0
bx496s,YTA,4.0
bx496s,YTA,4.0
bx496s,YTA,4.0
bx496s,YTA,4.0
bx496s,YTA,4.0
bx496s,YTA,4.0
bx496s,YTA,4.0
bx496s,YTA,4.0
bx496s,YTA,4.0
bx496s,YTA,4.0
bx496s,YTA,4.0
bx496s,YTA,4.0
bx496s,YTA,4.0
bx496s,YTA,4.0
bx496s,YTA,4.0
bx496s,YTA,4.0
bx496s,YTA,4.0
bx496s,YTA,4.0
bx496s,YTA,4.0
bx496s,YTA,4.0
bx496s,YTA,4.0
bx496s,YTA,4.0
bx496s,YTA,4.0
bx496s,NTA,4.0
bx496s,YTA,4.0
bx496s,YTA,4.0
bx496s,YTA,4.0
bx496s,YTA,4.0
bx496s,YTA,4.0
bx496s,YTA,3.0
bx496s,YTA,4.0
bx496s,ESH,4.0
bx496s,YTA,4.0
bx496s,YTA,4.0
bx496s,ESH,3.0
bx496s,YTA,4.0
bx496s,YTA,4.0
bx496s,YTA,4.0
bx496s,YTA,4.0
bx496s,YTA,4.0
bx496s,YTA,4.0
bx496s,YTA,4.0
bx496s,YTA,4.0
bx496s,YTA,4.0
bx496s,YTA,4.0
bx496s,YTA,4.0
bx496s,NAH,3.0
bx496s,NTA,4.0
bx496s,YTA,4.0
bx496s,YTA,3.0
bx496s,YTA,4.0
bx496s,YTA,4.0
bx496s,YTA,4.0
bx496s,YTA,4.0
bx496s,NTA,3.0
bx496s,YTA,4.0
bx496s,NAH,3.0
bx496s,YTA,4.0
bx496s,YTA,4.0
bx496s,YTA,4.0
bx496s,YTA,4.0
bx496s,YTA,4.0
bx496s,YTA,4.0
bx496s,ESH,3.0
bx496s,YTA,4.0
bx496s,YTA,4.0
bx496s,YTA,4.0
bx496s,YTA,1.0
bx496s,YTA,4.0
bx496s,YTA,4.0
bx496s,YTA,4.0
bx496s,YTA,4.0
bx496s,YTA,4.0
bx496s,NTA,3.0
bx496s,YTA,3.0
bx496s,YTA,3.0
bx496s,YTA,4.0
bx496s,YTA,4.0
bx496s,YTA,4.0
bx496s,YTA,4.0
bx496s,YTA,4.0
bx496s,NTA,4.0
bx496s,YTA,4.0
bx496s,YTA,4.0
bx496s,YTA,4.0
bx496s,YTA,4.0
bx496s,YTA,4.0
bx496s,YTA,4.0
bx496s,YTA,4.0
bx496s,NTA,4.0
bx496s,NTA,4.0
bx496s,YTA,4.0
bx496s,YTA,4.0
bx496s,YTA,4.0
bx496s,YTA,4.0
bx496s,YTA,3.0
bx496s,YTA,4.0
bx496s,YTA,1.0
bx496s,NTA,4.0
bx496s,YTA,1.0
bx496s,NAH,4.0
bx496s,YTA,4.0
bx496s,NTA,4.0
bx496s,YTA,4.0
bx496s,YTA,4.0
bx496s,YTA,4.0
bx496s,YTA,4.0
bx496s,YTA,4.0
bx496s,YTA,4.0
bx496s,YTA,4.0
bx496s,YTA,4.0
bx496s,NTA,4.0
bx496s,YTA,4.0
bx496s,NTA,4.0
bx496s,YTA,4.0
bx496s,YTA,4.0
bx496s,YTA,4.0
bx496s,YTA,4.0
bx496s,NTA,3.0
bx496s,YTA,4.0
bx496s,YTA,4.0
bx496s,YTA,4.0
bx496s,YTA,4.0
bx496s,YTA,4.0
bx496s,YTA,4.0
bx496s,YTA,4.0
bx496s,YTA,3.0
bx496s,YTA,4.0
bx496s,YTA,4.0
bx496s,YTA,4.0
bx496s,YTA,4.0
bx496s,NTA,4.0
bx496s,YTA,3.0
bx496s,YTA,4.0
bx496s,YTA,4.0
bx496s,YTA,4.0
bx496s,YTA,4.0
bx496s,NTA,3.0
bx496s,YTA,4.0
bx496s,NTA,4.0
bx496s,YTA,4.0
bx496s,YTA,4.0
bx496s,YTA,4.0
bx496s,YTA,4.0
bx496s,YTA,4.0
bx496s,YTA,4.0
bx496s,NTA,4.0
bx496s,YTA,4.0
bx496s,YTA,3.0
bx496s,YTA,4.0
bx496s,YTA,4.0
bx496s,YTA,4.0
bx496s,YTA,4.0
bx496s,YTA,4.0
bx496s,YTA,4.0
bx496s,YTA,4.0
bx496s,YTA,4.0
bx496s,YTA,4.0
bx496s,YTA,4.0
bx496s,YTA,4.0
bx496s,YTA,4.0
bx496s,YTA,4.0
bx496s,YTA,4.0
bx496s,YTA,4.0
bx496s,YTA,4.0
bx496s,YTA,4.0
bx496s,YTA,4.0
bx496s,YTA,4.0
bx496s,YTA,4.0
bx496s,YTA,4.0
bx496s,YTA,4.0
bx496s,YTA,4.0
bx496s,YTA,4.0
bx496s,YTA,4.0
bx496s,YTA,4.0
bx496s,YTA,4.0
bx496s,YTA,4.0
bx496s,YTA,4.0
bx496s,YTA,4.0
bx496s,YTA,4.0
bx496s,YTA,4.0
bx496s,YTA,4.0
bx496s,YTA,4.0
bx496s,YTA,4.0
bx496s,YTA,4.0
bx496s,YTA,4.0
bx496s,YTA,4.0
bx496s,YTA,4.0
bx496s,YTA,4.0
bx496s,YTA,4.0
bx496s,YTA,4.0
bx496s,YTA,4.0
bx496s,YTA,4.0
bx496s,YTA,4.0
bx496s,YTA,4.0
bx496s,YTA,4.0
bx496s,YTA,3.0
bx496s,YTA,4.0
bx496s,NTA,4.0
bx496s,YTA,4.0
bx496s,YTA,4.0
bx496s,YTA,4.0
bx496s,YTA,4.0
bx496s,YTA,4.0
bx496s,YTA,4.0
bx496s,NAH,4.0
bx496s,YTA,4.0
bx496s,YTA,4.0
bx496s,YTA,4.0
bx496s,YTA,4.0
bx496s,YTA,4.0
bx496s,NTA,3.0
bx496s,YTA,4.0
bx496s,YTA,4.0
bx496s,YTA,3.0
bx496s,YTA,3.0
bx496s,YTA,4.0
bx496s,YTA,3.0
bx496s,YTA,4.0
bx496s,YTA,4.0
bx496s,YTA,4.0
bx496s,YTA,4.0
bx496s,YTA,4.0
bx496s,YTA,4.0
bx496s,YTA,4.0
bx496s,YTA,3.0
bx496s,YTA,4.0
bx496s,YTA,4.0
bx496s,NTA,4.0
bx496s,YTA,4.0
bx496s,YTA,4.0
bx496s,YTA,4.0
bx496s,YTA,4.0
bx496s,YTA,4.0
bx496s,YTA,4.0
bx496s,NTA,4.0
bx496s,YTA,4.0
bx496s,YTA,4.0
bx496s,YTA,4.0
bx496s,YTA,4.0
bx496s,NTA,4.0
bx496s,NTA,3.0
bx496s,YTA,4.0
bx496s,YTA,3.0
bx496s,YTA,4.0
bx496s,YTA,4.0
bx496s,ESH,3.0
bx496s,YTA,4.0
bx496s,YTA,4.0
bx496s,YTA,4.0
bx496s,YTA,4.0
bx496s,YTA,4.0
bx496s,YTA,4.0
bx496s,NAH,4.0
bx496s,YTA,4.0
bx496s,YTA,4.0
bx496s,YTA,4.0
bx496s,YTA,4.0
bybbt4,YTA,4.0
bybbt4,YTA,4.0
bybbt4,YTA,4.0
bybbt4,YTA,4.0
bybbt4,YTA,4.0
bybbt4,YTA,3.0
bybbt4,YTA,4.0
bybbt4,YTA,4.0
bybbt4,YTA,4.0
bybbt4,YTA,4.0
bybbt4,YTA,4.0
bybbt4,YTA,4.0
bybbt4,YTA,4.0
bybbt4,YTA,4.0
bybbt4,YTA,4.0
bybbt4,YTA,4.0
bybbt4,YTA,4.0
bybbt4,YTA,3.0
bybbt4,YTA,4.0
bybbt4,NTA,4.0
bybbt4,YTA,4.0
bybbt4,YTA,4.0
bybbt4,YTA,4.0
bybbt4,YTA,4.0
bybbt4,YTA,4.0
bybbt4,YTA,4.0
bybbt4,YTA,4.0
bybbt4,YTA,4.0
bybbt4,YTA,4.0
bybbt4,YTA,4.0
bybbt4,YTA,4.0
bybbt4,YTA,4.0
bybbt4,YTA,4.0
bybbt4,NTA,4.0
bybbt4,YTA,4.0
bybbt4,YTA,4.0
bybbt4,YTA,4.0
bybbt4,YTA,4.0
bybbt4,YTA,4.0
bybbt4,YTA,4.0
bybbt4,YTA,4.0
bybbt4,YTA,4.0
bybbt4,YTA,4.0
bybbt4,YTA,4.0
bybbt4,YTA,4.0
bybbt4,ESH,4.0
bybbt4,YTA,4.0
bybbt4,YTA,4.0
bybbt4,YTA,4.0
bybbt4,YTA,4.0
bybbt4,YTA,4.0
bybbt4,YTA,4.0
bybbt4,YTA,4.0
bybbt4,YTA,4.0
bybbt4,YTA,4.0
bybbt4,YTA,4.0
bybbt4,YTA,4.0
bybbt4,YTA,4.0
bybbt4,NTA,4.0
bybbt4,YTA,4.0
bybbt4,YTA,4.0
bybbt4,YTA,4.0
bybbt4,YTA,4.0
bybbt4,YTA,4.0
bybbt4,NTA,4.0
bybbt4,YTA,4.0
bybbt4,YTA,4.0
bybbt4,YTA,4.0
bybbt4,YTA,4.0
bybbt4,YTA,4.0
bybbt4,YTA,4.0
bybbt4,YTA,4.0
bybbt4,YTA,4.0
bybbt4,YTA,4.0
bybbt4,YTA,4.0
bybbt4,YTA,4.0
bybbt4,YTA,4.0
bybbt4,YTA,4.0
bybbt4,YTA,4.0
bybbt4,YTA,4.0
bybbt4,YTA,4.0
bybbt4,YTA,4.0
bybbt4,YTA,4.0
bybbt4,YTA,4.0
bybbt4,YTA,4.0
bybbt4,YTA,4.0
bybbt4,YTA,4.0
bybbt4,YTA,4.0
bybbt4,YTA,4.0
bybbt4,YTA,4.0
bybbt4,YTA,4.0
bybbt4,YTA,4.0
bybbt4,YTA,4.0
bybbt4,YTA,4.0
bybbt4,YTA,4.0
bybbt4,YTA,4.0
bybbt4,YTA,4.0
bybbt4,YTA,4.0
bybbt4,YTA,4.0
bybbt4,ESH,3.0
bybbt4,YTA,4.0
bybbt4,YTA,4.0
bybbt4,YTA,4.0
bybbt4,YTA,4.0
bybbt4,YTA,4.0
bybbt4,YTA,4.0
bybbt4,YTA,4.0
bybbt4,YTA,4.0
bybbt4,YTA,4.0
bybbt4,YTA,4.0
bybbt4,YTA,4.0
bybbt4,YTA,4.0
bybbt4,YTA,4.0
bybbt4,YTA,4.0
bybbt4,YTA,4.0
bybbt4,YTA,4.0
bybbt4,YTA,4.0
bybbt4,YTA,4.0
bybbt4,YTA,4.0
bybbt4,YTA,4.0
bybbt4,YTA,4.0
bybbt4,YTA,4.0
bybbt4,YTA,4.0
bybbt4,YTA,4.0
bybbt4,YTA,4.0
bybbt4,YTA,4.0
bybbt4,YTA,4.0
bybbt4,YTA,4.0
bybbt4,YTA,4.0
bybbt4,YTA,4.0
bybbt4,YTA,4.0
bybbt4,YTA,4.0
bybbt4,YTA,4.0
bybbt4,YTA,4.0
bybbt4,YTA,4.0
bybbt4,YTA,4.0
bybbt4,YTA,4.0
bybbt4,YTA,4.0
bybbt4,YTA,4.0
bybbt4,YTA,4.0
bybbt4,YTA,4.0
bybbt4,YTA,4.0
bybbt4,YTA,4.0
bybbt4,YTA,4.0
bybbt4,YTA,4.0
bybbt4,YTA,4.0
bybbt4,YTA,4.0
bybbt4,YTA,4.0
bybbt4,YTA,2.0
bybbt4,YTA,4.0
bybbt4,YTA,4.0
bybbt4,YTA,4.0
bybbt4,NTA,4.0
bybbt4,YTA,4.0
bybbt4,YTA,4.0
bybbt4,YTA,4.0
bybbt4,YTA,4.0
bybbt4,YTA,4.0
bybbt4,YTA,4.0
bybbt4,YTA,4.0
bybbt4,ESH,4.0
bybbt4,YTA,4.0
bybbt4,YTA,4.0
bybbt4,YTA,4.0
bybbt4,YTA,4.0
bybbt4,YTA,4.0
bybbt4,YTA,4.0
bybbt4,YTA,4.0
bybbt4,YTA,4.0
bybbt4,NTA,4.0
bzytv4,NTA,4.0
bzytv4,NTA,4.0
bzytv4,NTA,4.0
bzytv4,NTA,4.0
bzytv4,NTA,4.0
bzytv4,NTA,4.0
bzytv4,NTA,4.0
bzytv4,NTA,4.0
bzytv4,NTA,4.0
bzytv4,NTA,4.0
bzytv4,NTA,4.0
bzytv4,NTA,4.0
bzytv4,NTA,4.0
bzytv4,NTA,4.0
bzytv4,NTA,4.0
bzytv4,NTA,4.0
bzytv4,NTA,4.0
bzytv4,NTA,4.0
bzytv4,NTA,4.0
bzytv4,NTA,4.0
bzytv4,NTA,4.0
bzytv4,NTA,4.0
bzytv4,NTA,4.0
bzytv4,NTA,4.0
bzytv4,NTA,4.0
bzytv4,NTA,4.0
bzytv4,NTA,4.0
bzytv4,NTA,4.0
bzytv4,NTA,4.0
bzytv4,NTA,4.0
bzytv4,NTA,4.0
bzytv4,NTA,4.0
bzytv4,NTA,4.0
bzytv4,NTA,4.0
bzytv4,NTA,4.0
bzytv4,NTA,4.0
bzytv4,NTA,4.0
bzytv4,NTA,4.0
bzytv4,NTA,4.0
bzytv4,NTA,4.0
bzytv4,NTA,4.0
bzytv4,NTA,4.0
bzytv4,NTA,4.0
bzytv4,NTA,4.0
bzytv4,NTA,4.0
bzytv4,NTA,4.0
bzytv4,NTA,4.0
bzytv4,NTA,4.0
bzytv4,NTA,4.0
bzytv4,NTA,4.0
bzytv4,NTA,4.0
bzytv4,NTA,4.0
bzytv4,NTA,4.0
bzytv4,NTA,4.0
bzytv4,NTA,4.0
bzytv4,NTA,4.0
bzytv4,NTA,4.0
bzytv4,NTA,4.0
bzytv4,NTA,4.0
bzytv4,NTA,4.0
bzytv4,NTA,4.0
bzytv4,NTA,4.0
bzytv4,NTA,4.0
bzytv4,NTA,4.0
bzytv4,NTA,4.0
bzytv4,NTA,4.0
bzytv4,NTA,4.0
bzytv4,NTA,4.0
bzytv4,NTA,4.0
bzytv4,NTA,4.0
bzytv4,NTA,4.0
bzytv4,NTA,4.0
bzytv4,NTA,4.0
bzytv4,NTA,4.0
bzytv4,NTA,4.0
bzytv4,NTA,4.0
bzytv4,NTA,4.0
bzytv4,NTA,4.0
bzytv4,NTA,4.0
bzytv4,YTA,4.0
bzytv4,NTA,4.0
bzytv4,NTA,4.0
bzytv4,NTA,4.0
bzytv4,NTA,4.0
bzytv4,NTA,4.0
bzytv4,YTA,4.0
bzytv4,NTA,4.0
bzytv4,NTA,4.0
bzytv4,NTA,4.0
bzytv4,NTA,4.0
bzytv4,NTA,4.0
bzytv4,NTA,4.0
bzytv4,NTA,4.0
bzytv4,NTA,4.0
bzytv4,NTA,4.0
bzytv4,YTA,4.0
bzytv4,NTA,4.0
bzytv4,NTA,4.0
bzytv4,NTA,3.0
bzytv4,NTA,4.0
bzytv4,NTA,4.0
bzytv4,NTA,4.0
bzytv4,NTA,4.0
bzytv4,NTA,4.0
bzytv4,NTA,4.0
bzytv4,NTA,4.0
bzytv4,NTA,4.0
bzytv4,NTA,4.0
bzytv4,NTA,4.0
bzytv4,NTA,4.0
bzytv4,NTA,4.0
bzytv4,NTA,4.0
bzytv4,NTA,4.0
bzytv4,NTA,4.0
bzytv4,NTA,4.0
bzytv4,NTA,4.0
bzytv4,NTA,4.0
bzytv4,NTA,4.0
bzytv4,NTA,4.0
bzytv4,NTA,4.0
bzytv4,NTA,4.0
bzytv4,NTA,4.0
bzytv4,NTA,4.0
bzytv4,NTA,4.0
bzytv4,NTA,4.0
bzytv4,NTA,4.0
bzytv4,NTA,4.0
bzytv4,NTA,4.0
bzytv4,NTA,4.0
bzytv4,NTA,4.0
bzytv4,NTA,4.0
bzytv4,NTA,4.0
bzytv4,NTA,4.0
bzytv4,NTA,4.0
bzytv4,NTA,4.0
bzytv4,NTA,4.0
bzytv4,NTA,4.0
bzytv4,NTA,4.0
bzytv4,NTA,4.0
bzytv4,NTA,4.0
bzytv4,NTA,4.0
bzytv4,NTA,4.0
bzytv4,NTA,4.0
bzytv4,NTA,4.0
bzytv4,NTA,4.0
bzytv4,NTA,4.0
bzytv4,NTA,4.0
bzytv4,NTA,4.0
bzytv4,NTA,4.0
bzytv4,NTA,4.0
bzytv4,NTA,4.0
bzytv4,NTA,4.0
bzytv4,NTA,4.0
bzytv4,NTA,4.0
bzytv4,NTA,4.0
bzytv4,NTA,4.0
bzytv4,NTA,4.0
bzytv4,NTA,4.0
bzytv4,NTA,4.0
bzytv4,NTA,4.0
bzytv4,NTA,4.0
bzytv4,NTA,4.0
bzytv4,NTA,4.0
bzytv4,NTA,4.0
bzytv4,NTA,4.0
bzytv4,NTA,4.0
bzytv4,NTA,4.0
bzytv4,NTA,4.0
bzytv4,NTA,4.0
bzytv4,NTA,4.0
bzytv4,NTA,4.0
bzytv4,NTA,4.0
bzytv4,NTA,4.0
bzytv4,NTA,4.0
bzytv4,NTA,4.0
bzytv4,NTA,4.0
bzytv4,NTA,4.0
bzytv4,NTA,4.0
bzytv4,NTA,4.0
bzytv4,NTA,4.0
bzytv4,ESH,1.0
bzytv4,NTA,4.0
bzytv4,NTA,4.0
bzytv4,NTA,4.0
bzytv4,NTA,4.0
bzytv4,NTA,4.0
bzytv4,NTA,4.0
bzytv4,NTA,4.0
bzytv4,NTA,4.0
bzytv4,YTA,2.0
bzytv4,NTA,4.0
bzytv4,ESH,1.0
bzytv4,NTA,4.0
bzytv4,NTA,4.0
bzytv4,NTA,4.0
bzytv4,NTA,4.0
bzytv4,NTA,4.0
bzytv4,NTA,4.0
bzytv4,NTA,4.0
bzytv4,NTA,4.0
bzytv4,NTA,4.0
bzytv4,NTA,4.0
bzytv4,NTA,4.0
bzytv4,NTA,4.0
bzytv4,NTA,4.0
bzytv4,NTA,4.0
bzytv4,NTA,4.0
bzytv4,NTA,4.0
bzytv4,NTA,4.0
bzytv4,NTA,4.0
bzytv4,NTA,4.0
bzytv4,NTA,4.0
bzytv4,NTA,4.0
bzytv4,NTA,4.0
bzytv4,NTA,4.0
bzytv4,NTA,4.0
bzytv4,NTA,4.0
bzytv4,NTA,4.0
bzytv4,NTA,4.0
bzytv4,NTA,4.0
bzytv4,NTA,4.0
bzytv4,NTA,4.0
bzytv4,NTA,4.0
bzytv4,YTA,3.0
bzytv4,NTA,4.0
bzytv4,NTA,4.0
bzytv4,NTA,4.0
bzytv4,NTA,4.0
bzytv4,NTA,4.0
bzytv4,NTA,4.0
bzytv4,NTA,4.0
bzytv4,NTA,4.0
bzytv4,NTA,4.0
bzytv4,NTA,4.0
bzytv4,NTA,4.0
bzytv4,NTA,4.0
bzytv4,NTA,4.0
bzytv4,NTA,4.0
bzytv4,NTA,4.0
bzytv4,NTA,4.0
bzytv4,NTA,4.0
bzytv4,NTA,4.0
bzytv4,NTA,4.0
bzytv4,NTA,4.0
bzytv4,NTA,4.0
bzytv4,NTA,4.0
bzytv4,NTA,4.0
bzytv4,NTA,4.0
bzytv4,NTA,4.0
bzytv4,NAH,1.0
bzytv4,NTA,4.0
bzytv4,NTA,4.0
bzytv4,NTA,4.0
bzytv4,NTA,4.0
bzytv4,NTA,4.0
bzytv4,NTA,4.0
bzytv4,NTA,4.0
bzytv4,NTA,4.0
bzytv4,NTA,4.0
bzytv4,NTA,4.0
bzytv4,NTA,4.0
bzytv4,NTA,4.0
bzytv4,NTA,4.0
bzytv4,NAH,4.0
bzytv4,NTA,4.0
bzytv4,NTA,4.0
bzytv4,NTA,4.0
bzytv4,NTA,4.0
bzytv4,NTA,4.0
bzytv4,NTA,4.0
bzytv4,NTA,4.0
bzytv4,NTA,4.0
bzytv4,NTA,4.0
bzytv4,NTA,4.0
bzytv4,NTA,4.0
bzytv4,NTA,4.0
bzytv4,NTA,3.0
bzytv4,NTA,4.0
bzytv4,NTA,4.0
bzytv4,NTA,4.0
bzytv4,NTA,4.0
bzytv4,NTA,4.0
bzytv4,NTA,4.0
bzytv4,NTA,4.0
bzytv4,NTA,4.0
bzytv4,NTA,4.0
bzytv4,NTA,4.0
bzytv4,NTA,4.0
bzytv4,NTA,4.0
bzytv4,NTA,4.0
bzytv4,ESH,3.0
bzytv4,NTA,4.0
bzytv4,NTA,4.0
bzytv4,NTA,4.0
bzytv4,NTA,4.0
bzytv4,NTA,4.0
bzytv4,NTA,4.0
bzytv4,NTA,4.0
bzytv4,NTA,4.0
bzytv4,NTA,4.0
bzytv4,NTA,4.0
bzytv4,NTA,4.0
bzytv4,NTA,4.0
bzytv4,NTA,4.0
bzytv4,NAH,3.0
bzytv4,NTA,4.0
bzytv4,NTA,4.0
bzytv4,NTA,4.0
bzytv4,NTA,4.0
bzytv4,NTA,4.0
bzytv4,NTA,4.0
bzytv4,NTA,4.0
bzytv4,NTA,4.0
bzytv4,NTA,4.0
bzytv4,NTA,4.0
bzytv4,NTA,4.0
bzytv4,NTA,4.0
bzytv4,NTA,4.0
bzytv4,NTA,4.0
bzytv4,NTA,4.0
bzytv4,NTA,4.0
bzytv4,NTA,4.0
bzytv4,NTA,4.0
bzytv4,NTA,4.0
bzytv4,NTA,4.0
bzytv4,NTA,4.0
bzytv4,NTA,4.0
bzytv4,NTA,4.0
bzytv4,NTA,4.0
bzytv4,NTA,4.0
bzytv4,NTA,4.0
bzytv4,NTA,4.0
bzytv4,NTA,4.0
bzytv4,NTA,4.0
bzytv4,NTA,4.0
bzytv4,NTA,4.0
bzytv4,NTA,4.0
bzytv4,NTA,4.0
bzytv4,NTA,4.0
bzytv4,NTA,4.0
bzytv4,NTA,4.0
bzytv4,NTA,4.0
bzytv4,NTA,4.0
bzytv4,NTA,4.0
bzytv4,NTA,4.0
bzytv4,NTA,4.0
bzytv4,NTA,4.0
bzytv4,NTA,4.0
bzytv4,NTA,4.0
bzytv4,NTA,4.0
bzytv4,NTA,4.0
bzytv4,NTA,4.0
bzytv4,NTA,4.0
bzytv4,NTA,4.0
bzytv4,NTA,4.0
bzytv4,NTA,4.0
bzytv4,NTA,4.0
bzytv4,NTA,4.0
bzytv4,NTA,4.0
bzytv4,NTA,4.0
bzytv4,NTA,4.0
c6o2t1,YTA,4.0
c6o2t1,NTA,4.0
c6o2t1,YTA,3.0
c6o2t1,YTA,4.0
c6o2t1,NTA,4.0
c6o2t1,YTA,4.0
c6o2t1,YTA,4.0
c6o2t1,YTA,4.0
c6o2t1,NTA,4.0
c6o2t1,YTA,4.0
c6o2t1,YTA,4.0
c6o2t1,ESH,3.0
c6o2t1,YTA,4.0
c6o2t1,YTA,4.0
c6o2t1,YTA,4.0
c6o2t1,YTA,4.0
c6o2t1,YTA,4.0
c6o2t1,NTA,4.0
c6o2t1,NTA,4.0
c6o2t1,YTA,4.0
c6o2t1,YTA,4.0
c6o2t1,YTA,4.0
c6o2t1,YTA,4.0
c6o2t1,YTA,4.0
c6o2t1,YTA,4.0
c6o2t1,YTA,4.0
c6o2t1,YTA,4.0
c6o2t1,YTA,4.0
c6o2t1,YTA,4.0
c6o2t1,NTA,4.0
c6o2t1,YTA,4.0
c6o2t1,YTA,4.0
c6o2t1,YTA,4.0
c6o2t1,YTA,4.0
c6o2t1,YTA,4.0
c6o2t1,YTA,4.0
c6o2t1,NTA,3.0
c6o2t1,YTA,4.0
c6o2t1,YTA,4.0
c6o2t1,YTA,3.0
c6o2t1,YTA,4.0
c6o2t1,NTA,4.0
c6o2t1,YTA,4.0
c6o2t1,YTA,4.0
c6o2t1,YTA,4.0
c6o2t1,NAH,4.0
c6o2t1,NTA,4.0
c6o2t1,YTA,4.0
c6o2t1,YTA,4.0
c6o2t1,NAH,4.0
c6o2t1,YTA,4.0
c6o2t1,NTA,4.0
c6o2t1,YTA,4.0
c6o2t1,YTA,4.0
c6o2t1,YTA,4.0
c6o2t1,YTA,3.0
c6o2t1,NTA,4.0
c6o2t1,YTA,4.0
c6o2t1,YTA,4.0
c6o2t1,YTA,4.0
c6o2t1,NTA,4.0
c6o2t1,YTA,4.0
c6o2t1,YTA,4.0
c6o2t1,YTA,4.0
c6o2t1,NTA,4.0
c6o2t1,YTA,4.0
c6o2t1,YTA,4.0
c6o2t1,YTA,4.0
c6o2t1,YTA,4.0
c6o2t1,YTA,4.0
c6o2t1,YTA,4.0
c6o2t1,YTA,4.0
c6o2t1,NTA,4.0
c6o2t1,YTA,4.0
c6o2t1,ESH,3.0
c6o2t1,YTA,4.0
c6o2t1,YTA,4.0
c6o2t1,YTA,4.0
c6o2t1,YTA,4.0
c6o2t1,YTA,4.0
c6o2t1,NTA,4.0
c6o2t1,YTA,4.0
c6o2t1,YTA,4.0
c6o2t1,NTA,4.0
c6o2t1,YTA,4.0
c6o2t1,YTA,4.0
c6o2t1,YTA,4.0
c6o2t1,NTA,4.0
c6o2t1,YTA,4.0
c6o2t1,YTA,4.0
c6o2t1,YTA,4.0
c6o2t1,YTA,4.0
c6o2t1,YTA,4.0
ch1zu8,YTA,4.0
ch1zu8,YTA,4.0
ch1zu8,YTA,4.0
ch1zu8,YTA,4.0
ch1zu8,YTA,4.0
ch1zu8,YTA,4.0
ch1zu8,NAH,1.0
ch1zu8,YTA,3.0
ch1zu8,YTA,4.0
ch1zu8,YTA,4.0
ch1zu8,YTA,4.0
ch1zu8,YTA,4.0
ch1zu8,NAH,3.0
ch1zu8,YTA,4.0
ch1zu8,YTA,4.0
ch1zu8,YTA,3.0
ch1zu8,NTA,4.0
ch1zu8,YTA,3.0
ch1zu8,YTA,4.0
ch1zu8,NAH,3.0
ch1zu8,YTA,4.0
ch1zu8,NTA,4.0
ch1zu8,NAH,3.0
ch1zu8,YTA,4.0
ch1zu8,YTA,4.0
ch1zu8,YTA,4.0
ch1zu8,NTA,4.0
ch1zu8,YTA,4.0
ch1zu8,YTA,4.0
ch1zu8,YTA,4.0
ch1zu8,NTA,4.0
ch1zu8,YTA,4.0
ch1zu8,YTA,4.0
ch1zu8,YTA,4.0
ch1zu8,YTA,4.0
ch1zu8,YTA,4.0
ch1zu8,YTA,4.0
ch1zu8,YTA,4.0
ch1zu8,YTA,4.0
ch1zu8,YTA,4.0
ch1zu8,YTA,4.0
ch1zu8,YTA,4.0
ch1zu8,YTA,4.0
ch1zu8,YTA,4.0
ch1zu8,NTA,3.0
ch1zu8,YTA,4.0
ch1zu8,YTA,4.0
ch1zu8,NTA,4.0
ch1zu8,YTA,4.0
ch1zu8,YTA,4.0
ch1zu8,YTA,4.0
ch1zu8,YTA,4.0
ch1zu8,YTA,4.0
ch1zu8,YTA,4.0
ch1zu8,YTA,4.0
ch1zu8,YTA,4.0
ch1zu8,NTA,4.0
ch1zu8,YTA,4.0
ch1zu8,YTA,4.0
ch1zu8,NTA,4.0
ch1zu8,NTA,4.0
ch1zu8,YTA,4.0
ch1zu8,YTA,4.0
ch1zu8,YTA,4.0
ch1zu8,NTA,4.0
ch1zu8,YTA,4.0
ch1zu8,YTA,4.0
ch1zu8,NTA,4.0
ch1zu8,YTA,4.0
ch1zu8,YTA,4.0
ch1zu8,YTA,4.0
ch1zu8,YTA,4.0
ch1zu8,NTA,4.0
ch1zu8,YTA,4.0
ch1zu8,YTA,4.0
ch1zu8,YTA,4.0
ch1zu8,YTA,4.0
ch1zu8,YTA,4.0
ch1zu8,NTA,4.0
ch1zu8,YTA,4.0
ch1zu8,YTA,4.0
ch1zu8,YTA,4.0
ch1zu8,NAH,4.0
ch1zu8,YTA,2.0
ch1zu8,YTA,4.0
ch1zu8,YTA,3.0
ch1zu8,YTA,4.0
ch1zu8,YTA,4.0
ch1zu8,YTA,4.0
ch1zu8,NTA,4.0
ch1zu8,YTA,4.0
ch1zu8,YTA,4.0
ch1zu8,NTA,4.0
ch1zu8,NTA,4.0
ch1zu8,YTA,4.0
ch1zu8,YTA,4.0
ch1zu8,YTA,4.0
ch1zu8,YTA,4.0
ch1zu8,YTA,4.0
ch1zu8,YTA,4.0
ch1zu8,ESH,3.0
ch1zu8,YTA,4.0
ch1zu8,ESH,4.0
ch1zu8,YTA,4.0
ch1zu8,NAH,3.0
ch1zu8,YTA,4.0
ch1zu8,YTA,4.0
ch1zu8,NTA,4.0
ch1zu8,YTA,3.0
ch1zu8,YTA,4.0
ch1zu8,NTA,4.0
ch1zu8,YTA,4.0
ch1zu8,YTA,3.0
ch1zu8,NTA,4.0
ch1zu8,ESH,3.0
ch1zu8,NTA,4.0
ch1zu8,YTA,4.0
ch1zu8,YTA,4.0
ch1zu8,YTA,4.0
ch1zu8,YTA,4.0
ch1zu8,YTA,4.0
ch1zu8,YTA,4.0
ch1zu8,YTA,4.0
ch1zu8,YTA,4.0
ch1zu8,ESH,3.0
ch1zu8,YTA,4.0
ch1zu8,NTA,4.0
ch1zu8,NAH,4.0
ch1zu8,YTA,4.0
ch1zu8,YTA,4.0
ch1zu8,YTA,4.0
ch1zu8,NTA,4.0
ch1zu8,YTA,4.0
ch1zu8,YTA,4.0
ch1zu8,NTA,4.0
ch1zu8,YTA,4.0
ch1zu8,YTA,4.0
ch1zu8,NTA,4.0
ch1zu8,YTA,4.0
ch1zu8,YTA,4.0
ch1zu8,YTA,4.0
ch1zu8,NTA,4.0
ch1zu8,YTA,4.0
ch1zu8,NAH,4.0
ch1zu8,NTA,4.0
ch1zu8,YTA,4.0
ch1zu8,YTA,4.0
ch1zu8,YTA,4.0
ch1zu8,YTA,4.0
ch1zu8,NTA,4.0
ch1zu8,YTA,4.0
ch1zu8,NTA,4.0
ch1zu8,YTA,4.0
ch1zu8,ESH,4.0
ch1zu8,YTA,1.0
ch1zu8,YTA,4.0
ch1zu8,NAH,3.0
ch1zu8,NAH,3.0
ch1zu8,YTA,4.0
ch1zu8,YTA,4.0
ch1zu8,NTA,4.0
ch1zu8,NTA,4.0
ch1zu8,NTA,4.0
ch1zu8,NAH,4.0
ch1zu8,YTA,4.0
ch1zu8,YTA,4.0
ch1zu8,YTA,4.0
ch1zu8,YTA,4.0
ch1zu8,YTA,4.0
ch1zu8,YTA,4.0
ch1zu8,YTA,4.0
ch1zu8,YTA,4.0
ch1zu8,YTA,4.0
ch1zu8,NAH,3.0
ch1zu8,YTA,4.0
ch1zu8,YTA,4.0
ch1zu8,YTA,4.0
ch1zu8,YTA,4.0
ch1zu8,YTA,4.0
ch1zu8,YTA,4.0
ch1zu8,YTA,4.0
ch1zu8,NTA,4.0
ch1zu8,YTA,4.0
ch1zu8,YTA,4.0
ch1zu8,YTA,4.0
ch1zu8,YTA,4.0
ch1zu8,NTA,4.0
ch1zu8,YTA,3.0
ch1zu8,NTA,4.0
ch1zu8,YTA,4.0
ch1zu8,YTA,4.0
ch1zu8,YTA,4.0
ch1zu8,YTA,4.0
ch1zu8,YTA,4.0
ch1zu8,YTA,4.0
ch1zu8,YTA,4.0
ch1zu8,YTA,4.0
ch1zu8,NTA,4.0
ch1zu8,ESH,3.0
ch1zu8,YTA,4.0
ch1zu8,YTA,4.0
ch1zu8,YTA,4.0
ch1zu8,YTA,4.0
ch1zu8,YTA,4.0
ch1zu8,YTA,4.0
ch1zu8,YTA,4.0
ch1zu8,NAH,4.0
ch1zu8,NTA,4.0
ch1zu8,YTA,4.0
ch1zu8,YTA,4.0
ch1zu8,YTA,4.0
ch1zu8,YTA,4.0
ch1zu8,YTA,4.0
ch1zu8,YTA,4.0
ch1zu8,YTA,4.0
ch1zu8,YTA,4.0
ch1zu8,YTA,4.0
ch1zu8,YTA,3.0
ch1zu8,NTA,4.0
ch1zu8,YTA,4.0
ch1zu8,YTA,4.0
ch1zu8,YTA,4.0
ch1zu8,NAH,3.0
ch1zu8,YTA,4.0
ch1zu8,YTA,4.0
ch1zu8,NTA,4.0
ch1zu8,NTA,4.0
ch1zu8,YTA,4.0
ch1zu8,YTA,4.0
ch1zu8,NTA,4.0
ch1zu8,YTA,4.0
ch1zu8,YTA,4.0
ch1zu8,YTA,4.0
ch1zu8,ESH,4.0
ch1zu8,YTA,4.0
ch1zu8,ESH,4.0
ch1zu8,YTA,4.0
ch1zu8,YTA,4.0
ch1zu8,YTA,4.0
ch1zu8,NTA,4.0
ch1zu8,YTA,4.0
ch1zu8,YTA,4.0
ch1zu8,YTA,4.0
ch1zu8,YTA,3.0
ch1zu8,NAH,3.0
ch1zu8,YTA,4.0
ch1zu8,YTA,4.0
ch1zu8,YTA,4.0
ch1zu8,YTA,4.0
ch1zu8,YTA,4.0
ch1zu8,NTA,4.0
ch1zu8,YTA,4.0
ch1zu8,ESH,2.0
ch1zu8,YTA,4.0
ch1zu8,YTA,4.0
ch1zu8,YTA,4.0
ch1zu8,NTA,4.0
ch1zu8,YTA,4.0
ch1zu8,YTA,4.0
ch1zu8,YTA,4.0
ch1zu8,NTA,3.0
ch1zu8,YTA,4.0
ch1zu8,YTA,4.0
ch1zu8,YTA,4.0
ch1zu8,YTA,4.0
ch1zu8,YTA,4.0
ch1zu8,YTA,4.0
ch1zu8,NTA,4.0
ch1zu8,NTA,4.0
ch1zu8,NTA,4.0
ch1zu8,NAH,4.0
ch1zu8,YTA,4.0
ch1zu8,YTA,4.0
ch1zu8,YTA,4.0
ch1zu8,YTA,4.0
ch1zu8,YTA,4.0
ch1zu8,YTA,4.0
ch1zu8,YTA,4.0
ch1zu8,YTA,4.0
ch5514,NTA,4.0
ch5514,NTA,4.0
ch5514,NTA,4.0
ch5514,NTA,4.0
ch5514,NTA,4.0
ch5514,NTA,4.0
ch5514,NTA,4.0
ch5514,NTA,4.0
ch5514,NTA,4.0
ch5514,NTA,4.0
ch5514,NTA,4.0
ch5514,NTA,4.0
ch5514,NTA,4.0
ch5514,NTA,4.0
ch5514,NTA,4.0
ch5514,NTA,4.0
ch5514,YTA,4.0
ch5514,NTA,4.0
ch5514,NTA,4.0
ch5514,NTA,4.0
ch5514,NTA,4.0
ch5514,NTA,4.0
ch5514,NTA,4.0
ch5514,YTA,4.0
ch5514,NTA,4.0
ch5514,ESH,4.0
ch5514,NTA,4.0
ch5514,NTA,4.0
ch5514,NTA,4.0
ch5514,NTA,4.0
ch5514,NTA,4.0
ch5514,NTA,4.0
ch5514,NTA,4.0
ch5514,NTA,4.0
ch5514,NTA,4.0
ch5514,NAH,4.0
ch5514,NTA,4.0
ch5514,NTA,4.0
ch5514,NTA,4.0
ch5514,NTA,3.0
ch5514,ESH,3.0
ch5514,NTA,4.0
ch5514,NTA,4.0
ch5514,NTA,4.0
ch5514,NTA,4.0
ch5514,NTA,4.0
ch5514,ESH,3.0
ch5514,NTA,4.0
ch5514,NTA,4.0
ch5514,NTA,4.0
ch5514,NTA,4.0
ch5514,NTA,4.0
ch5514,NAH,3.0
ch5514,NTA,4.0
ch5514,NTA,4.0
ch5514,NAH,4.0
ch5514,NTA,4.0
ch5514,NTA,4.0
ch5514,NTA,4.0
ch5514,NTA,4.0
ch5514,NTA,4.0
ch5514,NTA,4.0
ch5514,NTA,4.0
ch5514,NTA,4.0
ch5514,YTA,4.0
ch5514,YTA,3.0
ch5514,NTA,4.0
ch5514,YTA,4.0
ch5514,NTA,4.0
ch5514,NTA,4.0
ch5514,NTA,4.0
ch5514,NTA,4.0
ch5514,NTA,4.0
ch5514,NTA,4.0
ch5514,NTA,4.0
ch5514,NTA,4.0
ch5514,NTA,4.0
ch5514,NTA,4.0
ch5514,NTA,3.0
ch5514,NTA,4.0
ch5514,NTA,4.0
ch5514,NTA,4.0
ch5514,NTA,4.0
ch5514,NTA,4.0
ch5514,NTA,4.0
ch5514,NTA,3.0
ch5514,NTA,4.0
ch5514,NTA,4.0
ch5514,NTA,4.0
ch5514,NTA,3.0
ch5514,NTA,4.0
ch5514,NTA,4.0
ch5514,NTA,4.0
ch5514,NTA,4.0
ch5514,NTA,4.0
ch5514,NTA,4.0
ch5514,YTA,4.0
ch5514,NTA,4.0
ch5514,NTA,4.0
ch5514,NTA,4.0
ch5514,NTA,3.0
ch5514,NTA,4.0
ch5514,NTA,4.0
ch5514,NTA,4.0
ch5514,NTA,4.0
ch5514,NTA,4.0
ch5514,NTA,4.0
ch5514,NTA,4.0
ch5514,NTA,4.0
ch5514,YTA,4.0
ch5514,ESH,3.0
ch5514,NTA,4.0
ch5514,NTA,4.0
ch5514,NTA,4.0
ch5514,NTA,4.0
ch5514,NTA,4.0
ch5514,ESH,4.0
ch5514,NTA,4.0
ch5514,NTA,4.0
ch5514,YTA,4.0
ch5514,NAH,3.0
ch5514,NTA,4.0
ch5514,NTA,4.0
ch5514,NTA,4.0
ch5514,NTA,4.0
ch5514,NTA,4.0
ch5514,NTA,4.0
ch5514,NTA,4.0
ch5514,NTA,4.0
ch5514,NTA,4.0
ch5514,NTA,4.0
ch5514,NTA,3.0
ch5514,NTA,4.0
ch5514,NTA,3.0
ch5514,NTA,1.0
ch5514,NTA,4.0
ch5514,NTA,4.0
ch5514,NTA,4.0
ch5514,NTA,4.0
ch5514,NTA,4.0
ch5514,NTA,4.0
ch5514,YTA,4.0
ch5514,ESH,4.0
ch5514,NTA,4.0
ch5514,NTA,4.0
ch5514,NTA,4.0
ch5514,NTA,4.0
ch5514,NTA,4.0
ch5514,ESH,4.0
ch5514,NTA,4.0
ch5514,ESH,4.0
ch5514,NTA,4.0
ch5514,NTA,3.0
ch5514,ESH,3.0
ch5514,NTA,4.0
ch5514,NTA,4.0
ch5514,NTA,3.0
ch5514,NTA,4.0
ch5514,NTA,4.0
ch5514,NTA,4.0
ch5514,NTA,4.0
ch5514,NAH,4.0
ch5514,ESH,4.0
ch5514,NTA,4.0
ch5514,NTA,4.0
ch5514,ESH,4.0
ch5514,YTA,4.0
ch5514,NTA,4.0
ch5514,NTA,4.0
ch5514,NTA,4.0
ch5514,NTA,4.0
ch5514,NTA,4.0
ch5514,NTA,4.0
ch5514,YTA,3.0
ch5514,NTA,4.0
ch5514,NTA,4.0
ch5514,NTA,4.0
ch5514,NTA,4.0
ch5514,NTA,4.0
ch5514,NTA,4.0
ch5514,NTA,4.0
ch5514,NTA,4.0
ch5514,NTA,4.0
ch5514,NTA,4.0
ch5514,NTA,4.0
ch5514,NTA,4.0
ch5514,NTA,4.0
ch5514,YTA,3.0
ch5514,NTA,4.0
ch5514,NTA,4.0
ch5514,NTA,1.0
ch5514,NTA,4.0
ch5514,NTA,3.0
ch5514,NTA,4.0
ch5514,YTA,4.0
ch5514,NTA,4.0
ch5514,NTA,4.0
ch5514,NTA,4.0
ch5514,NTA,4.0
ch5514,NTA,4.0
ch5514,ESH,4.0
ch5514,NTA,4.0
ch5514,NTA,4.0
ch5514,NTA,4.0
ch5514,ESH,4.0
ch5514,NTA,4.0
ch5514,NTA,4.0
ch5514,NTA,4.0
ch5514,NTA,4.0
ch5514,NTA,4.0
ch5514,YTA,4.0
ch5514,NTA,4.0
ch5514,NTA,4.0
ch5514,NTA,4.0
ch5514,NTA,4.0
ch5514,NAH,4.0
ch5514,NTA,4.0
ch5514,NTA,4.0
ch5514,NTA,4.0
ch5514,NTA,4.0
ch5514,NTA,4.0
ch5514,NTA,4.0
ch5514,NTA,4.0
ch5514,NTA,4.0
ch5514,NTA,4.0
ch5514,NTA,4.0
ch5514,NTA,4.0
ch5514,NTA,4.0
ch5514,NTA,4.0
ch5514,NTA,4.0
ch5514,NTA,4.0
ch5514,NTA,4.0
ch5514,NTA,4.0
ch5514,NTA,4.0
ch5514,NTA,4.0
ch5514,NTA,4.0
ch5514,NTA,4.0
ch5514,NTA,4.0
ch5514,NTA,4.0
ch5514,NTA,4.0
ch5514,NTA,4.0
ch5514,NTA,4.0
ch5514,NTA,4.0
ch5514,NTA,4.0
ch5514,NTA,4.0
ch5514,NTA,4.0
ch5514,NTA,4.0
ch5514,ESH,4.0
ch5514,NTA,4.0
ch5514,NTA,4.0
ch5514,NTA,4.0
ch5514,NTA,4.0
ch5514,NTA,4.0
ch5514,NTA,4.0
ch5514,NTA,4.0
ch5514,NTA,4.0
ch5514,ESH,4.0
ch5514,NTA,4.0
ch5514,NTA,4.0
ch5514,NTA,4.0
ch5514,NTA,4.0
ch5514,NTA,4.0
ch5514,NTA,4.0
ch5514,NTA,4.0
ch5514,NTA,4.0
ch5514,NTA,4.0
ch5514,NTA,3.0
ch5514,NAH,3.0
ch5514,NTA,4.0
ch5514,NTA,4.0
ch5514,NTA,4.0
ch5514,NTA,4.0
ch5514,NTA,4.0
ch5514,NTA,4.0
ch5514,NTA,4.0
ch5514,NTA,4.0
ch5514,NTA,4.0
ch5514,NTA,4.0
ch5514,NTA,4.0
ch5514,NTA,4.0
ch5514,NTA,4.0
ch5514,NTA,4.0
ch5514,NTA,4.0
ch5514,NTA,4.0
ch5514,NTA,4.0
ch5514,ESH,4.0
ch5514,NTA,4.0
ch5514,NTA,4.0
ch5514,NTA,4.0
ch5514,NTA,4.0
ch5514,NTA,3.0
ch5514,NTA,4.0
ch5514,NTA,4.0
ch5514,NTA,4.0
ch5514,NTA,4.0
ch5514,NTA,4.0
ch5514,NTA,4.0
ch5514,NTA,4.0
ch5514,NTA,4.0
ch5514,YTA,4.0
ch5514,NTA,4.0
ch5514,NTA,4.0
ch5514,NTA,4.0
ch5514,NTA,4.0
ch5514,NTA,4.0
ch5514,NTA,4.0
ch5514,NTA,4.0
ch5514,NTA,3.0
ch5514,NTA,4.0
ch5514,NTA,4.0
cjkcka,NTA,4.0
cjkcka,NTA,4.0
cjkcka,NTA,3.0
cjkcka,NTA,4.0
cjkcka,NTA,4.0
cjkcka,NTA,4.0
cjkcka,NTA,4.0
cjkcka,NTA,4.0
cjkcka,NTA,4.0
cjkcka,NTA,4.0
cjkcka,NTA,4.0
cjkcka,NTA,4.0
cjkcka,NTA,4.0
cjkcka,NTA,3.0
cjkcka,NTA,4.0
cjkcka,NTA,4.0
cjkcka,ESH,4.0
cjkcka,ESH,3.0
cjkcka,NTA,4.0
cjkcka,NTA,4.0
cjkcka,NTA,4.0
cjkcka,NTA,4.0
cjkcka,NTA,4.0
cjkcka,ESH,3.0
cjkcka,NTA,4.0
cjkcka,NTA,4.0
cjkcka,ESH,3.0
cjkcka,NTA,4.0
cjkcka,NTA,4.0
cjkcka,NTA,4.0
cjkcka,ESH,4.0
cjkcka,NTA,4.0
cjkcka,ESH,3.0
cjkcka,NTA,4.0
cjkcka,NTA,4.0
cjkcka,NTA,4.0
cjkcka,NTA,4.0
cjkcka,NTA,4.0
cjkcka,NTA,4.0
cjkcka,ESH,4.0
cjkcka,NTA,4.0
cjkcka,NTA,4.0
cjkcka,ESH,4.0
cjkcka,ESH,4.0
cjkcka,ESH,3.0
cjkcka,NTA,4.0
cjkcka,NTA,4.0
cjkcka,NTA,4.0
cjkcka,NTA,4.0
cjkcka,NTA,4.0
cjkcka,NTA,4.0
cjkcka,NTA,4.0
cjkcka,NTA,4.0
cjkcka,ESH,3.0
cjkcka,NTA,4.0
cjkcka,NTA,4.0
cjkcka,ESH,3.0
cjkcka,NTA,4.0
cjkcka,NTA,4.0
cjkcka,NTA,4.0
cjkcka,NTA,4.0
cjkcka,ESH,4.0
cjkcka,NTA,4.0
cjkcka,NTA,4.0
cjkcka,NTA,4.0
cjkcka,ESH,3.0
cjkcka,NTA,4.0
cjkcka,ESH,3.0
cjkcka,NTA,4.0
cjkcka,NTA,4.0
cjkcka,YTA,4.0
cjkcka,NTA,4.0
cjkcka,NTA,4.0
cjkcka,NTA,4.0
cjkcka,ESH,4.0
cjkcka,NTA,4.0
cjkcka,NTA,4.0
cjkcka,NTA,4.0
cjkcka,NTA,4.0
cjkcka,ESH,3.0
cjkcka,NTA,4.0
cjkcka,NTA,4.0
cjkcka,YTA,4.0
cjkcka,NTA,4.0
cjkcka,NTA,4.0
cjkcka,NTA,4.0
cjkcka,NTA,4.0
cjkcka,NTA,4.0
cjkcka,NTA,4.0
cjkcka,NTA,4.0
cjkcka,NTA,4.0
cjkcka,NTA,3.0
cjkcka,NTA,4.0
cjkcka,ESH,4.0
cjkcka,ESH,4.0
cjkcka,NTA,3.0
cjkcka,ESH,4.0
cjkcka,NTA,4.0
cjkcka,NTA,4.0
cjx34k,NTA,4.0
cjx34k,YTA,4.0
cjx34k,YTA,4.0
cjx34k,YTA,4.0
cjx34k,YTA,4.0
cjx34k,YTA,4.0
cjx34k,YTA,4.0
cjx34k,YTA,4.0
cjx34k,ESH,4.0
cjx34k,YTA,4.0
cjx34k,ESH,2.0
cjx34k,YTA,4.0
cjx34k,YTA,4.0
cjx34k,ESH,3.0
cjx34k,YTA,4.0
cjx34k,YTA,4.0
cjx34k,ESH,3.0
cjx34k,ESH,3.0
cjx34k,YTA,4.0
cjx34k,YTA,4.0
cjx34k,YTA,4.0
cjx34k,ESH,3.0
cjx34k,YTA,4.0
cjx34k,ESH,2.0
cjx34k,ESH,3.0
cjx34k,YTA,4.0
cjx34k,NAH,3.0
cjx34k,YTA,3.0
cjx34k,YTA,4.0
cjx34k,NTA,4.0
cjx34k,ESH,4.0
cjx34k,YTA,4.0
cjx34k,YTA,3.0
cjx34k,YTA,4.0
cjx34k,ESH,3.0
cjx34k,YTA,4.0
cjx34k,YTA,4.0
cjx34k,YTA,4.0
cjx34k,ESH,3.0
cjx34k,ESH,4.0
cjx34k,YTA,4.0
cjx34k,ESH,3.0
cjx34k,YTA,4.0
cjx34k,YTA,4.0
cjx34k,YTA,4.0
cjx34k,NTA,4.0
cjx34k,YTA,4.0
cjx34k,YTA,4.0
cjx34k,YTA,4.0
cjx34k,YTA,4.0
cjx34k,YTA,1.0
cjx34k,YTA,4.0
cjx34k,ESH,3.0
cjx34k,YTA,4.0
cjx34k,YTA,4.0
cjx34k,YTA,4.0
cjx34k,ESH,3.0
cjx34k,ESH,2.0
cjx34k,YTA,4.0
cjx34k,YTA,4.0
cjx34k,YTA,4.0
cjx34k,ESH,4.0
cjx34k,ESH,4.0
cjx34k,YTA,4.0
cjx34k,YTA,4.0
cjx34k,ESH,3.0
cjx34k,YTA,4.0
cjx34k,ESH,3.0
cjx34k,NTA,4.0
cjx34k,YTA,4.0
cjx34k,YTA,4.0
cjx34k,YTA,4.0
cjx34k,YTA,4.0
cjx34k,YTA,4.0
cjx34k,YTA,1.0
cjx34k,YTA,4.0
cjx34k,YTA,4.0
cjx34k,YTA,4.0
cjx34k,ESH,3.0
cjx34k,YTA,4.0
cjx34k,YTA,4.0
cjx34k,YTA,4.0
cjx34k,YTA,4.0
cjx34k,NTA,4.0
cjx34k,YTA,4.0
cjx34k,YTA,4.0
cjx34k,YTA,4.0
cjx34k,YTA,4.0
cjx34k,YTA,4.0
cjx34k,ESH,4.0
cjx34k,NTA,4.0
cjx34k,YTA,4.0
cjx34k,YTA,3.0
cjx34k,NTA,4.0
cjx34k,YTA,4.0
cjx34k,ESH,4.0
cjx34k,YTA,4.0
cjx34k,YTA,4.0
cjx34k,NTA,4.0
cjx34k,YTA,4.0
d78nmj,NTA,4.0
d78nmj,YTA,4.0
d78nmj,ESH,3.0
d78nmj,YTA,4.0
d78nmj,ESH,4.0
d78nmj,NTA,4.0
d78nmj,YTA,4.0
d78nmj,ESH,4.0
d78nmj,YTA,4.0
d78nmj,ESH,2.0
d78nmj,ESH,3.0
d78nmj,ESH,4.0
d78nmj,ESH,4.0
d78nmj,YTA,4.0
d78nmj,ESH,1.0
d78nmj,ESH,4.0
d78nmj,NTA,4.0
d78nmj,ESH,1.0
d78nmj,YTA,4.0
d78nmj,NTA,4.0
d78nmj,NTA,4.0
d78nmj,YTA,4.0
d78nmj,ESH,4.0
d78nmj,YTA,4.0
d78nmj,YTA,4.0
d78nmj,YTA,4.0
d78nmj,YTA,4.0
d78nmj,YTA,4.0
d78nmj,ESH,3.0
d78nmj,YTA,4.0
d78nmj,NTA,4.0
d78nmj,YTA,4.0
d78nmj,YTA,4.0
d78nmj,NTA,4.0
d78nmj,YTA,4.0
d78nmj,YTA,4.0
d78nmj,YTA,4.0
d78nmj,YTA,4.0
d78nmj,YTA,4.0
d78nmj,YTA,4.0
d78nmj,NTA,4.0
d78nmj,ESH,4.0
d78nmj,YTA,4.0
d78nmj,YTA,4.0
d78nmj,ESH,4.0
d78nmj,ESH,4.0
d78nmj,YTA,4.0
d78nmj,ESH,4.0
d78nmj,YTA,4.0
d78nmj,YTA,4.0
d78nmj,YTA,4.0
d78nmj,NTA,4.0
d78nmj,ESH,4.0
d78nmj,ESH,3.0
d78nmj,YTA,4.0
d78nmj,YTA,4.0
d78nmj,ESH,4.0
d78nmj,YTA,4.0
d78nmj,YTA,4.0
d78nmj,YTA,4.0
d78nmj,YTA,4.0
d78nmj,YTA,4.0
d78nmj,NTA,4.0
d78nmj,YTA,4.0
d78nmj,NTA,4.0
d78nmj,ESH,4.0
d78nmj,YTA,4.0
d78nmj,NTA,4.0
d78nmj,YTA,4.0
d78nmj,YTA,4.0
d78nmj,YTA,4.0
d78nmj,NTA,4.0
d78nmj,YTA,4.0
d78nmj,ESH,4.0
d78nmj,YTA,4.0
d78nmj,ESH,3.0
d78nmj,YTA,4.0
d78nmj,YTA,4.0
d78nmj,YTA,4.0
d78nmj,YTA,4.0
d78nmj,NTA,4.0
d78nmj,ESH,3.0
d78nmj,YTA,4.0
d78nmj,YTA,4.0
d78nmj,YTA,4.0
d78nmj,YTA,4.0
d78nmj,YTA,4.0
d78nmj,NTA,4.0
d78nmj,YTA,4.0
d78nmj,YTA,4.0
d78nmj,YTA,4.0
d78nmj,YTA,4.0
d78nmj,NTA,4.0
d78nmj,YTA,4.0
d78nmj,YTA,4.0
d78nmj,ESH,1.0
d78nmj,YTA,4.0
d78nmj,ESH,4.0
d78nmj,NTA,4.0
d78nmj,YTA,4.0
d78nmj,NTA,4.0
d78nmj,NTA,4.0
d78nmj,ESH,4.0
d78nmj,ESH,4.0
d78nmj,YTA,4.0
d78nmj,YTA,4.0
d78nmj,NTA,4.0
d78nmj,ESH,4.0
d78nmj,ESH,4.0
d78nmj,YTA,4.0
d78nmj,YTA,4.0
d78nmj,ESH,4.0
d78nmj,NTA,4.0
d78nmj,YTA,4.0
d78nmj,YTA,4.0
d78nmj,NTA,4.0
d78nmj,ESH,1.0
d78nmj,ESH,4.0
d78nmj,YTA,4.0
d78nmj,NTA,4.0
d78nmj,NTA,4.0
d78nmj,YTA,4.0
d78nmj,ESH,4.0
d78nmj,YTA,4.0
d78nmj,YTA,4.0
d78nmj,ESH,3.0
d78nmj,YTA,4.0
d78nmj,ESH,4.0
d78nmj,YTA,4.0
d78nmj,YTA,4.0
d78nmj,YTA,4.0
d78nmj,YTA,4.0
d78nmj,YTA,4.0
d78nmj,ESH,4.0
d78nmj,NTA,4.0
d78nmj,ESH,4.0
d78nmj,NTA,4.0
d78nmj,YTA,4.0
d78nmj,ESH,4.0
d78nmj,YTA,4.0
d78nmj,YTA,4.0
d78nmj,YTA,4.0
d78nmj,YTA,4.0
d78nmj,YTA,4.0
d78nmj,ESH,4.0
d78nmj,ESH,4.0
d78nmj,ESH,4.0
d78nmj,YTA,4.0
d78nmj,NTA,3.0
d78nmj,YTA,4.0
d78nmj,YTA,1.0
d78nmj,NTA,4.0
d78nmj,ESH,4.0
d78nmj,YTA,4.0
d78nmj,YTA,4.0
d78nmj,YTA,4.0
d78nmj,YTA,4.0
d78nmj,YTA,4.0
d78nmj,YTA,4.0
d78nmj,YTA,4.0
d78nmj,ESH,4.0
d78nmj,NTA,4.0
d78nmj,YTA,4.0
d78nmj,YTA,4.0
d78nmj,YTA,4.0
d78nmj,YTA,4.0
d78nmj,ESH,4.0
d78nmj,ESH,4.0
d78nmj,YTA,4.0
d78nmj,ESH,4.0
d78nmj,NTA,4.0
d78nmj,YTA,4.0
d78nmj,YTA,4.0
d78nmj,ESH,4.0
d78nmj,YTA,4.0
d78nmj,ESH,4.0
d78nmj,YTA,4.0
d78nmj,YTA,4.0
d78nmj,YTA,4.0
d78nmj,ESH,4.0
d78nmj,ESH,3.0
d78nmj,YTA,4.0
d78nmj,ESH,4.0
d78nmj,ESH,3.0
d78nmj,YTA,4.0
d78nmj,YTA,4.0
d78nmj,YTA,4.0
d78nmj,ESH,4.0
d78nmj,ESH,3.0
d78nmj,ESH,4.0
d78nmj,NTA,4.0
d78nmj,YTA,4.0
d78nmj,NTA,4.0
d78nmj,YTA,4.0
d78nmj,ESH,3.0
d78nmj,NTA,4.0
d78nmj,NTA,4.0
d78nmj,YTA,4.0
d78nmj,YTA,4.0
d78nmj,ESH,4.0
d78nmj,YTA,4.0
d78nmj,YTA,4.0
d78nmj,YTA,4.0
d78nmj,YTA,4.0
d78nmj,YTA,4.0
d78nmj,NTA,4.0
d78nmj,YTA,4.0
d78nmj,YTA,4.0
d78nmj,YTA,4.0
d78nmj,ESH,4.0
d78nmj,YTA,4.0
d78nmj,YTA,4.0
d78nmj,NTA,4.0
d78nmj,YTA,4.0
d78nmj,YTA,4.0
d78nmj,YTA,4.0
d78nmj,NTA,4.0
d78nmj,YTA,4.0
d78nmj,ESH,4.0
d78nmj,YTA,4.0
d78nmj,NTA,4.0
d78nmj,YTA,4.0
d78nmj,ESH,4.0
d78nmj,YTA,4.0
d78nmj,YTA,4.0
d78nmj,ESH,1.0
d78nmj,YTA,4.0
d78nmj,NTA,4.0
d78nmj,YTA,4.0
d78nmj,YTA,4.0
d78nmj,YTA,4.0
d78nmj,ESH,4.0
d78nmj,YTA,4.0
d78nmj,ESH,4.0
d78nmj,YTA,4.0
d78nmj,ESH,4.0
d78nmj,YTA,4.0
d78nmj,ESH,4.0
d78nmj,ESH,4.0
d78nmj,YTA,4.0
d78nmj,YTA,4.0
d78nmj,ESH,3.0
d78nmj,ESH,3.0
d78nmj,NTA,4.0
d78nmj,YTA,4.0
d78nmj,NTA,4.0
d78nmj,YTA,4.0
d78nmj,NTA,4.0
d78nmj,NTA,4.0
d78nmj,YTA,4.0
d78nmj,YTA,4.0
d78nmj,YTA,2.0
d78nmj,YTA,4.0
d78nmj,NTA,4.0
d78nmj,YTA,4.0
d78nmj,NTA,4.0
d78nmj,YTA,3.0
d78nmj,NTA,4.0
d78nmj,ESH,4.0
d78nmj,ESH,4.0
d78nmj,NTA,4.0
d78nmj,YTA,4.0
d78nmj,YTA,4.0
d78nmj,ESH,4.0
d78nmj,YTA,4.0
d78nmj,YTA,4.0
d78nmj,ESH,4.0
d78nmj,ESH,4.0
d78nmj,ESH,4.0
d78nmj,YTA,4.0
d78nmj,ESH,1.0
d78nmj,YTA,4.0
d78nmj,ESH,4.0
d78nmj,YTA,4.0
d78nmj,YTA,4.0
d78nmj,NTA,4.0
d78nmj,YTA,4.0
d78nmj,YTA,4.0
d78nmj,YTA,4.0
d78nmj,ESH,3.0
d78nmj,ESH,4.0
d78nmj,ESH,4.0
d78nmj,YTA,4.0
d78nmj,YTA,4.0
d78nmj,ESH,3.0
d78nmj,YTA,4.0
d78nmj,YTA,4.0
d78nmj,YTA,4.0
d78nmj,ESH,4.0
d78nmj,YTA,4.0
d78nmj,ESH,4.0
d78nmj,NTA,4.0
d78nmj,ESH,3.0
d78nmj,YTA,4.0
d78nmj,NTA,4.0
d78nmj,YTA,4.0
d78nmj,NTA,4.0
d78nmj,ESH,4.0
d78nmj,YTA,4.0
d78nmj,YTA,4.0
d78nmj,YTA,4.0
d78nmj,YTA,4.0
d78nmj,ESH,4.0
d78nmj,YTA,4.0
d78nmj,ESH,4.0
d78nmj,YTA,4.0
d78nmj,YTA,4.0
d78nmj,YTA,4.0
d78nmj,ESH,4.0
d78nmj,ESH,4.0
d78nmj,YTA,4.0
d78nmj,YTA,4.0
d78nmj,YTA,4.0
d78nmj,YTA,4.0
d78nmj,YTA,4.0
d78nmj,YTA,4.0
d78nmj,YTA,4.0
d78nmj,YTA,4.0
d78nmj,YTA,4.0
d78nmj,NTA,4.0
d78nmj,YTA,4.0
d78nmj,YTA,4.0
d78nmj,YTA,4.0
d78nmj,YTA,4.0
d78nmj,ESH,4.0
d78nmj,ESH,4.0
d78nmj,YTA,4.0
d78nmj,YTA,4.0
d78nmj,ESH,3.0
d78nmj,YTA,4.0
d78nmj,YTA,1.0
d78nmj,YTA,4.0
d78nmj,NTA,4.0
d78nmj,ESH,4.0
d78nmj,YTA,4.0
d78nmj,YTA,4.0
d78nmj,YTA,4.0
d78nmj,YTA,4.0
d78nmj,YTA,4.0
d78nmj,YTA,4.0
d78nmj,NTA,4.0
d78nmj,YTA,4.0
d78nmj,YTA,4.0
d78nmj,YTA,4.0
d78nmj,NTA,4.0
d78nmj,YTA,4.0
d78nmj,ESH,3.0
d78nmj,NTA,4.0
d78nmj,YTA,4.0
d78nmj,YTA,4.0
d78nmj,ESH,4.0
d78nmj,YTA,4.0
d78nmj,ESH,3.0
d78nmj,YTA,4.0
d78nmj,ESH,3.0
d78nmj,YTA,4.0
d78nmj,YTA,4.0
d78nmj,YTA,4.0
d78nmj,NTA,4.0
d78nmj,YTA,4.0
d78nmj,YTA,4.0
d78nmj,YTA,4.0
d78nmj,YTA,4.0
d78nmj,NTA,4.0
d78nmj,YTA,4.0
d78nmj,YTA,4.0
d78nmj,ESH,3.0
d78nmj,ESH,3.0
d78nmj,ESH,4.0
d78nmj,YTA,4.0
d78nmj,ESH,4.0
d78nmj,YTA,4.0
d78nmj,ESH,2.0
d78nmj,YTA,4.0
d78nmj,NTA,4.0
d78nmj,YTA,4.0
d78nmj,NTA,4.0
d78nmj,YTA,4.0
d78nmj,YTA,4.0
d78nmj,YTA,4.0
d78nmj,YTA,2.0
d78nmj,YTA,4.0
d78nmj,NTA,4.0
d78nmj,ESH,3.0
d78nmj,YTA,4.0
d78nmj,ESH,4.0
d78nmj,YTA,4.0
d78nmj,YTA,4.0
d78nmj,YTA,4.0
d78nmj,YTA,4.0
d78nmj,YTA,4.0
d78nmj,NTA,4.0
d78nmj,YTA,4.0
d78nmj,YTA,4.0
d78nmj,YTA,4.0
d78nmj,YTA,4.0
d78nmj,YTA,4.0
d78nmj,ESH,4.0
d78nmj,YTA,4.0
d78nmj,YTA,4.0
d78nmj,YTA,4.0
d78nmj,YTA,4.0
d78nmj,ESH,3.0
d78nmj,YTA,4.0
d78nmj,ESH,4.0
d78nmj,NTA,4.0
d78nmj,NTA,4.0
d78nmj,NTA,4.0
d78nmj,NTA,4.0
d78nmj,YTA,3.0
d78nmj,YTA,4.0
d78nmj,YTA,4.0
d78nmj,YTA,4.0
d78nmj,YTA,4.0
d78nmj,NTA,3.0
d78nmj,NTA,4.0
d78nmj,YTA,4.0
d78nmj,ESH,3.0
d78nmj,YTA,4.0
d78nmj,NTA,4.0
d78nmj,YTA,3.0
d78nmj,YTA,4.0
d78nmj,YTA,4.0
d78nmj,YTA,4.0
d78nmj,NTA,4.0
d78nmj,YTA,4.0
d78nmj,NTA,4.0
d78nmj,YTA,4.0
d78nmj,YTA,3.0
d78nmj,NTA,4.0
d78nmj,NTA,4.0
d78nmj,YTA,4.0
d78nmj,NTA,4.0
d78nmj,YTA,4.0
d78nmj,YTA,4.0
d78nmj,NTA,4.0
d78nmj,NTA,4.0
d78nmj,ESH,4.0
d7cdr4,NTA,4.0
d7cdr4,NAH,3.0
d7cdr4,NAH,4.0
d7cdr4,ESH,3.0
d7cdr4,NTA,4.0
d7cdr4,NTA,3.0
d7cdr4,NTA,3.0
d7cdr4,YTA,4.0
d7cdr4,YTA,4.0
d7cdr4,NTA,3.0
d7cdr4,NTA,4.0
d7cdr4,NAH,4.0
d7cdr4,YTA,4.0
d7cdr4,NAH,3.0
d7cdr4,NAH,3.0
d7cdr4,NTA,4.0
d7cdr4,YTA,4.0
d7cdr4,NTA,3.0
d7cdr4,YTA,3.0
d7cdr4,NAH,4.0
d7cdr4,NTA,4.0
d7cdr4,NTA,4.0
d7cdr4,NTA,4.0
d7cdr4,NTA,4.0
d7cdr4,YTA,4.0
d7cdr4,NAH,3.0
d7cdr4,NTA,3.0
d7cdr4,NAH,4.0
d7cdr4,NTA,4.0
d7cdr4,NTA,4.0
d7cdr4,NTA,4.0
d7cdr4,NAH,3.0
d7cdr4,NAH,3.0
d7cdr4,NAH,4.0
d7cdr4,YTA,4.0
d7cdr4,YTA,4.0
d7cdr4,YTA,4.0
d7cdr4,NTA,4.0
d7cdr4,YTA,4.0
d7cdr4,NTA,4.0
d7cdr4,NTA,4.0
d7cdr4,NTA,4.0
d7cdr4,NTA,4.0
d7cdr4,NAH,4.0
d7cdr4,NTA,4.0
d7cdr4,NTA,4.0
d7cdr4,NAH,4.0
d7cdr4,NAH,3.0
d7cdr4,NAH,4.0
d7cdr4,YTA,3.0
d7cdr4,NTA,4.0
d7cdr4,NTA,4.0
d7cdr4,NAH,3.0
d7cdr4,YTA,4.0
d7cdr4,NTA,4.0
d7cdr4,NAH,4.0
d7cdr4,NTA,4.0
d7cdr4,NTA,4.0
d7cdr4,NTA,4.0
d7cdr4,NAH,3.0
d7cdr4,NAH,3.0
d7cdr4,YTA,4.0
d7cdr4,NTA,4.0
d7cdr4,NTA,4.0
d7cdr4,NTA,4.0
d7cdr4,NAH,3.0
d7cdr4,YTA,4.0
d7cdr4,NTA,4.0
d7cdr4,NTA,4.0
d7cdr4,NTA,4.0
d7cdr4,NTA,4.0
d7cdr4,NTA,4.0
d7cdr4,ESH,2.0
d7cdr4,NTA,4.0
d7cdr4,NTA,4.0
d7cdr4,YTA,4.0
d7cdr4,YTA,4.0
d7cdr4,NTA,4.0
d7cdr4,NTA,3.0
d7cdr4,NTA,4.0
d7cdr4,NTA,4.0
d7cdr4,NTA,4.0
d7cdr4,YTA,4.0
d7cdr4,NTA,4.0
d7cdr4,NAH,3.0
d7cdr4,YTA,4.0
d7cdr4,NTA,4.0
d7cdr4,NTA,4.0
d7cdr4,NTA,4.0
d7cdr4,NAH,4.0
d7cdr4,NTA,4.0
d7cdr4,NAH,3.0
d7cdr4,NTA,4.0
d7cdr4,NAH,4.0
d7cdr4,NAH,3.0
d7cdr4,YTA,4.0
d7cdr4,NAH,3.0
d7cdr4,NTA,4.0
d7cdr4,NAH,3.0
d7cdr4,NTA,4.0
d7cdr4,NTA,4.0
d7cdr4,NTA,4.0
d7cdr4,NTA,4.0
d7cdr4,ESH,4.0
d7cdr4,NTA,4.0
d7cdr4,NTA,4.0
d7cdr4,YTA,4.0
d7cdr4,NAH,4.0
d7cdr4,NAH,4.0
d7cdr4,NTA,4.0
d7cdr4,NAH,4.0
d7cdr4,NTA,4.0
d7cdr4,NTA,4.0
d7cdr4,NAH,4.0
d7cdr4,YTA,4.0
d7cdr4,NAH,4.0
d7cdr4,NTA,4.0
d7cdr4,NTA,4.0
d7cdr4,NTA,4.0
d7cdr4,NTA,4.0
d7cdr4,NTA,4.0
d7cdr4,NTA,4.0
d7cdr4,NTA,4.0
d7cdr4,YTA,4.0
d7cdr4,NAH,1.0
d7cdr4,NTA,4.0
d7cdr4,NTA,4.0
d7cdr4,NTA,4.0
d7cdr4,NTA,4.0
d7cdr4,NTA,4.0
d7cdr4,NTA,4.0
d7cdr4,NTA,4.0
d7cdr4,YTA,4.0
d7cdr4,YTA,3.0
d7cdr4,NAH,4.0
d7cdr4,NAH,4.0
d7cdr4,NAH,3.0
db5nb7,NTA,4.0
db5nb7,NTA,3.0
db5nb7,YTA,4.0
db5nb7,NAH,1.0
db5nb7,NTA,4.0
db5nb7,NTA,3.0
db5nb7,NTA,4.0
db5nb7,NAH,3.0
db5nb7,NTA,4.0
db5nb7,NAH,4.0
db5nb7,NTA,4.0
db5nb7,YTA,4.0
db5nb7,ESH,3.0
db5nb7,NTA,3.0
db5nb7,YTA,3.0
db5nb7,NTA,4.0
db5nb7,NTA,4.0
db5nb7,YTA,4.0
db5nb7,ESH,3.0
db5nb7,NTA,4.0
db5nb7,NTA,3.0
db5nb7,NTA,4.0
db5nb7,NTA,4.0
db5nb7,NTA,4.0
db5nb7,NTA,4.0
db5nb7,NTA,4.0
db5nb7,NTA,3.0
db5nb7,ESH,4.0
db5nb7,NTA,4.0
db5nb7,NTA,4.0
db5nb7,NAH,4.0
db5nb7,NTA,4.0
db5nb7,NTA,4.0
db5nb7,NTA,4.0
db5nb7,YTA,4.0
db5nb7,NTA,4.0
db5nb7,NTA,4.0
db5nb7,NTA,4.0
db5nb7,NTA,4.0
db5nb7,NTA,4.0
db5nb7,YTA,4.0
db5nb7,NTA,4.0
db5nb7,NTA,4.0
db5nb7,NTA,4.0
db5nb7,NTA,4.0
db5nb7,NTA,4.0
db5nb7,NTA,4.0
db5nb7,NTA,4.0
db5nb7,NAH,4.0
db5nb7,YTA,4.0
db5nb7,NAH,4.0
db5nb7,NTA,4.0
db5nb7,NTA,4.0
db5nb7,NTA,4.0
db5nb7,NTA,4.0
db5nb7,NTA,4.0
db5nb7,YTA,4.0
db5nb7,ESH,3.0
db5nb7,NAH,4.0
db5nb7,YTA,4.0
db5nb7,NTA,4.0
db5nb7,YTA,4.0
db5nb7,NTA,4.0
db5nb7,NAH,4.0
db5nb7,NTA,3.0
db5nb7,NTA,4.0
db5nb7,NTA,4.0
db5nb7,NTA,3.0
db5nb7,NTA,4.0
db5nb7,NAH,1.0
db5nb7,NTA,4.0
db5nb7,NTA,4.0
db5nb7,NTA,4.0
db5nb7,NTA,4.0
db5nb7,NTA,4.0
db5nb7,NTA,3.0
db5nb7,NTA,4.0
db5nb7,NAH,4.0
db5nb7,NTA,4.0
db5nb7,NTA,4.0
db5nb7,NTA,4.0
db5nb7,NTA,4.0
db5nb7,NTA,4.0
db5nb7,NTA,4.0
db5nb7,NTA,4.0
db5nb7,NTA,4.0
db5nb7,NAH,4.0
db5nb7,NTA,4.0
db5nb7,NTA,4.0
db5nb7,YTA,3.0
db5nb7,NTA,4.0
db5nb7,NAH,4.0
db5nb7,NTA,4.0
db5nb7,NTA,4.0
db5nb7,NTA,4.0
db5nb7,NTA,4.0
db5nb7,NTA,4.0
db5nb7,NTA,4.0
db5nb7,NTA,4.0
db5nb7,NTA,1.0
db5nb7,NTA,1.0
db5nb7,NTA,1.0
db5nb7,ESH,4.0
db5nb7,ESH,4.0
db5nb7,ESH,4.0
db5nb7,ESH,4.0
db5nb7,ESH,4.0
db5nb7,ESH,4.0
db5nb7,NTA,1.0
db5nb7,YTA,3.0
db5nb7,NTA,1.0
db5nb7,NTA,3.0
db5nb7,NTA,1.0
db5nb7,ESH,4.0
db5nb7,ESH,4.0
db5nb7,NTA,4.0
db5nb7,NTA,4.0
db5nb7,NTA,4.0
db5nb7,NTA,4.0
db5nb7,ESH,4.0
db5nb7,ESH,4.0
db5nb7,ESH,4.0
db5nb7,ESH,4.0
db5nb7,ESH,4.0
db5nb7,YTA,4.0
db5nb7,NTA,4.0
db5nb7,NTA,4.0
db5nb7,NTA,4.0
db5nb7,NTA,4.0
db5nb7,NTA,4.0
db5nb7,NTA,4.0
db5nb7,NTA,4.0
db5nb7,ESH,4.0
db5nb7,NTA,4.0
db5nb7,NTA,4.0
db5nb7,NTA,4.0
db5nb7,ESH,4.0
db5nb7,NTA,3.0
db5nb7,YTA,4.0
db5nb7,NTA,4.0
db5nb7,ESH,4.0
db5nb7,NTA,4.0
db5nb7,NTA,4.0
db5nb7,NTA,4.0
db5nb7,YTA,4.0
db5nb7,NTA,4.0
db5nb7,YTA,4.0
db5nb7,NTA,4.0
db5nb7,NTA,4.0
db5nb7,NAH,4.0
db5nb7,NTA,4.0
db5nb7,NTA,4.0
db5nb7,NAH,4.0
db5nb7,NTA,4.0
db5nb7,ESH,3.0
db5nb7,NTA,4.0
db5nb7,NTA,1.0
db5nb7,NTA,4.0
db5nb7,NTA,4.0
db5nb7,NTA,4.0
db5nb7,NTA,4.0
db5nb7,NTA,4.0
db5nb7,NTA,4.0
db5nb7,NTA,4.0
db5nb7,ESH,4.0
db5nb7,NTA,4.0
db5nb7,NTA,3.0
db5nb7,ESH,4.0
db5nb7,NTA,4.0
db5nb7,NTA,4.0
db5nb7,NTA,4.0
db5nb7,NTA,4.0
db5nb7,NTA,4.0
db5nb7,NTA,4.0
db5nb7,ESH,4.0
db5nb7,NTA,4.0
db5nb7,YTA,4.0
db5nb7,NTA,4.0
db5nb7,YTA,4.0
db5nb7,NTA,4.0
db5nb7,NTA,4.0
db5nb7,NTA,4.0
db5nb7,NTA,4.0
db5nb7,NTA,4.0
db5nb7,NTA,4.0
db5nb7,NTA,3.0
db5nb7,NTA,4.0
db5nb7,NTA,4.0
db5nb7,NTA,4.0
db5nb7,YTA,4.0
db5nb7,NTA,4.0
db5nb7,NTA,4.0
db5nb7,NAH,1.0
db5nb7,NTA,4.0
db5nb7,NTA,4.0
db5nb7,NTA,4.0
db5nb7,NTA,4.0
db5nb7,NTA,4.0
db5nb7,NTA,4.0
db5nb7,NTA,4.0
db5nb7,NTA,4.0
db5nb7,NTA,4.0
db5nb7,NTA,4.0
db5nb7,NTA,4.0
db5nb7,NTA,4.0
db5nb7,YTA,4.0
db5nb7,NTA,4.0
db5nb7,ESH,1.0
db5nb7,NTA,4.0
db5nb7,NAH,3.0
db5nb7,NTA,4.0
db5nb7,NTA,4.0
db5nb7,NTA,4.0
db5nb7,NTA,4.0
db5nb7,NTA,4.0
db5nb7,NTA,4.0
db5nb7,NTA,4.0
db5nb7,NTA,4.0
dbx75g,YTA,4.0
dbx75g,YTA,4.0
dbx75g,NTA,4.0
dbx75g,YTA,4.0
dbx75g,YTA,4.0
dbx75g,NTA,4.0
dbx75g,NTA,4.0
dbx75g,NAH,4.0
dbx75g,NTA,4.0
dbx75g,YTA,4.0
dbx75g,NTA,4.0
dbx75g,YTA,4.0
dbx75g,NTA,4.0
dbx75g,YTA,3.0
dbx75g,NTA,4.0
dbx75g,NTA,4.0
dbx75g,ESH,4.0
dbx75g,NTA,4.0
dbx75g,NTA,4.0
dbx75g,NTA,4.0
dbx75g,NTA,4.0
dbx75g,NTA,4.0
dbx75g,NTA,4.0
dbx75g,NTA,4.0
dbx75g,YTA,4.0
dbx75g,NTA,4.0
dbx75g,NTA,4.0
dbx75g,NTA,4.0
dbx75g,NTA,4.0
dbx75g,NTA,3.0
dbx75g,NTA,4.0
dbx75g,NTA,4.0
dbx75g,YTA,4.0
dbx75g,NTA,4.0
dbx75g,NTA,4.0
dbx75g,NTA,4.0
dbx75g,NTA,4.0
dbx75g,NTA,4.0
dbx75g,NTA,4.0
dbx75g,NTA,4.0
dbx75g,NTA,4.0
dbx75g,NTA,4.0
dbx75g,NTA,4.0
dbx75g,NTA,4.0
dbx75g,NTA,3.0
dbx75g,NTA,4.0
dbx75g,NTA,4.0
dbx75g,NTA,4.0
dbx75g,NTA,4.0
dbx75g,NTA,4.0
dbx75g,NTA,4.0
dbx75g,NTA,4.0
dbx75g,NTA,4.0
dbx75g,NTA,4.0
dbx75g,NTA,2.0
dbx75g,NTA,4.0
dbx75g,NTA,4.0
dbx75g,NTA,4.0
dbx75g,NTA,4.0
dbx75g,NTA,4.0
dbx75g,NTA,3.0
dbx75g,NAH,4.0
dbx75g,NTA,4.0
dbx75g,NTA,4.0
dbx75g,NTA,4.0
dbx75g,NTA,4.0
dbx75g,NAH,4.0
dbx75g,NTA,4.0
dbx75g,NTA,4.0
dbx75g,NTA,4.0
dbx75g,NTA,4.0
dbx75g,ESH,3.0
dbx75g,NTA,4.0
dbx75g,YTA,3.0
dbx75g,NTA,4.0
dbx75g,NTA,4.0
dbx75g,NTA,4.0
dbx75g,NTA,4.0
dbx75g,NTA,4.0
dbx75g,NTA,4.0
dbx75g,YTA,4.0
dbx75g,NTA,4.0
dbx75g,NTA,4.0
dbx75g,NTA,4.0
dbx75g,NTA,4.0
dbx75g,NTA,4.0
dbx75g,NTA,4.0
dbx75g,NTA,4.0
dbx75g,NTA,4.0
dbx75g,NTA,4.0
dbx75g,NTA,4.0
dbx75g,ESH,3.0
dbx75g,NTA,4.0
dbx75g,YTA,4.0
dbx75g,NTA,4.0
dbx75g,YTA,4.0
dbx75g,NTA,4.0
dbx75g,NTA,4.0
dbx75g,NTA,4.0
dbx75g,YTA,3.0
dbx75g,NTA,4.0
dbx75g,NTA,4.0
dbx75g,NTA,4.0
dbx75g,NTA,4.0
dbx75g,YTA,4.0
dbx75g,NTA,4.0
dbx75g,NTA,4.0
dbx75g,NTA,4.0
dbx75g,YTA,4.0
dbx75g,NTA,4.0
dbx75g,NTA,4.0
dbx75g,NTA,3.0
dbx75g,NTA,3.0
dbx75g,ESH,3.0
dbx75g,NTA,4.0
dbx75g,NTA,4.0
dbx75g,NTA,4.0
dbx75g,NTA,4.0
dbx75g,NTA,3.0
dbx75g,NTA,4.0
dbx75g,NAH,3.0
dbx75g,NTA,4.0
dbx75g,NTA,4.0
dbx75g,NTA,4.0
dbx75g,NTA,4.0
dbx75g,YTA,4.0
dbx75g,NTA,4.0
dbx75g,NTA,4.0
dbx75g,NTA,4.0
dbx75g,NTA,4.0
dbx75g,NTA,4.0
dbx75g,NTA,4.0
dbx75g,YTA,4.0
dbx75g,NTA,4.0
dbx75g,NTA,4.0
dbx75g,YTA,3.0
dbx75g,NTA,4.0
dbx75g,NTA,4.0
dbx75g,NTA,4.0
dbx75g,NTA,4.0
dbx75g,NTA,4.0
dbx75g,NTA,4.0
dbx75g,NTA,4.0
dbx75g,NTA,4.0
dbx75g,NTA,4.0
dbx75g,NTA,4.0
dbx75g,NTA,4.0
dbx75g,NTA,4.0
dbx75g,NTA,4.0
dbx75g,NTA,4.0
dbx75g,NTA,4.0
dbx75g,NTA,4.0
dbx75g,NTA,4.0
dbx75g,NTA,4.0
dbx75g,NTA,4.0
dbx75g,YTA,3.0
dbx75g,NAH,4.0
dbx75g,NAH,4.0
dbx75g,NTA,4.0
dbx75g,NTA,4.0
dbx75g,ESH,3.0
dbx75g,NTA,4.0
dbx75g,NTA,4.0
dbx75g,NTA,4.0
dbx75g,NTA,4.0
dbx75g,NTA,4.0
dbx75g,NAH,4.0
dbx75g,NTA,4.0
dbx75g,YTA,4.0
dbx75g,NTA,4.0
dbx75g,NTA,4.0
dbx75g,NTA,4.0
dbx75g,YTA,4.0
dbx75g,NTA,4.0
dbx75g,NTA,4.0
dbx75g,NTA,4.0
dbx75g,ESH,3.0
dbx75g,NTA,4.0
dbx75g,NTA,4.0
dbx75g,YTA,3.0
dbx75g,YTA,4.0
dbx75g,NTA,3.0
dbx75g,NTA,4.0
dbx75g,NTA,4.0
dbx75g,NTA,4.0
dbx75g,NTA,4.0
dbx75g,NTA,4.0
dbx75g,YTA,3.0
dbx75g,NTA,4.0
dbx75g,NTA,4.0
dbx75g,NTA,4.0
dbx75g,NTA,4.0
dbx75g,NTA,4.0
dbx75g,NTA,4.0
dbx75g,YTA,4.0
dbx75g,NTA,4.0
dbx75g,NAH,3.0
dbx75g,YTA,4.0
dbx75g,YTA,4.0
dbx75g,NTA,4.0
dbx75g,YTA,4.0
dbx75g,NTA,4.0
dbx75g,ESH,3.0
dbx75g,YTA,4.0
dbx75g,NTA,4.0
dbx75g,NTA,4.0
dbx75g,NTA,4.0
dbx75g,NTA,4.0
dbx75g,NTA,4.0
dbx75g,NTA,4.0
dbx75g,NTA,4.0
dbx75g,YTA,4.0
dbx75g,NTA,4.0
dbx75g,YTA,4.0
dbx75g,NTA,4.0
dbx75g,YTA,4.0
dbx75g,NTA,4.0
dbx75g,NTA,4.0
dbx75g,NTA,4.0
dbx75g,NTA,4.0
dbx75g,NTA,4.0
dbx75g,NTA,4.0
dbx75g,NTA,4.0
dbx75g,NTA,4.0
dbx75g,ESH,3.0
dbx75g,NTA,4.0
dbx75g,NTA,4.0
dbx75g,NAH,3.0
dbx75g,NTA,3.0
dbx75g,NTA,4.0
dbx75g,NTA,4.0
dbx75g,NTA,4.0
dbx75g,NTA,4.0
dbx75g,NTA,4.0
dbx75g,YTA,3.0
dbx75g,NTA,4.0
dbx75g,NTA,4.0
dbx75g,NTA,4.0
dbx75g,NTA,4.0
dbx75g,NTA,4.0
dbx75g,NAH,3.0
dbx75g,NTA,4.0
dbx75g,ESH,3.0
dbx75g,NTA,4.0
dbx75g,NAH,4.0
dbx75g,NTA,4.0
dbx75g,YTA,4.0
dbx75g,NTA,4.0
dbx75g,NTA,4.0
dbx75g,NTA,4.0
dbx75g,NTA,3.0
dbx75g,NTA,4.0
dbx75g,NTA,4.0
dbx75g,NTA,4.0
dbx75g,NTA,4.0
dbx75g,NTA,3.0
dbx75g,NTA,4.0
dbx75g,NTA,4.0
dbx75g,NTA,4.0
dbx75g,NTA,4.0
dbx75g,NTA,4.0
dbx75g,NTA,4.0
dbx75g,NTA,4.0
dbx75g,NTA,4.0
dbx75g,NTA,4.0
dbx75g,YTA,4.0
dbx75g,NTA,4.0
dbx75g,ESH,3.0
dbx75g,NTA,4.0
dbx75g,NTA,4.0
dbx75g,NTA,3.0
dbx75g,NTA,4.0
dbx75g,NTA,4.0
dbx75g,NTA,4.0
dbx75g,NTA,4.0
dbx75g,NTA,4.0
dbx75g,NTA,4.0
dbx75g,NTA,4.0
dbx75g,NTA,4.0
dbx75g,NTA,4.0
dbx75g,YTA,4.0
dbx75g,NTA,4.0
dbx75g,NTA,4.0
dbx75g,NTA,4.0
dbx75g,ESH,3.0
dbx75g,NAH,4.0
dbx75g,ESH,4.0
dbx75g,YTA,1.0
dbx75g,NTA,4.0
dbx75g,YTA,4.0
dbx75g,NTA,4.0
dbx75g,NTA,4.0
dbx75g,NTA,4.0
dbx75g,NTA,4.0
dbx75g,NTA,4.0
dbx75g,NTA,4.0
dbx75g,NTA,4.0
dbx75g,NTA,4.0
dbx75g,NTA,4.0
dbx75g,NAH,4.0
dbx75g,NTA,4.0
dbx75g,NAH,3.0
dbx75g,NTA,4.0
dbx75g,NTA,4.0
dbx75g,NTA,4.0
dbx75g,NTA,4.0
dbx75g,ESH,4.0
dbx75g,YTA,4.0
dbx75g,YTA,4.0
dbx75g,NTA,4.0
dbx75g,NTA,4.0
dbx75g,NTA,4.0
dbx75g,NTA,4.0
dbx75g,NAH,4.0
dbx75g,NTA,4.0
dbx75g,ESH,4.0
dbx75g,NTA,4.0
dbx75g,NTA,4.0
dbx75g,NAH,3.0
dbx75g,NTA,4.0
dbx75g,YTA,4.0
dbx75g,NTA,4.0
dbx75g,NTA,4.0
dbx75g,NTA,4.0
dbx75g,YTA,4.0
dbx75g,NTA,4.0
dbx75g,NTA,4.0
dbx75g,ESH,4.0
dbx75g,NTA,4.0
dbx75g,NTA,4.0
dbx75g,NTA,4.0
dbx75g,NTA,4.0
dbx75g,NTA,4.0
dbx75g,NTA,4.0
dbx75g,NTA,4.0
dbx75g,NTA,4.0
dbx75g,NTA,3.0
dbx75g,NTA,4.0
dbx75g,NTA,4.0
dbx75g,NTA,4.0
dbx75g,NAH,3.0
dbx75g,NTA,4.0
dbx75g,NTA,4.0
dbx75g,YTA,4.0
dbx75g,NTA,3.0
dbx75g,NTA,4.0
dbx75g,NTA,4.0
dbx75g,NTA,4.0
dbx75g,NTA,4.0
dbx75g,NTA,4.0
dbx75g,NAH,4.0
dbx75g,NTA,4.0
dbx75g,NAH,4.0
dbx75g,NAH,3.0
dbx75g,NTA,4.0
dbx75g,NTA,4.0
dbx75g,NTA,4.0
dbx75g,NTA,4.0
dbx75g,NTA,4.0
dbx75g,NTA,3.0
dbx75g,YTA,4.0
dbx75g,NTA,4.0
dbx75g,NTA,4.0
dbx75g,NTA,4.0
dbx75g,ESH,3.0
dbx75g,NTA,4.0
dbx75g,YTA,4.0
dbx75g,NTA,3.0
dbx75g,NTA,4.0
dbx75g,NAH,4.0
dbx75g,NTA,4.0
dbx75g,NTA,4.0
dbx75g,NTA,4.0
dbx75g,NTA,4.0
dbx75g,NTA,4.0
dbx75g,NTA,4.0
dbx75g,NTA,4.0
dbx75g,YTA,4.0
dbx75g,NTA,4.0
dbx75g,NTA,4.0
dbx75g,YTA,4.0
dbx75g,NTA,4.0
dbx75g,NTA,4.0
dbx75g,NTA,4.0
dbx75g,NTA,4.0
dbx75g,YTA,4.0
dbx75g,NTA,4.0
dbx75g,NTA,4.0
dbx75g,NTA,4.0
dbx75g,NTA,4.0
dbx75g,NTA,4.0
dbx75g,NTA,4.0
dbx75g,YTA,4.0
dbx75g,ESH,4.0
dbx75g,NTA,4.0
dbx75g,NTA,4.0
dbx75g,NTA,4.0
dbx75g,NTA,4.0
dbx75g,NTA,4.0
dbx75g,NTA,4.0
dbx75g,NTA,4.0
dbx75g,NTA,4.0
dbx75g,YTA,4.0
dbx75g,NTA,4.0
dbx75g,NTA,4.0
dbx75g,NTA,4.0
dbx75g,NTA,4.0
dbx75g,NTA,4.0
dbx75g,NTA,4.0
dbx75g,NTA,4.0
dbx75g,NTA,4.0
dbx75g,NTA,4.0
dbx75g,NTA,4.0
dbx75g,NTA,4.0
dbx75g,NTA,4.0
dbx75g,NTA,3.0
dbx75g,NTA,4.0
dbx75g,NTA,4.0
dbx75g,NTA,4.0
dbx75g,NTA,4.0
dbx75g,ESH,4.0
dbx75g,ESH,3.0
dbx75g,YTA,4.0
dbx75g,NTA,4.0
dbx75g,NTA,4.0
dbx75g,YTA,4.0
dbx75g,YTA,4.0
dbx75g,NTA,4.0
dbx75g,NTA,4.0
dbx75g,NTA,4.0
dbx75g,NTA,3.0
dbx75g,NTA,4.0
dbx75g,NTA,3.0
dbx75g,NTA,4.0
dbx75g,NTA,4.0
dbx75g,NTA,4.0
dbx75g,NTA,4.0
dbx75g,NTA,4.0
dbx75g,NTA,4.0
dbx75g,NTA,4.0
dbx75g,YTA,3.0
dbx75g,NTA,4.0
dbx75g,NTA,4.0
dbx75g,NTA,4.0
dbx75g,NTA,4.0
dbx75g,NTA,4.0
dbx75g,NTA,4.0
dbx75g,NTA,4.0
dbx75g,YTA,4.0
dbx75g,NTA,4.0
dbx75g,NTA,4.0
dbx75g,NTA,4.0
dbx75g,NTA,4.0
dbx75g,NTA,4.0
dbx75g,NTA,4.0
dbx75g,YTA,4.0
dbx75g,NTA,4.0
dbx75g,NTA,4.0
dbx75g,NTA,4.0
dbx75g,NTA,4.0
dbx75g,NTA,4.0
dbx75g,NTA,4.0
dbx75g,ESH,4.0
dbx75g,YTA,3.0
dbx75g,NTA,3.0
dbx75g,NTA,4.0
dbx75g,NTA,4.0
dbx75g,YTA,4.0
dbx75g,NTA,4.0
dbx75g,NTA,4.0
dbx75g,NTA,4.0
dbx75g,NTA,4.0
dbx75g,NTA,4.0
dbx75g,ESH,3.0
dbx75g,ESH,3.0
dbx75g,NTA,4.0
dbx75g,NTA,4.0
dbx75g,NTA,4.0
dbx75g,NTA,4.0
dbx75g,NTA,4.0
dbx75g,NTA,4.0
dbx75g,NTA,4.0
dbx75g,NTA,4.0
dbx75g,NTA,4.0
dbx75g,YTA,4.0
dbx75g,NTA,4.0
dbx75g,NTA,4.0
dbx75g,NTA,4.0
dbx75g,NTA,4.0
dbx75g,NTA,4.0
dbx75g,NTA,4.0
dbx75g,NTA,4.0
dbx75g,ESH,1.0
dbx75g,NTA,4.0
dbx75g,NTA,4.0
dbx75g,YTA,4.0
dbx75g,NTA,4.0
dbx75g,NTA,4.0
dbx75g,NTA,4.0
dbx75g,NTA,3.0
dbx75g,NTA,4.0
dbx75g,NTA,3.0
dbx75g,NTA,4.0
dbx75g,NTA,4.0
dbx75g,NTA,4.0
dbx75g,YTA,4.0
dbx75g,NTA,4.0
dbx75g,YTA,4.0
dbx75g,NTA,4.0
dbx75g,NTA,4.0
dbx75g,NTA,4.0
dbx75g,NAH,3.0
dbx75g,NTA,4.0
dbx75g,NTA,4.0
dbx75g,NTA,4.0
dbx75g,NTA,4.0
dbx75g,YTA,3.0
dbx75g,YTA,4.0
dbx75g,NTA,4.0
dbx75g,NTA,4.0
dbx75g,YTA,4.0
dbx75g,NTA,4.0
dbx75g,YTA,4.0
dbx75g,ESH,3.0
dbx75g,NTA,4.0
dbx75g,NTA,4.0
dbx75g,NTA,4.0
dbx75g,NTA,4.0
dbx75g,NTA,4.0
dbx75g,NTA,4.0
dbx75g,NTA,4.0
dbx75g,NTA,4.0
dbx75g,NTA,4.0
dbx75g,NTA,4.0
dbx75g,NTA,3.0
dbx75g,NTA,3.0
dbx75g,NTA,4.0
dbx75g,NTA,4.0
dbx75g,NTA,4.0
dbx75g,NTA,4.0
dbx75g,YTA,4.0
dbx75g,NTA,4.0
dbx75g,NTA,4.0
dbx75g,NTA,4.0
dbx75g,NTA,4.0
dbx75g,NTA,4.0
dbx75g,NTA,4.0
dbx75g,NTA,4.0
dbx75g,ESH,1.0
dbx75g,NTA,3.0
dbx75g,NTA,4.0
dbx75g,NTA,4.0
dbx75g,YTA,3.0
dbx75g,NTA,4.0
dbx75g,NTA,4.0
dbx75g,NTA,4.0
dbx75g,NTA,4.0
dbx75g,NTA,4.0
dbx75g,YTA,4.0
dbx75g,NTA,4.0
dbx75g,ESH,4.0
dbx75g,NTA,4.0
dbx75g,NTA,4.0
dbx75g,NTA,4.0
dbx75g,NTA,4.0
dbx75g,NTA,4.0
dbx75g,NTA,4.0
dbx75g,NTA,4.0
dbx75g,YTA,3.0
dbx75g,NAH,2.0
dbx75g,NTA,4.0
dbx75g,NTA,4.0
dbx75g,ESH,4.0
dbx75g,NTA,4.0
dbx75g,NTA,4.0
dbx75g,YTA,4.0
dbx75g,NTA,4.0
dbx75g,ESH,4.0
dbx75g,NTA,4.0
dbx75g,NTA,4.0
dbx75g,NTA,4.0
dbx75g,NTA,4.0
dbx75g,NTA,4.0
dbx75g,YTA,3.0
dbx75g,NTA,4.0
dbx75g,YTA,3.0
dbx75g,NTA,4.0
dbx75g,NTA,4.0
dbx75g,NTA,4.0
dbx75g,NTA,3.0
dbx75g,NTA,4.0
dbx75g,NTA,4.0
dbx75g,NTA,4.0
dbx75g,NTA,4.0
dbx75g,NTA,4.0
dbx75g,NTA,4.0
dbx75g,NTA,4.0
dbx75g,YTA,4.0
dbx75g,NTA,4.0
dbx75g,NTA,4.0
dbx75g,NTA,4.0
dbx75g,NTA,4.0
dbx75g,NTA,4.0
dbx75g,NTA,4.0
dbx75g,YTA,4.0
dbx75g,YTA,4.0
dbx75g,NTA,4.0
dbx75g,NTA,4.0
dbx75g,NTA,4.0
dbx75g,NTA,4.0
dbx75g,NTA,4.0
dbx75g,NTA,4.0
dbx75g,NTA,4.0
dbx75g,NTA,4.0
dbx75g,NTA,4.0
dbx75g,NTA,4.0
dbx75g,NTA,4.0
dbx75g,NTA,4.0
dbx75g,NTA,4.0
dbx75g,NTA,3.0
dbx75g,NTA,4.0
dbx75g,YTA,4.0
dbx75g,YTA,4.0
dbx75g,NTA,4.0
dbx75g,NTA,4.0
dbx75g,NTA,4.0
dbx75g,YTA,4.0
dbx75g,NTA,4.0
dbx75g,NTA,4.0
dbx75g,NTA,4.0
dbx75g,NTA,4.0
dbx75g,NTA,4.0
dbx75g,NTA,4.0
dbx75g,NTA,4.0
dbx75g,NTA,4.0
dbx75g,NTA,4.0
dbx75g,YTA,4.0
dbx75g,NTA,4.0
dbx75g,NTA,4.0
dbx75g,NTA,4.0
dbx75g,NTA,4.0
dbx75g,NTA,4.0
dbx75g,NTA,3.0
dbx75g,NTA,4.0
dbx75g,NTA,4.0
dbx75g,NTA,4.0
dbx75g,NTA,4.0
dbx75g,ESH,4.0
dbx75g,NTA,4.0
dbx75g,NTA,4.0
dbx75g,NTA,4.0
dc5tr3,YTA,4.0
dc5tr3,YTA,4.0
dc5tr3,NAH,3.0
dc5tr3,YTA,4.0
dc5tr3,YTA,4.0
dc5tr3,YTA,4.0
dc5tr3,YTA,3.0
dc5tr3,YTA,4.0
dc5tr3,YTA,4.0
dc5tr3,YTA,4.0
dc5tr3,YTA,3.0
dc5tr3,NTA,4.0
dc5tr3,YTA,3.0
dc5tr3,YTA,3.0
dc5tr3,YTA,4.0
dc5tr3,YTA,4.0
dc5tr3,YTA,4.0
dc5tr3,NAH,4.0
dc5tr3,YTA,4.0
dc5tr3,YTA,4.0
dc5tr3,YTA,4.0
dc5tr3,NTA,4.0
dc5tr3,YTA,4.0
dc5tr3,YTA,4.0
dc5tr3,ESH,3.0
dc5tr3,YTA,4.0
dc5tr3,YTA,4.0
dc5tr3,NTA,4.0
dc5tr3,YTA,4.0
dc5tr3,YTA,4.0
dc5tr3,YTA,4.0
dc5tr3,NTA,4.0
dc5tr3,YTA,4.0
dc5tr3,NAH,3.0
dc5tr3,YTA,4.0
dc5tr3,YTA,4.0
dc5tr3,YTA,4.0
dc5tr3,YTA,4.0
dc5tr3,YTA,1.0
dc5tr3,YTA,4.0
dc5tr3,ESH,3.0
dc5tr3,YTA,4.0
dc5tr3,YTA,4.0
dc5tr3,NAH,3.0
dc5tr3,YTA,4.0
dc5tr3,ESH,3.0
dc5tr3,ESH,3.0
dc5tr3,YTA,4.0
dc5tr3,YTA,4.0
dc5tr3,YTA,4.0
dc5tr3,YTA,4.0
dc5tr3,YTA,4.0
dc5tr3,YTA,4.0
dc5tr3,NTA,4.0
dc5tr3,YTA,4.0
dc5tr3,YTA,4.0
dc5tr3,YTA,4.0
dc5tr3,YTA,4.0
dc5tr3,YTA,4.0
dc5tr3,YTA,4.0
dc5tr3,YTA,4.0
dc5tr3,YTA,4.0
dc5tr3,YTA,4.0
dc5tr3,YTA,4.0
dc5tr3,YTA,4.0
dc5tr3,YTA,4.0
dc5tr3,YTA,3.0
dc5tr3,YTA,4.0
dc5tr3,YTA,4.0
dc5tr3,NTA,4.0
dc5tr3,YTA,4.0
dc5tr3,YTA,4.0
dc5tr3,YTA,4.0
dc5tr3,YTA,4.0
dc5tr3,NTA,4.0
dc5tr3,YTA,4.0
dc5tr3,YTA,3.0
dc5tr3,YTA,4.0
dc5tr3,YTA,3.0
dc5tr3,YTA,4.0
dc5tr3,NTA,4.0
dc5tr3,YTA,4.0
dc5tr3,NTA,4.0
dc5tr3,YTA,4.0
dc5tr3,NTA,4.0
dc5tr3,YTA,4.0
dc5tr3,YTA,4.0
dc5tr3,YTA,3.0
dc5tr3,YTA,4.0
dc5tr3,YTA,4.0
dc5tr3,YTA,4.0
dc5tr3,NAH,4.0
dc5tr3,NTA,4.0
dc5tr3,YTA,4.0
dc5tr3,YTA,4.0
dc5tr3,YTA,4.0
dc5tr3,YTA,4.0
dc5tr3,YTA,4.0
dc5tr3,YTA,4.0
dc5tr3,YTA,4.0
dc5tr3,YTA,4.0
dc5tr3,NTA,4.0
dc5tr3,YTA,4.0
dc5tr3,NAH,3.0
dc5tr3,YTA,4.0
dc5tr3,NTA,4.0
dc5tr3,YTA,3.0
dc5tr3,NTA,4.0
dc5tr3,NTA,4.0
dc5tr3,YTA,4.0
dc5tr3,NTA,4.0
dc5tr3,YTA,4.0
dc5tr3,NTA,4.0
dc5tr3,YTA,4.0
dc5tr3,NTA,3.0
dc5tr3,YTA,4.0
dc5tr3,YTA,4.0
dc5tr3,YTA,4.0
dc5tr3,YTA,4.0
dc5tr3,YTA,4.0
dc5tr3,ESH,3.0
dc5tr3,NTA,4.0
dc5tr3,YTA,4.0
dc5tr3,YTA,4.0
dc5tr3,YTA,4.0
dc5tr3,YTA,4.0
dc5tr3,YTA,4.0
dc5tr3,YTA,4.0
dc5tr3,YTA,4.0
dc5tr3,YTA,4.0
dc5tr3,YTA,4.0
dc5tr3,YTA,4.0
dc5tr3,YTA,4.0
dc5tr3,YTA,4.0
dc5tr3,YTA,4.0
dc5tr3,YTA,4.0
dc5tr3,YTA,4.0
dc5tr3,YTA,4.0
dc5tr3,YTA,4.0
dc5tr3,YTA,4.0
dc5tr3,NAH,3.0
dc5tr3,YTA,4.0
dc5tr3,YTA,4.0
dc5tr3,YTA,4.0
dc5tr3,NTA,4.0
dc5tr3,YTA,3.0
dc5tr3,YTA,4.0
dc5tr3,YTA,4.0
dc5tr3,YTA,4.0
dc5tr3,YTA,4.0
dc5tr3,YTA,4.0
dc5tr3,NTA,4.0
dc5tr3,YTA,4.0
dc5tr3,NTA,4.0
dc5tr3,YTA,4.0
dc5tr3,NTA,4.0
dc5tr3,YTA,4.0
dc5tr3,YTA,4.0
dc5tr3,YTA,4.0
dc5tr3,NAH,1.0
dc5tr3,YTA,4.0
dc5tr3,YTA,4.0
dc5tr3,YTA,4.0
dc5tr3,YTA,4.0
dc5tr3,YTA,4.0
dc5tr3,YTA,4.0
dc5tr3,YTA,4.0
dc5tr3,YTA,4.0
dc5tr3,YTA,2.0
dc5tr3,YTA,4.0
dc5tr3,YTA,4.0
dc5tr3,YTA,4.0
dc5tr3,YTA,4.0
dc5tr3,YTA,4.0
dc5tr3,YTA,4.0
dc5tr3,YTA,3.0
dc5tr3,YTA,4.0
dc5tr3,YTA,4.0
dc5tr3,NTA,4.0
dc5tr3,NTA,4.0
dc5tr3,YTA,4.0
dc5tr3,YTA,4.0
dc5tr3,NTA,4.0
dc5tr3,YTA,4.0
dc5tr3,YTA,4.0
dc5tr3,NTA,4.0
dc5tr3,YTA,4.0
dc5tr3,NTA,4.0
dc5tr3,YTA,4.0
dc5tr3,YTA,4.0
dc5tr3,YTA,4.0
dc5tr3,NTA,4.0
dc5tr3,YTA,4.0
dc5tr3,YTA,4.0
dc5tr3,YTA,4.0
dc5tr3,YTA,4.0
dc5tr3,NTA,4.0
dc5tr3,YTA,4.0
dc5tr3,YTA,4.0
dc5tr3,YTA,4.0
dc5tr3,YTA,4.0
dc5tr3,NTA,4.0
dc5tr3,YTA,4.0
dc5tr3,YTA,4.0
dc5tr3,YTA,4.0
dc5tr3,YTA,4.0
dc5tr3,YTA,4.0
dc5tr3,YTA,4.0
dc5tr3,YTA,4.0
dc5tr3,NTA,4.0
dc5tr3,YTA,4.0
dc5tr3,NAH,4.0
dc5tr3,NTA,4.0
dc5tr3,YTA,4.0
dc5tr3,YTA,4.0
dc5tr3,YTA,4.0
dc5tr3,YTA,4.0
dc5tr3,YTA,4.0
dc5tr3,YTA,4.0
dc5tr3,YTA,4.0
dc5tr3,YTA,4.0
dc5tr3,YTA,4.0
dc5tr3,YTA,4.0
dc5tr3,NTA,4.0
dc5tr3,YTA,4.0
dc5tr3,YTA,3.0
dc5tr3,ESH,1.0
dc5tr3,YTA,4.0
dc5tr3,YTA,2.0
dc5tr3,NTA,4.0
dc5tr3,ESH,3.0
dc5tr3,YTA,4.0
dc5tr3,YTA,4.0
dc5tr3,YTA,3.0
dc5tr3,YTA,4.0
dc5tr3,NTA,4.0
dc5tr3,YTA,4.0
dc5tr3,YTA,4.0
dc5tr3,YTA,4.0
dc5tr3,YTA,4.0
dc5tr3,YTA,4.0
dc5tr3,YTA,4.0
dc5tr3,YTA,4.0
dc5tr3,YTA,4.0
dc5tr3,YTA,4.0
dc5tr3,NTA,4.0
dc5tr3,YTA,4.0
dc5tr3,YTA,4.0
dc5tr3,YTA,4.0
dc5tr3,YTA,4.0
dc5tr3,YTA,4.0
dc5tr3,YTA,4.0
dc5tr3,NTA,4.0
dc5tr3,YTA,4.0
dc5tr3,NTA,4.0
dc5tr3,NTA,4.0
dc5tr3,YTA,4.0
dc5tr3,NTA,4.0
dc5tr3,YTA,4.0
dc5tr3,NTA,4.0
dc5tr3,YTA,4.0
dc5tr3,NAH,4.0
dc5tr3,YTA,4.0
dc5tr3,NAH,3.0
dc5tr3,YTA,4.0
dc5tr3,YTA,4.0
dc5tr3,NTA,3.0
dc5tr3,YTA,4.0
dc5tr3,YTA,4.0
dc5tr3,YTA,4.0
dc5tr3,YTA,4.0
dc5tr3,YTA,4.0
dc5tr3,YTA,4.0
dc5tr3,YTA,1.0
dc5tr3,YTA,4.0
dc5tr3,YTA,4.0
dc5tr3,YTA,4.0
dc5tr3,YTA,4.0
dc5tr3,YTA,4.0
dc5tr3,YTA,4.0
dc5tr3,NTA,4.0
dc5tr3,NTA,4.0
dc5tr3,YTA,4.0
dc5tr3,YTA,4.0
dc5tr3,YTA,4.0
dc5tr3,YTA,4.0
dc5tr3,YTA,4.0
dc5tr3,YTA,4.0
dc5tr3,YTA,4.0
dc5tr3,NTA,4.0
dc5tr3,YTA,4.0
dc5tr3,YTA,4.0
dc5tr3,YTA,4.0
dc5tr3,YTA,4.0
dc5tr3,YTA,3.0
dc5tr3,NTA,4.0
dc5tr3,YTA,1.0
dc5tr3,YTA,4.0
dc5tr3,YTA,4.0
dc5tr3,YTA,4.0
dc5tr3,YTA,4.0
dc5tr3,YTA,4.0
dc5tr3,YTA,4.0
dc5tr3,ESH,3.0
dc5tr3,YTA,4.0
dc5tr3,YTA,4.0
dc5tr3,YTA,4.0
dc5tr3,NTA,4.0
dc5tr3,YTA,4.0
dc5tr3,YTA,4.0
dc5tr3,NTA,4.0
dc5tr3,YTA,4.0
dc5tr3,NTA,4.0
dc5tr3,NAH,3.0
dc5tr3,YTA,3.0
dc5tr3,YTA,4.0
dc5tr3,YTA,3.0
dc5tr3,YTA,4.0
dc5tr3,NTA,4.0
dc5tr3,YTA,4.0
dc5tr3,YTA,4.0
dc5tr3,YTA,4.0
dc5tr3,YTA,3.0
dc5tr3,YTA,4.0
dc5tr3,YTA,4.0
dc5tr3,YTA,4.0
dc5tr3,YTA,4.0
dc5tr3,YTA,4.0
dc5tr3,YTA,4.0
dc5tr3,YTA,4.0
dc5tr3,YTA,3.0
dc5tr3,YTA,3.0
dc5tr3,YTA,4.0
dc5tr3,NTA,4.0
dc5tr3,YTA,4.0
dc5tr3,YTA,4.0
dc5tr3,YTA,4.0
dc5tr3,YTA,4.0
dc5tr3,YTA,4.0
dc5tr3,ESH,3.0
dc5tr3,NAH,4.0
dc5tr3,YTA,4.0
dc5tr3,NTA,4.0
dc5tr3,YTA,4.0
dc5tr3,YTA,3.0
dc5tr3,NTA,4.0
dc5tr3,NTA,4.0
dc5tr3,ESH,3.0
dc5tr3,YTA,4.0
dc5tr3,YTA,4.0
dc5tr3,YTA,4.0
dc5tr3,YTA,4.0
dc5tr3,ESH,3.0
dc5tr3,ESH,3.0
dc5tr3,YTA,4.0
dc5tr3,YTA,4.0
dc5tr3,YTA,4.0
dc5tr3,NTA,4.0
dc5tr3,ESH,3.0
dc5tr3,YTA,4.0
dc5tr3,YTA,4.0
dc5tr3,YTA,4.0
dc5tr3,YTA,4.0
dc5tr3,YTA,4.0
dc5tr3,YTA,4.0
dc5tr3,YTA,4.0
dc5tr3,NAH,3.0
dc5tr3,NTA,4.0
dc5tr3,YTA,4.0
dc5tr3,YTA,4.0
dc5tr3,YTA,4.0
dc5tr3,YTA,4.0
dc5tr3,NTA,4.0
dc5tr3,YTA,4.0
dc5tr3,YTA,4.0
dc5tr3,YTA,4.0
dc5tr3,YTA,4.0
dc5tr3,YTA,3.0
dc5tr3,NTA,4.0
dc5tr3,YTA,4.0
dc5tr3,YTA,4.0
dc5tr3,YTA,4.0
dc5tr3,YTA,4.0
dc5tr3,NTA,4.0
dc5tr3,YTA,4.0
dc5tr3,YTA,4.0
dc5tr3,YTA,4.0
dc5tr3,YTA,4.0
dc5tr3,YTA,4.0
dc5tr3,NTA,3.0
dc5tr3,YTA,4.0
dc5tr3,YTA,4.0
dc5tr3,NAH,4.0
dc5tr3,YTA,4.0
dc5tr3,YTA,3.0
dc5tr3,YTA,3.0
dc5tr3,YTA,4.0
dc5tr3,YTA,4.0
dc5tr3,YTA,4.0
dc5tr3,NTA,3.0
dc5tr3,ESH,3.0
dc5tr3,NTA,4.0
dc5tr3,YTA,4.0
dc5tr3,NTA,4.0
dc5tr3,YTA,4.0
dc5tr3,YTA,4.0
dc5tr3,NTA,4.0
dc5tr3,YTA,4.0
dc5tr3,YTA,3.0
dc5tr3,YTA,4.0
dc5tr3,NTA,4.0
dc5tr3,YTA,4.0
dc5tr3,YTA,4.0
dc5tr3,NAH,4.0
dc5tr3,YTA,4.0
dc5tr3,YTA,4.0
dc5tr3,YTA,4.0
dc5tr3,NTA,4.0
dc5tr3,YTA,4.0
dc5tr3,NTA,4.0
dc5tr3,ESH,3.0
dc5tr3,NTA,4.0
dc5tr3,YTA,4.0
dc5tr3,YTA,4.0
dc5tr3,YTA,4.0
dc5tr3,ESH,4.0
dc5tr3,YTA,4.0
dc5tr3,YTA,4.0
dc5tr3,NTA,4.0
dc5tr3,NTA,4.0
dc5tr3,YTA,4.0
dc5tr3,NAH,4.0
dc5tr3,YTA,3.0
dc5tr3,YTA,4.0
dc5tr3,YTA,4.0
dc5tr3,YTA,4.0
dc5tr3,YTA,4.0
dc5tr3,YTA,4.0
dc5tr3,YTA,4.0
dc5tr3,NTA,4.0
dc5tr3,YTA,4.0
dc5tr3,YTA,4.0
dc5tr3,NAH,3.0
dc5tr3,YTA,4.0
dc5tr3,NTA,4.0
dc5tr3,YTA,4.0
dc5tr3,YTA,4.0
dc5tr3,YTA,4.0
dc5tr3,NTA,4.0
dc5tr3,YTA,4.0
dc5tr3,YTA,4.0
dc5tr3,YTA,4.0
dc5tr3,YTA,4.0
dc5tr3,NAH,3.0
dc5tr3,YTA,4.0
dc5tr3,YTA,4.0
dc5tr3,NTA,4.0
dc5tr3,YTA,3.0
dc5tr3,YTA,4.0
dc5tr3,NAH,4.0
dc5tr3,NTA,4.0
dc5tr3,YTA,4.0
dc5tr3,YTA,4.0
dc5tr3,YTA,4.0
dc5tr3,NTA,4.0
dc5tr3,YTA,4.0
dc5tr3,NTA,4.0
dc5tr3,YTA,4.0
dc5tr3,YTA,4.0
dc5tr3,YTA,4.0
dc5tr3,YTA,4.0
dc5tr3,YTA,4.0
dc5tr3,YTA,3.0
dc5tr3,YTA,3.0
dc5tr3,YTA,4.0
dc5tr3,ESH,3.0
dc5tr3,NTA,4.0
dc5tr3,NTA,4.0
dc5tr3,YTA,4.0
dc5tr3,YTA,3.0
dc5tr3,YTA,4.0
dc5tr3,YTA,4.0
dc5tr3,NAH,3.0
dc5tr3,YTA,4.0
dc5tr3,NAH,3.0
dc5tr3,YTA,4.0
dc5tr3,YTA,4.0
dc5tr3,YTA,4.0
dc5tr3,NTA,4.0
dc5tr3,YTA,4.0
dc5tr3,YTA,4.0
dc5tr3,YTA,4.0
dc5tr3,NTA,4.0
dc5tr3,NTA,4.0
dc5tr3,NTA,4.0
dc5tr3,YTA,4.0
dc5tr3,YTA,4.0
dc5tr3,NAH,4.0
dc5tr3,YTA,4.0
dc5tr3,YTA,4.0
dc5tr3,YTA,4.0
dc5tr3,NTA,4.0
dc5tr3,YTA,4.0
dc5tr3,NTA,3.0
dc5tr3,NAH,3.0
dc5tr3,NTA,4.0
dc5tr3,YTA,4.0
dc5tr3,YTA,4.0
dc5tr3,YTA,4.0
dc5tr3,NTA,4.0
dc5tr3,YTA,4.0
dc5tr3,NTA,4.0
dc5tr3,NTA,4.0
dc5tr3,NTA,4.0
dc5tr3,NTA,4.0
dc5tr3,NTA,4.0
dc5tr3,NTA,4.0
dc5tr3,YTA,4.0
dc5tr3,YTA,4.0
djlmyv,YTA,4.0
djlmyv,YTA,4.0
djlmyv,ESH,4.0
djlmyv,YTA,4.0
djlmyv,YTA,4.0
djlmyv,YTA,4.0
djlmyv,YTA,4.0
djlmyv,YTA,4.0
djlmyv,ESH,4.0
djlmyv,YTA,4.0
djlmyv,YTA,4.0
djlmyv,YTA,4.0
djlmyv,YTA,4.0
djlmyv,YTA,4.0
djlmyv,YTA,4.0
djlmyv,YTA,4.0
djlmyv,YTA,4.0
djlmyv,YTA,4.0
djlmyv,YTA,4.0
djlmyv,ESH,4.0
djlmyv,YTA,4.0
djlmyv,NTA,4.0
djlmyv,ESH,4.0
djlmyv,NTA,4.0
djlmyv,YTA,4.0
djlmyv,YTA,4.0
djlmyv,YTA,4.0
djlmyv,YTA,4.0
djlmyv,YTA,4.0
djlmyv,YTA,4.0
djlmyv,YTA,4.0
djlmyv,YTA,4.0
djlmyv,YTA,4.0
djlmyv,YTA,4.0
djlmyv,YTA,4.0
djlmyv,YTA,4.0
djlmyv,YTA,4.0
djlmyv,YTA,4.0
djlmyv,ESH,3.0
djlmyv,YTA,4.0
djlmyv,YTA,4.0
djlmyv,YTA,4.0
djlmyv,YTA,2.0
djlmyv,YTA,4.0
djlmyv,YTA,4.0
djlmyv,YTA,4.0
djlmyv,NTA,4.0
djlmyv,YTA,4.0
djlmyv,YTA,4.0
djlmyv,NTA,4.0
djlmyv,ESH,3.0
djlmyv,YTA,4.0
djlmyv,YTA,4.0
djlmyv,YTA,4.0
djlmyv,YTA,4.0
djlmyv,YTA,4.0
djlmyv,YTA,3.0
djlmyv,YTA,4.0
djlmyv,YTA,4.0
djlmyv,YTA,3.0
djlmyv,YTA,4.0
djlmyv,YTA,4.0
djlmyv,YTA,4.0
djlmyv,YTA,4.0
djlmyv,YTA,4.0
djlmyv,YTA,4.0
djlmyv,YTA,4.0
djlmyv,YTA,4.0
djlmyv,YTA,4.0
djlmyv,YTA,4.0
djlmyv,NTA,4.0
djlmyv,YTA,4.0
djlmyv,YTA,4.0
djlmyv,NTA,4.0
djlmyv,YTA,4.0
djlmyv,YTA,4.0
djlmyv,YTA,4.0
djlmyv,YTA,4.0
djlmyv,YTA,4.0
djlmyv,YTA,4.0
djlmyv,YTA,4.0
djlmyv,YTA,4.0
djlmyv,YTA,4.0
djlmyv,YTA,4.0
djlmyv,YTA,4.0
djlmyv,YTA,4.0
djlmyv,YTA,4.0
djlmyv,YTA,4.0
djlmyv,YTA,4.0
djlmyv,YTA,4.0
djlmyv,YTA,3.0
djlmyv,ESH,3.0
djlmyv,YTA,4.0
djlmyv,YTA,4.0
djlmyv,YTA,4.0
djlmyv,YTA,4.0
djlmyv,YTA,4.0
djlmyv,YTA,4.0
djlmyv,YTA,4.0
djlmyv,YTA,4.0
djlmyv,YTA,4.0
djlmyv,YTA,4.0
djlmyv,YTA,4.0
djlmyv,YTA,4.0
djlmyv,YTA,4.0
djlmyv,ESH,4.0
djlmyv,YTA,4.0
djlmyv,YTA,4.0
djlmyv,YTA,4.0
djlmyv,YTA,4.0
djlmyv,YTA,4.0
djlmyv,YTA,4.0
djlmyv,YTA,4.0
djlmyv,YTA,4.0
djlmyv,YTA,4.0
djlmyv,YTA,4.0
djlmyv,YTA,4.0
djlmyv,YTA,4.0
djlmyv,YTA,4.0
djlmyv,YTA,4.0
djlmyv,YTA,4.0
djlmyv,YTA,4.0
djlmyv,YTA,4.0
djlmyv,YTA,4.0
djlmyv,YTA,4.0
djlmyv,YTA,4.0
djlmyv,YTA,4.0
djlmyv,NTA,3.0
djlmyv,YTA,4.0
djlmyv,YTA,4.0
djlmyv,YTA,4.0
djlmyv,YTA,4.0
djlmyv,YTA,4.0
djlmyv,YTA,4.0
djlmyv,YTA,4.0
djlmyv,YTA,4.0
djlmyv,YTA,4.0
djlmyv,YTA,4.0
djlmyv,YTA,4.0
djlmyv,YTA,4.0
djlmyv,YTA,4.0
djlmyv,YTA,4.0
djlmyv,YTA,4.0
djlmyv,YTA,4.0
djlmyv,YTA,4.0
djlmyv,YTA,4.0
djlmyv,ESH,3.0
djlmyv,YTA,4.0
djlmyv,YTA,4.0
djlmyv,ESH,3.0
djlmyv,YTA,4.0
djlmyv,YTA,4.0
djlmyv,YTA,4.0
djlmyv,YTA,4.0
djlmyv,YTA,4.0
djlmyv,YTA,4.0
djlmyv,YTA,4.0
djlmyv,YTA,4.0
djlmyv,YTA,4.0
djlmyv,YTA,4.0
djlmyv,YTA,4.0
djlmyv,YTA,4.0
djlmyv,YTA,4.0
djlmyv,YTA,4.0
djlmyv,YTA,4.0
djlmyv,YTA,4.0
djlmyv,YTA,4.0
djlmyv,NTA,4.0
djlmyv,YTA,4.0
djlmyv,YTA,4.0
djlmyv,YTA,4.0
djlmyv,YTA,4.0
djlmyv,YTA,4.0
djlmyv,YTA,4.0
djlmyv,NTA,4.0
djlmyv,ESH,4.0
djlmyv,YTA,4.0
djlmyv,YTA,4.0
djlmyv,YTA,3.0
djlmyv,YTA,4.0
djlmyv,YTA,4.0
djlmyv,YTA,4.0
djlmyv,YTA,4.0
djlmyv,YTA,4.0
djlmyv,YTA,4.0
djlmyv,YTA,4.0
djlmyv,YTA,4.0
djlmyv,YTA,4.0
djlmyv,YTA,4.0
djlmyv,YTA,4.0
djlmyv,YTA,4.0
djlmyv,YTA,4.0
djlmyv,YTA,4.0
djlmyv,YTA,4.0
djlmyv,YTA,4.0
djlmyv,YTA,4.0
djlmyv,YTA,4.0
djlmyv,YTA,4.0
djlmyv,YTA,4.0
djlmyv,YTA,4.0
djlmyv,YTA,4.0
djlmyv,YTA,4.0
djlmyv,YTA,4.0
djlmyv,YTA,3.0
djlmyv,YTA,4.0
djlmyv,YTA,4.0
djlmyv,YTA,4.0
djlmyv,YTA,4.0
djlmyv,YTA,4.0
djlmyv,YTA,4.0
djlmyv,YTA,4.0
djlmyv,YTA,4.0
djlmyv,YTA,4.0
djlmyv,YTA,4.0
djlmyv,YTA,4.0
djlmyv,YTA,4.0
djlmyv,ESH,3.0
djlmyv,YTA,4.0
djlmyv,YTA,4.0
djlmyv,YTA,4.0
djlmyv,YTA,4.0
djlmyv,YTA,4.0
djlmyv,YTA,4.0
djlmyv,YTA,1.0
djlmyv,NTA,4.0
djlmyv,YTA,4.0
djlmyv,YTA,4.0
djlmyv,YTA,4.0
djlmyv,YTA,4.0
djlmyv,YTA,4.0
djlmyv,YTA,4.0
djlmyv,YTA,4.0
djlmyv,YTA,4.0
djlmyv,YTA,4.0
e94y2b,NTA,4.0
e94y2b,NAH,4.0
e94y2b,NAH,4.0
e94y2b,NTA,4.0
e94y2b,NTA,4.0
e94y2b,YTA,4.0
e94y2b,NTA,4.0
e94y2b,NTA,4.0
e94y2b,NTA,4.0
e94y2b,NTA,4.0
e94y2b,YTA,4.0
e94y2b,YTA,3.0
e94y2b,NTA,4.0
e94y2b,NTA,4.0
e94y2b,YTA,3.0
e94y2b,NTA,4.0
e94y2b,NAH,4.0
e94y2b,NTA,4.0
e94y2b,NTA,4.0
e94y2b,NTA,4.0
e94y2b,NAH,3.0
e94y2b,NTA,4.0
e94y2b,NTA,3.0
e94y2b,NTA,1.0
e94y2b,YTA,4.0
e94y2b,NTA,4.0
e94y2b,NTA,3.0
e94y2b,NTA,4.0
e94y2b,NTA,4.0
e94y2b,NTA,4.0
e94y2b,NTA,4.0
e94y2b,NTA,4.0
e94y2b,NAH,4.0
e94y2b,NAH,3.0
e94y2b,NTA,4.0
e94y2b,NTA,4.0
e94y2b,NTA,4.0
e94y2b,NAH,3.0
e94y2b,YTA,4.0
e94y2b,YTA,4.0
e94y2b,NTA,4.0
e94y2b,NTA,4.0
e94y2b,NTA,4.0
e94y2b,NTA,4.0
e94y2b,NTA,4.0
e94y2b,NTA,4.0
e94y2b,NTA,4.0
e94y2b,NTA,4.0
e94y2b,NTA,4.0
e94y2b,NTA,4.0
e94y2b,NTA,4.0
e94y2b,NTA,4.0
e94y2b,NTA,4.0
e94y2b,YTA,3.0
e94y2b,NTA,4.0
e94y2b,NAH,4.0
e94y2b,NTA,4.0
e94y2b,NAH,4.0
e94y2b,NTA,4.0
e94y2b,NTA,4.0
e94y2b,NTA,4.0
e94y2b,NTA,4.0
e94y2b,NTA,4.0
e94y2b,NTA,4.0
e94y2b,NTA,4.0
e94y2b,NAH,3.0
e94y2b,NTA,4.0
e94y2b,NTA,3.0
e94y2b,YTA,3.0
e94y2b,NTA,4.0
e94y2b,NTA,4.0
e94y2b,YTA,4.0
e94y2b,NTA,4.0
e94y2b,YTA,4.0
e94y2b,NTA,4.0
e94y2b,NTA,4.0
e94y2b,NTA,4.0
e94y2b,NTA,4.0
e94y2b,NTA,4.0
e94y2b,NTA,4.0
e94y2b,YTA,4.0
e94y2b,NTA,4.0
e94y2b,YTA,4.0
e94y2b,NAH,4.0
e94y2b,NTA,4.0
e94y2b,NTA,4.0
e94y2b,NTA,4.0
e94y2b,NTA,4.0
e94y2b,NTA,4.0
e94y2b,NTA,4.0
e94y2b,NTA,4.0
e94y2b,NTA,4.0
e94y2b,NTA,4.0
e94y2b,NTA,4.0
e94y2b,NTA,4.0
e94y2b,NAH,3.0
e94y2b,NTA,4.0
e94y2b,NTA,4.0
e94y2b,NTA,4.0
e94y2b,NTA,4.0
e94y2b,NTA,4.0
e94y2b,NTA,4.0
e94y2b,NTA,4.0
e94y2b,NTA,4.0
e94y2b,NTA,4.0
e94y2b,NTA,4.0
e94y2b,NTA,4.0
e94y2b,NTA,4.0
e94y2b,NTA,4.0
e94y2b,NAH,4.0
e94y2b,NTA,4.0
e94y2b,NTA,4.0
e94y2b,NTA,4.0
e94y2b,NTA,4.0
e94y2b,NTA,4.0
e94y2b,NTA,4.0
e94y2b,NTA,4.0
e94y2b,NTA,4.0
e94y2b,NTA,4.0
e94y2b,NAH,3.0
e94y2b,NTA,4.0
e94y2b,NTA,4.0
e94y2b,NTA,4.0
e94y2b,NTA,4.0
e94y2b,NTA,4.0
e94y2b,NTA,4.0
e94y2b,NAH,4.0
e94y2b,YTA,3.0
e94y2b,YTA,4.0
e94y2b,NTA,4.0
e94y2b,NTA,4.0
e94y2b,NTA,4.0
e94y2b,NTA,4.0
e94y2b,NTA,4.0
e94y2b,NTA,4.0
e94y2b,NTA,4.0
e94y2b,NTA,4.0
e94y2b,NTA,4.0
e94y2b,NTA,4.0
e94y2b,NTA,4.0
e94y2b,YTA,4.0
e94y2b,NTA,4.0
e94y2b,NTA,4.0
e94y2b,NTA,4.0
e94y2b,YTA,4.0
e94y2b,NTA,4.0
e94y2b,YTA,4.0
e94y2b,YTA,4.0
e94y2b,NTA,4.0
e94y2b,NTA,4.0
e94y2b,ESH,3.0
e94y2b,NTA,4.0
e94y2b,NAH,4.0
e94y2b,NTA,4.0
e94y2b,NTA,4.0
e94y2b,YTA,4.0
e94y2b,NAH,4.0
e94y2b,NTA,4.0
e94y2b,NTA,4.0
e94y2b,YTA,4.0
e94y2b,NTA,4.0
e94y2b,NTA,4.0
e94y2b,NTA,4.0
e94y2b,NTA,4.0
e94y2b,YTA,4.0
e94y2b,NTA,4.0
e94y2b,NTA,4.0
e94y2b,NTA,4.0
e94y2b,NTA,4.0
e94y2b,NTA,4.0
e94y2b,YTA,4.0
e94y2b,YTA,3.0
e94y2b,NTA,4.0
e94y2b,NTA,4.0
e94y2b,NTA,4.0
e94y2b,NTA,4.0
e94y2b,YTA,4.0
e94y2b,NTA,4.0
e94y2b,NTA,4.0
e94y2b,NAH,4.0
e94y2b,NTA,4.0
e94y2b,NTA,4.0
e94y2b,YTA,4.0
e94y2b,NTA,4.0
e94y2b,NTA,4.0
e94y2b,ESH,4.0
e94y2b,NTA,4.0
e94y2b,NTA,4.0
e94y2b,YTA,4.0
e94y2b,NTA,4.0
e94y2b,NTA,4.0
e94y2b,NAH,3.0
e94y2b,NTA,4.0
e94y2b,NTA,4.0
e94y2b,NTA,4.0
e94y2b,NTA,4.0
e94y2b,NAH,3.0
e94y2b,YTA,3.0
e94y2b,YTA,4.0
e94y2b,NTA,4.0
e94y2b,NTA,4.0
e94y2b,NAH,3.0
e94y2b,YTA,4.0
e94y2b,NTA,4.0
e94y2b,NTA,4.0
e94y2b,YTA,4.0
e94y2b,NTA,4.0
e94y2b,NTA,4.0
e94y2b,YTA,1.0
e94y2b,NTA,4.0
e94y2b,NTA,4.0
e94y2b,NTA,4.0
e94y2b,NTA,4.0
e94y2b,NTA,4.0
e94y2b,NTA,4.0
e94y2b,NAH,4.0
e94y2b,NTA,4.0
e94y2b,NTA,4.0
e94y2b,NTA,4.0
e94y2b,NTA,4.0
e94y2b,NTA,4.0
e94y2b,NTA,4.0
e94y2b,NTA,4.0
e94y2b,NTA,4.0
e94y2b,NTA,4.0
e94y2b,YTA,4.0
e94y2b,NTA,4.0
e94y2b,NTA,4.0
e94y2b,NTA,4.0
e94y2b,NTA,4.0
e94y2b,NTA,4.0
e94y2b,NTA,4.0
e94y2b,YTA,4.0
e94y2b,NTA,4.0
e94y2b,NTA,4.0
e94y2b,NTA,4.0
e94y2b,NTA,4.0
e94y2b,NTA,4.0
e94y2b,NTA,4.0
e94y2b,NTA,4.0
e94y2b,NTA,4.0
e94y2b,NTA,4.0
e94y2b,NTA,4.0
e94y2b,NTA,4.0
e94y2b,YTA,4.0
e94y2b,NTA,4.0
e94y2b,NTA,4.0
e94y2b,NTA,4.0
e94y2b,NTA,4.0
e94y2b,NTA,4.0
e94y2b,NAH,4.0
e94y2b,YTA,4.0
e94y2b,YTA,4.0
e94y2b,NTA,4.0
e94y2b,YTA,4.0
e94y2b,NTA,4.0
e94y2b,NTA,4.0
e94y2b,NTA,4.0
e94y2b,NTA,4.0
e94y2b,NTA,4.0
e94y2b,NTA,4.0
e94y2b,NTA,4.0
e94y2b,NTA,4.0
e94y2b,YTA,4.0
e94y2b,NTA,4.0
e94y2b,NTA,4.0
e94y2b,NTA,4.0
e94y2b,NTA,4.0
e94y2b,NTA,4.0
e94y2b,NTA,4.0
e94y2b,NTA,4.0
e94y2b,NTA,4.0
e94y2b,YTA,4.0
e94y2b,NTA,4.0
e94y2b,NTA,4.0
e94y2b,NAH,4.0
e94y2b,YTA,4.0
e94y2b,NTA,4.0
e94y2b,NTA,4.0
e94y2b,NTA,4.0
e94y2b,NTA,4.0
e94y2b,NTA,4.0
e94y2b,YTA,4.0
e94y2b,NTA,4.0
e94y2b,YTA,4.0
e94y2b,NTA,4.0
e94y2b,YTA,4.0
e94y2b,NTA,4.0
e94y2b,NTA,4.0
e94y2b,YTA,4.0
e94y2b,NTA,4.0
e94y2b,NTA,4.0
e94y2b,YTA,4.0
e94y2b,YTA,4.0
e94y2b,NTA,4.0
e94y2b,NTA,4.0
e94y2b,NAH,4.0
e94y2b,NTA,4.0
e94y2b,YTA,4.0
e94y2b,NTA,4.0
e94y2b,NTA,4.0
e94y2b,NTA,4.0
e94y2b,NTA,4.0
e94y2b,NTA,4.0
e94y2b,NTA,4.0
e94y2b,NTA,4.0
e94y2b,NTA,4.0
e94y2b,NTA,4.0
e94y2b,NTA,4.0
e94y2b,NTA,4.0
e94y2b,NTA,4.0
e94y2b,NTA,4.0
e94y2b,NTA,4.0
e94y2b,NTA,4.0
e94y2b,NTA,4.0
e94y2b,NTA,3.0
e94y2b,NTA,4.0
e94y2b,NTA,4.0
e94y2b,NTA,4.0
e94y2b,NTA,4.0
e94y2b,NTA,4.0
e94y2b,NTA,4.0
e94y2b,NAH,3.0
e94y2b,NTA,4.0
e94y2b,NTA,4.0
e94y2b,NTA,4.0
e94y2b,YTA,4.0
e94y2b,YTA,4.0
e94y2b,YTA,4.0
e94y2b,NAH,4.0
e94y2b,NTA,4.0
e94y2b,NTA,4.0
e94y2b,NTA,4.0
e94y2b,YTA,4.0
e94y2b,NTA,4.0
e94y2b,YTA,4.0
e94y2b,NTA,4.0
e94y2b,NTA,4.0
e94y2b,NTA,4.0
e94y2b,NTA,4.0
e94y2b,NTA,4.0
e94y2b,NTA,4.0
e94y2b,NTA,3.0
e94y2b,NTA,4.0
e94y2b,NTA,4.0
e94y2b,NTA,4.0
e94y2b,YTA,4.0
e94y2b,NTA,4.0
e94y2b,NTA,4.0
e94y2b,NTA,4.0
e94y2b,NTA,4.0
e94y2b,NTA,4.0
e94y2b,NTA,4.0
e94y2b,NTA,4.0
e94y2b,NTA,4.0
e94y2b,NTA,4.0
e94y2b,NTA,4.0
e94y2b,NTA,4.0
e94y2b,YTA,4.0
e94y2b,NTA,4.0
e94y2b,NTA,4.0
e94y2b,NTA,4.0
e94y2b,YTA,4.0
e94y2b,NTA,3.0
e94y2b,NTA,4.0
e94y2b,YTA,4.0
e94y2b,NTA,4.0
e94y2b,NTA,4.0
e94y2b,NTA,4.0
e94y2b,NTA,4.0
e94y2b,NTA,4.0
e94y2b,NTA,4.0
e94y2b,NTA,4.0
e94y2b,NTA,4.0
e94y2b,YTA,4.0
e94y2b,NTA,4.0
e94y2b,NAH,4.0
e94y2b,YTA,4.0
e94y2b,NTA,4.0
e94y2b,NTA,4.0
e94y2b,NTA,4.0
e94y2b,NTA,4.0
e94y2b,NTA,4.0
e94y2b,NAH,1.0
e94y2b,NTA,4.0
e94y2b,NTA,4.0
e94y2b,NTA,4.0
e94y2b,NTA,4.0
e94y2b,NTA,4.0
e94y2b,NTA,4.0
e94y2b,NTA,4.0
e94y2b,NTA,4.0
e94y2b,YTA,4.0
e94y2b,YTA,3.0
e94y2b,NAH,4.0
e94y2b,NTA,4.0
e94y2b,YTA,4.0
e94y2b,NTA,4.0
e94y2b,NTA,4.0
e94y2b,NTA,4.0
e94y2b,NTA,4.0
e94y2b,YTA,4.0
e94y2b,YTA,4.0
e94y2b,NTA,4.0
e94y2b,YTA,4.0
e94y2b,NTA,4.0
e94y2b,NTA,4.0
e94y2b,NTA,4.0
e94y2b,NTA,4.0
e94y2b,NTA,4.0
e94y2b,YTA,4.0
e94y2b,NAH,3.0
e94y2b,NTA,4.0
e94y2b,NTA,4.0
e94y2b,YTA,4.0
e94y2b,NTA,4.0
e94y2b,NTA,4.0
e94y2b,NTA,4.0
e94y2b,NAH,4.0
e94y2b,NTA,4.0
e94y2b,YTA,3.0
e94y2b,NTA,4.0
e94y2b,NTA,4.0
e94y2b,NTA,4.0
e94y2b,NTA,4.0
e94y2b,NTA,4.0
e94y2b,NTA,4.0
e94y2b,NTA,4.0
e94y2b,NTA,4.0
e94y2b,NTA,4.0
e94y2b,NTA,4.0
e94y2b,NTA,4.0
e94y2b,NTA,4.0
e94y2b,NTA,4.0
e94y2b,NAH,4.0
e94y2b,NTA,4.0
e94y2b,NTA,4.0
e94y2b,NTA,3.0
e94y2b,NTA,4.0
e94y2b,NTA,4.0
e94y2b,YTA,4.0
e94y2b,NTA,4.0
e94y2b,NTA,4.0
e94y2b,NTA,4.0
e94y2b,YTA,4.0
e94y2b,NTA,4.0
e94y2b,NTA,4.0
e94y2b,NTA,4.0
e94y2b,NTA,4.0
e94y2b,NTA,4.0
e94y2b,NTA,4.0
e94y2b,NTA,4.0
e94y2b,NTA,4.0
e94y2b,NTA,4.0
e94y2b,NTA,4.0
e94y2b,NTA,4.0
e94y2b,NTA,4.0
e94y2b,NTA,4.0
e94y2b,YTA,4.0
e94y2b,NTA,4.0
e94y2b,NTA,4.0
e94y2b,NTA,4.0
e94y2b,NTA,4.0
e94y2b,NTA,4.0
e94y2b,NTA,4.0
e94y2b,NTA,4.0
e94y2b,NAH,4.0
e94y2b,NTA,4.0
e94y2b,NTA,4.0
e94y2b,NAH,4.0
e94y2b,NAH,4.0
e94y2b,NTA,4.0
e94y2b,NAH,4.0
e94y2b,YTA,4.0
e94y2b,NAH,4.0
e94y2b,NTA,4.0
e94y2b,NTA,4.0
e94y2b,NTA,4.0
e94y2b,NTA,4.0
e94y2b,NTA,4.0
e94y2b,NTA,4.0
e94y2b,NTA,4.0
e94y2b,NTA,4.0
e94y2b,NTA,4.0
e94y2b,NTA,4.0
e94y2b,NTA,4.0
e94y2b,NTA,4.0
e94y2b,NTA,4.0
e94y2b,NTA,4.0
e94y2b,NTA,4.0
e94y2b,NTA,4.0
e94y2b,NTA,3.0
e94y2b,NTA,4.0
e94y2b,NTA,4.0
e94y2b,NTA,4.0
e94y2b,NTA,4.0
e94y2b,NTA,4.0
e94y2b,NTA,4.0
e94y2b,NTA,4.0
e94y2b,NTA,4.0
e94y2b,NTA,4.0
e94y2b,NTA,4.0
e94y2b,NTA,4.0
e94y2b,NTA,4.0
e94y2b,NTA,4.0
e94y2b,NTA,3.0
e94y2b,NTA,4.0
e94y2b,NTA,4.0
e94y2b,NTA,4.0
e94y2b,NTA,4.0
e94y2b,NTA,4.0
e94y2b,NTA,4.0
e94y2b,NTA,4.0
e94y2b,NTA,4.0
e94y2b,NTA,4.0
e94y2b,NTA,4.0
e94y2b,NTA,4.0
e94y2b,NTA,4.0
e94y2b,NAH,4.0
e94y2b,NTA,4.0
e94y2b,NTA,4.0
e94y2b,NTA,4.0
e94y2b,NTA,4.0
e94y2b,NTA,4.0
e94y2b,NTA,4.0
e94y2b,NTA,4.0
e94y2b,NTA,4.0
e94y2b,NTA,4.0
e94y2b,YTA,4.0
e94y2b,NTA,4.0
e94y2b,NTA,4.0
e94y2b,NTA,4.0
e94y2b,NTA,4.0
e94y2b,YTA,4.0
e94y2b,NTA,4.0
e94y2b,NTA,4.0
e94y2b,NAH,4.0
e94y2b,YTA,4.0
e94y2b,NTA,4.0
e94y2b,NTA,4.0
e94y2b,NAH,4.0
e94y2b,NAH,4.0
e94y2b,NTA,3.0
e94y2b,NTA,4.0
e94y2b,NAH,4.0
e94y2b,NTA,4.0
e94y2b,NTA,4.0
e94y2b,NTA,4.0
e94y2b,YTA,4.0
e94y2b,NAH,4.0
e94y2b,NTA,4.0
e94y2b,NAH,4.0
e94y2b,NTA,4.0
e94y2b,YTA,4.0
e94y2b,YTA,4.0
e94y2b,NAH,4.0
e94y2b,NTA,4.0
e94y2b,NAH,4.0
e94y2b,NTA,4.0
e94y2b,NTA,4.0
e94y2b,NAH,4.0
e94y2b,NTA,4.0
e94y2b,NAH,4.0
e94y2b,NTA,4.0
e94y2b,NTA,4.0
e94y2b,NAH,4.0
e94y2b,NTA,4.0
e94y2b,YTA,4.0
e94y2b,YTA,4.0
e94y2b,YTA,4.0
e94y2b,NAH,4.0
e94y2b,NAH,3.0
e94y2b,NAH,4.0
e94y2b,NTA,4.0
e94y2b,YTA,4.0
e94y2b,NAH,4.0
e94y2b,NAH,3.0
e94y2b,NTA,4.0
e94y2b,NAH,4.0
e94y2b,NTA,4.0
e94y2b,NTA,4.0
e94y2b,NTA,4.0
e94y2b,NAH,4.0
e94y2b,NTA,1.0
e94y2b,NTA,4.0
e94y2b,NAH,4.0
e94y2b,NAH,4.0
e94y2b,NAH,4.0
e94y2b,NTA,4.0
e94y2b,NAH,4.0
e94y2b,ESH,3.0
e94y2b,NTA,4.0
e94y2b,NAH,4.0
e94y2b,YTA,3.0
e94y2b,NTA,4.0
e94y2b,NTA,4.0
e94y2b,YTA,4.0
e94y2b,NAH,4.0
e94y2b,NTA,4.0
e94y2b,NTA,4.0
e94y2b,NTA,4.0
e94y2b,NTA,4.0
e94y2b,NAH,4.0
e94y2b,NTA,4.0
e94y2b,NTA,4.0
e94y2b,YTA,4.0
e94y2b,NTA,4.0
e94y2b,NAH,3.0
e94y2b,NTA,4.0
e94y2b,NTA,4.0
e94y2b,YTA,4.0
e94y2b,NTA,4.0
e94y2b,NAH,4.0
e94y2b,NTA,4.0
e94y2b,NAH,4.0
e94y2b,NTA,4.0
e94y2b,NTA,4.0
e94y2b,NAH,4.0
e94y2b,NAH,4.0
e94y2b,NTA,4.0
e94y2b,NTA,4.0
e94y2b,NAH,4.0
e94y2b,NAH,4.0
e94y2b,NAH,4.0
e94y2b,NTA,4.0
e94y2b,NTA,4.0
e94y2b,YTA,4.0
e94y2b,NAH,4.0
e94y2b,NAH,4.0
e94y2b,NAH,4.0
e94y2b,NTA,4.0
e94y2b,NTA,4.0
e94y2b,NAH,4.0
e94y2b,NAH,4.0
e94y2b,NTA,4.0
e94y2b,NTA,4.0
e94y2b,YTA,4.0
e94y2b,NAH,4.0
e94y2b,NTA,4.0
e94y2b,NAH,4.0
e94y2b,YTA,4.0
e94y2b,NAH,4.0
e94y2b,NTA,4.0
e94y2b,NAH,4.0
e94y2b,NAH,4.0
e94y2b,NTA,4.0
e94y2b,NTA,4.0
e94y2b,YTA,4.0
e94y2b,NAH,4.0
e94y2b,YTA,4.0
e94y2b,NAH,4.0
e94y2b,NTA,4.0
e94y2b,NTA,4.0
e94y2b,NAH,4.0
e94y2b,NTA,4.0
e94y2b,YTA,4.0
e94y2b,NTA,3.0
e94y2b,NTA,4.0
e94y2b,NTA,4.0
e94y2b,NAH,4.0
e94y2b,NAH,4.0
e94y2b,NTA,4.0
e94y2b,NAH,4.0
e94y2b,NTA,4.0
e94y2b,NAH,4.0
e94y2b,YTA,4.0
e94y2b,NTA,4.0
e94y2b,NTA,4.0
e94y2b,NAH,4.0
e94y2b,NAH,4.0
e94y2b,NTA,4.0
e94y2b,NAH,3.0
e94y2b,NTA,4.0
e94y2b,NAH,4.0
e94y2b,NTA,4.0
e94y2b,YTA,4.0
e94y2b,NTA,4.0
e94y2b,NAH,4.0
e94y2b,NTA,4.0
e94y2b,NAH,4.0
e94y2b,NAH,3.0
e94y2b,NAH,4.0
e94y2b,NAH,4.0
e94y2b,NAH,4.0
e94y2b,YTA,4.0
e94y2b,NAH,4.0
e94y2b,NTA,4.0
e94y2b,NTA,4.0
e94y2b,NTA,4.0
e94y2b,NTA,4.0
e94y2b,NTA,4.0
e94y2b,NTA,4.0
e94y2b,YTA,4.0
e94y2b,NTA,4.0
e94y2b,NTA,4.0
e94y2b,YTA,4.0
e94y2b,NTA,4.0
e94y2b,YTA,3.0
e94y2b,NTA,4.0
e94y2b,NAH,3.0
e94y2b,NAH,4.0
e94y2b,NTA,4.0
e94y2b,NAH,4.0
e94y2b,NTA,4.0
e94y2b,NAH,4.0
e94y2b,NTA,4.0
e94y2b,NAH,4.0
e94y2b,NTA,4.0
e94y2b,NTA,4.0
e94y2b,NTA,4.0
e94y2b,NTA,4.0
e94y2b,NAH,4.0
e94y2b,NTA,4.0
e94y2b,NTA,4.0
e94y2b,NAH,4.0
e94y2b,NAH,4.0
e94y2b,YTA,3.0
e94y2b,NAH,4.0
e94y2b,NAH,4.0
e94y2b,NAH,4.0
e94y2b,YTA,4.0
e94y2b,NTA,4.0
e94y2b,YTA,3.0
e94y2b,NTA,4.0
e94y2b,NTA,4.0
e94y2b,NTA,4.0
e94y2b,NAH,4.0
e94y2b,NAH,4.0
e94y2b,NTA,4.0
e94y2b,NTA,4.0
e94y2b,YTA,4.0
e94y2b,NTA,4.0
e94y2b,NTA,4.0
e94y2b,YTA,4.0
e94y2b,NAH,4.0
e94y2b,NTA,4.0
e94y2b,NTA,4.0
e94y2b,NTA,4.0
e94y2b,NTA,4.0
e94y2b,NTA,4.0
e94y2b,NTA,4.0
e94y2b,NTA,4.0
e94y2b,NAH,3.0
e94y2b,YTA,4.0
e94y2b,NTA,4.0
e94y2b,NAH,4.0
e94y2b,YTA,4.0
e94y2b,NAH,3.0
e94y2b,NAH,4.0
e94y2b,ESH,4.0
e94y2b,NTA,4.0
e94y2b,NAH,3.0
e94y2b,NTA,4.0
e94y2b,NTA,4.0
e94y2b,NAH,4.0
e94y2b,NTA,4.0
e94y2b,NTA,4.0
e94y2b,YTA,4.0
e94y2b,NAH,4.0
e94y2b,NAH,4.0
e94y2b,NTA,4.0
e94y2b,NTA,4.0
e94y2b,NTA,4.0
e94y2b,NTA,4.0
e94y2b,NAH,4.0
e94y2b,NTA,4.0
e94y2b,NAH,3.0
e94y2b,NTA,4.0
e94y2b,NAH,4.0
e94y2b,NTA,4.0
e94y2b,NAH,4.0
e94y2b,NTA,4.0
e94y2b,NTA,4.0
e94y2b,NTA,4.0
e94y2b,YTA,3.0
e94y2b,NTA,4.0
e94y2b,NTA,4.0
e94y2b,NAH,4.0
e94y2b,NTA,4.0
e94y2b,NTA,4.0
e94y2b,NTA,4.0
e94y2b,NTA,4.0
e94y2b,NTA,4.0
e94y2b,NTA,4.0
e94y2b,NTA,4.0
e94y2b,NTA,4.0
e94y2b,NAH,4.0
e94y2b,YTA,4.0
e94y2b,NAH,4.0
e94y2b,YTA,3.0
e94y2b,NTA,4.0
e94y2b,NTA,4.0
e94y2b,NTA,4.0
e94y2b,NTA,4.0
e94y2b,NTA,4.0
e94y2b,NAH,4.0
e94y2b,NTA,4.0
e94y2b,NAH,3.0
e94y2b,NAH,4.0
e94y2b,NTA,4.0
e94y2b,NAH,4.0
e94y2b,NTA,4.0
e94y2b,NTA,4.0
e94y2b,NTA,4.0
e94y2b,NTA,4.0
e94y2b,NTA,4.0
e94y2b,NAH,4.0
e94y2b,NAH,4.0
e94y2b,NAH,4.0
e94y2b,NTA,4.0
e94y2b,NAH,4.0
e94y2b,NTA,4.0
e94y2b,NAH,4.0
e94y2b,NTA,4.0
e94y2b,NTA,4.0
e94y2b,YTA,4.0
e94y2b,NAH,4.0
e94y2b,NAH,3.0
e94y2b,NTA,4.0
e94y2b,NTA,4.0
e94y2b,NAH,4.0
e94y2b,NTA,4.0
e94y2b,NAH,4.0
e94y2b,NAH,4.0
e94y2b,NTA,4.0
e94y2b,NAH,4.0
e94y2b,NTA,4.0
e94y2b,NTA,4.0
e94y2b,NAH,4.0
e94y2b,NTA,4.0
e94y2b,NAH,4.0
e94y2b,NTA,4.0
e94y2b,NAH,4.0
e94y2b,YTA,4.0
e94y2b,YTA,4.0
e94y2b,NAH,4.0
e94y2b,YTA,4.0
e94y2b,NAH,4.0
e94y2b,NTA,4.0
e94y2b,YTA,4.0
e94y2b,NTA,4.0
e94y2b,NTA,4.0
e94y2b,YTA,4.0
e94y2b,NAH,4.0
e94y2b,NTA,4.0
e94y2b,NTA,4.0
e94y2b,NTA,4.0
e94y2b,NAH,4.0
e94y2b,NAH,4.0
e94y2b,NTA,4.0
e94y2b,NTA,4.0
e94y2b,NTA,4.0
e94y2b,NAH,4.0
e94y2b,NAH,4.0
e94y2b,NAH,4.0
e94y2b,NTA,4.0
e94y2b,NAH,3.0
e94y2b,NTA,4.0
e94y2b,NAH,4.0
e94y2b,NTA,4.0
e94y2b,NAH,4.0
e94y2b,NTA,4.0
e94y2b,NTA,4.0
e94y2b,NTA,4.0
e94y2b,YTA,2.0
e94y2b,NAH,4.0
e94y2b,YTA,4.0
e94y2b,YTA,4.0
e94y2b,NAH,4.0
e94y2b,YTA,3.0
e94y2b,NTA,4.0
e94y2b,NTA,4.0
e94y2b,NAH,4.0
e94y2b,NTA,4.0
e94y2b,NAH,4.0
e94y2b,NTA,4.0
e94y2b,NAH,4.0
e94y2b,YTA,4.0
e94y2b,NTA,4.0
e94y2b,YTA,3.0
e94y2b,NTA,4.0
e94y2b,NTA,4.0
e94y2b,NTA,4.0
e94y2b,NTA,4.0
e94y2b,NTA,4.0
e94y2b,NTA,4.0
e94y2b,NTA,4.0
e94y2b,NAH,4.0
e94y2b,NTA,4.0
e94y2b,NAH,4.0
e94y2b,NAH,4.0
e94y2b,NTA,4.0
e94y2b,YTA,4.0
e94y2b,NAH,4.0
e94y2b,NTA,4.0
e94y2b,NTA,4.0
e94y2b,NTA,4.0
e94y2b,NTA,4.0
e94y2b,NTA,4.0
e94y2b,NTA,4.0
e94y2b,NTA,4.0
e94y2b,NAH,4.0
e94y2b,NAH,4.0
e94y2b,NAH,4.0
e94y2b,NAH,4.0
e94y2b,NTA,4.0
e94y2b,NTA,4.0
e94y2b,NTA,4.0
e94y2b,NAH,4.0
e94y2b,NTA,4.0
e94y2b,NAH,4.0
e94y2b,NTA,4.0
e94y2b,NTA,4.0
e94y2b,NAH,4.0
e94y2b,NAH,4.0
e94y2b,NTA,4.0
e94y2b,NTA,4.0
e94y2b,NAH,4.0
e94y2b,YTA,4.0
e94y2b,NTA,4.0
e94y2b,NAH,4.0
e94y2b,NTA,4.0
e94y2b,NTA,4.0
e94y2b,NTA,4.0
e94y2b,NTA,4.0
e94y2b,NTA,4.0
e94y2b,NAH,4.0
e94y2b,NTA,4.0
e94y2b,NTA,4.0
e94y2b,NAH,4.0
e94y2b,NTA,4.0
e94y2b,NTA,4.0
e94y2b,NTA,4.0
e94y2b,NTA,4.0
e94y2b,NTA,4.0
e94y2b,NTA,4.0
e94y2b,NTA,4.0
e94y2b,NTA,4.0
e94y2b,NTA,4.0
e94y2b,YTA,4.0
e94y2b,YTA,4.0
e94y2b,NAH,4.0
e94y2b,NTA,4.0
e94y2b,YTA,4.0
e94y2b,NTA,4.0
e94y2b,NTA,4.0
e94y2b,NAH,4.0
e94y2b,NAH,4.0
e94y2b,NAH,4.0
e94y2b,NTA,4.0
e94y2b,YTA,3.0
e94y2b,NTA,4.0
e94y2b,NAH,4.0
e94y2b,NTA,4.0
e94y2b,NTA,4.0
e94y2b,NTA,4.0
e94y2b,NAH,4.0
e94y2b,NAH,4.0
e94y2b,NTA,4.0
e94y2b,NAH,3.0
e94y2b,NTA,1.0
e94y2b,NTA,4.0
e94y2b,NAH,4.0
e94y2b,NTA,4.0
e94y2b,NTA,4.0
e94y2b,NTA,4.0
e94y2b,ESH,3.0
e94y2b,NTA,4.0
e94y2b,NTA,4.0
e94y2b,NTA,4.0
e94y2b,NTA,4.0
e94y2b,NAH,4.0
e94y2b,NTA,4.0
e94y2b,NTA,4.0
e94y2b,NTA,4.0
e94y2b,NAH,4.0
e94y2b,NTA,4.0
e94y2b,NAH,3.0
e94y2b,NAH,4.0
e94y2b,NTA,4.0
e94y2b,NTA,4.0
e94y2b,NTA,4.0
e94y2b,NAH,4.0
e94y2b,NTA,4.0
e94y2b,NTA,4.0
e94y2b,YTA,4.0
e94y2b,NAH,4.0
e94y2b,YTA,4.0
e94y2b,YTA,1.0
e94y2b,NAH,4.0
e94y2b,NAH,4.0
e94y2b,NAH,4.0
e94y2b,NTA,4.0
e94y2b,NTA,4.0
e94y2b,NAH,4.0
e94y2b,NTA,4.0
e94y2b,NTA,4.0
ecvd73,YTA,4.0
ecvd73,YTA,4.0
ecvd73,YTA,4.0
ecvd73,YTA,4.0
ecvd73,YTA,4.0
ecvd73,YTA,4.0
ecvd73,YTA,4.0
ecvd73,YTA,4.0
ecvd73,YTA,4.0
ecvd73,YTA,4.0
ecvd73,YTA,4.0
ecvd73,YTA,4.0
ecvd73,YTA,4.0
ecvd73,YTA,4.0
ecvd73,YTA,4.0
ecvd73,YTA,4.0
ecvd73,YTA,4.0
ecvd73,YTA,4.0
ecvd73,YTA,4.0
ecvd73,YTA,4.0
ecvd73,YTA,4.0
ecvd73,YTA,4.0
ecvd73,YTA,4.0
ecvd73,YTA,4.0
ecvd73,YTA,4.0
ecvd73,YTA,4.0
ecvd73,YTA,4.0
ecvd73,YTA,4.0
ecvd73,YTA,4.0
ecvd73,YTA,4.0
ecvd73,YTA,4.0
ecvd73,YTA,4.0
ecvd73,YTA,4.0
ecvd73,YTA,4.0
ecvd73,YTA,4.0
ecvd73,YTA,4.0
ecvd73,YTA,4.0
ecvd73,YTA,4.0
ecvd73,YTA,4.0
ecvd73,YTA,4.0
ecvd73,YTA,4.0
ecvd73,YTA,4.0
ecvd73,YTA,4.0
ecvd73,YTA,4.0
ecvd73,YTA,4.0
ecvd73,YTA,4.0
ecvd73,YTA,4.0
ecvd73,YTA,4.0
ecvd73,YTA,4.0
ecvd73,YTA,4.0
ecvd73,YTA,4.0
ecvd73,YTA,4.0
ecvd73,YTA,4.0
ecvd73,YTA,4.0
ecvd73,YTA,4.0
ecvd73,YTA,4.0
ecvd73,YTA,4.0
ecvd73,YTA,4.0
ecvd73,YTA,4.0
ecvd73,YTA,4.0
ecvd73,YTA,4.0
ecvd73,YTA,4.0
ecvd73,YTA,4.0
ecvd73,YTA,4.0
ecvd73,YTA,4.0
ecvd73,YTA,4.0
ecvd73,YTA,4.0
ecvd73,YTA,4.0
ecvd73,YTA,4.0
ecvd73,YTA,4.0
ecvd73,YTA,4.0
ecvd73,YTA,4.0
ecvd73,YTA,4.0
ecvd73,YTA,4.0
ecvd73,YTA,4.0
ecvd73,YTA,4.0
ecvd73,YTA,4.0
ecvd73,YTA,4.0
ecvd73,YTA,4.0
ecvd73,YTA,4.0
ecvd73,YTA,4.0
ecvd73,YTA,4.0
ecvd73,YTA,4.0
ecvd73,YTA,4.0
ecvd73,YTA,4.0
ecvd73,YTA,4.0
ecvd73,YTA,4.0
ecvd73,YTA,4.0
ecvd73,YTA,4.0
ecvd73,YTA,4.0
ecvd73,YTA,4.0
ecvd73,YTA,4.0
ecvd73,YTA,4.0
ecvd73,YTA,4.0
ecvd73,YTA,4.0
ecvd73,YTA,4.0
ecvd73,YTA,4.0
ecvd73,YTA,4.0
ecvd73,YTA,4.0
ecvd73,YTA,4.0
ecvd73,YTA,4.0
ecvd73,YTA,4.0
ecvd73,YTA,4.0
ecvd73,YTA,4.0
ecvd73,YTA,4.0
ecvd73,YTA,4.0
ecvd73,YTA,4.0
ecvd73,YTA,4.0
ecvd73,YTA,4.0
ecvd73,YTA,4.0
ecvd73,YTA,1.0
ecvd73,YTA,4.0
ecvd73,YTA,4.0
ecvd73,YTA,4.0
ecvd73,YTA,4.0
ecvd73,YTA,4.0
ecvd73,YTA,4.0
ecvd73,YTA,4.0
ecvd73,YTA,4.0
ecvd73,YTA,4.0
ecvd73,YTA,4.0
ecvd73,YTA,4.0
ecvd73,YTA,4.0
ecvd73,YTA,4.0
ecvd73,YTA,4.0
ecvd73,YTA,4.0
ecvd73,YTA,4.0
ecvd73,YTA,4.0
ecvd73,YTA,4.0
ecvd73,YTA,4.0
ecvd73,YTA,4.0
ecvd73,YTA,4.0
ecvd73,YTA,4.0
ecvd73,YTA,4.0
ecvd73,YTA,4.0
ecvd73,YTA,4.0
ecvd73,YTA,4.0
ecvd73,YTA,4.0
ecvd73,YTA,4.0
ecvd73,YTA,4.0
ecvd73,YTA,4.0
ecvd73,YTA,4.0
ecvd73,ESH,4.0
ecvd73,YTA,4.0
ecvd73,YTA,4.0
ecvd73,YTA,4.0
ecvd73,YTA,4.0
ecvd73,YTA,4.0
ecvd73,YTA,4.0
ecvd73,YTA,4.0
ecvd73,YTA,4.0
ecvd73,YTA,4.0
ecvd73,YTA,4.0
ecvd73,YTA,4.0
ecvd73,YTA,4.0
ecvd73,YTA,4.0
ecvd73,YTA,4.0
ecvd73,YTA,4.0
ecvd73,YTA,4.0
ecvd73,YTA,4.0
ecvd73,YTA,4.0
ecvd73,YTA,4.0
ecvd73,YTA,4.0
ecvd73,YTA,4.0
ecvd73,YTA,4.0
ecvd73,YTA,4.0
ecvd73,YTA,4.0
ecvd73,YTA,4.0
ecvd73,YTA,4.0
ecvd73,YTA,4.0
ecvd73,YTA,4.0
ecvd73,YTA,4.0
ecvd73,YTA,4.0
ecvd73,YTA,4.0
ecvd73,YTA,4.0
ecvd73,YTA,4.0
ecvd73,YTA,4.0
ecvd73,YTA,4.0
ecvd73,YTA,4.0
ecvd73,YTA,4.0
ecvd73,YTA,4.0
ecvd73,YTA,4.0
ecvd73,YTA,4.0
ecvd73,YTA,4.0
ecvd73,YTA,4.0
ecvd73,YTA,4.0
ecvd73,YTA,4.0
ecvd73,YTA,4.0
ecvd73,YTA,4.0
ecvd73,YTA,4.0
ecvd73,YTA,4.0
ecvd73,YTA,4.0
ecvd73,YTA,4.0
ecvd73,YTA,4.0
ecvd73,YTA,4.0
ecvd73,YTA,4.0
ecvd73,YTA,4.0
ecvd73,YTA,4.0
ecvd73,YTA,4.0
ecvd73,YTA,4.0
ecvd73,YTA,4.0
ecvd73,YTA,4.0
ecvd73,YTA,4.0
ecvd73,YTA,4.0
ecvd73,YTA,4.0
ecvd73,NTA,4.0
ecvd73,YTA,4.0
ecvd73,YTA,4.0
ecvd73,YTA,4.0
ecvd73,YTA,4.0
ecvd73,YTA,4.0
ecvd73,YTA,4.0
ecvd73,YTA,4.0
ecvd73,YTA,4.0
ecvd73,YTA,4.0
ecvd73,YTA,4.0
ecvd73,YTA,4.0
ecvd73,YTA,4.0
ecvd73,YTA,4.0
ecvd73,NAH,4.0
ecvd73,YTA,4.0
ecvd73,YTA,4.0
ecvd73,YTA,4.0
ecvd73,YTA,4.0
ecvd73,YTA,4.0
ecvd73,YTA,4.0
ecvd73,YTA,4.0
ecvd73,YTA,4.0
ecvd73,YTA,4.0
ecvd73,YTA,4.0
ecvd73,YTA,4.0
ecvd73,YTA,4.0
ecvd73,YTA,4.0
ecvd73,YTA,4.0
ecvd73,YTA,4.0
ecvd73,YTA,4.0
ecvd73,YTA,4.0
ecvd73,YTA,4.0
ecvd73,YTA,4.0
ecvd73,YTA,4.0
ecvd73,YTA,4.0
ecvd73,ESH,3.0
ecvd73,YTA,4.0
ecvd73,YTA,4.0
ecvd73,YTA,4.0
ecvd73,YTA,4.0
ecvd73,YTA,4.0
ecvd73,YTA,4.0
ecvd73,YTA,4.0
ecvd73,YTA,4.0
ecvd73,YTA,4.0
ecvd73,YTA,4.0
ecvd73,YTA,4.0
ecvd73,YTA,4.0
ecvd73,YTA,4.0
ecvd73,YTA,4.0
ecvd73,YTA,4.0
ecvd73,YTA,4.0
ecvd73,YTA,4.0
ecvd73,YTA,4.0
ecvd73,YTA,4.0
ecvd73,YTA,4.0
ecvd73,YTA,4.0
ecvd73,YTA,4.0
ecvd73,YTA,4.0
ecvd73,YTA,4.0
ecvd73,YTA,4.0
ecvd73,YTA,4.0
ecvd73,YTA,4.0
ecvd73,YTA,4.0
ecvd73,YTA,4.0
ecvd73,YTA,4.0
ecvd73,YTA,4.0
ecvd73,YTA,4.0
ecvd73,YTA,4.0
ecvd73,YTA,4.0
ecvd73,YTA,4.0
ecvd73,YTA,4.0
ecvd73,YTA,4.0
ecvd73,YTA,4.0
ecvd73,YTA,4.0
ecvd73,YTA,4.0
ecvd73,YTA,4.0
ecvd73,YTA,4.0
ecvd73,YTA,4.0
ecvd73,YTA,4.0
ecvd73,YTA,4.0
ecvd73,YTA,4.0
ecvd73,YTA,4.0
ecvd73,YTA,4.0
ecvd73,YTA,4.0
ecvd73,YTA,4.0
ecvd73,YTA,3.0
ecvd73,YTA,4.0
ecvd73,YTA,4.0
ecvd73,YTA,4.0
ecvd73,YTA,4.0
ecvd73,YTA,4.0
ecvd73,YTA,4.0
ecvd73,YTA,4.0
ecvd73,YTA,4.0
ecvd73,YTA,4.0
ecvd73,YTA,4.0
ecvd73,YTA,4.0
ecvd73,YTA,4.0
ecvd73,YTA,4.0
ecvd73,YTA,4.0
ecvd73,YTA,4.0
ecvd73,YTA,4.0
ecvd73,YTA,4.0
ecvd73,YTA,4.0
ecvd73,YTA,4.0
ecvd73,YTA,4.0
ecvd73,YTA,4.0
ecvd73,YTA,4.0
ecvd73,YTA,4.0
ecvd73,YTA,4.0
ecvd73,YTA,4.0
ecvd73,YTA,4.0
ecvd73,YTA,4.0
ecvd73,YTA,4.0
ecvd73,YTA,4.0
ecvd73,YTA,4.0
ecvd73,YTA,4.0
ecvd73,YTA,4.0
ecvd73,YTA,4.0
ecvd73,YTA,4.0
ecvd73,YTA,4.0
ecvd73,YTA,4.0
ecvd73,YTA,4.0
ecvd73,YTA,4.0
ecvd73,YTA,4.0
ecvd73,YTA,4.0
ecvd73,YTA,4.0
ecvd73,YTA,4.0
ecvd73,YTA,4.0
ecvd73,YTA,4.0
ecvd73,YTA,4.0
ecvd73,YTA,4.0
ecvd73,YTA,4.0
ecvd73,YTA,4.0
ecvd73,YTA,3.0
ecvd73,YTA,4.0
ecvd73,YTA,4.0
ecvd73,YTA,4.0
ecvd73,YTA,4.0
ecvd73,YTA,4.0
ecvd73,YTA,4.0
ecvd73,YTA,4.0
ecvd73,YTA,4.0
ecvd73,YTA,4.0
ecvd73,YTA,4.0
ecvd73,YTA,4.0
ecvd73,YTA,4.0
ecvd73,YTA,4.0
ecvd73,YTA,4.0
ecvd73,YTA,4.0
ecvd73,YTA,4.0
ecvd73,YTA,4.0
ecvd73,YTA,4.0
ecvd73,YTA,4.0
ecvd73,YTA,4.0
ecvd73,YTA,4.0
ecvd73,YTA,4.0
ecvd73,YTA,4.0
ecvd73,YTA,4.0
ecvd73,YTA,4.0
ecvd73,YTA,4.0
ecvd73,YTA,4.0
ecvd73,YTA,4.0
ecvd73,YTA,4.0
ecvd73,YTA,4.0
ecvd73,YTA,4.0
ecvd73,YTA,4.0
ecvd73,YTA,4.0
ecvd73,YTA,4.0
ecvd73,YTA,4.0
ecvd73,YTA,4.0
ecvd73,YTA,4.0
ecvd73,YTA,4.0
ecvd73,YTA,4.0
ecvd73,YTA,4.0
ecvd73,YTA,4.0
ecvd73,YTA,4.0
ecvd73,YTA,4.0
ecvd73,YTA,4.0
ecvd73,YTA,4.0
ecvd73,YTA,4.0
ecvd73,YTA,4.0
ecvd73,YTA,4.0
ecvd73,YTA,4.0
ecvd73,YTA,4.0
ecvd73,YTA,4.0
ecvd73,YTA,4.0
ecvd73,YTA,4.0
ecvd73,YTA,4.0
ecvd73,YTA,4.0
ecvd73,YTA,4.0
ecvd73,YTA,4.0
ecvd73,YTA,4.0
ecvd73,YTA,4.0
ecvd73,YTA,4.0
ecvd73,YTA,4.0
ecvd73,YTA,4.0
ecvd73,YTA,4.0
ecvd73,YTA,4.0
ecvd73,YTA,4.0
ecvd73,YTA,4.0
ecvd73,YTA,4.0
ecvd73,YTA,4.0
ecvd73,YTA,4.0
ecvd73,YTA,4.0
ecvd73,YTA,4.0
ecvd73,YTA,4.0
ecvd73,YTA,4.0
ecvd73,YTA,4.0
ecvd73,YTA,4.0
ecvd73,YTA,4.0
ecvd73,YTA,4.0
ecvd73,YTA,4.0
ecvd73,YTA,4.0
ecvd73,YTA,4.0
ecvd73,YTA,4.0
ecvd73,YTA,4.0
ecvd73,YTA,4.0
ecvd73,YTA,4.0
ecvd73,YTA,4.0
ecvd73,YTA,4.0
ecvd73,YTA,4.0
ecvd73,YTA,4.0
ecvd73,YTA,4.0
ecvd73,YTA,4.0
ecvd73,YTA,4.0
ecvd73,YTA,4.0
ecvd73,YTA,4.0
ecvd73,YTA,4.0
ecvd73,YTA,4.0
ecvd73,YTA,4.0
ecvd73,YTA,4.0
ecvd73,YTA,4.0
ecvd73,YTA,4.0
ecvd73,ESH,3.0
ecvd73,YTA,4.0
ecvd73,YTA,4.0
ecvd73,YTA,4.0
ecvd73,YTA,4.0
ecvd73,YTA,4.0
ecvd73,YTA,4.0
ecvd73,NAH,4.0
ecvd73,YTA,4.0
ecvd73,YTA,4.0
ecvd73,YTA,4.0
ecvd73,YTA,4.0
ecvd73,YTA,4.0
ecvd73,YTA,4.0
ecvd73,YTA,4.0
ecvd73,YTA,4.0
ecvd73,YTA,4.0
ecvd73,YTA,4.0
ecvd73,YTA,4.0
ecvd73,YTA,4.0
ecvd73,YTA,4.0
ecvd73,YTA,4.0
ecvd73,YTA,4.0
ecvd73,YTA,4.0
ecvd73,YTA,4.0
ecvd73,YTA,4.0
ecvd73,NAH,4.0
ecvd73,YTA,4.0
ecvd73,YTA,4.0
ecvd73,YTA,4.0
ecvd73,YTA,4.0
ecvd73,YTA,4.0
ecvd73,YTA,4.0
ecvd73,YTA,4.0
ecvd73,YTA,4.0
ecvd73,YTA,4.0
ecvd73,YTA,4.0
ecvd73,YTA,4.0
ecvd73,YTA,4.0
ecvd73,YTA,4.0
ecvd73,YTA,4.0
apympl,YTA,4.0
apympl,NAH,2.0
apympl,YTA,4.0
apympl,NAH,4.0
apympl,NTA,3.0
apympl,YTA,4.0
apympl,YTA,4.0
apympl,YTA,4.0
apympl,YTA,4.0
apympl,NAH,3.0
apympl,YTA,4.0
apympl,YTA,4.0
apympl,YTA,4.0
apympl,YTA,3.0
apympl,NTA,3.0
apympl,YTA,3.0
apympl,YTA,4.0
apympl,YTA,4.0
apympl,NAH,3.0
apympl,YTA,4.0
apympl,NAH,4.0
apympl,YTA,4.0
apympl,YTA,4.0
apympl,YTA,4.0
apympl,NTA,4.0
apympl,NAH,3.0
apympl,NTA,4.0
apympl,NTA,4.0
apympl,YTA,4.0
apympl,YTA,4.0
apympl,NAH,4.0
apympl,YTA,4.0
apympl,YTA,4.0
apympl,NAH,4.0
apympl,NAH,3.0
apympl,YTA,4.0
apympl,YTA,4.0
apympl,NAH,3.0
apympl,YTA,4.0
apympl,NTA,4.0
apympl,NTA,1.0
apympl,YTA,4.0
apympl,YTA,4.0
apympl,NAH,3.0
apympl,NAH,4.0
apympl,YTA,4.0
apympl,YTA,4.0
apympl,NAH,4.0
apympl,YTA,4.0
apympl,YTA,4.0
apympl,NTA,4.0
apympl,NTA,4.0
apympl,NAH,3.0
apympl,NAH,1.0
apympl,YTA,4.0
apympl,NAH,3.0
apympl,YTA,4.0
apympl,NTA,4.0
apympl,NTA,4.0
apympl,NTA,4.0
apympl,NAH,4.0
apympl,YTA,4.0
apympl,YTA,4.0
apympl,YTA,4.0
apympl,NTA,3.0
apympl,NTA,3.0
apympl,YTA,4.0
apympl,NTA,4.0
apympl,NTA,4.0
apympl,YTA,4.0
apympl,YTA,3.0
apympl,YTA,4.0
apympl,YTA,4.0
apympl,NAH,3.0
apympl,NTA,4.0
apympl,NAH,4.0
apympl,YTA,4.0
apympl,NAH,3.0
apympl,NTA,4.0
apympl,NTA,4.0
apympl,YTA,4.0
apympl,YTA,4.0
apympl,NTA,4.0
apympl,NAH,4.0
apympl,YTA,4.0
apympl,YTA,4.0
apympl,NAH,4.0
apympl,YTA,4.0
apympl,YTA,4.0
apympl,NTA,3.0
apympl,YTA,4.0
apympl,NTA,4.0
apympl,NTA,4.0
apympl,YTA,4.0
apympl,NAH,3.0
apympl,YTA,4.0
apympl,YTA,4.0
apympl,NAH,3.0
apympl,YTA,4.0
apympl,NAH,4.0
apympl,YTA,4.0
apympl,NAH,4.0
apympl,NTA,4.0
apympl,NAH,4.0
apympl,NAH,4.0
apympl,YTA,4.0
apympl,YTA,4.0
apympl,YTA,4.0
apympl,YTA,4.0
apympl,YTA,4.0
apympl,NAH,3.0
apympl,NTA,4.0
apympl,YTA,4.0
apympl,NAH,3.0
apympl,YTA,4.0
apympl,YTA,4.0
apympl,YTA,4.0
apympl,YTA,4.0
apympl,NAH,3.0
apympl,YTA,4.0
apympl,NTA,4.0
apympl,YTA,4.0
apympl,YTA,4.0
apympl,YTA,4.0
apympl,NTA,4.0
apympl,NAH,4.0
apympl,NAH,3.0
apympl,YTA,4.0
apympl,YTA,4.0
apympl,YTA,4.0
apympl,YTA,3.0
apympl,NTA,4.0
apympl,NAH,4.0
apympl,NAH,3.0
apympl,YTA,4.0
apympl,NTA,4.0
apympl,YTA,3.0
apympl,NAH,4.0
apympl,YTA,4.0
apympl,YTA,4.0
apympl,NTA,4.0
apympl,NTA,4.0
apympl,NAH,4.0
apympl,NAH,4.0
apympl,YTA,4.0
apympl,NTA,3.0
apympl,NAH,4.0
apympl,YTA,3.0
apympl,YTA,4.0
apympl,YTA,4.0
apympl,NAH,4.0
apympl,NTA,4.0
apympl,NAH,3.0
apympl,YTA,4.0
apympl,YTA,3.0
apympl,NTA,1.0
apympl,NAH,4.0
apympl,NTA,4.0
apympl,NTA,4.0
apympl,NAH,3.0
apympl,YTA,4.0
apympl,NTA,4.0
apympl,NTA,4.0
apympl,YTA,3.0
apympl,NTA,4.0
apympl,YTA,4.0
apympl,NAH,4.0
apympl,NTA,3.0
apympl,NAH,3.0
apympl,NTA,3.0
apympl,NTA,4.0
apympl,NTA,4.0
apympl,NTA,4.0
apympl,NTA,4.0
apympl,YTA,4.0
apympl,NTA,4.0
apympl,NTA,4.0
apympl,YTA,4.0
apympl,NTA,4.0
apympl,YTA,3.0
apympl,NTA,3.0
apympl,NTA,4.0
apympl,YTA,3.0
apympl,YTA,4.0
apympl,YTA,4.0
apympl,NTA,4.0
apympl,YTA,4.0
apympl,NAH,3.0
apympl,YTA,4.0
apympl,NTA,4.0
apympl,NAH,3.0
apympl,YTA,1.0
apympl,NTA,4.0
apympl,NTA,4.0
apympl,YTA,1.0
apympl,NTA,4.0
apympl,YTA,4.0
apympl,YTA,4.0
apympl,YTA,4.0
apympl,YTA,4.0
apympl,YTA,4.0
apympl,NTA,3.0
apympl,NAH,4.0
apympl,NTA,4.0
apympl,NAH,3.0
c89hcd,NTA,4.0
c89hcd,ESH,4.0
c89hcd,NTA,4.0
c89hcd,ESH,3.0
c89hcd,NTA,4.0
c89hcd,ESH,4.0
c89hcd,NTA,4.0
c89hcd,YTA,4.0
c89hcd,ESH,4.0
c89hcd,ESH,3.0
c89hcd,NTA,4.0
c89hcd,NTA,4.0
c89hcd,ESH,4.0
c89hcd,ESH,4.0
c89hcd,NTA,4.0
c89hcd,ESH,4.0
c89hcd,NTA,4.0
c89hcd,NTA,4.0
c89hcd,NTA,3.0
c89hcd,ESH,3.0
c89hcd,ESH,3.0
c89hcd,ESH,1.0
c89hcd,ESH,3.0
c89hcd,NTA,4.0
c89hcd,NTA,4.0
c89hcd,ESH,3.0
c89hcd,NTA,4.0
c89hcd,ESH,3.0
c89hcd,ESH,3.0
c89hcd,ESH,4.0
c89hcd,ESH,3.0
c89hcd,NTA,4.0
c89hcd,NTA,3.0
c89hcd,NTA,4.0
c89hcd,NTA,4.0
c89hcd,NTA,4.0
c89hcd,ESH,3.0
c89hcd,NTA,4.0
c89hcd,NTA,4.0
c89hcd,ESH,4.0
c89hcd,NTA,4.0
c89hcd,ESH,3.0
c89hcd,NTA,4.0
c89hcd,ESH,3.0
c89hcd,NTA,4.0
c89hcd,YTA,4.0
c89hcd,NTA,4.0
c89hcd,NTA,4.0
c89hcd,NTA,4.0
c89hcd,ESH,1.0
c89hcd,YTA,4.0
c89hcd,NTA,4.0
c89hcd,NTA,4.0
c89hcd,NTA,4.0
c89hcd,NTA,3.0
c89hcd,YTA,4.0
c89hcd,ESH,3.0
c89hcd,YTA,4.0
c89hcd,ESH,4.0
c89hcd,NTA,4.0
c89hcd,ESH,4.0
c89hcd,ESH,3.0
c89hcd,ESH,4.0
c89hcd,ESH,2.0
c89hcd,ESH,4.0
c89hcd,YTA,4.0
c89hcd,NTA,4.0
c89hcd,ESH,4.0
c89hcd,ESH,1.0
c89hcd,ESH,1.0
c89hcd,NTA,4.0
c89hcd,NTA,4.0
c89hcd,NTA,3.0
c89hcd,YTA,4.0
c89hcd,NTA,4.0
c89hcd,ESH,3.0
c89hcd,YTA,4.0
c89hcd,ESH,3.0
c89hcd,ESH,3.0
c89hcd,ESH,3.0
c89hcd,NTA,4.0
c89hcd,ESH,1.0
c89hcd,NTA,4.0
c89hcd,NTA,4.0
c89hcd,ESH,4.0
c89hcd,YTA,4.0
c89hcd,NTA,3.0
c89hcd,ESH,3.0
c89hcd,ESH,4.0
c89hcd,NTA,4.0
c89hcd,NTA,4.0
c89hcd,ESH,3.0
c89hcd,YTA,4.0
c89hcd,YTA,4.0
c89hcd,NTA,4.0
c89hcd,YTA,4.0
c89hcd,ESH,3.0
c89hcd,ESH,4.0
c89hcd,YTA,4.0
c89hcd,YTA,4.0
c89hcd,ESH,4.0
c89hcd,NTA,4.0
c89hcd,NTA,4.0
c89hcd,NTA,4.0
c89hcd,NTA,4.0
c89hcd,YTA,4.0
c89hcd,ESH,3.0
c89hcd,ESH,4.0
c89hcd,ESH,4.0
c89hcd,ESH,4.0
c89hcd,YTA,4.0
c89hcd,NTA,4.0
c89hcd,YTA,3.0
c89hcd,NTA,4.0
c89hcd,NTA,4.0
c89hcd,NTA,4.0
c89hcd,ESH,4.0
c89hcd,ESH,4.0
c89hcd,NTA,4.0
c89hcd,NTA,3.0
c89hcd,NTA,4.0
c89hcd,ESH,3.0
c89hcd,YTA,3.0
c89hcd,YTA,4.0
c89hcd,NTA,4.0
c89hcd,YTA,4.0
c89hcd,ESH,4.0
c89hcd,ESH,1.0
c89hcd,NTA,4.0
c89hcd,NTA,4.0
c89hcd,NTA,4.0
c89hcd,NTA,4.0
c89hcd,ESH,4.0
c89hcd,NTA,4.0
c89hcd,NTA,4.0
c89hcd,YTA,4.0
c89hcd,ESH,4.0
c89hcd,NTA,4.0
c89hcd,ESH,4.0
c89hcd,NTA,4.0
c89hcd,NTA,4.0
c89hcd,ESH,3.0
c89hcd,ESH,3.0
c89hcd,NTA,4.0
c89hcd,ESH,3.0
c89hcd,NTA,4.0
c89hcd,ESH,3.0
c89hcd,ESH,4.0
c89hcd,NTA,4.0
c89hcd,ESH,4.0
c89hcd,ESH,3.0
c89hcd,NTA,4.0
c89hcd,ESH,3.0
c89hcd,ESH,3.0
c89hcd,NTA,4.0
c89hcd,NTA,3.0
c89hcd,ESH,4.0
c89hcd,ESH,4.0
c89hcd,NTA,4.0
c89hcd,NTA,4.0
c89hcd,YTA,4.0
c89hcd,NTA,4.0
c89hcd,YTA,4.0
c89hcd,ESH,4.0
c89hcd,NTA,4.0
c89hcd,NTA,4.0
c89hcd,ESH,3.0
c89hcd,ESH,3.0
c89hcd,NTA,4.0
c89hcd,ESH,3.0
c89hcd,ESH,4.0
c89hcd,NTA,4.0
c89hcd,YTA,4.0
c89hcd,NTA,4.0
c89hcd,NTA,4.0
c89hcd,NTA,4.0
c89hcd,YTA,4.0
c89hcd,NTA,4.0
c89hcd,YTA,4.0
c89hcd,NTA,4.0
c89hcd,NTA,4.0
c89hcd,NTA,4.0
c89hcd,NTA,4.0
c89hcd,NTA,4.0
c89hcd,NTA,4.0
c89hcd,NTA,4.0
c89hcd,NTA,4.0
c89hcd,ESH,3.0
c89hcd,ESH,3.0
c89hcd,NTA,4.0
c89hcd,NTA,4.0
c89hcd,ESH,3.0
c89hcd,NTA,4.0
c89hcd,NTA,4.0
c89hcd,ESH,4.0
c89hcd,ESH,4.0
c89hcd,YTA,4.0
c89hcd,NTA,4.0
c89hcd,NTA,4.0
c89hcd,ESH,3.0
c89hcd,NTA,4.0
c89hcd,NTA,4.0
c89hcd,NTA,4.0
c89hcd,ESH,1.0
c89hcd,ESH,4.0
c89hcd,ESH,4.0
c89hcd,ESH,4.0
c89hcd,ESH,4.0
c89hcd,NTA,4.0
c89hcd,NTA,4.0
c89hcd,ESH,4.0
c89hcd,YTA,4.0
c89hcd,YTA,4.0
c89hcd,ESH,1.0
c89hcd,ESH,4.0
c89hcd,NTA,4.0
c89hcd,ESH,4.0
c89hcd,ESH,3.0
c89hcd,ESH,4.0
c89hcd,NTA,4.0
c89hcd,NTA,4.0
c89hcd,NTA,4.0
c89hcd,ESH,4.0
c89hcd,NTA,4.0
c89hcd,ESH,3.0
c89hcd,NTA,4.0
c89hcd,YTA,3.0
c89hcd,ESH,4.0
c89hcd,YTA,4.0
c89hcd,ESH,4.0
c89hcd,NTA,4.0
c89hcd,NTA,4.0
c89hcd,NTA,4.0
c89hcd,NTA,4.0
c89hcd,YTA,4.0
c89hcd,NTA,4.0
c89hcd,ESH,4.0
c89hcd,NTA,4.0
c89hcd,ESH,3.0
c89hcd,ESH,3.0
c89hcd,ESH,4.0
c89hcd,ESH,3.0
c89hcd,YTA,4.0
c89hcd,ESH,3.0
c89hcd,NTA,4.0
c89hcd,NTA,4.0
c89hcd,NTA,4.0
c89hcd,NTA,4.0
c89hcd,NTA,4.0
c89hcd,YTA,4.0
c89hcd,NTA,4.0
c89hcd,NTA,3.0
c89hcd,NTA,4.0
c89hcd,ESH,3.0
c89hcd,NTA,4.0
c89hcd,ESH,3.0
c89hcd,YTA,4.0
c89hcd,NTA,4.0
c89hcd,NTA,4.0
c89hcd,ESH,3.0
c89hcd,NTA,4.0
c89hcd,YTA,4.0
c89hcd,NTA,3.0
c89hcd,ESH,4.0
c89hcd,ESH,3.0
c89hcd,NTA,4.0
c89hcd,NTA,4.0
c89hcd,ESH,3.0
c89hcd,ESH,3.0
c89hcd,NTA,4.0
c89hcd,ESH,3.0
c89hcd,NTA,4.0
c89hcd,NTA,4.0
c89hcd,YTA,4.0
c89hcd,NTA,4.0
c89hcd,ESH,4.0
c89hcd,ESH,3.0
c89hcd,ESH,3.0
c89hcd,ESH,3.0
c89hcd,ESH,4.0
c89hcd,NTA,4.0
c89hcd,ESH,4.0
c89hcd,ESH,3.0
c89hcd,NTA,4.0
c89hcd,YTA,4.0
c89hcd,NTA,4.0
c89hcd,NTA,4.0
c89hcd,ESH,3.0
c89hcd,NTA,4.0
c89hcd,NTA,4.0
c89hcd,NTA,4.0
c89hcd,NTA,4.0
c89hcd,YTA,4.0
c89hcd,NTA,4.0
c89hcd,NTA,4.0
c89hcd,ESH,4.0
c89hcd,NTA,4.0
c89hcd,NTA,4.0
c89hcd,NTA,4.0
c89hcd,ESH,4.0
c89hcd,NTA,4.0
c89hcd,ESH,4.0
c89hcd,NTA,4.0
d5vl6n,ESH,4.0
d5vl6n,YTA,4.0
d5vl6n,NTA,4.0
d5vl6n,NTA,4.0
d5vl6n,ESH,4.0
d5vl6n,ESH,4.0
d5vl6n,ESH,4.0
d5vl6n,NTA,4.0
d5vl6n,NTA,4.0
d5vl6n,NTA,4.0
d5vl6n,ESH,3.0
d5vl6n,YTA,4.0
d5vl6n,NTA,4.0
d5vl6n,NTA,4.0
d5vl6n,ESH,3.0
d5vl6n,ESH,4.0
d5vl6n,ESH,3.0
d5vl6n,NTA,1.0
d5vl6n,ESH,1.0
d5vl6n,NTA,4.0
d5vl6n,NTA,4.0
d5vl6n,NTA,4.0
d5vl6n,YTA,4.0
d5vl6n,NTA,4.0
d5vl6n,NTA,4.0
d5vl6n,YTA,4.0
d5vl6n,NTA,4.0
d5vl6n,NTA,4.0
d5vl6n,NTA,4.0
d5vl6n,ESH,4.0
d5vl6n,ESH,3.0
d5vl6n,NTA,4.0
d5vl6n,NTA,4.0
d5vl6n,YTA,4.0
d5vl6n,NTA,4.0
d5vl6n,YTA,4.0
d5vl6n,NTA,4.0
d5vl6n,NTA,4.0
d5vl6n,ESH,4.0
d5vl6n,NTA,4.0
d5vl6n,YTA,4.0
d5vl6n,NTA,4.0
d5vl6n,ESH,4.0
d5vl6n,NTA,4.0
d5vl6n,NTA,4.0
d5vl6n,NTA,4.0
d5vl6n,ESH,4.0
d5vl6n,NTA,4.0
d5vl6n,ESH,3.0
d5vl6n,YTA,4.0
d5vl6n,NTA,4.0
d5vl6n,ESH,4.0
d5vl6n,NTA,4.0
d5vl6n,ESH,3.0
d5vl6n,ESH,4.0
d5vl6n,NTA,4.0
d5vl6n,YTA,4.0
d5vl6n,ESH,4.0
d5vl6n,ESH,4.0
d5vl6n,NTA,4.0
d5vl6n,NTA,4.0
d5vl6n,NTA,4.0
d5vl6n,ESH,4.0
d5vl6n,NTA,4.0
d5vl6n,ESH,4.0
d5vl6n,NTA,4.0
d5vl6n,NTA,4.0
d5vl6n,NTA,4.0
d5vl6n,NTA,4.0
d5vl6n,NTA,4.0
d5vl6n,ESH,4.0
d5vl6n,NTA,4.0
d5vl6n,ESH,4.0
d5vl6n,NTA,3.0
d5vl6n,ESH,4.0
d5vl6n,ESH,4.0
d5vl6n,NTA,4.0
d5vl6n,YTA,4.0
d5vl6n,NTA,4.0
d5vl6n,NTA,4.0
d5vl6n,ESH,4.0
d5vl6n,NTA,4.0
d5vl6n,NTA,4.0
d5vl6n,NTA,4.0
d5vl6n,ESH,4.0
d5vl6n,NTA,4.0
d5vl6n,ESH,4.0
d5vl6n,ESH,3.0
d5vl6n,ESH,4.0
d5vl6n,ESH,3.0
d5vl6n,YTA,4.0
d5vl6n,NTA,4.0
d5vl6n,ESH,4.0
d5vl6n,ESH,4.0
d5vl6n,NTA,4.0
d5vl6n,NTA,4.0
d5vl6n,ESH,4.0
d5vl6n,NTA,4.0
d5vl6n,NTA,4.0
d5vl6n,ESH,4.0
d5vl6n,ESH,4.0
d5vl6n,ESH,3.0
d5vl6n,ESH,4.0
d5vl6n,ESH,4.0
d5vl6n,NTA,4.0
d5vl6n,YTA,4.0
d5vl6n,ESH,3.0
d5vl6n,NTA,4.0
d5vl6n,NTA,4.0
d5vl6n,ESH,4.0
d5vl6n,NTA,4.0
d5vl6n,NTA,3.0
d5vl6n,ESH,4.0
d5vl6n,NTA,4.0
d5vl6n,YTA,4.0
d5vl6n,NTA,4.0
d5vl6n,ESH,3.0
d5vl6n,NTA,4.0
d5vl6n,ESH,4.0
d5vl6n,ESH,3.0
d5vl6n,NTA,4.0
d5vl6n,NTA,4.0
d5vl6n,NTA,4.0
d5vl6n,ESH,3.0
d5vl6n,NTA,4.0
d5vl6n,NTA,4.0
d5vl6n,NTA,4.0
d5vl6n,NTA,4.0
d5vl6n,NTA,4.0
d5vl6n,ESH,3.0
d5vl6n,ESH,3.0
d5vl6n,NTA,4.0
d5vl6n,ESH,3.0
d5vl6n,NTA,4.0
d5vl6n,NTA,4.0
d5vl6n,NTA,4.0
d5vl6n,YTA,4.0
d5vl6n,NTA,4.0
d5vl6n,NTA,4.0
d5vl6n,ESH,4.0
d5vl6n,ESH,4.0
d5vl6n,ESH,4.0
d5vl6n,ESH,4.0
d5vl6n,ESH,4.0
d5vl6n,YTA,4.0
d5vl6n,NTA,4.0
d5vl6n,NTA,4.0
d5vl6n,YTA,4.0
d5vl6n,ESH,4.0
d5vl6n,ESH,4.0
d5vl6n,YTA,4.0
d5vl6n,ESH,4.0
d5vl6n,NTA,4.0
d5vl6n,ESH,4.0
d5vl6n,NTA,4.0
d5vl6n,YTA,4.0
d5vl6n,ESH,4.0
d5vl6n,NTA,4.0
d5vl6n,NTA,4.0
d5vl6n,NTA,4.0
d5vl6n,NTA,4.0
d5vl6n,YTA,4.0
d5vl6n,NTA,4.0
d5vl6n,NTA,4.0
d5vl6n,YTA,4.0
d5vl6n,ESH,4.0
d5vl6n,ESH,3.0
d5vl6n,ESH,4.0
d5vl6n,NTA,4.0
d5vl6n,ESH,3.0
d5vl6n,NTA,4.0
d5vl6n,NTA,4.0
d5vl6n,NTA,4.0
d5vl6n,ESH,4.0
d5vl6n,NTA,4.0
d5vl6n,NTA,4.0
d5vl6n,NTA,4.0
d5vl6n,NTA,4.0
d5vl6n,YTA,4.0
d5vl6n,NTA,4.0
d5vl6n,ESH,4.0
d5vl6n,NTA,4.0
d5vl6n,NTA,4.0
d5vl6n,NTA,3.0
d5vl6n,NTA,4.0
d5vl6n,ESH,4.0
d5vl6n,ESH,4.0
d5vl6n,YTA,4.0
d5vl6n,NTA,4.0
d5vl6n,ESH,3.0
d5vl6n,ESH,3.0
d5vl6n,ESH,3.0
d5vl6n,ESH,3.0
d5vl6n,ESH,4.0
d5vl6n,NTA,4.0
d5vl6n,YTA,4.0
d5vl6n,NTA,4.0
d5vl6n,YTA,4.0
d5vl6n,NTA,4.0
d5vl6n,NTA,4.0
d5vl6n,NTA,4.0
d5vl6n,ESH,3.0
d5vl6n,NTA,4.0
d5vl6n,YTA,4.0
d5vl6n,NTA,4.0
d5vl6n,ESH,3.0
d5vl6n,NTA,4.0
d5vl6n,ESH,4.0
d5vl6n,NTA,4.0
d5vl6n,ESH,4.0
d5vl6n,ESH,4.0
d5vl6n,NTA,4.0
d5vl6n,NTA,4.0
d5vl6n,YTA,4.0
d5vl6n,YTA,4.0
d5vl6n,NTA,4.0
d5vl6n,NTA,4.0
d5vl6n,ESH,4.0
d5vl6n,NTA,4.0
d5vl6n,ESH,3.0
d5vl6n,ESH,4.0
d5vl6n,YTA,4.0
d5vl6n,ESH,4.0
d5vl6n,ESH,4.0
d5vl6n,NTA,4.0
d5vl6n,NTA,4.0
d5vl6n,ESH,4.0
d5vl6n,ESH,3.0
d5vl6n,ESH,4.0
d5vl6n,ESH,4.0
d5vl6n,NTA,4.0
d5vl6n,NTA,4.0
d5vl6n,NTA,4.0
d5vl6n,NTA,4.0
d5vl6n,NTA,4.0
d5vl6n,ESH,4.0
d5vl6n,YTA,4.0
d5vl6n,ESH,4.0
d5vl6n,NTA,4.0
d5vl6n,ESH,4.0
d5vl6n,NTA,4.0
d5vl6n,ESH,4.0
d5vl6n,NTA,4.0
d5vl6n,NTA,4.0
d5vl6n,NTA,4.0
d5vl6n,NTA,4.0
d5vl6n,YTA,4.0
d5vl6n,NTA,4.0
d5vl6n,NTA,4.0
d5vl6n,NTA,4.0
d5vl6n,NTA,4.0
d5vl6n,ESH,4.0
d5vl6n,NTA,3.0
d5vl6n,NTA,4.0
d5vl6n,NTA,4.0
d5vl6n,NTA,4.0
d5vl6n,ESH,4.0
d5vl6n,NTA,4.0
d5vl6n,ESH,4.0
d5vl6n,NTA,4.0
d5vl6n,ESH,2.0
d5vl6n,YTA,4.0
d5vl6n,ESH,4.0
d5vl6n,ESH,4.0
d5vl6n,NTA,4.0
d5vl6n,ESH,4.0
d5vl6n,NTA,4.0
d5vl6n,NTA,4.0
d5vl6n,ESH,3.0
d5vl6n,ESH,4.0
d5vl6n,NTA,4.0
d5vl6n,YTA,4.0
d5vl6n,NTA,4.0
d5vl6n,ESH,4.0
d5vl6n,NTA,4.0
d5vl6n,NTA,4.0
d5vl6n,NTA,4.0
d5vl6n,NTA,4.0
d5vl6n,NTA,4.0
d5vl6n,YTA,4.0
d5vl6n,ESH,3.0
d5vl6n,NTA,4.0
d5vl6n,ESH,4.0
d5vl6n,NTA,4.0
d5vl6n,NTA,4.0
d5vl6n,ESH,3.0
d5vl6n,NTA,4.0
d5vl6n,ESH,4.0
d5vl6n,NTA,4.0
d5vl6n,NTA,4.0
d5vl6n,NTA,4.0
d5vl6n,YTA,4.0
d5vl6n,ESH,3.0
d5vl6n,NTA,4.0
d5vl6n,ESH,4.0
d5vl6n,NTA,4.0
d5vl6n,NTA,4.0
d5vl6n,YTA,4.0
d5vl6n,NTA,4.0
d5vl6n,NTA,4.0
d5vl6n,NTA,4.0
d5vl6n,NTA,4.0
d5vl6n,NTA,4.0
d5vl6n,NTA,4.0
d5vl6n,NTA,4.0
d5vl6n,ESH,4.0
d5vl6n,ESH,4.0
d5vl6n,NTA,4.0
d5vl6n,NTA,4.0
d5vl6n,ESH,4.0
d5vl6n,ESH,4.0
d5vl6n,NTA,4.0
d5vl6n,NTA,4.0
d5vl6n,NTA,4.0
d5vl6n,NTA,4.0
d5vl6n,NTA,4.0
d5vl6n,NTA,4.0
d5vl6n,ESH,4.0
d5vl6n,ESH,4.0
d5vl6n,NTA,4.0
d5vl6n,NTA,4.0
d5vl6n,ESH,4.0
d5vl6n,NTA,4.0
d5vl6n,NTA,4.0
d5vl6n,NTA,4.0
d5vl6n,YTA,4.0
d5vl6n,ESH,4.0
d5vl6n,NTA,4.0
d5vl6n,NTA,4.0
d5vl6n,NTA,4.0
d5vl6n,NTA,4.0
d5vl6n,NTA,4.0
d5vl6n,ESH,3.0
d5vl6n,NTA,4.0
d5vl6n,YTA,4.0
d5vl6n,ESH,3.0
d5vl6n,NTA,4.0
d5vl6n,NTA,4.0
d5vl6n,NTA,3.0
d5vl6n,YTA,4.0
d5vl6n,YTA,4.0
d5vl6n,ESH,4.0
d5vl6n,ESH,4.0
d5vl6n,NTA,4.0
d5vl6n,ESH,4.0
d5vl6n,ESH,3.0
d5vl6n,NTA,4.0
d5vl6n,ESH,4.0
d5vl6n,ESH,3.0
d5vl6n,ESH,4.0
d5vl6n,ESH,4.0
d5vl6n,ESH,4.0
d5vl6n,NTA,4.0
d5vl6n,ESH,4.0
d5vl6n,YTA,4.0
d5vl6n,NTA,4.0
d5vl6n,ESH,4.0
d5vl6n,NTA,4.0
d5vl6n,ESH,4.0
d5vl6n,ESH,3.0
d5vl6n,ESH,3.0
d5vl6n,ESH,4.0
d5vl6n,ESH,4.0
d5vl6n,ESH,4.0
d5vl6n,NTA,4.0
d5vl6n,ESH,3.0
d5vl6n,YTA,4.0
d5vl6n,NAH,3.0
d5vl6n,NTA,4.0
d5vl6n,NTA,4.0
d5vl6n,ESH,4.0
d5vl6n,YTA,4.0
d5vl6n,NTA,4.0
d5vl6n,NTA,4.0
d5vl6n,NTA,4.0
d5vl6n,NTA,4.0
d5vl6n,NTA,4.0
d5vl6n,NTA,4.0
d5vl6n,NTA,4.0
d5vl6n,YTA,4.0
d5vl6n,NTA,4.0
d5vl6n,ESH,4.0
d5vl6n,NTA,4.0
d5vl6n,NTA,4.0
d5vl6n,ESH,4.0
d5vl6n,YTA,4.0
d5vl6n,ESH,4.0
d5vl6n,NTA,4.0
d5vl6n,ESH,3.0
d5vl6n,NTA,4.0
d5vl6n,NTA,4.0
d5vl6n,NTA,4.0
d5vl6n,ESH,4.0
d5vl6n,NTA,4.0
d5vl6n,YTA,4.0
d5vl6n,NTA,4.0
d5vl6n,NTA,4.0
d5vl6n,NTA,4.0
d5vl6n,ESH,4.0
d5vl6n,NTA,4.0
d5vl6n,ESH,4.0
d5vl6n,ESH,4.0
d5vl6n,ESH,4.0
d5vl6n,ESH,4.0
d5vl6n,NTA,4.0
d5vl6n,ESH,4.0
d5vl6n,ESH,4.0
d5vl6n,NTA,4.0
d5vl6n,NTA,4.0
d5vl6n,ESH,4.0
d5vl6n,NTA,4.0
d5vl6n,NTA,4.0
d5vl6n,ESH,1.0
d5vl6n,ESH,4.0
d5vl6n,ESH,3.0
d5vl6n,NTA,4.0
d5vl6n,YTA,4.0
d5vl6n,NTA,4.0
d5vl6n,ESH,4.0
d5vl6n,NTA,4.0
d5vl6n,NTA,4.0
d5vl6n,ESH,4.0
d5vl6n,YTA,4.0
d5vl6n,NTA,4.0
d5vl6n,NTA,4.0
d5vl6n,NTA,4.0
d5vl6n,NTA,4.0
d5vl6n,NTA,4.0
d5vl6n,NTA,4.0
d5vl6n,NTA,4.0
d5vl6n,YTA,4.0
d5vl6n,NTA,4.0
d5vl6n,NTA,4.0
d5vl6n,NTA,4.0
d5vl6n,NTA,4.0
d5vl6n,YTA,4.0
d5vl6n,ESH,2.0
d5vl6n,NTA,4.0
d5vl6n,ESH,4.0
d5vl6n,NTA,4.0
d5vl6n,ESH,3.0
d5vl6n,ESH,4.0
d5vl6n,NTA,4.0
d5vl6n,NTA,4.0
d5vl6n,NTA,4.0
d5vl6n,NTA,4.0
d5vl6n,ESH,4.0
d5vl6n,YTA,4.0
d5vl6n,NTA,4.0
d5vl6n,NTA,4.0
d5vl6n,NTA,4.0
d5vl6n,NTA,4.0
d5vl6n,NTA,4.0
d5vl6n,ESH,4.0
d5vl6n,NTA,4.0
d5vl6n,YTA,4.0
d5vl6n,NTA,4.0
d5vl6n,ESH,4.0
d5vl6n,ESH,4.0
d5vl6n,ESH,4.0
d5vl6n,NTA,4.0
d5vl6n,YTA,3.0
d5vl6n,NTA,4.0
d5vl6n,NTA,4.0
d5vl6n,ESH,4.0
d5vl6n,NTA,3.0
d5vl6n,NTA,4.0
d5vl6n,NTA,4.0
d5vl6n,NTA,4.0
d5vl6n,NTA,4.0
d5vl6n,ESH,4.0
d5vl6n,YTA,4.0
d5vl6n,ESH,3.0
d5vl6n,YTA,2.0
d5vl6n,ESH,4.0
daf4tf,YTA,4.0
daf4tf,NAH,4.0
daf4tf,YTA,4.0
daf4tf,YTA,4.0
daf4tf,NTA,4.0
daf4tf,NTA,3.0
daf4tf,NTA,3.0
daf4tf,YTA,4.0
daf4tf,YTA,4.0
daf4tf,NTA,4.0
daf4tf,NAH,3.0
daf4tf,NTA,4.0
daf4tf,YTA,4.0
daf4tf,ESH,1.0
daf4tf,NTA,3.0
daf4tf,YTA,4.0
daf4tf,YTA,4.0
daf4tf,YTA,4.0
daf4tf,NAH,3.0
daf4tf,YTA,4.0
daf4tf,YTA,4.0
daf4tf,YTA,4.0
daf4tf,YTA,4.0
daf4tf,NTA,4.0
daf4tf,NAH,3.0
daf4tf,YTA,4.0
daf4tf,YTA,4.0
daf4tf,ESH,2.0
daf4tf,NTA,4.0
daf4tf,NAH,3.0
daf4tf,YTA,4.0
daf4tf,ESH,3.0
daf4tf,YTA,4.0
daf4tf,YTA,4.0
daf4tf,NTA,4.0
daf4tf,YTA,4.0
daf4tf,YTA,4.0
daf4tf,NTA,4.0
daf4tf,NAH,4.0
daf4tf,YTA,4.0
daf4tf,YTA,4.0
daf4tf,YTA,4.0
daf4tf,NTA,4.0
daf4tf,YTA,4.0
daf4tf,YTA,4.0
daf4tf,YTA,4.0
daf4tf,NTA,4.0
daf4tf,YTA,4.0
daf4tf,ESH,3.0
daf4tf,ESH,4.0
daf4tf,NAH,4.0
daf4tf,ESH,3.0
daf4tf,YTA,4.0
daf4tf,YTA,4.0
daf4tf,NTA,4.0
daf4tf,YTA,4.0
daf4tf,YTA,4.0
daf4tf,YTA,4.0
daf4tf,NAH,4.0
daf4tf,YTA,4.0
daf4tf,YTA,4.0
daf4tf,YTA,4.0
daf4tf,YTA,4.0
daf4tf,YTA,4.0
daf4tf,YTA,4.0
daf4tf,YTA,1.0
daf4tf,YTA,4.0
daf4tf,YTA,1.0
daf4tf,ESH,4.0
daf4tf,YTA,4.0
daf4tf,YTA,4.0
daf4tf,NTA,4.0
daf4tf,NTA,4.0
daf4tf,YTA,4.0
daf4tf,NTA,4.0
daf4tf,YTA,4.0
daf4tf,YTA,3.0
daf4tf,YTA,4.0
daf4tf,YTA,4.0
daf4tf,NTA,4.0
daf4tf,YTA,4.0
daf4tf,YTA,4.0
daf4tf,YTA,4.0
daf4tf,YTA,4.0
daf4tf,YTA,4.0
daf4tf,YTA,4.0
daf4tf,YTA,4.0
daf4tf,NTA,4.0
daf4tf,NAH,3.0
daf4tf,YTA,4.0
daf4tf,NTA,3.0
daf4tf,YTA,4.0
daf4tf,YTA,4.0
daf4tf,NTA,4.0
daf4tf,YTA,4.0
daf4tf,YTA,4.0
daf4tf,YTA,3.0
daf4tf,YTA,4.0
daf4tf,YTA,4.0
daf4tf,ESH,4.0
daf4tf,YTA,4.0
daf4tf,YTA,4.0
daf4tf,NTA,4.0
daf4tf,YTA,4.0
daf4tf,YTA,4.0
daf4tf,NTA,4.0
daf4tf,YTA,4.0
daf4tf,NAH,3.0
daf4tf,YTA,4.0
daf4tf,NTA,4.0
daf4tf,NTA,4.0
daf4tf,YTA,4.0
daf4tf,YTA,4.0
daf4tf,YTA,3.0
daf4tf,YTA,4.0
daf4tf,YTA,4.0
daf4tf,YTA,4.0
daf4tf,YTA,4.0
daf4tf,YTA,4.0
daf4tf,YTA,4.0
daf4tf,NTA,4.0
daf4tf,NTA,4.0
daf4tf,YTA,4.0
daf4tf,YTA,4.0
daf4tf,YTA,4.0
daf4tf,YTA,4.0
daf4tf,NTA,4.0
daf4tf,YTA,4.0
daf4tf,YTA,3.0
daf4tf,YTA,4.0
daf4tf,YTA,4.0
daf4tf,YTA,4.0
daf4tf,YTA,4.0
daf4tf,YTA,4.0
daf4tf,ESH,1.0
daf4tf,YTA,4.0
daf4tf,NTA,4.0
daf4tf,YTA,4.0
daf4tf,YTA,4.0
daf4tf,YTA,4.0
daf4tf,NTA,4.0
daf4tf,YTA,3.0
daf4tf,NTA,4.0
daf4tf,NTA,3.0
daf4tf,NTA,4.0
daf4tf,YTA,4.0
daf4tf,YTA,4.0
daf4tf,NTA,4.0
daf4tf,YTA,4.0
daf4tf,YTA,3.0
daf4tf,NTA,4.0
daf4tf,YTA,4.0
daf4tf,NAH,3.0
daf4tf,NTA,4.0
daf4tf,YTA,3.0
daf4tf,NTA,3.0
daf4tf,NTA,4.0
daf4tf,ESH,3.0
daf4tf,YTA,3.0
daf4tf,YTA,4.0
daf4tf,YTA,3.0
daf4tf,NTA,4.0
daf4tf,YTA,4.0
daf4tf,NAH,4.0
daf4tf,NTA,3.0
daf4tf,YTA,4.0
daf4tf,NTA,4.0
daf4tf,NAH,3.0
daf4tf,YTA,4.0
daf4tf,NTA,4.0
daf4tf,NTA,4.0
daf4tf,YTA,4.0
daf4tf,YTA,4.0
daf4tf,YTA,4.0
daf4tf,NTA,4.0
daf4tf,NTA,4.0
daf4tf,NTA,3.0
daf4tf,NTA,4.0
daf4tf,YTA,4.0
daf4tf,NTA,4.0
daf4tf,NTA,4.0
daf4tf,YTA,4.0
daf4tf,YTA,3.0
daf4tf,NTA,3.0
daf4tf,NTA,4.0
daf4tf,NTA,4.0
daf4tf,NTA,4.0
daf4tf,NTA,4.0
daf4tf,NTA,4.0
daf4tf,YTA,4.0
daf4tf,YTA,4.0
daf4tf,YTA,4.0
daf4tf,YTA,4.0
daf4tf,YTA,4.0
daf4tf,YTA,4.0
daf4tf,YTA,4.0
daf4tf,YTA,4.0
daf4tf,YTA,4.0
daf4tf,YTA,4.0
daf4tf,YTA,4.0
daf4tf,NTA,4.0
daf4tf,NTA,4.0
daf4tf,YTA,4.0
daf4tf,YTA,4.0
daf4tf,YTA,4.0
daf4tf,YTA,4.0
daf4tf,YTA,4.0
daf4tf,NTA,4.0
daf4tf,YTA,4.0
daf4tf,YTA,3.0
daf4tf,YTA,3.0
daf4tf,YTA,4.0
daf4tf,NTA,4.0
daf4tf,YTA,3.0
daf4tf,YTA,4.0
daf4tf,YTA,4.0
daf4tf,NTA,4.0
daf4tf,YTA,4.0
daf4tf,YTA,4.0
daf4tf,NTA,4.0
daf4tf,YTA,4.0
daf4tf,NTA,4.0
daf4tf,NTA,4.0
daf4tf,ESH,3.0
daf4tf,YTA,4.0
daf4tf,YTA,4.0
daf4tf,NTA,4.0
daf4tf,ESH,3.0
daf4tf,YTA,4.0
daf4tf,YTA,4.0
daf4tf,NTA,4.0
daf4tf,NTA,4.0
daf4tf,YTA,4.0
daf4tf,YTA,4.0
daf4tf,NTA,4.0
daf4tf,NTA,4.0
daf4tf,YTA,4.0
daf4tf,NTA,4.0
daf4tf,NTA,4.0
daf4tf,NTA,4.0
daf4tf,YTA,4.0
daf4tf,YTA,4.0
daf4tf,NTA,4.0
daf4tf,NTA,4.0
daf4tf,NTA,4.0
daf4tf,NTA,4.0
daf4tf,NTA,4.0
daf4tf,NTA,4.0
daf4tf,NTA,4.0
daf4tf,NTA,4.0
daf4tf,NTA,3.0
daf4tf,NTA,3.0
daf4tf,NTA,4.0
daf4tf,NTA,4.0
daf4tf,NTA,3.0
daf4tf,NAH,4.0
daf4tf,NTA,4.0
daf4tf,NTA,4.0
daf4tf,NAH,3.0
dvw4dt,NAH,4.0
dvw4dt,ESH,3.0
dvw4dt,ESH,1.0
dvw4dt,NTA,4.0
dvw4dt,NAH,4.0
dvw4dt,NAH,4.0
dvw4dt,NAH,4.0
dvw4dt,NAH,4.0
dvw4dt,NAH,3.0
dvw4dt,YTA,4.0
dvw4dt,NAH,3.0
dvw4dt,NTA,4.0
dvw4dt,NTA,4.0
dvw4dt,YTA,4.0
dvw4dt,YTA,4.0
dvw4dt,NAH,4.0
dvw4dt,NAH,3.0
dvw4dt,ESH,4.0
dvw4dt,YTA,4.0
dvw4dt,ESH,2.0
dvw4dt,ESH,1.0
dvw4dt,YTA,4.0
dvw4dt,YTA,4.0
dvw4dt,NTA,4.0
dvw4dt,NTA,4.0
dvw4dt,NAH,4.0
dvw4dt,YTA,4.0
dvw4dt,NAH,4.0
dvw4dt,YTA,4.0
dvw4dt,YTA,3.0
dvw4dt,ESH,2.0
dvw4dt,NAH,4.0
dvw4dt,ESH,4.0
dvw4dt,YTA,4.0
dvw4dt,NAH,4.0
dvw4dt,NAH,3.0
dvw4dt,ESH,4.0
dvw4dt,NTA,4.0
dvw4dt,NTA,4.0
dvw4dt,YTA,4.0
dvw4dt,YTA,4.0
dvw4dt,ESH,3.0
dvw4dt,NAH,4.0
dvw4dt,ESH,4.0
dvw4dt,NTA,4.0
dvw4dt,NAH,4.0
dvw4dt,ESH,4.0
dvw4dt,NTA,4.0
dvw4dt,YTA,4.0
dvw4dt,NAH,3.0
dvw4dt,YTA,3.0
dvw4dt,YTA,4.0
dvw4dt,NAH,4.0
dvw4dt,NTA,4.0
dvw4dt,NAH,3.0
dvw4dt,NAH,4.0
dvw4dt,ESH,3.0
dvw4dt,YTA,4.0
dvw4dt,YTA,3.0
dvw4dt,YTA,4.0
dvw4dt,ESH,4.0
dvw4dt,NAH,3.0
dvw4dt,ESH,4.0
dvw4dt,YTA,4.0
dvw4dt,YTA,4.0
dvw4dt,NAH,3.0
dvw4dt,ESH,4.0
dvw4dt,ESH,3.0
dvw4dt,YTA,2.0
dvw4dt,NAH,4.0
dvw4dt,NTA,3.0
dvw4dt,ESH,4.0
dvw4dt,YTA,4.0
dvw4dt,YTA,4.0
dvw4dt,NAH,4.0
dvw4dt,NTA,4.0
dvw4dt,NTA,4.0
dvw4dt,NTA,4.0
dvw4dt,ESH,1.0
dvw4dt,NAH,4.0
dvw4dt,YTA,4.0
dvw4dt,NAH,3.0
dvw4dt,NAH,4.0
dvw4dt,NTA,4.0
dvw4dt,NTA,4.0
dvw4dt,NTA,4.0
dvw4dt,NTA,4.0
dvw4dt,ESH,4.0
dvw4dt,NAH,3.0
dvw4dt,NTA,4.0
dvw4dt,YTA,4.0
dvw4dt,YTA,4.0
dvw4dt,YTA,4.0
dvw4dt,YTA,4.0
dvw4dt,NAH,3.0
dvw4dt,NTA,4.0
dvw4dt,NTA,4.0
dvw4dt,YTA,4.0
dvw4dt,NAH,3.0
dvw4dt,NTA,4.0
dvw4dt,ESH,3.0
dvw4dt,NAH,1.0
dvw4dt,ESH,4.0
dvw4dt,NAH,3.0
dvw4dt,NTA,3.0
dvw4dt,NTA,4.0
dvw4dt,YTA,4.0
dvw4dt,YTA,4.0
dvw4dt,YTA,4.0
dvw4dt,ESH,1.0
dvw4dt,NTA,4.0
dvw4dt,NAH,3.0
dvw4dt,NTA,4.0
dvw4dt,YTA,4.0
dvw4dt,NTA,4.0
dvw4dt,NTA,4.0
dvw4dt,NAH,3.0
dvw4dt,NAH,4.0
dvw4dt,NAH,3.0
dvw4dt,NAH,3.0
dvw4dt,NAH,3.0
dvw4dt,YTA,4.0
dvw4dt,YTA,3.0
dvw4dt,YTA,4.0
dvw4dt,YTA,4.0
dvw4dt,ESH,3.0
dvw4dt,YTA,4.0
dvw4dt,YTA,4.0
dvw4dt,NAH,4.0
dvw4dt,NTA,4.0
dvw4dt,NAH,3.0
dvw4dt,NAH,4.0
dvw4dt,NAH,3.0
dvw4dt,YTA,4.0
dvw4dt,NAH,3.0
dvw4dt,YTA,4.0
dvw4dt,NTA,4.0
dvw4dt,ESH,1.0
dvw4dt,NTA,4.0
dvw4dt,ESH,4.0
dvw4dt,YTA,4.0
dvw4dt,NAH,3.0
dvw4dt,ESH,3.0
dvw4dt,NTA,4.0
dvw4dt,NTA,4.0
dvw4dt,YTA,4.0
dvw4dt,NTA,4.0
dvw4dt,NAH,3.0
dvw4dt,YTA,4.0
dvw4dt,ESH,1.0
dvw4dt,NTA,4.0
dvw4dt,ESH,3.0
dvw4dt,YTA,1.0
dvw4dt,ESH,1.0
dvw4dt,YTA,3.0
dvw4dt,YTA,4.0
dvw4dt,NTA,4.0
dvw4dt,NAH,4.0
dvw4dt,ESH,1.0
dvw4dt,NTA,4.0
dvw4dt,NTA,4.0
dvw4dt,NAH,3.0
dvw4dt,ESH,2.0
dvw4dt,NAH,3.0
dvw4dt,NTA,4.0
dvw4dt,ESH,3.0
dvw4dt,ESH,1.0
dvw4dt,NAH,4.0
dvw4dt,ESH,4.0
dvw4dt,YTA,4.0
dvw4dt,YTA,3.0
dvw4dt,YTA,4.0
dvw4dt,ESH,3.0
dvw4dt,YTA,4.0
dvw4dt,NTA,4.0
dvw4dt,ESH,3.0
dvw4dt,ESH,4.0
dvw4dt,NTA,4.0
dvw4dt,YTA,4.0
dvw4dt,NAH,3.0
dvw4dt,YTA,3.0
dvw4dt,NAH,4.0
dvw4dt,NAH,3.0
dvw4dt,NTA,4.0
dvw4dt,YTA,1.0
dvw4dt,ESH,3.0
dvw4dt,ESH,3.0
dvw4dt,NTA,4.0
dvw4dt,NTA,4.0
dvw4dt,ESH,3.0
dvw4dt,ESH,1.0
dvw4dt,NTA,4.0
dvw4dt,YTA,4.0
dvw4dt,NTA,4.0
dvw4dt,NAH,4.0
dvw4dt,YTA,4.0
dvw4dt,NAH,3.0
dvw4dt,NTA,4.0
dvw4dt,NTA,4.0
dvw4dt,NTA,4.0
dvw4dt,YTA,4.0
dvw4dt,NTA,4.0
dvw4dt,NAH,4.0
dvw4dt,NAH,4.0
dvw4dt,YTA,4.0
dvw4dt,ESH,4.0
dvw4dt,YTA,4.0
dvw4dt,NAH,4.0
dvw4dt,NAH,3.0
dvw4dt,NAH,4.0
dvw4dt,NTA,4.0
dvw4dt,YTA,4.0
dvw4dt,YTA,4.0
dvw4dt,NAH,3.0
dvw4dt,YTA,4.0
dvw4dt,YTA,4.0
dvw4dt,NAH,4.0
dvw4dt,NAH,4.0
dvw4dt,YTA,4.0
dvw4dt,NAH,4.0
dvw4dt,NTA,4.0
dvw4dt,NAH,3.0
dvw4dt,YTA,4.0
dvw4dt,NTA,4.0
dvw4dt,NAH,3.0
dvw4dt,YTA,4.0
dvw4dt,YTA,4.0
dvw4dt,NTA,4.0
dvw4dt,YTA,4.0
dvw4dt,ESH,4.0
dvw4dt,NAH,4.0
dvw4dt,NTA,4.0
dvw4dt,NTA,4.0
dvw4dt,NAH,4.0
dvw4dt,YTA,4.0
dvw4dt,NTA,4.0
dvw4dt,NTA,4.0
dvw4dt,NAH,3.0
dvw4dt,NTA,4.0
dvw4dt,ESH,1.0
dvw4dt,YTA,4.0
dvw4dt,NAH,4.0
dvw4dt,NTA,4.0
dvw4dt,NAH,1.0
dvw4dt,YTA,4.0
dvw4dt,NAH,1.0
dvw4dt,NTA,4.0
dvw4dt,NAH,4.0
dvw4dt,YTA,4.0
dvw4dt,NTA,4.0
dvw4dt,NTA,4.0
dvw4dt,NTA,3.0
dvw4dt,ESH,4.0
dvw4dt,NTA,4.0
dvw4dt,NAH,3.0
dvw4dt,NTA,4.0
dvw4dt,ESH,2.0
dvw4dt,YTA,4.0
dvw4dt,NAH,4.0
dvw4dt,NTA,4.0
dvw4dt,YTA,4.0
dvw4dt,NAH,4.0
dvw4dt,YTA,4.0
dvw4dt,YTA,4.0
dvw4dt,YTA,4.0
dvw4dt,NTA,4.0
dvw4dt,NAH,4.0
dvw4dt,NTA,4.0
dvw4dt,YTA,4.0
dvw4dt,YTA,4.0
dvw4dt,YTA,4.0
dvw4dt,NTA,4.0
dvw4dt,YTA,4.0
dvw4dt,NTA,4.0
dvw4dt,NAH,4.0
dvw4dt,NAH,4.0
dvw4dt,ESH,1.0
dvw4dt,YTA,4.0
dvw4dt,NAH,3.0
dvw4dt,NTA,4.0
dvw4dt,NAH,4.0
dvw4dt,NAH,4.0
dvw4dt,ESH,3.0
dvw4dt,NAH,4.0
dvw4dt,NAH,3.0
dvw4dt,YTA,4.0
dvw4dt,NTA,4.0
dvw4dt,NTA,3.0
dvw4dt,YTA,4.0
dvw4dt,NTA,4.0
dvw4dt,YTA,4.0
dvw4dt,YTA,4.0
dvw4dt,NTA,4.0
dvw4dt,NTA,4.0
dvw4dt,NAH,3.0
dvw4dt,YTA,4.0
dvw4dt,NAH,3.0
dvw4dt,NAH,3.0
dvw4dt,NAH,4.0
dvw4dt,ESH,4.0
dvw4dt,YTA,4.0
dvw4dt,NAH,3.0
dvw4dt,NAH,3.0
dvw4dt,YTA,4.0
dvw4dt,YTA,1.0
dvw4dt,YTA,3.0
dvw4dt,NAH,3.0
dvw4dt,ESH,3.0
dvw4dt,YTA,4.0
dvw4dt,NAH,4.0
dvw4dt,NTA,4.0
dvw4dt,NAH,1.0
dvw4dt,NAH,4.0
dvw4dt,NAH,2.0
dvw4dt,NAH,3.0
dvw4dt,NTA,4.0
dvw4dt,NTA,4.0
dvw4dt,NTA,4.0
dvw4dt,YTA,4.0
dvw4dt,YTA,4.0
dvw4dt,NTA,4.0
dvw4dt,NTA,4.0
dvw4dt,NAH,4.0
dvw4dt,ESH,3.0
dvw4dt,YTA,4.0
dvw4dt,NTA,4.0
dvw4dt,ESH,4.0
dvw4dt,NTA,3.0
dvw4dt,ESH,4.0
dvw4dt,YTA,4.0
dvw4dt,YTA,4.0
dvw4dt,NAH,4.0
dvw4dt,NAH,4.0
dvw4dt,NAH,4.0
dvw4dt,NTA,4.0
dvw4dt,NAH,3.0
dvw4dt,YTA,4.0
dvw4dt,YTA,4.0
dvw4dt,NAH,4.0
dvw4dt,YTA,3.0
dvw4dt,NTA,4.0
dvw4dt,NTA,4.0
dvw4dt,ESH,4.0
dvw4dt,NTA,4.0
dvw4dt,NAH,1.0
dvw4dt,NTA,4.0
dvw4dt,NAH,4.0
dvw4dt,YTA,4.0
dvw4dt,NAH,4.0
dvw4dt,YTA,4.0
dvw4dt,YTA,4.0
dvw4dt,NAH,4.0
dvw4dt,NTA,4.0
dvw4dt,NTA,4.0
dvw4dt,ESH,4.0
dvw4dt,ESH,1.0
dvw4dt,NAH,4.0
dvw4dt,NAH,4.0
dvw4dt,NTA,4.0
dvw4dt,ESH,3.0
dvw4dt,NAH,4.0
dvw4dt,NTA,4.0
dvw4dt,NAH,4.0
dvw4dt,ESH,1.0
dvw4dt,NTA,4.0
dvw4dt,NAH,4.0
dvw4dt,NAH,4.0
dvw4dt,NTA,4.0
dvw4dt,NAH,4.0
dvw4dt,NAH,4.0
dvw4dt,NAH,3.0
dvw4dt,NTA,4.0
dvw4dt,NTA,3.0
dvw4dt,ESH,1.0
dvw4dt,YTA,3.0
dvw4dt,NTA,4.0
ara05f,NTA,4.0
ara05f,NAH,4.0
ara05f,YTA,3.0
ara05f,ESH,4.0
ara05f,NTA,4.0
ara05f,YTA,4.0
ara05f,YTA,4.0
ara05f,NAH,2.0
ara05f,NTA,4.0
ara05f,NTA,4.0
ara05f,NTA,4.0
ara05f,YTA,4.0
ara05f,NTA,4.0
ara05f,NAH,4.0
ara05f,ESH,2.0
ara05f,YTA,4.0
ara05f,YTA,4.0
ara05f,YTA,3.0
ara05f,YTA,4.0
ara05f,YTA,4.0
ara05f,YTA,4.0
ara05f,YTA,4.0
ara05f,YTA,4.0
ara05f,YTA,3.0
ara05f,NTA,4.0
ara05f,YTA,4.0
ara05f,YTA,4.0
ara05f,NTA,4.0
ara05f,NTA,4.0
ara05f,YTA,4.0
ara05f,YTA,4.0
ara05f,YTA,4.0
ara05f,YTA,4.0
ara05f,NAH,3.0
ara05f,YTA,3.0
ara05f,YTA,4.0
ara05f,YTA,4.0
ara05f,YTA,4.0
ara05f,NTA,4.0
ara05f,YTA,4.0
ara05f,NTA,4.0
ara05f,YTA,4.0
ara05f,NAH,3.0
ara05f,YTA,4.0
ara05f,NTA,4.0
ara05f,YTA,4.0
ara05f,YTA,4.0
ara05f,NAH,4.0
ara05f,NTA,4.0
ara05f,YTA,4.0
ara05f,ESH,4.0
ara05f,NTA,4.0
ara05f,YTA,4.0
ara05f,NAH,3.0
ara05f,YTA,4.0
ara05f,YTA,4.0
ara05f,NTA,4.0
ara05f,NAH,1.0
ara05f,NTA,4.0
ara05f,YTA,4.0
ara05f,YTA,4.0
ara05f,YTA,4.0
ara05f,NTA,4.0
ara05f,NTA,4.0
ara05f,NTA,4.0
ara05f,NAH,1.0
ara05f,NTA,4.0
ara05f,NTA,4.0
ara05f,YTA,4.0
ara05f,NTA,4.0
ara05f,YTA,4.0
ara05f,YTA,4.0
ara05f,NAH,3.0
ara05f,YTA,4.0
ara05f,NTA,4.0
ara05f,NTA,4.0
ara05f,NTA,4.0
ara05f,YTA,4.0
ara05f,NTA,4.0
ara05f,ESH,1.0
ara05f,YTA,4.0
ara05f,NAH,4.0
ara05f,YTA,4.0
ara05f,YTA,4.0
ara05f,NTA,4.0
ara05f,NTA,4.0
ara05f,YTA,3.0
ara05f,NTA,4.0
ara05f,NTA,4.0
ara05f,NAH,3.0
ara05f,NTA,4.0
ara05f,YTA,3.0
ara05f,YTA,3.0
ara05f,YTA,4.0
ara05f,NTA,4.0
ara05f,YTA,4.0
ara05f,ESH,4.0
ara05f,YTA,4.0
ara05f,YTA,3.0
ara05f,NTA,4.0
ara05f,YTA,4.0
ara05f,YTA,2.0
ara05f,NTA,4.0
ara05f,YTA,4.0
ara05f,NAH,4.0
ara05f,NAH,1.0
ara05f,NTA,4.0
ara05f,ESH,4.0
ara05f,NAH,3.0
ara05f,NTA,4.0
ara05f,ESH,4.0
ara05f,NTA,4.0
ara05f,YTA,3.0
ara05f,NAH,4.0
ara05f,NAH,4.0
ara05f,NTA,4.0
ara05f,NTA,4.0
ara05f,YTA,4.0
ara05f,NTA,4.0
ara05f,YTA,4.0
ara05f,YTA,4.0
ara05f,NAH,4.0
ara05f,NTA,4.0
ara05f,NTA,4.0
ara05f,YTA,4.0
ara05f,YTA,3.0
ara05f,YTA,4.0
ara05f,YTA,4.0
ara05f,YTA,3.0
ara05f,YTA,4.0
ara05f,NAH,4.0
ara05f,YTA,4.0
ara05f,YTA,4.0
ara05f,NTA,4.0
ara05f,NTA,4.0
ara05f,NAH,4.0
ara05f,NAH,4.0
ara05f,NAH,4.0
ara05f,NTA,4.0
ara05f,YTA,4.0
ara05f,YTA,4.0
ara05f,NAH,4.0
ara05f,NTA,4.0
ara05f,YTA,4.0
ara05f,YTA,4.0
ara05f,NAH,2.0
ara05f,NTA,4.0
ara05f,NAH,4.0
ara05f,NAH,4.0
ara05f,YTA,4.0
ara05f,NTA,4.0
ara05f,YTA,4.0
ara05f,NTA,4.0
ara05f,NTA,4.0
ara05f,YTA,4.0
ara05f,NTA,4.0
ara05f,YTA,1.0
ara05f,YTA,4.0
ara05f,ESH,2.0
ara05f,YTA,4.0
ara05f,YTA,4.0
ara05f,ESH,2.0
ara05f,NTA,4.0
ara05f,YTA,4.0
ara05f,YTA,4.0
ara05f,NAH,4.0
ara05f,YTA,4.0
ara05f,NAH,1.0
ara05f,NTA,4.0
ara05f,NTA,4.0
ara05f,YTA,4.0
ara05f,YTA,4.0
ara05f,YTA,4.0
ara05f,NTA,4.0
ara05f,YTA,4.0
ara05f,NTA,4.0
ara05f,YTA,4.0
ara05f,NAH,4.0
ara05f,NTA,4.0
ara05f,NTA,4.0
ara05f,YTA,1.0
ara05f,NTA,4.0
ara05f,NAH,3.0
ara05f,NAH,4.0
ara05f,NAH,4.0
ara05f,YTA,4.0
ara05f,NTA,4.0
ara05f,NAH,4.0
ara05f,YTA,4.0
ara05f,YTA,4.0
ara05f,NTA,4.0
ara05f,YTA,4.0
ara05f,ESH,3.0
ara05f,NTA,4.0
ara05f,NTA,1.0
ara05f,NTA,4.0
ara05f,YTA,4.0
ara05f,NTA,4.0
ara05f,ESH,4.0
ara05f,YTA,4.0
ara05f,ESH,4.0
ara05f,YTA,4.0
ara05f,NTA,4.0
ara05f,NAH,4.0
ara05f,NTA,4.0
ara05f,YTA,4.0
ara05f,YTA,4.0
ara05f,NAH,3.0
ara05f,YTA,4.0
ara05f,YTA,4.0
ara05f,YTA,3.0
ara05f,YTA,4.0
ara05f,YTA,4.0
ara05f,YTA,4.0
ara05f,NTA,4.0
ara05f,YTA,1.0
ara05f,YTA,4.0
ara05f,NTA,4.0
ara05f,YTA,4.0
ara05f,NTA,4.0
ara05f,NAH,4.0
ara05f,ESH,3.0
ara05f,YTA,4.0
ara05f,YTA,1.0
ara05f,YTA,4.0
ara05f,YTA,1.0
ara05f,NTA,4.0
ara05f,YTA,4.0
ara05f,NTA,4.0
ara05f,YTA,4.0
ara05f,NTA,4.0
ara05f,YTA,4.0
ara05f,NAH,4.0
ara05f,YTA,4.0
ara05f,YTA,4.0
ara05f,YTA,3.0
ara05f,NTA,4.0
ara05f,NTA,4.0
ara05f,NAH,3.0
ara05f,YTA,4.0
ara05f,ESH,2.0
ara05f,YTA,4.0
ara05f,NAH,3.0
ara05f,YTA,4.0
ara05f,NTA,4.0
ara05f,YTA,4.0
ara05f,NTA,3.0
ara05f,NTA,4.0
ara05f,YTA,3.0
ara05f,NTA,4.0
ara05f,YTA,4.0
ara05f,NAH,4.0
ara05f,NTA,4.0
ara05f,YTA,4.0
ara05f,NTA,4.0
ara05f,NTA,4.0
ara05f,YTA,3.0
ara05f,YTA,4.0
ara05f,NTA,4.0
ara05f,YTA,4.0
ara05f,YTA,4.0
ara05f,NTA,4.0
ara05f,NAH,4.0
ara05f,NTA,4.0
ara05f,ESH,4.0
ara05f,NTA,4.0
ara05f,NTA,4.0
ara05f,NTA,4.0
ara05f,YTA,4.0
ara05f,YTA,4.0
ara05f,YTA,4.0
ara05f,YTA,4.0
ara05f,YTA,4.0
ara05f,NTA,4.0
ara05f,YTA,4.0
ara05f,NAH,4.0
ara05f,YTA,4.0
ara05f,YTA,4.0
ara05f,YTA,4.0
ara05f,ESH,4.0
ara05f,NTA,4.0
ara05f,NTA,4.0
ara05f,ESH,4.0
ara05f,YTA,4.0
ara05f,YTA,4.0
ara05f,YTA,4.0
ara05f,YTA,4.0
ara05f,YTA,4.0
ara05f,NAH,4.0
ara05f,YTA,4.0
ara05f,YTA,4.0
ara05f,YTA,4.0
ara05f,NAH,4.0
ara05f,NAH,4.0
ara05f,NAH,3.0
ara05f,YTA,4.0
ara05f,YTA,3.0
ara05f,NAH,4.0
ara05f,NTA,4.0
ara05f,YTA,4.0
ara05f,NAH,4.0
ara05f,YTA,4.0
ara05f,NTA,3.0
ara05f,NTA,4.0
ara05f,NTA,4.0
ara05f,NAH,4.0
ara05f,ESH,2.0
ara05f,YTA,4.0
ara05f,NAH,4.0
ara05f,NAH,4.0
ara05f,NAH,1.0
ara05f,NTA,4.0
ara05f,NTA,4.0
ara05f,NTA,3.0
ara05f,NAH,4.0
ara05f,NTA,4.0
ara05f,NTA,4.0
ara05f,NTA,4.0
ara05f,NAH,4.0
ara05f,NTA,4.0
ara05f,NTA,4.0
ara05f,ESH,4.0
ara05f,NAH,4.0
ara05f,NTA,4.0
ara05f,YTA,4.0
ara05f,NTA,4.0
ara05f,ESH,3.0
ara05f,NTA,4.0
ara05f,NAH,4.0
ara05f,NAH,3.0
ara05f,YTA,4.0
ara05f,NTA,3.0
ara05f,NTA,4.0
ara05f,YTA,4.0
ara05f,NTA,4.0
ara05f,NTA,4.0
ara05f,YTA,4.0
ara05f,YTA,4.0
ara05f,YTA,4.0
ara05f,YTA,3.0
ara05f,NTA,4.0
ara05f,YTA,4.0
ara05f,YTA,4.0
ara05f,NAH,4.0
ara05f,YTA,1.0
ara05f,NAH,3.0
ara05f,YTA,4.0
ara05f,NTA,4.0
ara05f,NTA,4.0
ara05f,NAH,4.0
ara05f,NTA,4.0
ara05f,NTA,4.0
ara05f,YTA,4.0
ara05f,NTA,4.0
ara05f,YTA,4.0
ara05f,YTA,4.0
ara05f,NAH,4.0
ara05f,NTA,4.0
ara05f,ESH,4.0
ara05f,YTA,4.0
ara05f,YTA,4.0
ara05f,NTA,4.0
ara05f,YTA,4.0
ara05f,YTA,3.0
ara05f,NTA,4.0
ara05f,YTA,4.0
ara05f,YTA,4.0
ara05f,NTA,4.0
ara05f,NAH,4.0
ara05f,YTA,4.0
ara05f,NAH,4.0
ara05f,NAH,4.0
ara05f,NTA,4.0
ara05f,YTA,4.0
ara05f,NTA,4.0
ara05f,NTA,4.0
ara05f,NTA,4.0
ara05f,NTA,4.0
ara05f,NTA,4.0
ara05f,NTA,4.0
ara05f,YTA,4.0
ara05f,YTA,4.0
ara05f,NTA,4.0
ara05f,NAH,3.0
ara05f,YTA,4.0
ara05f,ESH,2.0
ara05f,NTA,4.0
ara05f,NTA,4.0
ara05f,NTA,4.0
ara05f,NTA,4.0
ara05f,YTA,4.0
ara05f,YTA,4.0
ara05f,NTA,4.0
ara05f,YTA,4.0
ara05f,NTA,4.0
ara05f,NTA,4.0
ara05f,YTA,4.0
ara05f,NTA,4.0
ara05f,YTA,4.0
ara05f,YTA,4.0
ara05f,YTA,4.0
ara05f,NTA,4.0
ara05f,NAH,4.0
ara05f,NTA,4.0
ara05f,YTA,4.0
ara05f,NTA,4.0
ara05f,NAH,1.0
ara05f,NTA,4.0
ara05f,YTA,4.0
ara05f,YTA,4.0
ara05f,NAH,4.0
ara05f,NTA,4.0
ara05f,NAH,4.0
ara05f,NTA,4.0
ara05f,YTA,4.0
ara05f,NAH,4.0
ara05f,ESH,3.0
ara05f,NTA,4.0
ara05f,NAH,4.0
ara05f,YTA,4.0
ara05f,NTA,4.0
ara05f,NTA,2.0
ara05f,NAH,3.0
ara05f,NTA,4.0
ara05f,NAH,4.0
ara05f,YTA,1.0
ara05f,NTA,4.0
ara05f,NAH,4.0
ara05f,NTA,4.0
ara05f,YTA,4.0
ara05f,NAH,4.0
ara05f,NTA,4.0
ara05f,ESH,3.0
ara05f,YTA,3.0
ara05f,YTA,4.0
ara05f,NTA,4.0
ara05f,YTA,4.0
ara05f,NAH,4.0
ara05f,NTA,4.0
ara05f,NTA,4.0
ara05f,YTA,4.0
ara05f,NTA,4.0
ara05f,NAH,3.0
ara05f,YTA,4.0
ara05f,NAH,4.0
ara05f,YTA,4.0
ara05f,NTA,4.0
ara05f,NTA,4.0
ara05f,YTA,4.0
ara05f,YTA,4.0
ara05f,ESH,3.0
ara05f,NTA,4.0
ara05f,NAH,3.0
ara05f,NTA,4.0
ara05f,YTA,4.0
ara05f,YTA,3.0
ara05f,NTA,4.0
ara05f,YTA,4.0
ara05f,NTA,4.0
ara05f,YTA,4.0
ara05f,NTA,4.0
ara05f,YTA,4.0
ara05f,YTA,4.0
ara05f,NTA,4.0
ara05f,NAH,4.0
ara05f,YTA,4.0
ara05f,YTA,4.0
ara05f,ESH,4.0
ara05f,NAH,4.0
b4o6ds,NTA,4.0
b4o6ds,NTA,4.0
b4o6ds,NTA,4.0
b4o6ds,NTA,4.0
b4o6ds,NTA,3.0
b4o6ds,NTA,3.0
b4o6ds,NTA,4.0
b4o6ds,NTA,4.0
b4o6ds,YTA,4.0
b4o6ds,YTA,4.0
b4o6ds,NTA,4.0
b4o6ds,NAH,3.0
b4o6ds,NTA,4.0
b4o6ds,NTA,4.0
b4o6ds,NAH,3.0
b4o6ds,NTA,4.0
b4o6ds,YTA,4.0
b4o6ds,NTA,4.0
b4o6ds,NTA,3.0
b4o6ds,NTA,4.0
b4o6ds,NTA,4.0
b4o6ds,YTA,3.0
b4o6ds,YTA,2.0
b4o6ds,NTA,3.0
b4o6ds,ESH,1.0
b4o6ds,NTA,4.0
b4o6ds,NAH,3.0
b4o6ds,NTA,4.0
b4o6ds,NAH,3.0
b4o6ds,NTA,4.0
b4o6ds,NTA,4.0
b4o6ds,NTA,4.0
b4o6ds,NTA,4.0
b4o6ds,YTA,4.0
b4o6ds,NTA,4.0
b4o6ds,NTA,4.0
b4o6ds,NTA,4.0
b4o6ds,NTA,4.0
b4o6ds,NTA,4.0
b4o6ds,NAH,3.0
b4o6ds,NAH,3.0
b4o6ds,NTA,4.0
b4o6ds,NTA,4.0
b4o6ds,NTA,4.0
b4o6ds,NAH,3.0
b4o6ds,NAH,3.0
b4o6ds,NAH,3.0
b4o6ds,NAH,3.0
b4o6ds,NTA,4.0
b4o6ds,NTA,4.0
b4o6ds,NTA,4.0
b4o6ds,NTA,4.0
b4o6ds,NAH,4.0
b4o6ds,ESH,3.0
b4o6ds,NTA,4.0
b4o6ds,YTA,4.0
b4o6ds,YTA,3.0
b4o6ds,NTA,4.0
b4o6ds,NTA,4.0
b4o6ds,NTA,3.0
b4o6ds,YTA,4.0
b4o6ds,NTA,4.0
b4o6ds,YTA,4.0
b4o6ds,YTA,3.0
b4o6ds,NTA,4.0
b4o6ds,ESH,3.0
b4o6ds,NAH,3.0
b4o6ds,NTA,4.0
b4o6ds,NTA,4.0
b4o6ds,NTA,3.0
b4o6ds,NTA,4.0
b4o6ds,NTA,3.0
b4o6ds,NTA,4.0
b4o6ds,NAH,3.0
b4o6ds,NAH,3.0
b4o6ds,YTA,4.0
b4o6ds,NTA,4.0
b4o6ds,NTA,4.0
b4o6ds,NTA,2.0
b4o6ds,NTA,4.0
b4o6ds,NTA,4.0
b4o6ds,YTA,4.0
b4o6ds,NAH,3.0
b4o6ds,YTA,4.0
b4o6ds,NTA,4.0
b4o6ds,NAH,3.0
b4o6ds,NTA,4.0
b4o6ds,NTA,4.0
b4o6ds,NAH,3.0
b4o6ds,NTA,4.0
b4o6ds,YTA,4.0
b4o6ds,NTA,4.0
b4o6ds,NTA,4.0
b4o6ds,NTA,4.0
b4o6ds,NTA,4.0
b4o6ds,NAH,3.0
b4o6ds,NTA,4.0
b4o6ds,YTA,4.0
b4o6ds,YTA,4.0
b4o6ds,NTA,4.0
b4o6ds,NTA,4.0
b4o6ds,YTA,4.0
b4o6ds,YTA,4.0
b4o6ds,NTA,3.0
b4o6ds,NTA,4.0
b4o6ds,NTA,4.0
b4o6ds,ESH,3.0
b4o6ds,NAH,3.0
b4o6ds,NAH,3.0
b4o6ds,NTA,4.0
b4o6ds,NTA,4.0
b4o6ds,YTA,4.0
b4o6ds,NAH,3.0
b4o6ds,NTA,4.0
b4o6ds,NAH,3.0
b4o6ds,NTA,4.0
b4o6ds,NAH,3.0
b4o6ds,YTA,4.0
b4o6ds,NTA,4.0
b4o6ds,NTA,4.0
b4o6ds,NTA,3.0
b4o6ds,NTA,4.0
b4o6ds,ESH,1.0
b4o6ds,NTA,4.0
b4o6ds,NAH,3.0
b4o6ds,NTA,4.0
b4o6ds,YTA,3.0
b4o6ds,NTA,4.0
b4o6ds,NTA,4.0
b4o6ds,YTA,3.0
b4o6ds,NTA,4.0
b4o6ds,NAH,4.0
b4o6ds,NTA,3.0
b4o6ds,NTA,4.0
b4o6ds,YTA,4.0
b4o6ds,NTA,4.0
b4o6ds,YTA,4.0
b4o6ds,NTA,4.0
b4o6ds,YTA,1.0
b4o6ds,NTA,4.0
b4o6ds,YTA,4.0
b4o6ds,NTA,4.0
b4o6ds,NTA,3.0
b4o6ds,NAH,4.0
b4o6ds,NTA,3.0
b4o6ds,YTA,4.0
b4o6ds,NTA,4.0
b4o6ds,NTA,4.0
b4o6ds,NTA,4.0
b4o6ds,YTA,4.0
b4o6ds,ESH,3.0
b4o6ds,NTA,4.0
b4o6ds,NAH,1.0
b4o6ds,NAH,4.0
b4o6ds,NAH,1.0
b4o6ds,NTA,3.0
b4o6ds,NTA,4.0
b4o6ds,NTA,3.0
b4o6ds,NTA,4.0
b4o6ds,NAH,3.0
b4o6ds,YTA,4.0
b4o6ds,NAH,3.0
b4o6ds,YTA,4.0
b4o6ds,NTA,4.0
b4o6ds,YTA,3.0
b4o6ds,NAH,3.0
b4o6ds,YTA,4.0
b4o6ds,NTA,4.0
b4o6ds,YTA,3.0
b4o6ds,NAH,3.0
b4o6ds,YTA,3.0
b4o6ds,NTA,3.0
b4o6ds,NTA,4.0
b4o6ds,NAH,3.0
b4o6ds,YTA,4.0
b4o6ds,NAH,3.0
b4o6ds,NTA,4.0
b4o6ds,NAH,3.0
b4o6ds,YTA,4.0
b4o6ds,NTA,4.0
b4o6ds,NTA,4.0
b4o6ds,NTA,4.0
b4o6ds,NTA,4.0
b4o6ds,NAH,3.0
b4o6ds,NTA,4.0
b4o6ds,NAH,3.0
b4o6ds,NTA,4.0
b4o6ds,YTA,4.0
b4o6ds,YTA,4.0
b4o6ds,NTA,4.0
b4o6ds,NTA,3.0
b4o6ds,NTA,4.0
b4o6ds,NTA,4.0
b4o6ds,NTA,4.0
b4o6ds,NAH,3.0
b4o6ds,NTA,4.0
b4o6ds,NTA,3.0
b4o6ds,NTA,4.0
b4o6ds,NTA,4.0
b4o6ds,NTA,4.0
b4o6ds,NTA,3.0
batqm4,NTA,4.0
batqm4,NTA,4.0
batqm4,NTA,4.0
batqm4,ESH,4.0
batqm4,NTA,4.0
batqm4,NTA,4.0
batqm4,NTA,4.0
batqm4,YTA,4.0
batqm4,NTA,4.0
batqm4,NTA,4.0
batqm4,NTA,4.0
batqm4,ESH,3.0
batqm4,NTA,4.0
batqm4,NTA,4.0
batqm4,NTA,4.0
batqm4,NTA,4.0
batqm4,NTA,4.0
batqm4,NTA,4.0
batqm4,NTA,4.0
batqm4,NTA,4.0
batqm4,YTA,4.0
batqm4,NTA,4.0
batqm4,NTA,4.0
batqm4,NTA,4.0
batqm4,NTA,4.0
batqm4,NTA,4.0
batqm4,NTA,4.0
batqm4,NTA,4.0
batqm4,NTA,4.0
batqm4,ESH,4.0
batqm4,NTA,4.0
batqm4,NTA,4.0
batqm4,NTA,4.0
batqm4,NTA,4.0
batqm4,NTA,4.0
batqm4,NTA,4.0
batqm4,ESH,4.0
batqm4,NTA,4.0
batqm4,NTA,4.0
batqm4,NTA,4.0
batqm4,NTA,4.0
batqm4,NTA,4.0
batqm4,NTA,4.0
batqm4,NTA,4.0
batqm4,NTA,4.0
batqm4,ESH,4.0
batqm4,NTA,4.0
batqm4,NTA,4.0
batqm4,NTA,4.0
batqm4,NTA,4.0
batqm4,NTA,4.0
batqm4,ESH,4.0
batqm4,ESH,4.0
batqm4,NTA,4.0
batqm4,NTA,4.0
batqm4,NTA,4.0
batqm4,NTA,4.0
batqm4,YTA,4.0
batqm4,NAH,4.0
batqm4,NTA,4.0
batqm4,ESH,4.0
batqm4,NTA,4.0
batqm4,NTA,4.0
batqm4,NTA,4.0
batqm4,NTA,4.0
batqm4,NTA,4.0
batqm4,NTA,4.0
batqm4,NTA,4.0
batqm4,NTA,4.0
batqm4,NTA,4.0
batqm4,NTA,4.0
batqm4,ESH,3.0
batqm4,NTA,4.0
batqm4,NTA,3.0
batqm4,NTA,4.0
batqm4,NTA,4.0
batqm4,NTA,4.0
batqm4,NTA,4.0
batqm4,NTA,4.0
batqm4,NTA,4.0
batqm4,NTA,4.0
batqm4,NTA,4.0
batqm4,NTA,4.0
batqm4,NTA,4.0
batqm4,NTA,4.0
batqm4,NTA,4.0
batqm4,NTA,4.0
batqm4,ESH,3.0
batqm4,NTA,4.0
batqm4,NTA,4.0
batqm4,NTA,4.0
batqm4,NTA,4.0
batqm4,NTA,4.0
batqm4,NTA,4.0
batqm4,NTA,4.0
batqm4,NTA,3.0
batqm4,NTA,4.0
batqm4,ESH,4.0
batqm4,NTA,4.0
batqm4,NTA,4.0
batqm4,NTA,4.0
batqm4,NTA,4.0
batqm4,NTA,4.0
batqm4,NTA,4.0
batqm4,NTA,4.0
batqm4,ESH,4.0
batqm4,NTA,4.0
batqm4,NTA,4.0
batqm4,NTA,4.0
batqm4,NTA,4.0
batqm4,NTA,4.0
batqm4,NTA,4.0
batqm4,NTA,4.0
batqm4,NTA,4.0
batqm4,NAH,4.0
batqm4,NTA,4.0
batqm4,ESH,4.0
batqm4,NTA,4.0
batqm4,NTA,4.0
batqm4,NTA,4.0
batqm4,NTA,4.0
batqm4,NTA,4.0
batqm4,NTA,4.0
batqm4,NTA,4.0
batqm4,NTA,4.0
batqm4,NTA,4.0
batqm4,NTA,4.0
batqm4,ESH,4.0
batqm4,NTA,4.0
batqm4,NTA,4.0
batqm4,NTA,4.0
batqm4,NTA,4.0
batqm4,NTA,4.0
batqm4,NTA,4.0
batqm4,NTA,4.0
batqm4,NTA,4.0
batqm4,NTA,4.0
batqm4,NTA,4.0
batqm4,ESH,4.0
batqm4,NTA,4.0
batqm4,NTA,4.0
batqm4,NTA,4.0
batqm4,ESH,4.0
batqm4,NTA,4.0
batqm4,NTA,4.0
batqm4,ESH,2.0
batqm4,NTA,4.0
batqm4,NTA,4.0
batqm4,NTA,4.0
batqm4,NTA,4.0
batqm4,NTA,4.0
batqm4,NTA,4.0
batqm4,NTA,4.0
batqm4,NTA,4.0
batqm4,NTA,4.0
batqm4,NTA,4.0
batqm4,NTA,4.0
batqm4,NTA,4.0
batqm4,NTA,4.0
batqm4,NTA,4.0
batqm4,NTA,4.0
batqm4,NTA,4.0
batqm4,NTA,4.0
batqm4,NTA,4.0
batqm4,NTA,4.0
batqm4,NTA,4.0
batqm4,NTA,4.0
batqm4,NTA,4.0
batqm4,ESH,3.0
batqm4,NTA,4.0
batqm4,NTA,4.0
batqm4,ESH,3.0
batqm4,NTA,4.0
batqm4,NTA,4.0
batqm4,NTA,4.0
batqm4,NTA,4.0
batqm4,NTA,4.0
batqm4,NTA,4.0
batqm4,NTA,4.0
batqm4,NTA,4.0
batqm4,NTA,4.0
batqm4,NTA,4.0
batqm4,NTA,4.0
batqm4,NTA,4.0
batqm4,NTA,4.0
batqm4,NTA,4.0
batqm4,NTA,4.0
batqm4,NTA,4.0
batqm4,NTA,4.0
batqm4,NTA,4.0
batqm4,NTA,4.0
batqm4,NTA,4.0
batqm4,NAH,4.0
batqm4,NTA,4.0
batqm4,NTA,4.0
batqm4,ESH,3.0
batqm4,NAH,4.0
batqm4,NTA,4.0
batqm4,NTA,4.0
batqm4,NTA,4.0
batqm4,NTA,4.0
batqm4,NTA,4.0
batqm4,NTA,4.0
batqm4,NTA,4.0
batqm4,NTA,4.0
batqm4,NTA,4.0
batqm4,NTA,4.0
batqm4,NTA,4.0
batqm4,NTA,4.0
batqm4,NTA,4.0
batqm4,NTA,4.0
batqm4,YTA,4.0
batqm4,NTA,4.0
batqm4,NTA,4.0
batqm4,NTA,4.0
batqm4,NTA,4.0
batqm4,NTA,4.0
batqm4,NTA,4.0
batqm4,NTA,4.0
batqm4,NTA,4.0
batqm4,NTA,4.0
batqm4,NTA,4.0
batqm4,NTA,4.0
batqm4,NTA,4.0
batqm4,ESH,3.0
batqm4,NTA,4.0
batqm4,NTA,4.0
batqm4,NTA,4.0
batqm4,NTA,4.0
batqm4,NTA,4.0
batqm4,NTA,4.0
batqm4,ESH,4.0
batqm4,NTA,4.0
batqm4,NTA,4.0
batqm4,NTA,4.0
batqm4,NTA,4.0
batqm4,NTA,4.0
batqm4,NTA,4.0
batqm4,NTA,4.0
batqm4,NTA,4.0
batqm4,NTA,4.0
batqm4,NTA,4.0
batqm4,NTA,4.0
batqm4,NTA,4.0
batqm4,NTA,4.0
batqm4,NTA,4.0
batqm4,NTA,4.0
batqm4,NTA,4.0
batqm4,NTA,4.0
batqm4,NTA,4.0
batqm4,NTA,4.0
batqm4,NTA,4.0
batqm4,NTA,4.0
batqm4,NTA,4.0
batqm4,NTA,4.0
batqm4,NTA,4.0
batqm4,NTA,4.0
batqm4,YTA,4.0
batqm4,NAH,4.0
batqm4,NTA,4.0
batqm4,NTA,4.0
batqm4,NTA,4.0
batqm4,NTA,4.0
batqm4,NTA,4.0
batqm4,NTA,4.0
batqm4,YTA,4.0
batqm4,NTA,4.0
batqm4,NTA,4.0
batqm4,NTA,4.0
batqm4,NTA,4.0
batqm4,NTA,4.0
batqm4,NTA,4.0
batqm4,NTA,4.0
batqm4,ESH,4.0
batqm4,NTA,4.0
batqm4,NTA,4.0
batqm4,NTA,4.0
batqm4,NTA,4.0
batqm4,NTA,4.0
batqm4,NTA,4.0
batqm4,ESH,4.0
batqm4,NTA,4.0
batqm4,NTA,4.0
batqm4,NTA,4.0
batqm4,NTA,4.0
batqm4,NTA,4.0
batqm4,NTA,4.0
batqm4,NTA,4.0
batqm4,NTA,4.0
batqm4,ESH,4.0
batqm4,NTA,4.0
batqm4,NTA,4.0
batqm4,NTA,4.0
batqm4,ESH,4.0
batqm4,NAH,4.0
batqm4,ESH,4.0
batqm4,NTA,4.0
batqm4,NTA,4.0
batqm4,NTA,4.0
batqm4,NTA,4.0
batqm4,NAH,4.0
batqm4,ESH,4.0
batqm4,NTA,4.0
batqm4,NAH,4.0
batqm4,NAH,3.0
batqm4,NTA,4.0
batqm4,NTA,4.0
batqm4,ESH,4.0
batqm4,NTA,4.0
batqm4,NTA,4.0
batqm4,YTA,4.0
batqm4,NTA,4.0
batqm4,NTA,4.0
batqm4,NTA,4.0
batqm4,NTA,4.0
batqm4,NTA,4.0
batqm4,NTA,4.0
batqm4,NTA,4.0
batqm4,ESH,4.0
batqm4,NTA,4.0
batqm4,NTA,4.0
batqm4,NAH,4.0
batqm4,YTA,4.0
batqm4,NTA,4.0
batqm4,NTA,4.0
batqm4,NTA,4.0
batqm4,NTA,4.0
batqm4,NTA,4.0
batqm4,NTA,4.0
batqm4,NTA,4.0
batqm4,YTA,4.0
batqm4,NTA,4.0
batqm4,NTA,4.0
batqm4,NTA,4.0
batqm4,NTA,4.0
batqm4,NTA,4.0
batqm4,NTA,4.0
batqm4,NTA,4.0
batqm4,NTA,4.0
batqm4,NTA,4.0
batqm4,NTA,4.0
batqm4,NTA,4.0
batqm4,NTA,4.0
batqm4,NTA,4.0
batqm4,NTA,4.0
batqm4,NTA,4.0
batqm4,NTA,4.0
batqm4,NTA,4.0
batqm4,NTA,4.0
batqm4,NTA,4.0
batqm4,ESH,4.0
batqm4,NTA,4.0
batqm4,YTA,4.0
batqm4,NTA,4.0
batqm4,ESH,3.0
batqm4,NTA,4.0
batqm4,ESH,3.0
batqm4,NTA,4.0
batqm4,NTA,4.0
batqm4,NTA,4.0
batqm4,NTA,1.0
batqm4,NTA,3.0
batqm4,ESH,4.0
batqm4,NTA,3.0
batqm4,ESH,4.0
batqm4,ESH,3.0
batqm4,ESH,4.0
batqm4,ESH,4.0
batqm4,ESH,4.0
batqm4,YTA,4.0
cm0bft,YTA,4.0
cm0bft,NTA,4.0
cm0bft,YTA,3.0
cm0bft,NTA,4.0
cm0bft,ESH,4.0
cm0bft,ESH,3.0
cm0bft,YTA,4.0
cm0bft,YTA,4.0
cm0bft,NTA,4.0
cm0bft,ESH,3.0
cm0bft,YTA,4.0
cm0bft,NTA,4.0
cm0bft,NTA,4.0
cm0bft,YTA,4.0
cm0bft,YTA,4.0
cm0bft,NTA,4.0
cm0bft,YTA,4.0
cm0bft,ESH,3.0
cm0bft,NTA,4.0
cm0bft,YTA,4.0
cm0bft,YTA,4.0
cm0bft,YTA,4.0
cm0bft,YTA,4.0
cm0bft,YTA,4.0
cm0bft,NTA,4.0
cm0bft,YTA,4.0
cm0bft,YTA,4.0
cm0bft,YTA,4.0
cm0bft,YTA,4.0
cm0bft,YTA,4.0
cm0bft,YTA,4.0
cm0bft,YTA,4.0
cm0bft,NTA,4.0
cm0bft,YTA,4.0
cm0bft,NTA,4.0
cm0bft,NTA,4.0
cm0bft,YTA,4.0
cm0bft,YTA,4.0
cm0bft,NTA,4.0
cm0bft,YTA,4.0
cm0bft,YTA,4.0
cm0bft,NTA,4.0
cm0bft,YTA,4.0
cm0bft,YTA,4.0
cm0bft,NTA,4.0
cm0bft,YTA,4.0
cm0bft,YTA,4.0
cm0bft,NTA,4.0
cm0bft,YTA,4.0
cm0bft,YTA,4.0
cm0bft,YTA,4.0
cm0bft,NTA,4.0
cm0bft,ESH,4.0
cm0bft,NTA,4.0
cm0bft,YTA,4.0
cm0bft,YTA,4.0
cm0bft,YTA,4.0
cm0bft,NTA,4.0
cm0bft,YTA,4.0
cm0bft,NTA,4.0
cm0bft,YTA,4.0
cm0bft,YTA,4.0
cm0bft,YTA,4.0
cm0bft,ESH,3.0
cm0bft,YTA,4.0
cm0bft,YTA,4.0
cm0bft,NTA,4.0
cm0bft,YTA,4.0
cm0bft,NTA,3.0
cm0bft,YTA,3.0
cm0bft,YTA,4.0
cm0bft,NTA,4.0
cm0bft,NTA,4.0
cm0bft,NTA,4.0
cm0bft,NTA,4.0
cm0bft,YTA,4.0
cm0bft,YTA,4.0
cm0bft,YTA,4.0
cm0bft,YTA,4.0
cm0bft,NTA,4.0
cm0bft,YTA,4.0
cm0bft,NTA,4.0
cm0bft,ESH,4.0
cm0bft,YTA,4.0
cm0bft,NTA,4.0
cm0bft,NTA,4.0
cm0bft,ESH,3.0
cm0bft,YTA,4.0
cm0bft,ESH,4.0
cm0bft,YTA,4.0
cm0bft,YTA,4.0
cm0bft,YTA,4.0
cm0bft,YTA,4.0
cm0bft,YTA,4.0
cm0bft,ESH,4.0
cm0bft,YTA,4.0
cm0bft,YTA,4.0
cm0bft,NTA,4.0
cm0bft,NTA,4.0
cm0bft,NTA,4.0
cm0bft,NTA,4.0
cm0bft,YTA,4.0
cm0bft,NTA,4.0
cm0bft,NTA,4.0
cm0bft,NTA,4.0
cm0bft,YTA,4.0
cm0bft,YTA,4.0
cm0bft,ESH,4.0
cm0bft,YTA,4.0
cm0bft,YTA,3.0
cm0bft,NTA,4.0
cm0bft,YTA,4.0
cm0bft,YTA,4.0
cm0bft,YTA,4.0
cm0bft,NTA,4.0
cm0bft,NTA,4.0
cm0bft,ESH,2.0
cm0bft,YTA,4.0
cm0bft,YTA,4.0
cm0bft,YTA,4.0
cm0bft,YTA,4.0
cm0bft,YTA,4.0
cm0bft,YTA,4.0
cm0bft,YTA,4.0
cm0bft,NTA,4.0
cm0bft,NTA,4.0
cm0bft,YTA,4.0
cm0bft,YTA,4.0
cm0bft,YTA,4.0
cm0bft,YTA,4.0
cm0bft,YTA,4.0
cm0bft,NTA,4.0
cm0bft,YTA,4.0
cm0bft,NTA,4.0
cm0bft,NTA,4.0
cm0bft,YTA,4.0
cm0bft,NTA,4.0
cm0bft,NTA,4.0
cm0bft,YTA,4.0
cm0bft,YTA,4.0
cm0bft,NTA,4.0
cm0bft,YTA,4.0
cm0bft,YTA,4.0
cm0bft,YTA,4.0
cm0bft,ESH,4.0
cm0bft,NTA,4.0
cm0bft,NTA,4.0
cm0bft,YTA,4.0
cm0bft,YTA,4.0
cm0bft,YTA,4.0
cm0bft,YTA,4.0
cm0bft,YTA,4.0
cm0bft,YTA,4.0
cm0bft,YTA,4.0
cm0bft,ESH,3.0
cm0bft,YTA,4.0
cm0bft,YTA,4.0
cm0bft,NTA,4.0
cm0bft,NTA,4.0
cm0bft,ESH,2.0
cm0bft,NTA,4.0
cm0bft,YTA,4.0
cm0bft,NTA,4.0
cm0bft,YTA,4.0
cm0bft,NTA,4.0
cm0bft,YTA,4.0
cm0bft,YTA,3.0
cm0bft,YTA,4.0
cm0bft,YTA,4.0
cm0bft,NTA,4.0
cm0bft,YTA,4.0
cm0bft,YTA,4.0
cm0bft,NTA,4.0
cm0bft,YTA,4.0
cm0bft,YTA,4.0
cm0bft,YTA,4.0
cm0bft,NTA,4.0
cm0bft,YTA,4.0
cm0bft,YTA,4.0
cm0bft,NTA,4.0
cm0bft,YTA,4.0
cm0bft,YTA,4.0
cm0bft,YTA,4.0
cm0bft,YTA,4.0
cm0bft,YTA,4.0
cm0bft,NTA,4.0
cm0bft,YTA,4.0
cm0bft,YTA,4.0
cm0bft,YTA,4.0
cm0bft,NTA,4.0
cm0bft,ESH,3.0
cm0bft,NTA,4.0
cm0bft,YTA,4.0
cm0bft,YTA,4.0
cm0bft,YTA,3.0
cm0bft,YTA,4.0
cm0bft,NTA,4.0
cm0bft,NTA,4.0
cm0bft,NTA,4.0
cm0bft,YTA,4.0
cm0bft,NTA,4.0
cm0bft,YTA,4.0
cm0bft,YTA,4.0
cm0bft,YTA,4.0
cm0bft,NAH,4.0
cm0bft,YTA,4.0
cm0bft,YTA,4.0
cm0bft,ESH,2.0
cm0bft,NTA,4.0
cm0bft,YTA,4.0
cm0bft,YTA,4.0
cm0bft,YTA,4.0
cm0bft,YTA,4.0
cm0bft,YTA,4.0
cm0bft,NTA,4.0
cm0bft,YTA,4.0
cm0bft,YTA,4.0
cm0bft,NTA,4.0
cm0bft,NTA,4.0
cm0bft,YTA,4.0
cm0bft,ESH,3.0
cm0bft,NTA,4.0
cm0bft,YTA,4.0
cm0bft,ESH,4.0
cm0bft,NTA,4.0
cm0bft,NTA,4.0
cm0bft,YTA,4.0
cm0bft,NTA,4.0
cm0bft,YTA,4.0
cm0bft,NTA,4.0
cm0bft,NTA,4.0
cm0bft,YTA,4.0
cm0bft,YTA,4.0
cm0bft,NTA,4.0
cm0bft,YTA,4.0
cm0bft,NTA,4.0
cm0bft,YTA,4.0
cm0bft,YTA,4.0
cm0bft,YTA,4.0
cm0bft,YTA,4.0
cm0bft,NTA,4.0
cm0bft,ESH,3.0
cm0bft,NAH,3.0
cm0bft,YTA,4.0
cm0bft,YTA,4.0
cm0bft,NTA,4.0
cm0bft,YTA,3.0
cm0bft,NTA,4.0
cm0bft,NTA,4.0
cm0bft,NTA,4.0
cm0bft,NTA,4.0
cm0bft,NTA,4.0
cm0bft,YTA,4.0
cm0bft,NTA,4.0
cm0bft,NTA,4.0
cm0bft,NTA,4.0
cm0bft,NTA,4.0
cm0bft,NTA,4.0
cm0bft,NTA,4.0
cm0bft,NTA,4.0
cm0bft,NTA,3.0
cm0bft,ESH,4.0
cm0bft,YTA,4.0
cm0bft,YTA,4.0
cm0bft,NTA,4.0
cm0bft,YTA,4.0
cm0bft,YTA,4.0
cm0bft,NTA,4.0
cm0bft,NTA,4.0
cm0bft,NTA,4.0
cm0bft,NTA,4.0
cm0bft,NTA,4.0
cm0bft,YTA,4.0
cm0bft,YTA,4.0
cm0bft,NTA,4.0
cm0bft,NTA,4.0
cm0bft,YTA,4.0
cm0bft,NTA,4.0
cm0bft,YTA,4.0
cm0bft,NTA,4.0
cm0bft,ESH,4.0
cm0bft,NTA,4.0
cm0bft,YTA,4.0
cm0bft,YTA,4.0
cm0bft,NTA,4.0
cm0bft,NTA,4.0
cm0bft,YTA,4.0
cm0bft,NTA,4.0
cm0bft,YTA,4.0
cm0bft,YTA,4.0
cm0bft,NTA,4.0
cm0bft,YTA,4.0
cm0bft,NTA,4.0
cm0bft,NTA,4.0
cm0bft,NTA,4.0
cm0bft,ESH,4.0
cm0bft,YTA,4.0
cm0bft,YTA,4.0
cm0bft,NTA,4.0
cm0bft,NTA,4.0
cm0bft,NTA,4.0
cm0bft,NTA,3.0
cm0bft,NTA,4.0
cm0bft,YTA,4.0
cm0bft,NTA,4.0
cm0bft,YTA,3.0
cm0bft,YTA,4.0
cm0bft,NAH,4.0
cm0bft,NTA,4.0
cm0bft,NTA,4.0
cm0bft,YTA,4.0
cm0bft,NTA,4.0
cm0bft,NTA,4.0
cm0bft,ESH,4.0
cm0bft,NTA,4.0
cm0bft,NTA,4.0
cm0bft,YTA,4.0
cm0bft,NTA,4.0
cm0bft,YTA,4.0
cm0bft,NTA,4.0
cm0bft,NTA,4.0
cm0bft,YTA,4.0
cm0bft,YTA,4.0
cm0bft,YTA,4.0
cm0bft,NTA,4.0
cm0bft,NTA,4.0
cm0bft,NTA,4.0
cm0bft,NTA,4.0
cm0bft,NTA,4.0
cm0bft,YTA,4.0
cm0bft,NTA,4.0
cm0bft,YTA,4.0
cm0bft,NTA,4.0
cm0bft,YTA,4.0
cm0bft,NTA,4.0
cm0bft,YTA,4.0
cm0bft,NTA,4.0
cm0bft,YTA,4.0
cm0bft,NTA,4.0
cm0bft,NAH,3.0
cm0bft,NTA,4.0
cm0bft,NTA,4.0
cm0bft,YTA,4.0
cm0bft,YTA,4.0
cm0bft,NTA,4.0
cm0bft,YTA,4.0
cm0bft,YTA,4.0
cm0bft,NTA,4.0
cm0bft,YTA,4.0
cm0bft,YTA,4.0
cm0bft,NTA,4.0
cm0bft,NTA,4.0
cm0bft,YTA,4.0
cm0bft,NTA,4.0
cm0bft,YTA,4.0
cm0bft,YTA,4.0
cm0bft,NTA,1.0
cm0bft,YTA,4.0
cm0bft,NTA,4.0
cm0bft,YTA,4.0
cm0bft,NTA,4.0
cm0bft,YTA,4.0
cm0bft,YTA,4.0
cm0bft,YTA,4.0
cm0bft,NTA,4.0
cm0bft,ESH,4.0
cm0bft,YTA,4.0
cm0bft,YTA,4.0
cm0bft,NTA,4.0
cm0bft,YTA,4.0
cm0bft,NTA,4.0
cm0bft,YTA,4.0
cm0bft,NTA,4.0
cm0bft,NTA,3.0
cm0bft,NTA,4.0
cm0bft,YTA,4.0
cm0bft,ESH,3.0
cm0bft,NTA,4.0
cm0bft,YTA,4.0
cm0bft,YTA,4.0
cm0bft,NTA,4.0
cm0bft,YTA,4.0
cm0bft,NTA,4.0
cm0bft,YTA,4.0
cm0bft,YTA,4.0
cm0bft,ESH,3.0
cm0bft,YTA,4.0
cm0bft,YTA,3.0
cm0bft,YTA,4.0
cm0bft,NTA,4.0
cm0bft,NTA,4.0
cm0bft,NTA,4.0
cm0bft,NTA,4.0
cm0bft,NTA,4.0
cm0bft,YTA,4.0
cm0bft,ESH,4.0
cm0bft,NTA,4.0
cm0bft,YTA,4.0
cm0bft,YTA,4.0
cm0bft,YTA,4.0
cm0bft,NTA,4.0
cm0bft,NTA,4.0
cm0bft,NTA,4.0
cm0bft,NTA,4.0
cm0bft,YTA,4.0
cm0bft,NTA,4.0
cm0bft,NTA,4.0
cm0bft,NTA,4.0
cm0bft,NTA,4.0
cm0bft,NTA,4.0
cm0bft,YTA,4.0
cm0bft,NTA,4.0
cm0bft,YTA,4.0
cm0bft,YTA,4.0
cm0bft,NTA,4.0
cm0bft,NTA,4.0
cm0bft,YTA,4.0
cm0bft,YTA,4.0
cm0bft,NTA,4.0
cm0bft,NTA,4.0
cm0bft,NTA,4.0
cm0bft,NTA,4.0
cm0bft,NTA,4.0
cm0bft,NTA,4.0
cm0bft,NTA,4.0
cm0bft,NTA,4.0
cm0bft,YTA,4.0
cm0bft,NTA,4.0
cm0bft,YTA,4.0
cm0bft,NTA,4.0
cm0bft,NTA,4.0
cm0bft,YTA,4.0
cm0bft,NTA,4.0
cm0bft,YTA,4.0
cm0bft,NTA,4.0
cm0bft,NTA,4.0
cm0bft,YTA,4.0
cm0bft,YTA,4.0
cm0bft,NTA,3.0
cm0bft,YTA,4.0
cm0bft,NTA,4.0
cm0bft,NTA,4.0
cm0bft,NTA,4.0
cm0bft,YTA,4.0
cm0bft,NTA,4.0
cm0bft,NTA,4.0
cm0bft,NTA,4.0
cm0bft,YTA,4.0
cm0bft,NTA,4.0
cm0bft,YTA,4.0
cm0bft,NTA,4.0
cm0bft,NTA,4.0
cm0bft,ESH,4.0
cm0bft,NTA,4.0
cm0bft,NTA,4.0
cm0bft,YTA,4.0
cm0bft,NTA,4.0
cm0bft,NTA,4.0
cm0bft,NTA,4.0
cm0bft,NTA,4.0
cm0bft,YTA,3.0
cm0bft,ESH,3.0
cm0bft,YTA,4.0
cm0bft,YTA,4.0
cm0bft,YTA,4.0
cm0bft,YTA,4.0
cm0bft,YTA,3.0
cm0bft,NTA,4.0
cm0bft,YTA,4.0
cm0bft,NTA,4.0
cm0bft,NTA,4.0
cm0bft,NTA,4.0
cm0bft,NTA,4.0
cm0bft,NTA,4.0
cm0bft,NTA,4.0
cm0bft,YTA,4.0
cm0bft,NTA,4.0
cm0bft,NTA,4.0
cm0bft,NTA,4.0
cm0bft,NTA,4.0
cm0bft,YTA,4.0
cm0bft,NTA,4.0
cm0bft,NTA,4.0
cm0bft,YTA,4.0
cm0bft,YTA,4.0
cm0bft,NTA,4.0
cm0bft,NTA,4.0
cm0bft,NTA,4.0
cm0bft,YTA,4.0
cm0bft,YTA,3.0
cm0bft,YTA,4.0
cm0bft,NTA,4.0
cm0bft,YTA,4.0
cm0bft,NTA,4.0
cm0bft,YTA,4.0
cm0bft,NTA,4.0
cm0bft,YTA,4.0
cm0bft,NTA,4.0
cm0bft,NTA,4.0
cm0bft,YTA,4.0
cm0bft,NTA,4.0
cm0bft,YTA,4.0
cm0bft,NTA,4.0
cm0bft,NTA,4.0
cm0bft,NTA,4.0
cm0bft,ESH,4.0
cm0bft,NTA,4.0
cm0bft,YTA,4.0
cm0bft,YTA,4.0
cm0bft,NTA,4.0
cm0bft,ESH,4.0
cm0bft,YTA,4.0
cm0bft,YTA,4.0
cm0bft,YTA,4.0
cm0bft,NTA,4.0
cm0bft,NAH,4.0
cm0bft,NTA,4.0
cm0bft,NTA,4.0
cm0bft,NTA,4.0
cm0bft,YTA,4.0
cm0bft,NTA,4.0
cm0bft,YTA,3.0
cm0bft,YTA,4.0
cm0bft,NTA,4.0
cm0bft,NTA,4.0
cm0bft,NTA,4.0
cm0bft,YTA,4.0
cm0bft,NTA,4.0
cm0bft,YTA,4.0
cm0bft,YTA,4.0
cm0bft,NTA,4.0
cm0bft,NTA,4.0
cm0bft,NTA,4.0
cm0bft,NTA,4.0
cm0bft,NTA,4.0
cm0bft,YTA,4.0
cm0bft,YTA,4.0
cm0bft,NTA,4.0
cm0bft,YTA,4.0
cm0bft,YTA,4.0
cm0bft,YTA,4.0
cm0bft,NTA,4.0
cm0bft,YTA,4.0
cm0bft,YTA,4.0
cm0bft,NTA,4.0
cm0bft,NTA,4.0
cm0bft,NTA,4.0
cm0bft,NTA,4.0
cm0bft,YTA,4.0
cm0bft,YTA,4.0
cm0bft,YTA,4.0
cm0bft,NTA,4.0
cm0bft,YTA,4.0
cm0bft,NTA,4.0
cm0bft,NTA,4.0
cm0bft,YTA,4.0
cm0bft,NTA,4.0
cm0bft,YTA,4.0
cm0bft,YTA,4.0
cm0bft,NTA,4.0
cm0bft,NTA,4.0
cm0bft,YTA,4.0
cm0bft,ESH,4.0
cm0bft,NTA,4.0
cm0bft,NTA,4.0
cm0bft,NTA,4.0
cm0bft,NTA,4.0
cm0bft,NTA,4.0
cm0bft,NTA,4.0
cm0bft,NTA,4.0
cm0bft,NTA,4.0
cm0bft,NTA,4.0
cm0bft,NTA,4.0
cm0bft,NTA,4.0
cm0bft,NTA,4.0
cm0bft,YTA,4.0
cm0bft,YTA,4.0
cm0bft,YTA,4.0
cm0bft,NTA,4.0
cm0bft,YTA,4.0
cm0bft,NTA,4.0
cm0bft,YTA,4.0
cm0bft,NTA,4.0
cm0bft,NTA,4.0
cm0bft,YTA,3.0
cm0bft,NTA,4.0
cm0bft,YTA,4.0
cm0bft,NTA,4.0
cm0bft,NTA,4.0
cm0bft,NTA,4.0
cm0bft,NTA,4.0
cm0bft,YTA,4.0
cm0bft,NTA,4.0
cm0bft,YTA,4.0
cm0bft,NTA,4.0
cm0bft,NTA,4.0
cm0bft,NTA,4.0
cm0bft,YTA,3.0
cm0bft,YTA,4.0
cm0bft,NTA,4.0
cm0bft,ESH,4.0
cm0bft,YTA,4.0
cm0bft,NTA,4.0
cm0bft,NTA,4.0
cm0bft,ESH,4.0
cm0bft,YTA,4.0
cm0bft,NTA,4.0
cm0bft,YTA,4.0
cm0bft,NTA,4.0
cm0bft,YTA,4.0
cm0bft,NTA,4.0
cm0bft,YTA,4.0
cm0bft,NTA,4.0
cm0bft,YTA,4.0
cm0bft,NTA,4.0
cm0bft,NTA,4.0
cm0bft,NTA,4.0
cm0bft,NTA,4.0
cm0bft,NTA,4.0
cm0bft,NTA,4.0
cm0bft,YTA,4.0
cm0bft,YTA,4.0
cm0bft,NTA,4.0
cm0bft,NTA,4.0
cm0bft,YTA,4.0
cm0bft,YTA,4.0
cm0bft,YTA,4.0
cm0bft,YTA,4.0
cm0bft,YTA,4.0
cm0bft,YTA,4.0
cm0bft,ESH,3.0
cm0bft,NTA,4.0
cm0bft,NTA,4.0
cm0bft,YTA,4.0
cm0bft,YTA,4.0
cm0bft,YTA,4.0
cm0bft,NTA,3.0
cm0bft,NTA,4.0
cm0bft,YTA,4.0
cm0bft,YTA,4.0
cm0bft,NAH,4.0
cm0bft,YTA,4.0
cm0bft,YTA,4.0
cm0bft,YTA,4.0
cm0bft,NTA,4.0
cm0bft,NTA,4.0
cm0bft,NTA,4.0
cm0bft,YTA,4.0
cm0bft,NTA,4.0
cm0bft,YTA,4.0
cm0bft,NTA,4.0
cm0bft,NTA,4.0
cm0bft,NTA,3.0
cm0bft,ESH,4.0
cm0bft,YTA,4.0
cm0bft,NTA,4.0
cm0bft,YTA,4.0
cm0bft,NTA,4.0
cm0bft,NTA,4.0
cm0bft,NTA,4.0
cm0bft,NTA,4.0
cm0bft,YTA,4.0
cm0bft,NTA,4.0
cm0bft,YTA,4.0
cm0bft,ESH,3.0
cm0bft,ESH,4.0
cm0bft,ESH,3.0
cm0bft,YTA,4.0
cm0bft,NTA,4.0
cm0bft,NTA,4.0
cm0bft,YTA,4.0
cm0bft,NTA,4.0
cm0bft,NTA,4.0
cm0bft,NTA,4.0
cm0bft,NTA,4.0
cm0bft,NTA,4.0
cm0bft,NTA,4.0
cm0bft,NTA,4.0
cm0bft,YTA,4.0
cm0bft,YTA,4.0
cm0bft,ESH,4.0
cm0bft,NTA,4.0
cm0bft,YTA,4.0
cm0bft,YTA,4.0
cm0bft,YTA,4.0
cm0bft,NTA,4.0
cm0bft,YTA,3.0
cm0bft,NTA,4.0
cm0bft,ESH,3.0
cm0bft,YTA,3.0
cm0bft,YTA,4.0
cm0bft,NAH,3.0
cm0bft,YTA,4.0
cm0bft,YTA,4.0
cm0bft,ESH,3.0
cm0bft,NTA,4.0
cm0bft,NTA,4.0
cm0bft,NTA,4.0
cm0bft,NTA,4.0
cm0bft,YTA,4.0
cm0bft,YTA,4.0
cm0bft,NTA,4.0
cm0bft,YTA,4.0
cm0bft,YTA,4.0
cm0bft,NTA,4.0
cm0bft,NTA,4.0
cm0bft,NTA,4.0
cm0bft,NTA,3.0
cm0bft,YTA,4.0
cm0bft,NTA,4.0
cm0bft,YTA,4.0
cm0bft,NTA,4.0
cm0bft,NTA,4.0
cm0bft,NTA,4.0
cm0bft,YTA,4.0
cm0bft,ESH,3.0
cm0bft,NTA,4.0
cm0bft,YTA,4.0
cm0bft,YTA,4.0
cm0bft,YTA,4.0
cm0bft,NTA,4.0
cm0bft,YTA,4.0
cm0bft,NTA,4.0
cm0bft,YTA,4.0
cm0bft,YTA,4.0
cm0bft,YTA,4.0
cm0bft,NTA,4.0
cm0bft,NTA,4.0
cm0bft,NTA,4.0
cm0bft,YTA,4.0
cm0bft,NTA,4.0
cm0bft,YTA,4.0
cm0bft,NTA,4.0
cm0bft,YTA,4.0
cm0bft,YTA,4.0
cm0bft,YTA,4.0
cm0bft,NTA,4.0
cm0bft,YTA,4.0
cm0bft,NTA,4.0
cm0bft,YTA,4.0
cm0bft,NTA,4.0
cm0bft,NTA,4.0
cm0bft,NTA,4.0
cm0bft,NTA,4.0
cm0bft,NTA,4.0
cm0bft,YTA,4.0
cm0bft,NTA,4.0
cm0bft,YTA,4.0
cm0bft,YTA,4.0
cm0bft,YTA,4.0
cm0bft,NTA,3.0
cm0bft,NTA,4.0
cm0bft,YTA,4.0
cm0bft,NTA,4.0
cm0bft,YTA,4.0
cm0bft,NTA,4.0
cm0bft,YTA,3.0
cm0bft,YTA,4.0
cm0bft,NTA,4.0
cm0bft,NTA,4.0
cm0bft,NTA,4.0
cm0bft,YTA,4.0
cm0bft,NTA,4.0
cm0bft,NTA,4.0
cm0bft,NTA,4.0
cm0bft,NTA,4.0
cm0bft,NTA,4.0
cm0bft,NTA,4.0
cm0bft,NTA,4.0
cm0bft,NTA,4.0
cm0bft,YTA,4.0
cm0bft,NTA,4.0
cm0bft,NTA,4.0
cm0bft,NTA,4.0
cm0bft,YTA,4.0
cm0bft,NTA,4.0
cm0bft,YTA,4.0
cm0bft,YTA,4.0
cm0bft,NTA,4.0
cm0bft,NTA,4.0
cm0bft,YTA,4.0
cm0bft,YTA,4.0
cm0bft,NTA,4.0
cm0bft,NTA,4.0
cm0bft,YTA,4.0
cm0bft,YTA,4.0
cm0bft,NTA,4.0
cm0bft,NTA,4.0
cm0bft,NTA,4.0
cm0bft,NTA,4.0
cm0bft,NTA,4.0
cm0bft,YTA,4.0
cm0bft,NTA,4.0
cm0bft,YTA,4.0
cm0bft,NTA,4.0
cm0bft,YTA,4.0
cm0bft,NTA,4.0
cm0bft,NTA,4.0
cm0bft,YTA,4.0
cm0bft,NTA,4.0
cm0bft,YTA,4.0
cm0bft,NTA,4.0
cm0bft,YTA,4.0
cm0bft,NTA,4.0
cm0bft,NTA,4.0
cm0bft,NTA,4.0
cm0bft,YTA,4.0
cm0bft,NTA,4.0
cm0bft,NTA,4.0
cm0bft,NTA,4.0
cm0bft,NTA,4.0
cm0bft,NTA,4.0
cm0bft,NTA,4.0
cm0bft,NTA,4.0
cm0bft,NTA,4.0
cm0bft,NTA,4.0
cm0bft,YTA,4.0
cm0bft,NTA,4.0
cm0bft,NTA,4.0
cm0bft,YTA,4.0
cm0bft,NTA,4.0
cm0bft,YTA,4.0
cm0bft,YTA,4.0
cm0bft,NTA,4.0
cm0bft,YTA,4.0
cm0bft,YTA,4.0
cm0bft,YTA,4.0
cm0bft,YTA,4.0
cm0bft,NTA,4.0
cm0bft,NTA,4.0
cm0bft,NTA,4.0
cm0bft,NTA,4.0
cm0bft,NTA,4.0
cm0bft,NTA,4.0
cm0bft,NTA,4.0
cm0bft,NTA,4.0
cm0bft,NTA,4.0
cm0bft,NTA,4.0
cm0bft,YTA,4.0
cm0bft,NTA,4.0
cm0bft,NTA,4.0
cm0bft,NTA,4.0
cm0bft,NTA,4.0
cm0bft,NTA,4.0
cm0bft,YTA,4.0
cm0bft,NTA,4.0
cm0bft,NTA,4.0
cm0bft,NTA,4.0
cm0bft,NTA,4.0
cm0bft,NTA,4.0
cm0bft,NTA,4.0
cm0bft,NTA,4.0
cm0bft,NTA,4.0
cm0bft,NAH,4.0
cm0bft,NTA,4.0
cm0bft,NTA,4.0
cm0bft,YTA,4.0
cm0bft,ESH,4.0
cm0bft,YTA,4.0
cm0bft,NTA,4.0
cm0bft,NTA,4.0
cm0bft,NTA,4.0
cm0bft,NTA,4.0
cm0bft,ESH,4.0
cm0bft,NTA,4.0
cm0bft,NTA,4.0
cm0bft,NTA,4.0
cm0bft,NTA,4.0
cm0bft,YTA,4.0
cm0bft,NTA,4.0
cm0bft,ESH,3.0
cm0bft,NTA,4.0
cm0bft,NTA,4.0
cm0bft,YTA,3.0
cm0bft,NTA,4.0
cm0bft,ESH,4.0
cm0bft,YTA,4.0
cm0bft,NTA,4.0
cm0bft,NTA,4.0
cm0bft,NTA,4.0
cm0bft,YTA,4.0
cm0bft,YTA,4.0
cm0bft,YTA,4.0
cm0bft,YTA,4.0
cm0bft,YTA,1.0
cm0bft,NTA,4.0
cm0bft,NTA,4.0
cm0bft,NTA,4.0
cm0bft,ESH,3.0
cm0bft,NTA,4.0
cm0bft,YTA,4.0
cm0bft,NTA,4.0
cm0bft,YTA,4.0
cm0bft,NTA,4.0
cm0bft,YTA,4.0
cm0bft,NTA,4.0
cm0bft,YTA,4.0
cm0bft,YTA,4.0
cm0bft,NTA,4.0
cm0bft,YTA,4.0
cm0bft,NTA,4.0
cm0bft,YTA,4.0
cm0bft,NTA,4.0
cm0bft,NTA,4.0
cm0bft,ESH,4.0
cm0bft,NTA,4.0
cm0bft,NTA,4.0
cm0bft,YTA,4.0
cm0bft,YTA,4.0
cm0bft,YTA,4.0
cm0bft,YTA,4.0
cm0bft,YTA,4.0
cm0bft,NTA,4.0
cm0bft,ESH,4.0
cm0bft,NTA,4.0
cm0bft,YTA,4.0
cm0bft,NTA,4.0
cm0bft,NTA,4.0
cm0bft,NTA,4.0
cm0bft,YTA,4.0
cm0bft,NTA,4.0
cm0bft,NTA,4.0
cm0bft,NTA,4.0
cm0bft,NTA,4.0
cm0bft,YTA,4.0
cm0bft,NTA,4.0
cm0bft,NTA,4.0
cm0bft,YTA,4.0
cm0bft,YTA,4.0
cm0bft,NTA,4.0
cm0bft,ESH,4.0
cm0bft,YTA,4.0
cm0bft,YTA,4.0
cm0bft,NTA,4.0
cm0bft,NTA,4.0
cm0bft,NTA,4.0
cm0bft,YTA,4.0
cm0bft,NTA,4.0
cm0bft,YTA,4.0
cm0bft,NTA,4.0
cm0bft,YTA,4.0
cm0bft,ESH,4.0
cm0bft,NTA,4.0
cm0bft,YTA,4.0
cm0bft,YTA,4.0
cm0bft,NAH,4.0
cm0bft,YTA,1.0
cm0bft,YTA,3.0
cm0bft,NTA,4.0
cm0bft,NTA,4.0
cm0bft,NTA,4.0
cm0bft,YTA,4.0
cm0bft,NTA,4.0
cm0bft,NTA,4.0
cm0bft,YTA,4.0
cm0bft,NTA,4.0
cm0bft,ESH,3.0
cm0bft,NTA,4.0
cm0bft,NTA,4.0
cm0bft,NTA,4.0
cm0bft,NTA,4.0
cm0bft,NTA,4.0
cm0bft,NTA,4.0
cm0bft,ESH,3.0
cm0bft,NTA,4.0
cm0bft,NTA,4.0
cm0bft,YTA,4.0
cm0bft,YTA,3.0
cm0bft,NTA,4.0
cm0bft,YTA,4.0
cm0bft,NTA,4.0
cm0bft,YTA,4.0
cm0bft,NTA,4.0
cm0bft,NTA,4.0
cm0bft,NTA,4.0
cm0bft,YTA,4.0
cm0bft,YTA,4.0
cm0bft,NTA,4.0
cm0bft,YTA,4.0
cm0bft,NTA,4.0
cm0bft,NTA,4.0
cm0bft,YTA,4.0
cm0bft,NTA,4.0
cm0bft,NTA,4.0
cm0bft,ESH,3.0
cm0bft,YTA,4.0
cm0bft,YTA,4.0
cm0bft,NTA,4.0
cm0bft,ESH,3.0
cm0bft,NTA,4.0
cm0bft,NTA,4.0
cm0bft,YTA,4.0
cm0bft,NTA,4.0
cm0bft,YTA,4.0
cm0bft,NTA,4.0
cm0bft,NTA,4.0
cm0bft,NTA,4.0
cm0bft,YTA,3.0
cm0bft,ESH,3.0
cm0bft,YTA,4.0
cm0bft,NTA,4.0
cm0bft,NTA,4.0
cm0bft,NTA,4.0
cm0bft,YTA,4.0
cm0bft,NTA,4.0
cm0bft,YTA,4.0
cm0bft,NTA,3.0
cm0bft,YTA,4.0
cm0bft,NTA,4.0
cm0bft,NTA,4.0
cm0bft,NTA,4.0
cm0bft,NTA,3.0
cm0bft,NTA,4.0
cm0bft,YTA,4.0
cm0bft,NTA,4.0
cm0bft,YTA,4.0
cm0bft,YTA,4.0
cm0bft,NTA,4.0
cm0bft,NTA,4.0
cm0bft,NTA,4.0
cm0bft,YTA,4.0
cm0bft,YTA,4.0
cm0bft,YTA,4.0
cm0bft,NTA,4.0
cm0bft,NTA,4.0
cm0bft,YTA,4.0
cm0bft,NTA,4.0
cm0bft,NTA,4.0
cm0bft,YTA,4.0
cm0bft,ESH,3.0
cm0bft,YTA,4.0
cm0bft,NTA,3.0
cm0bft,NTA,4.0
cm0bft,NTA,4.0
cm0bft,YTA,4.0
cm0bft,NTA,4.0
cm0bft,YTA,4.0
cm0bft,YTA,4.0
cm0bft,YTA,4.0
cm0bft,YTA,3.0
cm0bft,NTA,4.0
cm0bft,NTA,4.0
cm0bft,YTA,4.0
cm0bft,YTA,4.0
cm0bft,NTA,4.0
cm0bft,ESH,3.0
cm0bft,NTA,4.0
cm0bft,NTA,4.0
cm0bft,YTA,4.0
cm0bft,NTA,4.0
cm0bft,NTA,4.0
cm0bft,NTA,4.0
cm0bft,NTA,4.0
cm0bft,NTA,4.0
cm0bft,NTA,4.0
cm0bft,YTA,4.0
cm0bft,NTA,4.0
cm0bft,NTA,4.0
cm0bft,YTA,4.0
cm0bft,YTA,4.0
cm0bft,NTA,4.0
cm0bft,YTA,4.0
cm0bft,NTA,4.0
cm0bft,YTA,4.0
cm0bft,NTA,4.0
cm0bft,NTA,4.0
cm0bft,YTA,1.0
cm0bft,NTA,4.0
cm0bft,NTA,4.0
cm0bft,NTA,4.0
cm0bft,NTA,4.0
cm0bft,NTA,4.0
cm0bft,NTA,4.0
cm0bft,YTA,4.0
cm0bft,NTA,4.0
cm0bft,YTA,4.0
cm0bft,NTA,4.0
cm0bft,NTA,4.0
cm0bft,NTA,4.0
cm0bft,NTA,4.0
cm0bft,NTA,4.0
cm0bft,NTA,4.0
cm0bft,YTA,4.0
cm0bft,NTA,4.0
cm0bft,NTA,4.0
cm0bft,YTA,4.0
cm0bft,YTA,4.0
cm0bft,NTA,4.0
cm0bft,ESH,1.0
cm0bft,NTA,4.0
cm0bft,NTA,4.0
cm0bft,YTA,4.0
cm0bft,YTA,4.0
cm0bft,YTA,4.0
cm0bft,YTA,4.0
cm0bft,NTA,4.0
cm0bft,NTA,4.0
cm0bft,NTA,4.0
cm0bft,YTA,4.0
cm0bft,YTA,4.0
cm0bft,YTA,4.0
cm0bft,NTA,4.0
cm0bft,NTA,4.0
cm0bft,YTA,4.0
cm0bft,NTA,4.0
cm0bft,NTA,4.0
cm0bft,NTA,4.0
cm0bft,NTA,4.0
cm0bft,NTA,4.0
cm0bft,NTA,4.0
cm0bft,YTA,4.0
cm0bft,NTA,4.0
cm0bft,NTA,4.0
cm0bft,YTA,4.0
cm0bft,YTA,4.0
cm0bft,NTA,4.0
cm0bft,NTA,4.0
cm0bft,NTA,4.0
cm0bft,ESH,3.0
cm0bft,YTA,4.0
cm0bft,YTA,4.0
cm0bft,ESH,2.0
cm0bft,YTA,4.0
cm0bft,NTA,4.0
cm0bft,NTA,4.0
cm0bft,NTA,4.0
cm0bft,YTA,4.0
cm0bft,NTA,4.0
cm0bft,NTA,4.0
cm0bft,NTA,4.0
cm0bft,NTA,4.0
cm0bft,NTA,4.0
cm0bft,NTA,4.0
cm0bft,YTA,4.0
cm0bft,YTA,4.0
cm0bft,YTA,3.0
cm0bft,NTA,4.0
cm0bft,NTA,4.0
cm0bft,NTA,4.0
cm0bft,YTA,4.0
cm0bft,YTA,4.0
cm0bft,NTA,4.0
cm0bft,YTA,4.0
cm0bft,NTA,4.0
cm0bft,NTA,4.0
cm0bft,NTA,4.0
cm0bft,NTA,4.0
cm0bft,NTA,4.0
cm0bft,YTA,4.0
cm0bft,NTA,4.0
cm0bft,NTA,4.0
cm0bft,YTA,4.0
cm0bft,NTA,4.0
cm0bft,NTA,4.0
cm0bft,YTA,1.0
cm0bft,YTA,4.0
cm0bft,NTA,4.0
cm0bft,YTA,4.0
cm0bft,NTA,4.0
cm0bft,YTA,4.0
cm0bft,YTA,4.0
cm0bft,NTA,4.0
cm0bft,NTA,4.0
cm0bft,NTA,4.0
cm0bft,ESH,1.0
cm0bft,NTA,4.0
cm0bft,NTA,4.0
cm0bft,NTA,4.0
cm0bft,NTA,4.0
cm0bft,NTA,4.0
cm0bft,NTA,4.0
cm0bft,NTA,4.0
cm0bft,NTA,4.0
cm0bft,YTA,4.0
cm0bft,YTA,4.0
cm0bft,YTA,4.0
cm0bft,YTA,4.0
cm0bft,NTA,4.0
cm0bft,YTA,3.0
cm0bft,ESH,2.0
cm0bft,YTA,4.0
cm0bft,NTA,4.0
cm0bft,YTA,4.0
cm0bft,NTA,4.0
cm0bft,NTA,4.0
cm0bft,YTA,4.0
cm0bft,NTA,4.0
cm0bft,NTA,4.0
cm0bft,NTA,4.0
cm0bft,NTA,3.0
cm0bft,YTA,4.0
cm0bft,YTA,3.0
cm0bft,NTA,4.0
cm0bft,NTA,3.0
cm0bft,NTA,4.0
cm0bft,YTA,4.0
cm0bft,NTA,4.0
cm0bft,NTA,4.0
cm0bft,NTA,4.0
cm0bft,NTA,4.0
cm0bft,NTA,4.0
cm0bft,ESH,3.0
cm0bft,YTA,4.0
cm0bft,YTA,4.0
cm0bft,NTA,4.0
cm0bft,NTA,4.0
cm0bft,YTA,4.0
cm0bft,ESH,4.0
cm0bft,NTA,4.0
cm0bft,YTA,4.0
cm0bft,NTA,4.0
cm0bft,NTA,4.0
cm0bft,NTA,4.0
cm0bft,NTA,4.0
cm0bft,ESH,3.0
cm0bft,YTA,4.0
cm0bft,YTA,4.0
cm0bft,NTA,4.0
cm0bft,YTA,4.0
cm0bft,NTA,4.0
cm0bft,YTA,4.0
cm0bft,NTA,4.0
cm0bft,YTA,4.0
cm0bft,YTA,4.0
cm0bft,NTA,3.0
cm0bft,NTA,4.0
cm0bft,YTA,4.0
cm0bft,NTA,4.0
cm0bft,NTA,4.0
cm0bft,NTA,4.0
cm0bft,NTA,4.0
cm0bft,YTA,4.0
cm0bft,NTA,4.0
cm0bft,YTA,4.0
cm0bft,NTA,4.0
cm0bft,NTA,4.0
cm0bft,NTA,4.0
cm0bft,NTA,4.0
cm0bft,YTA,4.0
cm0bft,ESH,3.0
cm0bft,NTA,4.0
cm0bft,NTA,4.0
cm0bft,NTA,4.0
cm0bft,NAH,4.0
cm0bft,YTA,1.0
cm0bft,ESH,3.0
cm0bft,NTA,4.0
cm0bft,NTA,3.0
cm0bft,YTA,4.0
cm0bft,NTA,4.0
cm0bft,NTA,4.0
cm0bft,YTA,4.0
cm0bft,YTA,4.0
cm0bft,NAH,3.0
cm0bft,NTA,4.0
cm0bft,YTA,4.0
cm0bft,YTA,4.0
cm0bft,NTA,4.0
cm0bft,NTA,4.0
cm0bft,YTA,4.0
cm0bft,NTA,4.0
cm0bft,NTA,4.0
cm0bft,NTA,4.0
cm0bft,NTA,4.0
cm0bft,YTA,4.0
cm0bft,YTA,4.0
cm0bft,NTA,4.0
cm0bft,YTA,4.0
cm0bft,YTA,4.0
cm0bft,NTA,4.0
cm0bft,YTA,4.0
cm0bft,YTA,4.0
cm0bft,NTA,4.0
cm0bft,NTA,4.0
cm0bft,YTA,3.0
cm0bft,YTA,4.0
cm0bft,YTA,4.0
cm0bft,ESH,4.0
cm0bft,YTA,4.0
cm0bft,NTA,4.0
cm0bft,ESH,4.0
cm0bft,YTA,3.0
cm0bft,NTA,4.0
cm0bft,YTA,4.0
cm0bft,NTA,4.0
cm0bft,NTA,4.0
cm0bft,YTA,4.0
cm0bft,NTA,4.0
cm0bft,NTA,4.0
cm0bft,NTA,4.0
cm0bft,NTA,4.0
cm0bft,YTA,4.0
cm0bft,ESH,3.0
cm0bft,NTA,4.0
cm0bft,YTA,4.0
cm0bft,YTA,4.0
cm0bft,YTA,4.0
cm0bft,NTA,4.0
cm0bft,YTA,4.0
cm0bft,NTA,4.0
cm0bft,NTA,4.0
cm0bft,YTA,4.0
cm0bft,NTA,4.0
cm0bft,NTA,4.0
cm0bft,YTA,4.0
cm0bft,NTA,3.0
cm0bft,YTA,4.0
cm0bft,YTA,4.0
cm0bft,YTA,4.0
cm0bft,NTA,4.0
cm0bft,NTA,4.0
cm0bft,NTA,4.0
cm0bft,YTA,4.0
cm0bft,NTA,4.0
cm0bft,NTA,4.0
cm0bft,NTA,4.0
cm0bft,YTA,4.0
cm0bft,NTA,4.0
cm0bft,NTA,3.0
cm0bft,NTA,4.0
cm0bft,YTA,4.0
cm0bft,NTA,4.0
cm0bft,ESH,3.0
cm0bft,ESH,4.0
cm0bft,NTA,4.0
cm0bft,NTA,4.0
cm0bft,ESH,3.0
cm0bft,NTA,4.0
cm0bft,YTA,4.0
cm0bft,NTA,4.0
cm0bft,YTA,4.0
cm0bft,YTA,4.0
cm0bft,YTA,4.0
cm0bft,NTA,4.0
cm0bft,NTA,4.0
cm0bft,NTA,4.0
cm0bft,NTA,4.0
cm0bft,NTA,4.0
cm0bft,NTA,4.0
cm0bft,NTA,4.0
cm0bft,YTA,4.0
cm0bft,NTA,4.0
cm0bft,NTA,4.0
cm0bft,YTA,4.0
cm0bft,NTA,4.0
cm0bft,NTA,4.0
cm0bft,NTA,4.0
cm0bft,ESH,3.0
cm0bft,YTA,2.0
cm0bft,YTA,1.0
cm0bft,NTA,4.0
cm0bft,NTA,4.0
cm0bft,NTA,4.0
cm0bft,NTA,4.0
cm0bft,YTA,4.0
cm0bft,NTA,4.0
cm0bft,NTA,4.0
cm0bft,NTA,4.0
cm0bft,NTA,4.0
cm0bft,NTA,4.0
cm0bft,NTA,4.0
cm0bft,NAH,4.0
cm0bft,YTA,4.0
cm0bft,NTA,4.0
cm0bft,NTA,4.0
cm0bft,YTA,4.0
cm0bft,YTA,4.0
cm0bft,YTA,4.0
cm0bft,NTA,4.0
cm0bft,ESH,4.0
cm0bft,YTA,4.0
cm0bft,NTA,4.0
cm0bft,YTA,4.0
cm0bft,NTA,4.0
cm0bft,YTA,4.0
cm0bft,NTA,4.0
cm0bft,YTA,3.0
cm0bft,YTA,4.0
cm0bft,NTA,4.0
cm0bft,YTA,4.0
cm0bft,NTA,4.0
cm0bft,YTA,4.0
cm0bft,NTA,4.0
cm0bft,YTA,4.0
cm0bft,YTA,4.0
cm0bft,NTA,4.0
cm0bft,YTA,4.0
cm0bft,NTA,4.0
cm0bft,YTA,3.0
cm0bft,YTA,4.0
cm0bft,YTA,4.0
cm0bft,NTA,4.0
cm0bft,YTA,4.0
cm0bft,NTA,4.0
cm0bft,NTA,4.0
cm0bft,YTA,4.0
cm0bft,NTA,4.0
cm0bft,NTA,4.0
cm0bft,NTA,3.0
cm0bft,YTA,4.0
cm0bft,YTA,4.0
cm0bft,NTA,4.0
cm0bft,NTA,4.0
cm0bft,YTA,4.0
cm0bft,YTA,4.0
cm0bft,NTA,4.0
cm0bft,NTA,4.0
cm0bft,NTA,4.0
cm0bft,YTA,4.0
cm0bft,NTA,4.0
cm0bft,NTA,4.0
cm0bft,NTA,4.0
cm0bft,NTA,4.0
cm0bft,NTA,4.0
cm0bft,NTA,4.0
cm0bft,YTA,4.0
cm0bft,YTA,4.0
cm0bft,NTA,4.0
cm0bft,NTA,4.0
cm0bft,YTA,4.0
cm0bft,NTA,4.0
cm0bft,NTA,4.0
cm0bft,NTA,4.0
cm0bft,NTA,4.0
cm0bft,NTA,4.0
cm0bft,NTA,4.0
cm0bft,YTA,4.0
cm0bft,YTA,4.0
cm0bft,NTA,4.0
cm0bft,NTA,4.0
cm0bft,NTA,4.0
cm0bft,ESH,4.0
cm0bft,NTA,4.0
cm0bft,NAH,4.0
cm0bft,NTA,4.0
cm0bft,NTA,4.0
cm0bft,NTA,4.0
cm0bft,NTA,4.0
cm0bft,ESH,3.0
cm0bft,NTA,4.0
cm0bft,NTA,4.0
cm0bft,YTA,4.0
cm0bft,YTA,4.0
cm0bft,NTA,4.0
cm0bft,YTA,4.0
cm0bft,YTA,4.0
cm0bft,NTA,4.0
cm0bft,NTA,4.0
cm0bft,NTA,4.0
cm0bft,YTA,4.0
cm0bft,YTA,4.0
cm0bft,YTA,4.0
cm0bft,NTA,4.0
cm0bft,NTA,4.0
cm0bft,YTA,4.0
cm0bft,NTA,4.0
cm0bft,YTA,4.0
cm0bft,NTA,4.0
cm0bft,YTA,4.0
cm0bft,NTA,4.0
cm0bft,YTA,4.0
cm0bft,NTA,4.0
cm0bft,NTA,4.0
cm0bft,YTA,4.0
cm0bft,NTA,4.0
cm0bft,YTA,4.0
cm0bft,NTA,4.0
cm0bft,NTA,4.0
cm0bft,YTA,4.0
cm0bft,NTA,4.0
cm0bft,YTA,4.0
cm0bft,NTA,4.0
cm0bft,YTA,4.0
cm0bft,YTA,4.0
cm0bft,NTA,4.0
cm0bft,YTA,4.0
cm0bft,NTA,4.0
cm0bft,YTA,4.0
cm0bft,NTA,4.0
cm0bft,YTA,4.0
cm0bft,YTA,4.0
cm0bft,NTA,4.0
cm0bft,NTA,4.0
cm0bft,YTA,4.0
cm0bft,NTA,4.0
cm0bft,NTA,4.0
cm0bft,YTA,4.0
cm0bft,YTA,3.0
cm0bft,YTA,4.0
cm0bft,NTA,4.0
cm0bft,ESH,4.0
cm0bft,YTA,4.0
cm0bft,NTA,3.0
cm0bft,NTA,4.0
cm0bft,NTA,4.0
cm0bft,NTA,4.0
cm0bft,NTA,4.0
cm0bft,NTA,4.0
cm0bft,NTA,4.0
cm0bft,NTA,4.0
cm0bft,NTA,4.0
cm0bft,NTA,4.0
cm0bft,NTA,4.0
cm0bft,ESH,3.0
cm0bft,NTA,4.0
cm0bft,NTA,4.0
cm0bft,YTA,4.0
cm0bft,ESH,4.0
cm0bft,YTA,4.0
cm0bft,YTA,4.0
cm0bft,NTA,4.0
cm0bft,ESH,4.0
cm0bft,NTA,4.0
cm0bft,YTA,3.0
cm0bft,NTA,4.0
cm0bft,ESH,3.0
cm0bft,NTA,4.0
cm0bft,NTA,4.0
cm0bft,YTA,4.0
cm0bft,YTA,4.0
cm0bft,YTA,4.0
cm0bft,YTA,4.0
cm0bft,NTA,4.0
cm0bft,YTA,4.0
cm0bft,NTA,4.0
cm0bft,NTA,4.0
cm0bft,NTA,4.0
cm0bft,YTA,4.0
cm0bft,YTA,4.0
cm0bft,YTA,4.0
cm0bft,NTA,4.0
cm0bft,NTA,4.0
cm0bft,NTA,4.0
cm0bft,NTA,4.0
cm0bft,ESH,4.0
cm0bft,YTA,4.0
cm0bft,YTA,4.0
cm0bft,NTA,4.0
cm0bft,NTA,4.0
cm0bft,NTA,4.0
cm0bft,NTA,4.0
cm0bft,NTA,4.0
cm0bft,NTA,4.0
cm0bft,NTA,4.0
cm0bft,NTA,4.0
cm0bft,NTA,4.0
cm0bft,NTA,4.0
cm0bft,YTA,4.0
cm0bft,NTA,4.0
cm0bft,NTA,4.0
cm0bft,NTA,4.0
cm0bft,YTA,4.0
cm0bft,NTA,4.0
cm0bft,YTA,4.0
cm0bft,NTA,4.0
cm0bft,NTA,4.0
cm0bft,YTA,4.0
cm0bft,NTA,4.0
cm0bft,NTA,4.0
cm0bft,YTA,4.0
cm0bft,NTA,4.0
cm0bft,ESH,4.0
cm0bft,YTA,4.0
cm0bft,NTA,4.0
cm0bft,NTA,4.0
cm0bft,NTA,4.0
cm0bft,YTA,4.0
cm0bft,NTA,4.0
cm0bft,NTA,4.0
cm0bft,YTA,4.0
cm0bft,YTA,4.0
cm0bft,YTA,4.0
cm0bft,NTA,4.0
cm0bft,NTA,4.0
cm0bft,ESH,3.0
cm0bft,NTA,4.0
cm0bft,NTA,4.0
cm0bft,YTA,4.0
cm0bft,YTA,4.0
cm0bft,NTA,4.0
cm0bft,YTA,4.0
cm0bft,YTA,4.0
cm0bft,NTA,4.0
cm0bft,YTA,4.0
cm0bft,YTA,4.0
cm0bft,YTA,4.0
cm0bft,NTA,4.0
cm0bft,YTA,4.0
cm0bft,YTA,4.0
cm0bft,NTA,4.0
cm0bft,NTA,4.0
cm0bft,NTA,4.0
cm0bft,NTA,4.0
cm0bft,NTA,4.0
cm0bft,ESH,1.0
cm0bft,YTA,4.0
cm0bft,YTA,4.0
cm0bft,NTA,4.0
cm0bft,NTA,4.0
cm0bft,YTA,4.0
cm0bft,YTA,4.0
cm0bft,NTA,4.0
cm0bft,YTA,4.0
cm0bft,NTA,4.0
cm0bft,ESH,3.0
cm0bft,NTA,4.0
cm0bft,YTA,4.0
cm0bft,NTA,4.0
cm0bft,YTA,4.0
cm0bft,YTA,4.0
cm0bft,NTA,4.0
cm0bft,NTA,4.0
cm0bft,NTA,4.0
cm0bft,NTA,4.0
cm0bft,NTA,4.0
cm0bft,YTA,4.0
cm0bft,ESH,3.0
cm0bft,NTA,4.0
cm0bft,YTA,4.0
cm0bft,YTA,4.0
cm0bft,NTA,4.0
cm0bft,NTA,4.0
cm0bft,YTA,4.0
cm0bft,NTA,4.0
cm0bft,NTA,4.0
cm0bft,YTA,4.0
cm0bft,YTA,4.0
cm0bft,NTA,4.0
cm0bft,NTA,4.0
cm0bft,YTA,4.0
cm0bft,NTA,4.0
cm0bft,NTA,4.0
cm0bft,YTA,4.0
cm0bft,NTA,4.0
cm0bft,NTA,4.0
cm0bft,NTA,4.0
cm0bft,NTA,4.0
cm0bft,NTA,4.0
cm0bft,YTA,4.0
cm0bft,NTA,4.0
cm0bft,NTA,4.0
cm0bft,NTA,4.0
cm0bft,NTA,4.0
cm0bft,NTA,4.0
cm0bft,YTA,4.0
cm0bft,YTA,4.0
cm0bft,YTA,4.0
cm0bft,NTA,4.0
cm0bft,NTA,4.0
cm0bft,NTA,4.0
cm0bft,YTA,1.0
cm0bft,NTA,4.0
cm0bft,NTA,4.0
cm0bft,YTA,4.0
cm0bft,NTA,4.0
cm0bft,NTA,4.0
cm0bft,YTA,4.0
cm0bft,YTA,4.0
cm0bft,YTA,4.0
cm0bft,NTA,4.0
cm0bft,YTA,4.0
cm0bft,NTA,4.0
cm0bft,NTA,4.0
cm0bft,NTA,4.0
cm0bft,YTA,4.0
cm0bft,YTA,4.0
cm0bft,NTA,4.0
cm0bft,NTA,4.0
cm0bft,NTA,4.0
cm0bft,YTA,4.0
cm0bft,NTA,4.0
cm0bft,NTA,4.0
cm0bft,YTA,4.0
cm0bft,YTA,4.0
cm0bft,YTA,4.0
cm0bft,YTA,4.0
cm0bft,YTA,3.0
cm0bft,NTA,4.0
cm0bft,NTA,4.0
cm0bft,YTA,4.0
cm0bft,NTA,4.0
cm0bft,NTA,4.0
cm0bft,NTA,4.0
cm0bft,NTA,4.0
cm0bft,YTA,4.0
cm0bft,YTA,3.0
cm0bft,NTA,4.0
cm0bft,NTA,4.0
cm0bft,NTA,4.0
cm0bft,ESH,3.0
cm0bft,NTA,4.0
cm0bft,NTA,4.0
cm0bft,NTA,4.0
cm0bft,YTA,3.0
cm0bft,NTA,4.0
cm0bft,YTA,4.0
cm0bft,NTA,4.0
cm0bft,YTA,4.0
cm0bft,NTA,4.0
cm0bft,NTA,4.0
cm0bft,YTA,4.0
cm0bft,YTA,4.0
cm0bft,YTA,4.0
cm0bft,YTA,4.0
cm0bft,YTA,4.0
cm0bft,NTA,4.0
cm0bft,NTA,4.0
cm0bft,ESH,4.0
cm0bft,YTA,3.0
cm0bft,NTA,4.0
cm0bft,YTA,4.0
cm0bft,ESH,3.0
cm0bft,YTA,4.0
cm0bft,YTA,4.0
cm0bft,YTA,4.0
cm0bft,YTA,4.0
cm0bft,YTA,4.0
cm0bft,NTA,4.0
cm0bft,YTA,4.0
cm0bft,YTA,4.0
cm0bft,NTA,4.0
cm0bft,YTA,4.0
cm0bft,YTA,4.0
cm0bft,NTA,4.0
cm0bft,ESH,3.0
cm0bft,NTA,4.0
cm0bft,NTA,4.0
cm0bft,YTA,4.0
cm0bft,YTA,4.0
cm0bft,YTA,4.0
cm0bft,NTA,4.0
cm0bft,YTA,4.0
cm0bft,NTA,4.0
cm0bft,NTA,4.0
cm0bft,NTA,4.0
cm0bft,YTA,4.0
cm0bft,NTA,4.0
cm0bft,NTA,4.0
cm0bft,NTA,4.0
cm0bft,NTA,4.0
cm0bft,NTA,3.0
cm0bft,NTA,4.0
cm0bft,NTA,4.0
cm0bft,YTA,4.0
cm0bft,YTA,4.0
cm0bft,YTA,4.0
cm0bft,YTA,4.0
cm0bft,YTA,4.0
cm0bft,YTA,4.0
cm0bft,YTA,1.0
cm0bft,NTA,4.0
cm0bft,NTA,4.0
cm0bft,YTA,4.0
cm0bft,YTA,4.0
cm0bft,YTA,4.0
cm0bft,NTA,4.0
cm0bft,NTA,4.0
cm0bft,YTA,4.0
cm0bft,YTA,4.0
cm0bft,ESH,4.0
cm0bft,NTA,4.0
cm0bft,NTA,4.0
cm0bft,NTA,4.0
cm0bft,NTA,4.0
cm0bft,ESH,4.0
cm0bft,YTA,4.0
cm0bft,NTA,4.0
cm0bft,YTA,4.0
cm0bft,YTA,4.0
cm0bft,NTA,4.0
cm0bft,NTA,4.0
cm0bft,ESH,4.0
cm0bft,NTA,4.0
cm0bft,NTA,4.0
cm0bft,YTA,1.0
cm0bft,YTA,4.0
cm0bft,NTA,4.0
cm0bft,NTA,4.0
cm0bft,ESH,4.0
cm0bft,YTA,4.0
cm0bft,NTA,4.0
cm0bft,NTA,4.0
cm0bft,YTA,3.0
cm0bft,YTA,4.0
cm0bft,NTA,4.0
cm0bft,YTA,4.0
cm0bft,YTA,4.0
cm0bft,NTA,4.0
cm0bft,NTA,4.0
cm0bft,YTA,4.0
cm0bft,YTA,4.0
cm0bft,YTA,4.0
cm0bft,NTA,4.0
cm0bft,NTA,4.0
cm0bft,NTA,4.0
cm0bft,YTA,4.0
cm0bft,NTA,4.0
cm0bft,NTA,4.0
cm0bft,NTA,4.0
cm0bft,YTA,4.0
cm0bft,YTA,4.0
cm0bft,NTA,4.0
cm0bft,YTA,4.0
cm0bft,NTA,4.0
cm0bft,YTA,4.0
cm0bft,NTA,4.0
cm0bft,NTA,4.0
cm0bft,NTA,4.0
cm0bft,NTA,4.0
cm0bft,YTA,4.0
cm0bft,NTA,4.0
cm0bft,YTA,4.0
cm0bft,YTA,4.0
cm0bft,YTA,4.0
cm0bft,NTA,4.0
cm0bft,YTA,4.0
cm0bft,NTA,4.0
cm0bft,NTA,4.0
cm0bft,YTA,4.0
cm0bft,NTA,4.0
cm0bft,YTA,4.0
cm0bft,NTA,4.0
cm0bft,NTA,4.0
cm0bft,YTA,3.0
cm0bft,ESH,4.0
cm0bft,YTA,4.0
cm0bft,NTA,4.0
cm0bft,ESH,3.0
cm0bft,NTA,4.0
cm0bft,NTA,4.0
cm0bft,YTA,4.0
cm0bft,NTA,4.0
cm0bft,NTA,4.0
cm0bft,NTA,4.0
cm0bft,NTA,4.0
cm0bft,NTA,4.0
cm0bft,NTA,4.0
cm0bft,NTA,4.0
cm0bft,NTA,3.0
cm0bft,YTA,4.0
cm0bft,NTA,4.0
cm0bft,YTA,4.0
cm0bft,NTA,4.0
cm0bft,NTA,4.0
cm0bft,NTA,3.0
cm0bft,YTA,4.0
cm0bft,NTA,4.0
cm0bft,NTA,4.0
cm0bft,NTA,4.0
cm0bft,YTA,4.0
cm0bft,YTA,4.0
cm0bft,YTA,4.0
cm0bft,NTA,4.0
cm0bft,NTA,4.0
cm0bft,YTA,4.0
cm0bft,ESH,4.0
cm0bft,YTA,4.0
cm0bft,YTA,4.0
cm0bft,YTA,4.0
cm0bft,YTA,4.0
cm0bft,YTA,4.0
cm0bft,NTA,4.0
cm0bft,NTA,4.0
cm0bft,NTA,3.0
cm0bft,NTA,4.0
cm0bft,NTA,4.0
cm0bft,ESH,4.0
cm0bft,YTA,4.0
cm0bft,NTA,4.0
cm0bft,NTA,4.0
cm0bft,NTA,4.0
cm0bft,NTA,4.0
cm0bft,YTA,4.0
cm0bft,YTA,4.0
cm0bft,NTA,4.0
cm0bft,YTA,4.0
cm0bft,NTA,4.0
cm0bft,YTA,4.0
cm0bft,YTA,4.0
cm0bft,NTA,4.0
cm0bft,NTA,4.0
cm0bft,NTA,4.0
cm0bft,YTA,4.0
cm0bft,YTA,4.0
cm0bft,NTA,4.0
cm0bft,YTA,4.0
cm0bft,YTA,4.0
cm0bft,ESH,3.0
cm0bft,YTA,4.0
cm0bft,NTA,4.0
cm0bft,NTA,4.0
cm0bft,NTA,4.0
cm0bft,NTA,4.0
cm0bft,NTA,3.0
cm0bft,NTA,4.0
cm0bft,NTA,4.0
cm0bft,NTA,4.0
cm0bft,NTA,4.0
cm0bft,NTA,4.0
cm0bft,YTA,4.0
cm0bft,NTA,4.0
cm0bft,NTA,4.0
cm0bft,NTA,4.0
cm0bft,ESH,4.0
cm0bft,YTA,4.0
cm0bft,NTA,4.0
cm0bft,NTA,4.0
cm0bft,NTA,3.0
cm0bft,YTA,4.0
cm0bft,YTA,4.0
cm0bft,YTA,4.0
cm0bft,NTA,4.0
cm0bft,NTA,4.0
cm0bft,NTA,4.0
cm0bft,YTA,4.0
cm0bft,YTA,4.0
cm0bft,NTA,4.0
cm0bft,NTA,4.0
cm0bft,NTA,4.0
cm0bft,NTA,4.0
cm0bft,NTA,4.0
cm0bft,YTA,4.0
cm0bft,NTA,4.0
cm0bft,YTA,4.0
cm0bft,YTA,4.0
cm0bft,YTA,4.0
cm0bft,NTA,4.0
cm0bft,ESH,3.0
cm0bft,YTA,4.0
cm0bft,NTA,4.0
cm0bft,NTA,4.0
cm0bft,NTA,4.0
cm0bft,YTA,4.0
cm0bft,YTA,4.0
cm0bft,NTA,4.0
cm0bft,NTA,4.0
cm0bft,NTA,4.0
cm0bft,YTA,4.0
cm0bft,YTA,4.0
cm0bft,YTA,4.0
cm0bft,NTA,4.0
cm0bft,YTA,4.0
cm0bft,NTA,4.0
cm0bft,ESH,2.0
cm0bft,NTA,4.0
cm0bft,ESH,1.0
cm0bft,YTA,4.0
cm0bft,YTA,4.0
cm0bft,NTA,4.0
cm0bft,NTA,4.0
cm0bft,NTA,4.0
cm0bft,YTA,4.0
cm0bft,NTA,4.0
cm0bft,NTA,4.0
cm0bft,NTA,4.0
cm0bft,ESH,4.0
cm0bft,NTA,4.0
cm0bft,NTA,4.0
cm0bft,NTA,4.0
cm0bft,ESH,4.0
cm0bft,NTA,4.0
cm0bft,ESH,1.0
cm0bft,NTA,4.0
cm0bft,YTA,4.0
cm0bft,NTA,4.0
cm0bft,NTA,4.0
cm0bft,NTA,4.0
cm0bft,YTA,4.0
cm0bft,NTA,4.0
cm0bft,YTA,4.0
cm0bft,NTA,4.0
cm0bft,NTA,4.0
cm0bft,NTA,4.0
cm0bft,ESH,1.0
cm0bft,YTA,4.0
cm0bft,NTA,4.0
cm0bft,NTA,4.0
cm0bft,NTA,4.0
cm0bft,NTA,4.0
cm0bft,YTA,4.0
cm0bft,NTA,4.0
cm0bft,NTA,4.0
cm0bft,YTA,4.0
cm0bft,NTA,4.0
cm0bft,ESH,3.0
cm0bft,NTA,4.0
cm0bft,NTA,4.0
cm0bft,ESH,3.0
cm0bft,NTA,4.0
cm0bft,NTA,4.0
cm0bft,NTA,4.0
cm0bft,YTA,4.0
cm0bft,NTA,4.0
cm0bft,NTA,4.0
cm0bft,NTA,4.0
cm0bft,NTA,4.0
cm0bft,YTA,4.0
cm0bft,NTA,4.0
cm0bft,NTA,4.0
cm0bft,YTA,3.0
cm0bft,YTA,4.0
cm0bft,NTA,4.0
cm0bft,ESH,3.0
cm0bft,YTA,3.0
cm0bft,NTA,4.0
cm0bft,ESH,4.0
cm0bft,NTA,4.0
cm0bft,YTA,4.0
cm0bft,YTA,4.0
cm0bft,YTA,4.0
cm0bft,NTA,4.0
cm0bft,NTA,4.0
cm0bft,NTA,4.0
cm0bft,NTA,4.0
cm0bft,NTA,4.0
cm0bft,YTA,4.0
cm0bft,YTA,4.0
cm0bft,NTA,4.0
cm0bft,YTA,4.0
cm0bft,NTA,4.0
cm0bft,YTA,4.0
cm0bft,YTA,4.0
cm0bft,YTA,4.0
cm0bft,YTA,4.0
cm0bft,YTA,4.0
cm0bft,YTA,4.0
cm0bft,NTA,4.0
cm0bft,NTA,4.0
cm0bft,NTA,4.0
cm0bft,YTA,4.0
cm0bft,ESH,3.0
cm0bft,NTA,3.0
cm0bft,NTA,4.0
cm0bft,NTA,4.0
cm0bft,ESH,4.0
cm0bft,NTA,4.0
cm0bft,YTA,4.0
cm0bft,YTA,4.0
cm0bft,ESH,3.0
cm0bft,NTA,4.0
cm0bft,NTA,4.0
cm0bft,NTA,4.0
cm0bft,NTA,4.0
cm0bft,NTA,3.0
cm0bft,ESH,4.0
cm0bft,NTA,4.0
cm0bft,NTA,4.0
cm0bft,NTA,4.0
cm0bft,YTA,4.0
cm0bft,NTA,4.0
cm0bft,ESH,4.0
cm0bft,NTA,4.0
cm0bft,NAH,4.0
cm0bft,NTA,4.0
cm0bft,YTA,4.0
cm0bft,NTA,4.0
cm0bft,NTA,4.0
cm0bft,NTA,3.0
cm0bft,NTA,4.0
cm0bft,YTA,4.0
cm0bft,YTA,4.0
cm0bft,NTA,4.0
cm0bft,NTA,4.0
cm0bft,YTA,4.0
cm0bft,NTA,4.0
cm0bft,NTA,4.0
cm0bft,YTA,4.0
cm0bft,YTA,4.0
cm0bft,NTA,4.0
cm0bft,NTA,4.0
cm0bft,ESH,4.0
cm0bft,YTA,4.0
cm0bft,NTA,4.0
cm0bft,NTA,4.0
cm0bft,NTA,4.0
cm0bft,NTA,4.0
cm0bft,NTA,4.0
cm0bft,YTA,4.0
cm0bft,YTA,4.0
cm0bft,NTA,4.0
cm0bft,YTA,4.0
cm0bft,YTA,4.0
cm0bft,YTA,4.0
cm0bft,NTA,4.0
cm0bft,YTA,4.0
cm0bft,YTA,4.0
cm0bft,NTA,4.0
cm0bft,YTA,4.0
cm0bft,YTA,4.0
cm0bft,NTA,4.0
cm0bft,NTA,4.0
cm0bft,NTA,4.0
cm0bft,YTA,4.0
cm0bft,NTA,4.0
cm0bft,NTA,4.0
cm0bft,ESH,4.0
cm0bft,NTA,4.0
cm0bft,NTA,4.0
cm0bft,YTA,4.0
cm0bft,NTA,4.0
cm0bft,NTA,4.0
cm0bft,NTA,4.0
cm0bft,NTA,4.0
cm0bft,YTA,4.0
cm0bft,ESH,3.0
cm0bft,NTA,4.0
cm0bft,NTA,4.0
cm0bft,NTA,4.0
cm0bft,YTA,4.0
cm0bft,NTA,4.0
cm0bft,NTA,4.0
cm0bft,NTA,4.0
cm0bft,NTA,4.0
cm0bft,NTA,4.0
cm0bft,NTA,4.0
cm0bft,NTA,4.0
cm0bft,NTA,4.0
cm0bft,NTA,4.0
cm0bft,NTA,4.0
cm0bft,NTA,4.0
cm0bft,NTA,4.0
cm0bft,NTA,4.0
cm0bft,NTA,4.0
cm0bft,NTA,4.0
cm0bft,NTA,4.0
cm0bft,NTA,4.0
cm0bft,NTA,4.0
cm0bft,YTA,4.0
cm0bft,NTA,4.0
cm0bft,NTA,4.0
cm0bft,NTA,4.0
cm0bft,NTA,4.0
cm0bft,NTA,4.0
cm0bft,NTA,4.0
cm0bft,YTA,4.0
cm0bft,YTA,4.0
cm0bft,YTA,4.0
cm0bft,ESH,4.0
cm0bft,NTA,4.0
cm0bft,NTA,1.0
cm0bft,ESH,4.0
cm0bft,NAH,4.0
cm0bft,NTA,4.0
cm0bft,YTA,4.0
cm0bft,YTA,4.0
cm0bft,YTA,4.0
cm0bft,NTA,4.0
cm0bft,ESH,3.0
cm0bft,NTA,4.0
cm0bft,NTA,4.0
cm0bft,NTA,4.0
cm0bft,NTA,4.0
cm0bft,NTA,4.0
cm0bft,NTA,4.0
cm0bft,NTA,4.0
cm0bft,NTA,4.0
cm0bft,NTA,4.0
cm0bft,NTA,4.0
cm0bft,YTA,4.0
cm0bft,NTA,4.0
cm0bft,YTA,3.0
cwgvuy,ESH,3.0
cwgvuy,YTA,4.0
cwgvuy,ESH,3.0
cwgvuy,YTA,4.0
cwgvuy,ESH,3.0
cwgvuy,YTA,4.0
cwgvuy,ESH,4.0
cwgvuy,NTA,4.0
cwgvuy,NTA,4.0
cwgvuy,ESH,3.0
cwgvuy,NTA,4.0
cwgvuy,ESH,3.0
cwgvuy,ESH,3.0
cwgvuy,ESH,1.0
cwgvuy,ESH,4.0
cwgvuy,ESH,3.0
cwgvuy,NTA,4.0
cwgvuy,NTA,4.0
cwgvuy,ESH,3.0
cwgvuy,YTA,4.0
cwgvuy,NTA,4.0
cwgvuy,YTA,4.0
cwgvuy,NTA,4.0
cwgvuy,ESH,4.0
cwgvuy,NTA,4.0
cwgvuy,NTA,4.0
cwgvuy,NTA,4.0
cwgvuy,YTA,4.0
cwgvuy,NTA,4.0
cwgvuy,YTA,4.0
cwgvuy,YTA,4.0
cwgvuy,NTA,4.0
cwgvuy,YTA,4.0
cwgvuy,YTA,4.0
cwgvuy,YTA,4.0
cwgvuy,YTA,4.0
cwgvuy,ESH,3.0
cwgvuy,NTA,4.0
cwgvuy,ESH,2.0
cwgvuy,NTA,4.0
cwgvuy,NTA,3.0
cwgvuy,NTA,4.0
cwgvuy,ESH,4.0
cwgvuy,YTA,4.0
cwgvuy,ESH,3.0
cwgvuy,YTA,3.0
cwgvuy,NTA,4.0
cwgvuy,YTA,4.0
cwgvuy,NTA,4.0
cwgvuy,NTA,4.0
cwgvuy,NTA,4.0
cwgvuy,NTA,4.0
cwgvuy,NTA,4.0
cwgvuy,YTA,4.0
cwgvuy,NTA,4.0
cwgvuy,ESH,4.0
cwgvuy,NTA,4.0
cwgvuy,NTA,3.0
cwgvuy,YTA,4.0
cwgvuy,NTA,4.0
cwgvuy,YTA,4.0
cwgvuy,NTA,4.0
cwgvuy,YTA,4.0
cwgvuy,NTA,4.0
cwgvuy,NTA,4.0
cwgvuy,ESH,4.0
cwgvuy,NTA,4.0
cwgvuy,YTA,4.0
cwgvuy,NTA,4.0
cwgvuy,NTA,4.0
cwgvuy,NTA,4.0
cwgvuy,NTA,4.0
cwgvuy,ESH,4.0
cwgvuy,ESH,3.0
cwgvuy,NTA,4.0
cwgvuy,YTA,1.0
cwgvuy,NTA,4.0
cwgvuy,NTA,4.0
cwgvuy,NTA,4.0
cwgvuy,NTA,4.0
cwgvuy,YTA,4.0
cwgvuy,ESH,3.0
cwgvuy,NTA,4.0
cwgvuy,NTA,4.0
cwgvuy,ESH,3.0
cwgvuy,NTA,4.0
cwgvuy,YTA,4.0
cwgvuy,NTA,4.0
cwgvuy,NTA,4.0
cwgvuy,ESH,3.0
cwgvuy,ESH,4.0
cwgvuy,ESH,1.0
cwgvuy,ESH,3.0
cwgvuy,NTA,4.0
cwgvuy,YTA,4.0
cwgvuy,NTA,4.0
cwgvuy,NTA,4.0
cwgvuy,ESH,3.0
cwgvuy,ESH,4.0
cwgvuy,ESH,4.0
cwgvuy,NTA,4.0
cwgvuy,NTA,4.0
cwgvuy,ESH,3.0
cwgvuy,NTA,4.0
cwgvuy,YTA,4.0
cwgvuy,NTA,4.0
cwgvuy,ESH,3.0
cwgvuy,NTA,4.0
cwgvuy,ESH,2.0
cwgvuy,NTA,4.0
cwgvuy,NTA,4.0
cwgvuy,NTA,4.0
cwgvuy,NTA,4.0
cwgvuy,NTA,4.0
cwgvuy,ESH,3.0
cwgvuy,ESH,3.0
cwgvuy,NTA,4.0
cwgvuy,NTA,4.0
cwgvuy,NTA,4.0
cwgvuy,NTA,4.0
cwgvuy,NTA,4.0
cwgvuy,NTA,4.0
cwgvuy,NTA,4.0
cwgvuy,NTA,4.0
cwgvuy,NTA,4.0
cwgvuy,ESH,4.0
cwgvuy,NTA,4.0
cwgvuy,NTA,4.0
cwgvuy,NTA,4.0
cwgvuy,ESH,3.0
cwgvuy,YTA,4.0
cwgvuy,NTA,4.0
cwgvuy,ESH,3.0
cwgvuy,ESH,4.0
cwgvuy,YTA,4.0
cwgvuy,NTA,4.0
cwgvuy,NTA,4.0
cwgvuy,YTA,4.0
cwgvuy,ESH,3.0
cwgvuy,NTA,4.0
cwgvuy,ESH,2.0
cwgvuy,ESH,3.0
cwgvuy,YTA,4.0
cwgvuy,YTA,4.0
cwgvuy,ESH,4.0
cwgvuy,ESH,4.0
cwgvuy,NTA,4.0
cwgvuy,ESH,3.0
cwgvuy,NTA,4.0
cwgvuy,NTA,4.0
cwgvuy,NTA,4.0
cwgvuy,NTA,2.0
cwgvuy,ESH,3.0
cwgvuy,NTA,4.0
cwgvuy,ESH,2.0
cwgvuy,NTA,4.0
cwgvuy,NTA,3.0
cwgvuy,NTA,4.0
cwgvuy,NTA,4.0
cwgvuy,YTA,4.0
cwgvuy,ESH,3.0
cwgvuy,NTA,4.0
cwgvuy,NTA,4.0
cwgvuy,NTA,4.0
cwgvuy,ESH,3.0
cwgvuy,NTA,4.0
cwgvuy,NTA,4.0
cwgvuy,NTA,4.0
cwgvuy,NTA,4.0
cwgvuy,NTA,4.0
cwgvuy,NTA,4.0
cwgvuy,NTA,4.0
cwgvuy,NTA,4.0
cwgvuy,NTA,4.0
cwgvuy,NTA,4.0
cwgvuy,NTA,4.0
cwgvuy,NTA,4.0
cwgvuy,ESH,3.0
cwgvuy,NTA,4.0
cwgvuy,ESH,3.0
cwgvuy,NTA,4.0
cwgvuy,NTA,4.0
cwgvuy,NTA,4.0
cwgvuy,NAH,4.0
cwgvuy,NTA,4.0
cwgvuy,ESH,4.0
cwgvuy,NTA,4.0
cwgvuy,NTA,4.0
cwgvuy,NTA,4.0
cwgvuy,NTA,4.0
cwgvuy,NTA,4.0
cwgvuy,NTA,4.0
cwgvuy,NTA,4.0
cwgvuy,NTA,4.0
duerhh,NTA,4.0
duerhh,NTA,4.0
duerhh,NTA,4.0
duerhh,ESH,2.0
duerhh,NAH,3.0
duerhh,ESH,3.0
duerhh,NTA,4.0
duerhh,YTA,3.0
duerhh,NTA,4.0
duerhh,ESH,1.0
duerhh,NTA,4.0
duerhh,NTA,4.0
duerhh,YTA,4.0
duerhh,NTA,4.0
duerhh,NTA,4.0
duerhh,NTA,4.0
duerhh,NTA,4.0
duerhh,NTA,4.0
duerhh,ESH,3.0
duerhh,ESH,3.0
duerhh,YTA,4.0
duerhh,ESH,1.0
duerhh,NTA,4.0
duerhh,NTA,4.0
duerhh,NTA,4.0
duerhh,NTA,4.0
duerhh,NTA,4.0
duerhh,NTA,4.0
duerhh,YTA,4.0
duerhh,NTA,4.0
duerhh,NTA,4.0
duerhh,ESH,3.0
duerhh,ESH,3.0
duerhh,NTA,4.0
duerhh,NTA,4.0
duerhh,NTA,4.0
duerhh,ESH,3.0
duerhh,NTA,3.0
duerhh,YTA,4.0
duerhh,NTA,4.0
duerhh,YTA,4.0
duerhh,NTA,4.0
duerhh,NTA,4.0
duerhh,ESH,3.0
duerhh,ESH,1.0
duerhh,ESH,3.0
duerhh,NTA,4.0
duerhh,NTA,4.0
duerhh,NTA,4.0
duerhh,NTA,4.0
duerhh,NTA,4.0
duerhh,NTA,4.0
duerhh,NTA,4.0
duerhh,NTA,4.0
duerhh,NTA,4.0
duerhh,YTA,4.0
duerhh,NTA,4.0
duerhh,ESH,3.0
duerhh,NTA,4.0
duerhh,ESH,3.0
duerhh,ESH,3.0
duerhh,YTA,3.0
duerhh,NTA,4.0
duerhh,NTA,4.0
duerhh,YTA,4.0
duerhh,ESH,3.0
duerhh,ESH,3.0
duerhh,NTA,4.0
duerhh,NTA,4.0
duerhh,NTA,4.0
duerhh,NTA,4.0
duerhh,NTA,4.0
duerhh,NTA,4.0
duerhh,ESH,3.0
duerhh,YTA,3.0
duerhh,NTA,4.0
duerhh,NTA,4.0
duerhh,ESH,3.0
duerhh,NTA,4.0
duerhh,YTA,4.0
duerhh,ESH,4.0
duerhh,NTA,4.0
duerhh,NTA,4.0
duerhh,ESH,3.0
duerhh,NTA,4.0
duerhh,NTA,4.0
duerhh,NTA,4.0
duerhh,YTA,4.0
duerhh,YTA,4.0
duerhh,YTA,4.0
duerhh,NTA,4.0
duerhh,NTA,4.0
duerhh,NTA,4.0
duerhh,YTA,4.0
duerhh,ESH,3.0
duerhh,ESH,3.0
duerhh,YTA,4.0
duerhh,ESH,3.0
duerhh,NTA,4.0
duerhh,ESH,3.0
duerhh,YTA,4.0
duerhh,YTA,3.0
duerhh,ESH,3.0
duerhh,NAH,4.0
duerhh,ESH,3.0
duerhh,NTA,4.0
duerhh,NTA,4.0
duerhh,NTA,3.0
duerhh,YTA,4.0
duerhh,ESH,4.0
duerhh,ESH,3.0
duerhh,NTA,4.0
duerhh,ESH,3.0
duerhh,ESH,3.0
duerhh,NTA,3.0
duerhh,NTA,3.0
duerhh,ESH,4.0
duerhh,NTA,4.0
duerhh,NTA,3.0
duerhh,NTA,4.0
duerhh,NTA,4.0
duerhh,ESH,3.0
duerhh,NTA,4.0
duerhh,NTA,4.0
duerhh,ESH,2.0
duerhh,NTA,4.0
duerhh,NTA,4.0
duerhh,NTA,4.0
duerhh,NAH,3.0
duerhh,ESH,3.0
duerhh,ESH,3.0
duerhh,ESH,4.0
duerhh,NTA,4.0
duerhh,YTA,4.0
duerhh,NTA,4.0
duerhh,ESH,3.0
duerhh,NTA,4.0
duerhh,NTA,4.0
duerhh,NTA,4.0
duerhh,NTA,4.0
duerhh,NTA,4.0
duerhh,NTA,4.0
duerhh,ESH,2.0
duerhh,NTA,4.0
duerhh,NTA,4.0
duerhh,NTA,4.0
duerhh,NAH,3.0
duerhh,NTA,4.0
duerhh,NTA,4.0
duerhh,YTA,4.0
duerhh,YTA,4.0
duerhh,NTA,4.0
duerhh,NTA,4.0
duerhh,ESH,3.0
duerhh,NTA,4.0
duerhh,YTA,3.0
duerhh,NTA,4.0
duerhh,YTA,4.0
duerhh,NTA,4.0
duerhh,NTA,4.0
duerhh,NTA,4.0
duerhh,NAH,3.0
duerhh,NTA,4.0
duerhh,NTA,4.0
duerhh,YTA,4.0
duerhh,NTA,4.0
duerhh,NTA,4.0
duerhh,NTA,4.0
duerhh,NAH,3.0
duerhh,NTA,4.0
duerhh,ESH,3.0
duerhh,ESH,3.0
duerhh,NTA,4.0
duerhh,NTA,4.0
duerhh,ESH,3.0
duerhh,NTA,4.0
duerhh,NTA,4.0
duerhh,NAH,3.0
duerhh,NTA,4.0
duerhh,ESH,3.0
duerhh,YTA,4.0
duerhh,YTA,4.0
duerhh,NTA,4.0
duerhh,NTA,4.0
duerhh,NTA,4.0
duerhh,YTA,4.0
duerhh,NTA,4.0
duerhh,ESH,3.0
duerhh,NTA,4.0
duerhh,NTA,4.0
duerhh,NTA,4.0
duerhh,NAH,3.0
duerhh,NTA,4.0
duerhh,ESH,3.0
duerhh,NTA,4.0
duerhh,NTA,4.0
duerhh,NTA,4.0
duerhh,NTA,4.0
duerhh,NTA,4.0
duerhh,ESH,3.0
duerhh,NTA,4.0
duerhh,NTA,4.0
duerhh,NTA,4.0
duerhh,YTA,4.0
duerhh,NTA,4.0
duerhh,ESH,4.0
duerhh,NTA,4.0
duerhh,ESH,4.0
duerhh,NTA,4.0
duerhh,NTA,4.0
duerhh,NTA,4.0
duerhh,NAH,4.0
duerhh,NTA,4.0
duerhh,YTA,4.0
duerhh,NTA,4.0
duerhh,NTA,4.0
duerhh,YTA,4.0
duerhh,YTA,4.0
duerhh,ESH,1.0
duerhh,NTA,1.0
duerhh,ESH,3.0
